computed_at,candidate_phrase,distinct_domain_count,lesotho_local,global_trend,trade_signal,pipeline_signal,corroboration_count,example_titles,example_urls
2026-09-09T19:18:34Z,oil gas,2,False,True,True,False,2,"APO Group - Africa Newsroom / Press release | The Dealmakers Are Set to Storm Windhoek : Nigerian Governors and CORAN Bigwigs Set to Storm International African Energy , Oil and Gas Summit ( IAEOGS ) 2026 to Unlock Africa Energy Future | Battalion Oil Corporation Announces Strategic Investment in Collide , the AI - Native Operations System for Oil and Gas",https://www.africa-newsroom.com/press/the-dealmakers-are-set-to-storm-windhoek-nigerian-governors-and-coran-bigwigs-set-to-storm-iaeogs-2026-to-unlock-africas-energy-future | https://www.manilatimes.net/2026/09/09/tmt-newswire/globenewswire/battalion-oil-corporation-announces-strategic-investment-in-collide-the-ai-native-operations-system-for-oil-and-gas/2421103
2026-09-09T19:18:34Z,dangote refinery,6,False,True,False,False,1,Dangote Refinery Launches $1 . 4 Bn - Plus IPO in Landmark Nigerian Listing | Dangote Refinery listing to push NGX capitalisation above N200trn – Daily Trust | Dangote Refinery gets Nigeria regulator nod for $1 . 6bn IPO,https://chimpreports.com/dangote-refinery-launches-1-4-bn-plus-ipo-in-landmark-nigerian-listing/ | https://dailytrust.com/dangote-refinery-listing-to-push-ngx-capitalisation-above-n200trn/ | https://www.timeslive.co.za/news/business/2026-09-06-dangote-refinery-gets-nigeria-regulators-nod-for-16bn-ipo/
2026-09-09T19:18:34Z,local approval,4,False,True,False,False,1,"Mass . Gov . Maura Healey signs executive order requiring local approval for data center development | Order requires local approval , benefit agreements for data centers | Order Requires Local Approval , Benefit Agreements for Data Center",https://hanfordsentinel.com/news/national/mass-gov-maura-healey-signs-executive-order-requiring-local-approval-for-data-center-development/article_7994590a-9cfa-56db-a875-53eb8dc1248b.html | https://www.sentinelandenterprise.com/2026/09/08/order-requires-local-approval-benefit-agreements-for-data-centers/ | https://wbsm.com/data-centers-massachusetts-healey-order/
2026-09-09T19:18:34Z,mohan yadav,3,False,True,False,False,1,"Madhya Pradesh CM Mohan Yadav receives over ₹53 , 000 crore investment proposals on Dubai visit | Madhya Pradesh CM Mohan Yadav gets investment proposals worth over ₹53 , 000 crore in Dubai | MP CM Mohan Yadav invites global investors at AIM Congress 2026",https://www.livemint.com/focus/madhya-pradesh-cm-mohan-yadav-receives-over-rs-53-000-crore-investment-proposals-on-dubai-visit-11788954081576.html | https://www.hindustantimes.com/genesis/madhya-pradesh-cm-mohan-yadav-gets-investment-proposals-worth-over-rs-53-000-crore-in-dubai-101788937358869.html | https://www.prokerala.com/news/articles/a1809634.html
2026-09-09T19:18:34Z,dell technologies,3,False,True,False,False,1,"Latest Dell Technologies Research Reveals that AI Ambition Outpaces Readiness Across Singapore | Insider Selling : Dell Technologies ( NYSE : DELL ) Director Sells $38 , 215 , 418 . 85 in Stock | Silver Lake Partners Iv , L . P . Sells 75 , 285 Shares of Dell Technologies ( NYSE : DELL ) Stock",https://www.manilatimes.net/2026/09/09/tmt-newswire/pr-newswire/latest-dell-technologies-research-reveals-that-ai-ambition-outpaces-readiness-across-singapore/2421207 | https://www.dailypolitical.com/2026/09/08/insider-selling-dell-technologies-nysedell-director-sells-38215418-85-in-stock.html | https://www.tickerreport.com/banking-finance/13577412/silver-lake-partners-iv-l-p-sells-75285-shares-of-dell-technologies-nysedell-stock.html
2026-09-09T19:18:34Z,deal worth,3,False,True,False,False,1,Vertiv ( VRT ) Signed a Deal Worth Up to $2 . 6B for UtilityInnovation . Can Faster Power Deployment Justify the Contingent Consideration ?  | Meeza inks major IT sector deal worth over QAR1bn | Qatar Business : Meeza inks major IT sector deal worth over QAR1bn,https://www.insidermonkey.com/blog/vertiv-vrt-signed-a-deal-worth-up-to-2-6b-for-utilityinnovation-can-faster-power-deployment-justify-the-contingent-consideration-1826778/ | https://tradearabia.com:443/News/485850/Meeza-inks-major-IT-sector-deal-worth-over-QAR1bn/IND | https://www.gdnonline.com:443/Details/1405786/Meeza-inks-major-IT-sector-deal-worth-over-QAR1bn
2026-09-09T19:18:34Z,ghana tightens,3,False,True,False,False,1,"Ghana tightens gold exports in push to keep more value at home - Grenada Chronicle – Daily Grenada And Caribbean News | Ghana tightens gold exports in push to keep more value at home | Ghana tightens gold exports in push to keep more value at home - Dominican Republic Post – Caribbean News , Business , Travel & Culture",https://grenadachronicle.com/ghana-tightens-gold-exports-in-push-to-keep-more-value-at-home/ | https://www.aljazeera.com/news/2026/9/4/ghana-tightens-gold-exports-in-push-to-keep-more-value-at-home | https://dominicanrepublicpost.com/ghana-tightens-gold-exports-in-push-to-keep-more-value-at-home/
2026-09-09T19:18:34Z,tightens gold,3,False,True,False,False,1,"Ghana tightens gold exports in push to keep more value at home - Grenada Chronicle – Daily Grenada And Caribbean News | Ghana tightens gold exports in push to keep more value at home | Ghana tightens gold exports in push to keep more value at home - Dominican Republic Post – Caribbean News , Business , Travel & Culture",https://grenadachronicle.com/ghana-tightens-gold-exports-in-push-to-keep-more-value-at-home/ | https://www.aljazeera.com/news/2026/9/4/ghana-tightens-gold-exports-in-push-to-keep-more-value-at-home | https://dominicanrepublicpost.com/ghana-tightens-gold-exports-in-push-to-keep-more-value-at-home/
2026-09-09T19:18:34Z,gold exports,3,False,True,False,False,1,"Ghana tightens gold exports in push to keep more value at home - Grenada Chronicle – Daily Grenada And Caribbean News | Ghana tightens gold exports in push to keep more value at home | Ghana tightens gold exports in push to keep more value at home - Dominican Republic Post – Caribbean News , Business , Travel & Culture",https://grenadachronicle.com/ghana-tightens-gold-exports-in-push-to-keep-more-value-at-home/ | https://www.aljazeera.com/news/2026/9/4/ghana-tightens-gold-exports-in-push-to-keep-more-value-at-home | https://dominicanrepublicpost.com/ghana-tightens-gold-exports-in-push-to-keep-more-value-at-home/
2026-09-09T19:18:34Z,exports push,3,False,True,False,False,1,"Ghana tightens gold exports in push to keep more value at home - Grenada Chronicle – Daily Grenada And Caribbean News | Ghana tightens gold exports in push to keep more value at home | Ghana tightens gold exports in push to keep more value at home - Dominican Republic Post – Caribbean News , Business , Travel & Culture",https://grenadachronicle.com/ghana-tightens-gold-exports-in-push-to-keep-more-value-at-home/ | https://www.aljazeera.com/news/2026/9/4/ghana-tightens-gold-exports-in-push-to-keep-more-value-at-home | https://dominicanrepublicpost.com/ghana-tightens-gold-exports-in-push-to-keep-more-value-at-home/
2026-09-09T19:18:34Z,push keep,3,False,True,False,False,1,"Ghana tightens gold exports in push to keep more value at home - Grenada Chronicle – Daily Grenada And Caribbean News | Ghana tightens gold exports in push to keep more value at home | Ghana tightens gold exports in push to keep more value at home - Dominican Republic Post – Caribbean News , Business , Travel & Culture",https://grenadachronicle.com/ghana-tightens-gold-exports-in-push-to-keep-more-value-at-home/ | https://www.aljazeera.com/news/2026/9/4/ghana-tightens-gold-exports-in-push-to-keep-more-value-at-home | https://dominicanrepublicpost.com/ghana-tightens-gold-exports-in-push-to-keep-more-value-at-home/
2026-09-09T19:18:34Z,keep more,3,False,True,False,False,1,"Ghana tightens gold exports in push to keep more value at home - Grenada Chronicle – Daily Grenada And Caribbean News | Ghana tightens gold exports in push to keep more value at home | Ghana tightens gold exports in push to keep more value at home - Dominican Republic Post – Caribbean News , Business , Travel & Culture",https://grenadachronicle.com/ghana-tightens-gold-exports-in-push-to-keep-more-value-at-home/ | https://www.aljazeera.com/news/2026/9/4/ghana-tightens-gold-exports-in-push-to-keep-more-value-at-home | https://dominicanrepublicpost.com/ghana-tightens-gold-exports-in-push-to-keep-more-value-at-home/
2026-09-09T19:18:34Z,more value,3,False,True,False,False,1,"Ghana tightens gold exports in push to keep more value at home - Grenada Chronicle – Daily Grenada And Caribbean News | Ghana tightens gold exports in push to keep more value at home | Ghana tightens gold exports in push to keep more value at home - Dominican Republic Post – Caribbean News , Business , Travel & Culture",https://grenadachronicle.com/ghana-tightens-gold-exports-in-push-to-keep-more-value-at-home/ | https://www.aljazeera.com/news/2026/9/4/ghana-tightens-gold-exports-in-push-to-keep-more-value-at-home | https://dominicanrepublicpost.com/ghana-tightens-gold-exports-in-push-to-keep-more-value-at-home/
2026-09-09T19:18:34Z,value home,3,False,True,False,False,1,"Ghana tightens gold exports in push to keep more value at home - Grenada Chronicle – Daily Grenada And Caribbean News | Ghana tightens gold exports in push to keep more value at home | Ghana tightens gold exports in push to keep more value at home - Dominican Republic Post – Caribbean News , Business , Travel & Culture",https://grenadachronicle.com/ghana-tightens-gold-exports-in-push-to-keep-more-value-at-home/ | https://www.aljazeera.com/news/2026/9/4/ghana-tightens-gold-exports-in-push-to-keep-more-value-at-home | https://dominicanrepublicpost.com/ghana-tightens-gold-exports-in-push-to-keep-more-value-at-home/
2026-09-09T19:18:34Z,ghana tightens gold,3,False,True,False,False,1,"Ghana tightens gold exports in push to keep more value at home - Grenada Chronicle – Daily Grenada And Caribbean News | Ghana tightens gold exports in push to keep more value at home | Ghana tightens gold exports in push to keep more value at home - Dominican Republic Post – Caribbean News , Business , Travel & Culture",https://grenadachronicle.com/ghana-tightens-gold-exports-in-push-to-keep-more-value-at-home/ | https://www.aljazeera.com/news/2026/9/4/ghana-tightens-gold-exports-in-push-to-keep-more-value-at-home | https://dominicanrepublicpost.com/ghana-tightens-gold-exports-in-push-to-keep-more-value-at-home/
2026-09-09T19:18:34Z,tightens gold exports,3,False,True,False,False,1,"Ghana tightens gold exports in push to keep more value at home - Grenada Chronicle – Daily Grenada And Caribbean News | Ghana tightens gold exports in push to keep more value at home | Ghana tightens gold exports in push to keep more value at home - Dominican Republic Post – Caribbean News , Business , Travel & Culture",https://grenadachronicle.com/ghana-tightens-gold-exports-in-push-to-keep-more-value-at-home/ | https://www.aljazeera.com/news/2026/9/4/ghana-tightens-gold-exports-in-push-to-keep-more-value-at-home | https://dominicanrepublicpost.com/ghana-tightens-gold-exports-in-push-to-keep-more-value-at-home/
2026-09-09T19:18:34Z,gold exports push,3,False,True,False,False,1,"Ghana tightens gold exports in push to keep more value at home - Grenada Chronicle – Daily Grenada And Caribbean News | Ghana tightens gold exports in push to keep more value at home | Ghana tightens gold exports in push to keep more value at home - Dominican Republic Post – Caribbean News , Business , Travel & Culture",https://grenadachronicle.com/ghana-tightens-gold-exports-in-push-to-keep-more-value-at-home/ | https://www.aljazeera.com/news/2026/9/4/ghana-tightens-gold-exports-in-push-to-keep-more-value-at-home | https://dominicanrepublicpost.com/ghana-tightens-gold-exports-in-push-to-keep-more-value-at-home/
2026-09-09T19:18:34Z,exports push keep,3,False,True,False,False,1,"Ghana tightens gold exports in push to keep more value at home - Grenada Chronicle – Daily Grenada And Caribbean News | Ghana tightens gold exports in push to keep more value at home | Ghana tightens gold exports in push to keep more value at home - Dominican Republic Post – Caribbean News , Business , Travel & Culture",https://grenadachronicle.com/ghana-tightens-gold-exports-in-push-to-keep-more-value-at-home/ | https://www.aljazeera.com/news/2026/9/4/ghana-tightens-gold-exports-in-push-to-keep-more-value-at-home | https://dominicanrepublicpost.com/ghana-tightens-gold-exports-in-push-to-keep-more-value-at-home/
2026-09-09T19:18:34Z,push keep more,3,False,True,False,False,1,"Ghana tightens gold exports in push to keep more value at home - Grenada Chronicle – Daily Grenada And Caribbean News | Ghana tightens gold exports in push to keep more value at home | Ghana tightens gold exports in push to keep more value at home - Dominican Republic Post – Caribbean News , Business , Travel & Culture",https://grenadachronicle.com/ghana-tightens-gold-exports-in-push-to-keep-more-value-at-home/ | https://www.aljazeera.com/news/2026/9/4/ghana-tightens-gold-exports-in-push-to-keep-more-value-at-home | https://dominicanrepublicpost.com/ghana-tightens-gold-exports-in-push-to-keep-more-value-at-home/
2026-09-09T19:18:34Z,keep more value,3,False,True,False,False,1,"Ghana tightens gold exports in push to keep more value at home - Grenada Chronicle – Daily Grenada And Caribbean News | Ghana tightens gold exports in push to keep more value at home | Ghana tightens gold exports in push to keep more value at home - Dominican Republic Post – Caribbean News , Business , Travel & Culture",https://grenadachronicle.com/ghana-tightens-gold-exports-in-push-to-keep-more-value-at-home/ | https://www.aljazeera.com/news/2026/9/4/ghana-tightens-gold-exports-in-push-to-keep-more-value-at-home | https://dominicanrepublicpost.com/ghana-tightens-gold-exports-in-push-to-keep-more-value-at-home/
2026-09-09T19:18:34Z,more value home,3,False,True,False,False,1,"Ghana tightens gold exports in push to keep more value at home - Grenada Chronicle – Daily Grenada And Caribbean News | Ghana tightens gold exports in push to keep more value at home | Ghana tightens gold exports in push to keep more value at home - Dominican Republic Post – Caribbean News , Business , Travel & Culture",https://grenadachronicle.com/ghana-tightens-gold-exports-in-push-to-keep-more-value-at-home/ | https://www.aljazeera.com/news/2026/9/4/ghana-tightens-gold-exports-in-push-to-keep-more-value-at-home | https://dominicanrepublicpost.com/ghana-tightens-gold-exports-in-push-to-keep-more-value-at-home/
2026-09-09T19:18:34Z,discovery announces,3,False,True,False,False,1,Discovery Announces Management Changes | Discovery Announces Management Changes | Discovery Announces Management Changes | The Manila Times,https://thestarphoenix.com/press-releases/globe-newswire/discovery-announces-management-changes/ | https://www.standard-freeholder.com/press-releases/globe-newswire/discovery-announces-management-changes/ | https://www.manilatimes.net/2026/09/08/tmt-newswire/globenewswire/discovery-announces-management-changes/2420128
2026-09-09T19:18:34Z,announces management,3,False,True,False,False,1,Discovery Announces Management Changes | Discovery Announces Management Changes | Discovery Announces Management Changes | The Manila Times,https://thestarphoenix.com/press-releases/globe-newswire/discovery-announces-management-changes/ | https://www.standard-freeholder.com/press-releases/globe-newswire/discovery-announces-management-changes/ | https://www.manilatimes.net/2026/09/08/tmt-newswire/globenewswire/discovery-announces-management-changes/2420128
2026-09-09T19:18:34Z,management changes,3,False,True,False,False,1,Discovery Announces Management Changes | Discovery Announces Management Changes | Discovery Announces Management Changes | The Manila Times,https://thestarphoenix.com/press-releases/globe-newswire/discovery-announces-management-changes/ | https://www.standard-freeholder.com/press-releases/globe-newswire/discovery-announces-management-changes/ | https://www.manilatimes.net/2026/09/08/tmt-newswire/globenewswire/discovery-announces-management-changes/2420128
2026-09-09T19:18:34Z,discovery announces management,3,False,True,False,False,1,Discovery Announces Management Changes | Discovery Announces Management Changes | Discovery Announces Management Changes | The Manila Times,https://thestarphoenix.com/press-releases/globe-newswire/discovery-announces-management-changes/ | https://www.standard-freeholder.com/press-releases/globe-newswire/discovery-announces-management-changes/ | https://www.manilatimes.net/2026/09/08/tmt-newswire/globenewswire/discovery-announces-management-changes/2420128
2026-09-09T19:18:34Z,announces management changes,3,False,True,False,False,1,Discovery Announces Management Changes | Discovery Announces Management Changes | Discovery Announces Management Changes | The Manila Times,https://thestarphoenix.com/press-releases/globe-newswire/discovery-announces-management-changes/ | https://www.standard-freeholder.com/press-releases/globe-newswire/discovery-announces-management-changes/ | https://www.manilatimes.net/2026/09/08/tmt-newswire/globenewswire/discovery-announces-management-changes/2420128
2026-09-09T19:18:34Z,announces pricing,3,False,True,False,False,1,"Sphere 3D Corp . Concludes 90 - Day Strategic Review , Announces Pricing of $5 . 0 Million Private Placement , and Divests Non - Core Assets to Fund AI and High - Performance Computing Development – IT Business Net | Target Hospitality Announces Pricing of Upsized Secondary Offering and Concurrent Stock Repurchase | Sphere 3D Corp . Concludes 90 - Day Strategic Review , Announces Pricing of $5 . 0 Million Private Placement , and Divests Non - Core Assets to Fund AI and High - Performance Computing Development",https://itbusinessnet.com/2026/09/sphere-3d-corp-concludes-90-day-strategic-review-announces-pricing-of-5-0-million-private-placement-and-divests-non-core-assets-to-fund-ai-and-high-performance-computing-development/ | http://www.prnewswire.com/news-releases/target-hospitality-announces-pricing-of-upsized-secondary-offering-and-concurrent-stock-repurchase-302873041.html | https://www.intelligencer.ca/press-releases/newsfile/sphere-3d-corp-concludes-90-day-strategic-review-announces-pricing-of-5-0-million-private-placement-and-divests-non-core-assets-to-fund-ai-and-high-performance-computing-development/
2026-09-09T19:18:34Z,africa chrome,2,True,False,False,False,1,"South Africa chrome riches fuel a deadly underground economy | News | South Africa chrome riches fuel a deadly underground economy - Dominican Republic Post – Caribbean News , Business , Travel & Culture",https://www.aljazeera.com/news/2026/9/6/south-africas-chrome-riches-fuel-a-deadly-underground-economy | https://dominicanrepublicpost.com/south-africas-chrome-riches-fuel-a-deadly-underground-economy/
2026-09-09T19:18:34Z,chrome riches,2,True,False,False,False,1,"South Africa chrome riches fuel a deadly underground economy | News | South Africa chrome riches fuel a deadly underground economy - Dominican Republic Post – Caribbean News , Business , Travel & Culture",https://www.aljazeera.com/news/2026/9/6/south-africas-chrome-riches-fuel-a-deadly-underground-economy | https://dominicanrepublicpost.com/south-africas-chrome-riches-fuel-a-deadly-underground-economy/
2026-09-09T19:18:34Z,riches fuel,2,True,False,False,False,1,"South Africa chrome riches fuel a deadly underground economy | News | South Africa chrome riches fuel a deadly underground economy - Dominican Republic Post – Caribbean News , Business , Travel & Culture",https://www.aljazeera.com/news/2026/9/6/south-africas-chrome-riches-fuel-a-deadly-underground-economy | https://dominicanrepublicpost.com/south-africas-chrome-riches-fuel-a-deadly-underground-economy/
2026-09-09T19:18:34Z,fuel deadly,2,True,False,False,False,1,"South Africa chrome riches fuel a deadly underground economy | News | South Africa chrome riches fuel a deadly underground economy - Dominican Republic Post – Caribbean News , Business , Travel & Culture",https://www.aljazeera.com/news/2026/9/6/south-africas-chrome-riches-fuel-a-deadly-underground-economy | https://dominicanrepublicpost.com/south-africas-chrome-riches-fuel-a-deadly-underground-economy/
2026-09-09T19:18:34Z,deadly underground,2,True,False,False,False,1,"South Africa chrome riches fuel a deadly underground economy | News | South Africa chrome riches fuel a deadly underground economy - Dominican Republic Post – Caribbean News , Business , Travel & Culture",https://www.aljazeera.com/news/2026/9/6/south-africas-chrome-riches-fuel-a-deadly-underground-economy | https://dominicanrepublicpost.com/south-africas-chrome-riches-fuel-a-deadly-underground-economy/
2026-09-09T19:18:34Z,south africa chrome,2,True,False,False,False,1,"South Africa chrome riches fuel a deadly underground economy | News | South Africa chrome riches fuel a deadly underground economy - Dominican Republic Post – Caribbean News , Business , Travel & Culture",https://www.aljazeera.com/news/2026/9/6/south-africas-chrome-riches-fuel-a-deadly-underground-economy | https://dominicanrepublicpost.com/south-africas-chrome-riches-fuel-a-deadly-underground-economy/
2026-09-09T19:18:34Z,africa chrome riches,2,True,False,False,False,1,"South Africa chrome riches fuel a deadly underground economy | News | South Africa chrome riches fuel a deadly underground economy - Dominican Republic Post – Caribbean News , Business , Travel & Culture",https://www.aljazeera.com/news/2026/9/6/south-africas-chrome-riches-fuel-a-deadly-underground-economy | https://dominicanrepublicpost.com/south-africas-chrome-riches-fuel-a-deadly-underground-economy/
2026-09-09T19:18:34Z,chrome riches fuel,2,True,False,False,False,1,"South Africa chrome riches fuel a deadly underground economy | News | South Africa chrome riches fuel a deadly underground economy - Dominican Republic Post – Caribbean News , Business , Travel & Culture",https://www.aljazeera.com/news/2026/9/6/south-africas-chrome-riches-fuel-a-deadly-underground-economy | https://dominicanrepublicpost.com/south-africas-chrome-riches-fuel-a-deadly-underground-economy/
2026-09-09T19:18:34Z,riches fuel deadly,2,True,False,False,False,1,"South Africa chrome riches fuel a deadly underground economy | News | South Africa chrome riches fuel a deadly underground economy - Dominican Republic Post – Caribbean News , Business , Travel & Culture",https://www.aljazeera.com/news/2026/9/6/south-africas-chrome-riches-fuel-a-deadly-underground-economy | https://dominicanrepublicpost.com/south-africas-chrome-riches-fuel-a-deadly-underground-economy/
2026-09-09T19:18:34Z,fuel deadly underground,2,True,False,False,False,1,"South Africa chrome riches fuel a deadly underground economy | News | South Africa chrome riches fuel a deadly underground economy - Dominican Republic Post – Caribbean News , Business , Travel & Culture",https://www.aljazeera.com/news/2026/9/6/south-africas-chrome-riches-fuel-a-deadly-underground-economy | https://dominicanrepublicpost.com/south-africas-chrome-riches-fuel-a-deadly-underground-economy/
2026-09-09T19:18:34Z,advanced micro,2,False,True,False,False,1,"Advanced Micro Devices , Inc . $AMD Shares Bought by Integrated Wealth Concepts LLC | NewEdge Advisors LLC Sells 186 , 177 Shares of Advanced Micro Devices , Inc . $AMD | West Family Investments Inc . Boosts Stake in Advanced Micro Devices , Inc . $AMD",https://www.tickerreport.com/banking-finance/13578215/advanced-micro-devices-inc-amd-shares-bought-by-integrated-wealth-concepts-llc.html | https://www.dailypolitical.com/2026/09/09/newedge-advisors-llc-sells-186177-shares-of-advanced-micro-devices-inc-amd.html | https://www.tickerreport.com/banking-finance/13577416/west-family-investments-inc-boosts-stake-in-advanced-micro-devices-inc-amd.html
2026-09-09T19:18:34Z,micro devices,2,False,True,False,False,1,"Advanced Micro Devices , Inc . $AMD Shares Bought by Integrated Wealth Concepts LLC | NewEdge Advisors LLC Sells 186 , 177 Shares of Advanced Micro Devices , Inc . $AMD | West Family Investments Inc . Boosts Stake in Advanced Micro Devices , Inc . $AMD",https://www.tickerreport.com/banking-finance/13578215/advanced-micro-devices-inc-amd-shares-bought-by-integrated-wealth-concepts-llc.html | https://www.dailypolitical.com/2026/09/09/newedge-advisors-llc-sells-186177-shares-of-advanced-micro-devices-inc-amd.html | https://www.tickerreport.com/banking-finance/13577416/west-family-investments-inc-boosts-stake-in-advanced-micro-devices-inc-amd.html
2026-09-09T19:18:34Z,devices amd,2,False,True,False,False,1,"Advanced Micro Devices , Inc . $AMD Shares Bought by Integrated Wealth Concepts LLC | NewEdge Advisors LLC Sells 186 , 177 Shares of Advanced Micro Devices , Inc . $AMD | West Family Investments Inc . Boosts Stake in Advanced Micro Devices , Inc . $AMD",https://www.tickerreport.com/banking-finance/13578215/advanced-micro-devices-inc-amd-shares-bought-by-integrated-wealth-concepts-llc.html | https://www.dailypolitical.com/2026/09/09/newedge-advisors-llc-sells-186177-shares-of-advanced-micro-devices-inc-amd.html | https://www.tickerreport.com/banking-finance/13577416/west-family-investments-inc-boosts-stake-in-advanced-micro-devices-inc-amd.html
2026-09-10T07:22:31Z,oil gas,2,False,True,True,False,2,"APO Group - Africa Newsroom / Press release | The Dealmakers Are Set to Storm Windhoek : Nigerian Governors and CORAN Bigwigs Set to Storm International African Energy , Oil and Gas Summit ( IAEOGS ) 2026 to Unlock Africa Energy Future | Battalion Oil Corporation Announces Strategic Investment in Collide , the AI - Native Operations System for Oil and Gas",https://www.africa-newsroom.com/press/the-dealmakers-are-set-to-storm-windhoek-nigerian-governors-and-coran-bigwigs-set-to-storm-iaeogs-2026-to-unlock-africas-energy-future | https://www.manilatimes.net/2026/09/09/tmt-newswire/globenewswire/battalion-oil-corporation-announces-strategic-investment-in-collide-the-ai-native-operations-system-for-oil-and-gas/2421103
2026-09-10T07:22:31Z,dangote refinery,6,False,True,False,False,1,Dangote Refinery Launches $1 . 4 Bn - Plus IPO in Landmark Nigerian Listing | Dangote Refinery listing to push NGX capitalisation above N200trn – Daily Trust | Dangote Refinery gets Nigeria regulator nod for $1 . 6bn IPO,https://chimpreports.com/dangote-refinery-launches-1-4-bn-plus-ipo-in-landmark-nigerian-listing/ | https://dailytrust.com/dangote-refinery-listing-to-push-ngx-capitalisation-above-n200trn/ | https://www.timeslive.co.za/news/business/2026-09-06-dangote-refinery-gets-nigeria-regulators-nod-for-16bn-ipo/
2026-09-10T07:22:31Z,local approval,4,False,True,False,False,1,"Mass . Gov . Maura Healey signs executive order requiring local approval for data center development | Order requires local approval , benefit agreements for data centers | Order Requires Local Approval , Benefit Agreements for Data Center",https://hanfordsentinel.com/news/national/mass-gov-maura-healey-signs-executive-order-requiring-local-approval-for-data-center-development/article_7994590a-9cfa-56db-a875-53eb8dc1248b.html | https://www.sentinelandenterprise.com/2026/09/08/order-requires-local-approval-benefit-agreements-for-data-centers/ | https://wbsm.com/data-centers-massachusetts-healey-order/
2026-09-10T07:22:31Z,mohan yadav,3,False,True,False,False,1,"Madhya Pradesh CM Mohan Yadav receives over ₹53 , 000 crore investment proposals on Dubai visit | Madhya Pradesh CM Mohan Yadav gets investment proposals worth over ₹53 , 000 crore in Dubai | MP CM Mohan Yadav invites global investors at AIM Congress 2026",https://www.livemint.com/focus/madhya-pradesh-cm-mohan-yadav-receives-over-rs-53-000-crore-investment-proposals-on-dubai-visit-11788954081576.html | https://www.hindustantimes.com/genesis/madhya-pradesh-cm-mohan-yadav-gets-investment-proposals-worth-over-rs-53-000-crore-in-dubai-101788937358869.html | https://www.prokerala.com/news/articles/a1809634.html
2026-09-10T07:22:31Z,dell technologies,3,False,True,False,False,1,"Latest Dell Technologies Research Reveals that AI Ambition Outpaces Readiness Across Singapore | Insider Selling : Dell Technologies ( NYSE : DELL ) Director Sells $38 , 215 , 418 . 85 in Stock | Silver Lake Partners Iv , L . P . Sells 75 , 285 Shares of Dell Technologies ( NYSE : DELL ) Stock",https://www.manilatimes.net/2026/09/09/tmt-newswire/pr-newswire/latest-dell-technologies-research-reveals-that-ai-ambition-outpaces-readiness-across-singapore/2421207 | https://www.dailypolitical.com/2026/09/08/insider-selling-dell-technologies-nysedell-director-sells-38215418-85-in-stock.html | https://www.tickerreport.com/banking-finance/13577412/silver-lake-partners-iv-l-p-sells-75285-shares-of-dell-technologies-nysedell-stock.html
2026-09-10T07:22:31Z,deal worth,3,False,True,False,False,1,Vertiv ( VRT ) Signed a Deal Worth Up to $2 . 6B for UtilityInnovation . Can Faster Power Deployment Justify the Contingent Consideration ?  | Meeza inks major IT sector deal worth over QAR1bn | Qatar Business : Meeza inks major IT sector deal worth over QAR1bn,https://www.insidermonkey.com/blog/vertiv-vrt-signed-a-deal-worth-up-to-2-6b-for-utilityinnovation-can-faster-power-deployment-justify-the-contingent-consideration-1826778/ | https://tradearabia.com:443/News/485850/Meeza-inks-major-IT-sector-deal-worth-over-QAR1bn/IND | https://www.gdnonline.com:443/Details/1405786/Meeza-inks-major-IT-sector-deal-worth-over-QAR1bn
2026-09-10T07:22:31Z,ghana tightens,3,False,True,False,False,1,"Ghana tightens gold exports in push to keep more value at home - Grenada Chronicle – Daily Grenada And Caribbean News | Ghana tightens gold exports in push to keep more value at home | Ghana tightens gold exports in push to keep more value at home - Dominican Republic Post – Caribbean News , Business , Travel & Culture",https://grenadachronicle.com/ghana-tightens-gold-exports-in-push-to-keep-more-value-at-home/ | https://www.aljazeera.com/news/2026/9/4/ghana-tightens-gold-exports-in-push-to-keep-more-value-at-home | https://dominicanrepublicpost.com/ghana-tightens-gold-exports-in-push-to-keep-more-value-at-home/
2026-09-10T07:22:31Z,tightens gold,3,False,True,False,False,1,"Ghana tightens gold exports in push to keep more value at home - Grenada Chronicle – Daily Grenada And Caribbean News | Ghana tightens gold exports in push to keep more value at home | Ghana tightens gold exports in push to keep more value at home - Dominican Republic Post – Caribbean News , Business , Travel & Culture",https://grenadachronicle.com/ghana-tightens-gold-exports-in-push-to-keep-more-value-at-home/ | https://www.aljazeera.com/news/2026/9/4/ghana-tightens-gold-exports-in-push-to-keep-more-value-at-home | https://dominicanrepublicpost.com/ghana-tightens-gold-exports-in-push-to-keep-more-value-at-home/
2026-09-10T07:22:31Z,gold exports,3,False,True,False,False,1,"Ghana tightens gold exports in push to keep more value at home - Grenada Chronicle – Daily Grenada And Caribbean News | Ghana tightens gold exports in push to keep more value at home | Ghana tightens gold exports in push to keep more value at home - Dominican Republic Post – Caribbean News , Business , Travel & Culture",https://grenadachronicle.com/ghana-tightens-gold-exports-in-push-to-keep-more-value-at-home/ | https://www.aljazeera.com/news/2026/9/4/ghana-tightens-gold-exports-in-push-to-keep-more-value-at-home | https://dominicanrepublicpost.com/ghana-tightens-gold-exports-in-push-to-keep-more-value-at-home/
2026-09-10T07:22:31Z,exports push,3,False,True,False,False,1,"Ghana tightens gold exports in push to keep more value at home - Grenada Chronicle – Daily Grenada And Caribbean News | Ghana tightens gold exports in push to keep more value at home | Ghana tightens gold exports in push to keep more value at home - Dominican Republic Post – Caribbean News , Business , Travel & Culture",https://grenadachronicle.com/ghana-tightens-gold-exports-in-push-to-keep-more-value-at-home/ | https://www.aljazeera.com/news/2026/9/4/ghana-tightens-gold-exports-in-push-to-keep-more-value-at-home | https://dominicanrepublicpost.com/ghana-tightens-gold-exports-in-push-to-keep-more-value-at-home/
2026-09-10T07:22:31Z,push keep,3,False,True,False,False,1,"Ghana tightens gold exports in push to keep more value at home - Grenada Chronicle – Daily Grenada And Caribbean News | Ghana tightens gold exports in push to keep more value at home | Ghana tightens gold exports in push to keep more value at home - Dominican Republic Post – Caribbean News , Business , Travel & Culture",https://grenadachronicle.com/ghana-tightens-gold-exports-in-push-to-keep-more-value-at-home/ | https://www.aljazeera.com/news/2026/9/4/ghana-tightens-gold-exports-in-push-to-keep-more-value-at-home | https://dominicanrepublicpost.com/ghana-tightens-gold-exports-in-push-to-keep-more-value-at-home/
2026-09-10T07:22:31Z,keep more,3,False,True,False,False,1,"Ghana tightens gold exports in push to keep more value at home - Grenada Chronicle – Daily Grenada And Caribbean News | Ghana tightens gold exports in push to keep more value at home | Ghana tightens gold exports in push to keep more value at home - Dominican Republic Post – Caribbean News , Business , Travel & Culture",https://grenadachronicle.com/ghana-tightens-gold-exports-in-push-to-keep-more-value-at-home/ | https://www.aljazeera.com/news/2026/9/4/ghana-tightens-gold-exports-in-push-to-keep-more-value-at-home | https://dominicanrepublicpost.com/ghana-tightens-gold-exports-in-push-to-keep-more-value-at-home/
2026-09-10T07:22:31Z,more value,3,False,True,False,False,1,"Ghana tightens gold exports in push to keep more value at home - Grenada Chronicle – Daily Grenada And Caribbean News | Ghana tightens gold exports in push to keep more value at home | Ghana tightens gold exports in push to keep more value at home - Dominican Republic Post – Caribbean News , Business , Travel & Culture",https://grenadachronicle.com/ghana-tightens-gold-exports-in-push-to-keep-more-value-at-home/ | https://www.aljazeera.com/news/2026/9/4/ghana-tightens-gold-exports-in-push-to-keep-more-value-at-home | https://dominicanrepublicpost.com/ghana-tightens-gold-exports-in-push-to-keep-more-value-at-home/
2026-09-10T07:22:31Z,value home,3,False,True,False,False,1,"Ghana tightens gold exports in push to keep more value at home - Grenada Chronicle – Daily Grenada And Caribbean News | Ghana tightens gold exports in push to keep more value at home | Ghana tightens gold exports in push to keep more value at home - Dominican Republic Post – Caribbean News , Business , Travel & Culture",https://grenadachronicle.com/ghana-tightens-gold-exports-in-push-to-keep-more-value-at-home/ | https://www.aljazeera.com/news/2026/9/4/ghana-tightens-gold-exports-in-push-to-keep-more-value-at-home | https://dominicanrepublicpost.com/ghana-tightens-gold-exports-in-push-to-keep-more-value-at-home/
2026-09-10T07:22:31Z,ghana tightens gold,3,False,True,False,False,1,"Ghana tightens gold exports in push to keep more value at home - Grenada Chronicle – Daily Grenada And Caribbean News | Ghana tightens gold exports in push to keep more value at home | Ghana tightens gold exports in push to keep more value at home - Dominican Republic Post – Caribbean News , Business , Travel & Culture",https://grenadachronicle.com/ghana-tightens-gold-exports-in-push-to-keep-more-value-at-home/ | https://www.aljazeera.com/news/2026/9/4/ghana-tightens-gold-exports-in-push-to-keep-more-value-at-home | https://dominicanrepublicpost.com/ghana-tightens-gold-exports-in-push-to-keep-more-value-at-home/
2026-09-10T07:22:31Z,tightens gold exports,3,False,True,False,False,1,"Ghana tightens gold exports in push to keep more value at home - Grenada Chronicle – Daily Grenada And Caribbean News | Ghana tightens gold exports in push to keep more value at home | Ghana tightens gold exports in push to keep more value at home - Dominican Republic Post – Caribbean News , Business , Travel & Culture",https://grenadachronicle.com/ghana-tightens-gold-exports-in-push-to-keep-more-value-at-home/ | https://www.aljazeera.com/news/2026/9/4/ghana-tightens-gold-exports-in-push-to-keep-more-value-at-home | https://dominicanrepublicpost.com/ghana-tightens-gold-exports-in-push-to-keep-more-value-at-home/
2026-09-10T07:22:31Z,gold exports push,3,False,True,False,False,1,"Ghana tightens gold exports in push to keep more value at home - Grenada Chronicle – Daily Grenada And Caribbean News | Ghana tightens gold exports in push to keep more value at home | Ghana tightens gold exports in push to keep more value at home - Dominican Republic Post – Caribbean News , Business , Travel & Culture",https://grenadachronicle.com/ghana-tightens-gold-exports-in-push-to-keep-more-value-at-home/ | https://www.aljazeera.com/news/2026/9/4/ghana-tightens-gold-exports-in-push-to-keep-more-value-at-home | https://dominicanrepublicpost.com/ghana-tightens-gold-exports-in-push-to-keep-more-value-at-home/
2026-09-10T07:22:31Z,exports push keep,3,False,True,False,False,1,"Ghana tightens gold exports in push to keep more value at home - Grenada Chronicle – Daily Grenada And Caribbean News | Ghana tightens gold exports in push to keep more value at home | Ghana tightens gold exports in push to keep more value at home - Dominican Republic Post – Caribbean News , Business , Travel & Culture",https://grenadachronicle.com/ghana-tightens-gold-exports-in-push-to-keep-more-value-at-home/ | https://www.aljazeera.com/news/2026/9/4/ghana-tightens-gold-exports-in-push-to-keep-more-value-at-home | https://dominicanrepublicpost.com/ghana-tightens-gold-exports-in-push-to-keep-more-value-at-home/
2026-09-10T07:22:31Z,push keep more,3,False,True,False,False,1,"Ghana tightens gold exports in push to keep more value at home - Grenada Chronicle – Daily Grenada And Caribbean News | Ghana tightens gold exports in push to keep more value at home | Ghana tightens gold exports in push to keep more value at home - Dominican Republic Post – Caribbean News , Business , Travel & Culture",https://grenadachronicle.com/ghana-tightens-gold-exports-in-push-to-keep-more-value-at-home/ | https://www.aljazeera.com/news/2026/9/4/ghana-tightens-gold-exports-in-push-to-keep-more-value-at-home | https://dominicanrepublicpost.com/ghana-tightens-gold-exports-in-push-to-keep-more-value-at-home/
2026-09-10T07:22:31Z,keep more value,3,False,True,False,False,1,"Ghana tightens gold exports in push to keep more value at home - Grenada Chronicle – Daily Grenada And Caribbean News | Ghana tightens gold exports in push to keep more value at home | Ghana tightens gold exports in push to keep more value at home - Dominican Republic Post – Caribbean News , Business , Travel & Culture",https://grenadachronicle.com/ghana-tightens-gold-exports-in-push-to-keep-more-value-at-home/ | https://www.aljazeera.com/news/2026/9/4/ghana-tightens-gold-exports-in-push-to-keep-more-value-at-home | https://dominicanrepublicpost.com/ghana-tightens-gold-exports-in-push-to-keep-more-value-at-home/
2026-09-10T07:22:31Z,more value home,3,False,True,False,False,1,"Ghana tightens gold exports in push to keep more value at home - Grenada Chronicle – Daily Grenada And Caribbean News | Ghana tightens gold exports in push to keep more value at home | Ghana tightens gold exports in push to keep more value at home - Dominican Republic Post – Caribbean News , Business , Travel & Culture",https://grenadachronicle.com/ghana-tightens-gold-exports-in-push-to-keep-more-value-at-home/ | https://www.aljazeera.com/news/2026/9/4/ghana-tightens-gold-exports-in-push-to-keep-more-value-at-home | https://dominicanrepublicpost.com/ghana-tightens-gold-exports-in-push-to-keep-more-value-at-home/
2026-09-10T07:22:31Z,discovery announces,3,False,True,False,False,1,Discovery Announces Management Changes | Discovery Announces Management Changes | Discovery Announces Management Changes | The Manila Times,https://thestarphoenix.com/press-releases/globe-newswire/discovery-announces-management-changes/ | https://www.standard-freeholder.com/press-releases/globe-newswire/discovery-announces-management-changes/ | https://www.manilatimes.net/2026/09/08/tmt-newswire/globenewswire/discovery-announces-management-changes/2420128
2026-09-10T07:22:31Z,announces management,3,False,True,False,False,1,Discovery Announces Management Changes | Discovery Announces Management Changes | Discovery Announces Management Changes | The Manila Times,https://thestarphoenix.com/press-releases/globe-newswire/discovery-announces-management-changes/ | https://www.standard-freeholder.com/press-releases/globe-newswire/discovery-announces-management-changes/ | https://www.manilatimes.net/2026/09/08/tmt-newswire/globenewswire/discovery-announces-management-changes/2420128
2026-09-10T07:22:31Z,management changes,3,False,True,False,False,1,Discovery Announces Management Changes | Discovery Announces Management Changes | Discovery Announces Management Changes | The Manila Times,https://thestarphoenix.com/press-releases/globe-newswire/discovery-announces-management-changes/ | https://www.standard-freeholder.com/press-releases/globe-newswire/discovery-announces-management-changes/ | https://www.manilatimes.net/2026/09/08/tmt-newswire/globenewswire/discovery-announces-management-changes/2420128
2026-09-10T07:22:31Z,discovery announces management,3,False,True,False,False,1,Discovery Announces Management Changes | Discovery Announces Management Changes | Discovery Announces Management Changes | The Manila Times,https://thestarphoenix.com/press-releases/globe-newswire/discovery-announces-management-changes/ | https://www.standard-freeholder.com/press-releases/globe-newswire/discovery-announces-management-changes/ | https://www.manilatimes.net/2026/09/08/tmt-newswire/globenewswire/discovery-announces-management-changes/2420128
2026-09-10T07:22:31Z,announces management changes,3,False,True,False,False,1,Discovery Announces Management Changes | Discovery Announces Management Changes | Discovery Announces Management Changes | The Manila Times,https://thestarphoenix.com/press-releases/globe-newswire/discovery-announces-management-changes/ | https://www.standard-freeholder.com/press-releases/globe-newswire/discovery-announces-management-changes/ | https://www.manilatimes.net/2026/09/08/tmt-newswire/globenewswire/discovery-announces-management-changes/2420128
2026-09-10T07:22:31Z,announces pricing,3,False,True,False,False,1,"Sphere 3D Corp . Concludes 90 - Day Strategic Review , Announces Pricing of $5 . 0 Million Private Placement , and Divests Non - Core Assets to Fund AI and High - Performance Computing Development – IT Business Net | Target Hospitality Announces Pricing of Upsized Secondary Offering and Concurrent Stock Repurchase | Sphere 3D Corp . Concludes 90 - Day Strategic Review , Announces Pricing of $5 . 0 Million Private Placement , and Divests Non - Core Assets to Fund AI and High - Performance Computing Development",https://itbusinessnet.com/2026/09/sphere-3d-corp-concludes-90-day-strategic-review-announces-pricing-of-5-0-million-private-placement-and-divests-non-core-assets-to-fund-ai-and-high-performance-computing-development/ | http://www.prnewswire.com/news-releases/target-hospitality-announces-pricing-of-upsized-secondary-offering-and-concurrent-stock-repurchase-302873041.html | https://www.intelligencer.ca/press-releases/newsfile/sphere-3d-corp-concludes-90-day-strategic-review-announces-pricing-of-5-0-million-private-placement-and-divests-non-core-assets-to-fund-ai-and-high-performance-computing-development/
2026-09-10T07:22:31Z,africa chrome,2,True,False,False,False,1,"South Africa chrome riches fuel a deadly underground economy | News | South Africa chrome riches fuel a deadly underground economy - Dominican Republic Post – Caribbean News , Business , Travel & Culture",https://www.aljazeera.com/news/2026/9/6/south-africas-chrome-riches-fuel-a-deadly-underground-economy | https://dominicanrepublicpost.com/south-africas-chrome-riches-fuel-a-deadly-underground-economy/
2026-09-10T07:22:31Z,chrome riches,2,True,False,False,False,1,"South Africa chrome riches fuel a deadly underground economy | News | South Africa chrome riches fuel a deadly underground economy - Dominican Republic Post – Caribbean News , Business , Travel & Culture",https://www.aljazeera.com/news/2026/9/6/south-africas-chrome-riches-fuel-a-deadly-underground-economy | https://dominicanrepublicpost.com/south-africas-chrome-riches-fuel-a-deadly-underground-economy/
2026-09-10T07:22:31Z,riches fuel,2,True,False,False,False,1,"South Africa chrome riches fuel a deadly underground economy | News | South Africa chrome riches fuel a deadly underground economy - Dominican Republic Post – Caribbean News , Business , Travel & Culture",https://www.aljazeera.com/news/2026/9/6/south-africas-chrome-riches-fuel-a-deadly-underground-economy | https://dominicanrepublicpost.com/south-africas-chrome-riches-fuel-a-deadly-underground-economy/
2026-09-10T07:22:31Z,fuel deadly,2,True,False,False,False,1,"South Africa chrome riches fuel a deadly underground economy | News | South Africa chrome riches fuel a deadly underground economy - Dominican Republic Post – Caribbean News , Business , Travel & Culture",https://www.aljazeera.com/news/2026/9/6/south-africas-chrome-riches-fuel-a-deadly-underground-economy | https://dominicanrepublicpost.com/south-africas-chrome-riches-fuel-a-deadly-underground-economy/
2026-09-10T07:22:31Z,deadly underground,2,True,False,False,False,1,"South Africa chrome riches fuel a deadly underground economy | News | South Africa chrome riches fuel a deadly underground economy - Dominican Republic Post – Caribbean News , Business , Travel & Culture",https://www.aljazeera.com/news/2026/9/6/south-africas-chrome-riches-fuel-a-deadly-underground-economy | https://dominicanrepublicpost.com/south-africas-chrome-riches-fuel-a-deadly-underground-economy/
2026-09-10T07:22:31Z,south africa chrome,2,True,False,False,False,1,"South Africa chrome riches fuel a deadly underground economy | News | South Africa chrome riches fuel a deadly underground economy - Dominican Republic Post – Caribbean News , Business , Travel & Culture",https://www.aljazeera.com/news/2026/9/6/south-africas-chrome-riches-fuel-a-deadly-underground-economy | https://dominicanrepublicpost.com/south-africas-chrome-riches-fuel-a-deadly-underground-economy/
2026-09-10T07:22:31Z,africa chrome riches,2,True,False,False,False,1,"South Africa chrome riches fuel a deadly underground economy | News | South Africa chrome riches fuel a deadly underground economy - Dominican Republic Post – Caribbean News , Business , Travel & Culture",https://www.aljazeera.com/news/2026/9/6/south-africas-chrome-riches-fuel-a-deadly-underground-economy | https://dominicanrepublicpost.com/south-africas-chrome-riches-fuel-a-deadly-underground-economy/
2026-09-10T07:22:31Z,chrome riches fuel,2,True,False,False,False,1,"South Africa chrome riches fuel a deadly underground economy | News | South Africa chrome riches fuel a deadly underground economy - Dominican Republic Post – Caribbean News , Business , Travel & Culture",https://www.aljazeera.com/news/2026/9/6/south-africas-chrome-riches-fuel-a-deadly-underground-economy | https://dominicanrepublicpost.com/south-africas-chrome-riches-fuel-a-deadly-underground-economy/
2026-09-10T07:22:31Z,riches fuel deadly,2,True,False,False,False,1,"South Africa chrome riches fuel a deadly underground economy | News | South Africa chrome riches fuel a deadly underground economy - Dominican Republic Post – Caribbean News , Business , Travel & Culture",https://www.aljazeera.com/news/2026/9/6/south-africas-chrome-riches-fuel-a-deadly-underground-economy | https://dominicanrepublicpost.com/south-africas-chrome-riches-fuel-a-deadly-underground-economy/
2026-09-10T07:22:31Z,fuel deadly underground,2,True,False,False,False,1,"South Africa chrome riches fuel a deadly underground economy | News | South Africa chrome riches fuel a deadly underground economy - Dominican Republic Post – Caribbean News , Business , Travel & Culture",https://www.aljazeera.com/news/2026/9/6/south-africas-chrome-riches-fuel-a-deadly-underground-economy | https://dominicanrepublicpost.com/south-africas-chrome-riches-fuel-a-deadly-underground-economy/
2026-09-10T07:22:31Z,advanced micro,2,False,True,False,False,1,"Advanced Micro Devices , Inc . $AMD Shares Bought by Integrated Wealth Concepts LLC | NewEdge Advisors LLC Sells 186 , 177 Shares of Advanced Micro Devices , Inc . $AMD | West Family Investments Inc . Boosts Stake in Advanced Micro Devices , Inc . $AMD",https://www.tickerreport.com/banking-finance/13578215/advanced-micro-devices-inc-amd-shares-bought-by-integrated-wealth-concepts-llc.html | https://www.dailypolitical.com/2026/09/09/newedge-advisors-llc-sells-186177-shares-of-advanced-micro-devices-inc-amd.html | https://www.tickerreport.com/banking-finance/13577416/west-family-investments-inc-boosts-stake-in-advanced-micro-devices-inc-amd.html
2026-09-10T07:22:31Z,micro devices,2,False,True,False,False,1,"Advanced Micro Devices , Inc . $AMD Shares Bought by Integrated Wealth Concepts LLC | NewEdge Advisors LLC Sells 186 , 177 Shares of Advanced Micro Devices , Inc . $AMD | West Family Investments Inc . Boosts Stake in Advanced Micro Devices , Inc . $AMD",https://www.tickerreport.com/banking-finance/13578215/advanced-micro-devices-inc-amd-shares-bought-by-integrated-wealth-concepts-llc.html | https://www.dailypolitical.com/2026/09/09/newedge-advisors-llc-sells-186177-shares-of-advanced-micro-devices-inc-amd.html | https://www.tickerreport.com/banking-finance/13577416/west-family-investments-inc-boosts-stake-in-advanced-micro-devices-inc-amd.html
2026-09-10T07:22:31Z,devices amd,2,False,True,False,False,1,"Advanced Micro Devices , Inc . $AMD Shares Bought by Integrated Wealth Concepts LLC | NewEdge Advisors LLC Sells 186 , 177 Shares of Advanced Micro Devices , Inc . $AMD | West Family Investments Inc . Boosts Stake in Advanced Micro Devices , Inc . $AMD",https://www.tickerreport.com/banking-finance/13578215/advanced-micro-devices-inc-amd-shares-bought-by-integrated-wealth-concepts-llc.html | https://www.dailypolitical.com/2026/09/09/newedge-advisors-llc-sells-186177-shares-of-advanced-micro-devices-inc-amd.html | https://www.tickerreport.com/banking-finance/13577416/west-family-investments-inc-boosts-stake-in-advanced-micro-devices-inc-amd.html
2026-09-10T12:01:02Z,oil gas,2,False,True,True,False,2,"APO Group - Africa Newsroom / Press release | The Dealmakers Are Set to Storm Windhoek : Nigerian Governors and CORAN Bigwigs Set to Storm International African Energy , Oil and Gas Summit ( IAEOGS ) 2026 to Unlock Africa Energy Future | Battalion Oil Corporation Announces Strategic Investment in Collide , the AI - Native Operations System for Oil and Gas",https://www.africa-newsroom.com/press/the-dealmakers-are-set-to-storm-windhoek-nigerian-governors-and-coran-bigwigs-set-to-storm-iaeogs-2026-to-unlock-africas-energy-future | https://www.manilatimes.net/2026/09/09/tmt-newswire/globenewswire/battalion-oil-corporation-announces-strategic-investment-in-collide-the-ai-native-operations-system-for-oil-and-gas/2421103
2026-09-10T12:01:02Z,dangote refinery,6,False,True,False,False,1,Dangote Refinery Launches $1 . 4 Bn - Plus IPO in Landmark Nigerian Listing | Dangote Refinery listing to push NGX capitalisation above N200trn – Daily Trust | Dangote Refinery gets Nigeria regulator nod for $1 . 6bn IPO,https://chimpreports.com/dangote-refinery-launches-1-4-bn-plus-ipo-in-landmark-nigerian-listing/ | https://dailytrust.com/dangote-refinery-listing-to-push-ngx-capitalisation-above-n200trn/ | https://www.timeslive.co.za/news/business/2026-09-06-dangote-refinery-gets-nigeria-regulators-nod-for-16bn-ipo/
2026-09-10T12:01:02Z,local approval,4,False,True,False,False,1,"Mass . Gov . Maura Healey signs executive order requiring local approval for data center development | Order requires local approval , benefit agreements for data centers | Order Requires Local Approval , Benefit Agreements for Data Center",https://hanfordsentinel.com/news/national/mass-gov-maura-healey-signs-executive-order-requiring-local-approval-for-data-center-development/article_7994590a-9cfa-56db-a875-53eb8dc1248b.html | https://www.sentinelandenterprise.com/2026/09/08/order-requires-local-approval-benefit-agreements-for-data-centers/ | https://wbsm.com/data-centers-massachusetts-healey-order/
2026-09-10T12:01:02Z,mohan yadav,3,False,True,False,False,1,"Madhya Pradesh CM Mohan Yadav receives over ₹53 , 000 crore investment proposals on Dubai visit | Madhya Pradesh CM Mohan Yadav gets investment proposals worth over ₹53 , 000 crore in Dubai | MP CM Mohan Yadav invites global investors at AIM Congress 2026",https://www.livemint.com/focus/madhya-pradesh-cm-mohan-yadav-receives-over-rs-53-000-crore-investment-proposals-on-dubai-visit-11788954081576.html | https://www.hindustantimes.com/genesis/madhya-pradesh-cm-mohan-yadav-gets-investment-proposals-worth-over-rs-53-000-crore-in-dubai-101788937358869.html | https://www.prokerala.com/news/articles/a1809634.html
2026-09-10T12:01:02Z,dell technologies,3,False,True,False,False,1,"Latest Dell Technologies Research Reveals that AI Ambition Outpaces Readiness Across Singapore | Insider Selling : Dell Technologies ( NYSE : DELL ) Director Sells $38 , 215 , 418 . 85 in Stock | Silver Lake Partners Iv , L . P . Sells 75 , 285 Shares of Dell Technologies ( NYSE : DELL ) Stock",https://www.manilatimes.net/2026/09/09/tmt-newswire/pr-newswire/latest-dell-technologies-research-reveals-that-ai-ambition-outpaces-readiness-across-singapore/2421207 | https://www.dailypolitical.com/2026/09/08/insider-selling-dell-technologies-nysedell-director-sells-38215418-85-in-stock.html | https://www.tickerreport.com/banking-finance/13577412/silver-lake-partners-iv-l-p-sells-75285-shares-of-dell-technologies-nysedell-stock.html
2026-09-10T12:01:02Z,deal worth,3,False,True,False,False,1,Vertiv ( VRT ) Signed a Deal Worth Up to $2 . 6B for UtilityInnovation . Can Faster Power Deployment Justify the Contingent Consideration ?  | Meeza inks major IT sector deal worth over QAR1bn | Qatar Business : Meeza inks major IT sector deal worth over QAR1bn,https://www.insidermonkey.com/blog/vertiv-vrt-signed-a-deal-worth-up-to-2-6b-for-utilityinnovation-can-faster-power-deployment-justify-the-contingent-consideration-1826778/ | https://tradearabia.com:443/News/485850/Meeza-inks-major-IT-sector-deal-worth-over-QAR1bn/IND | https://www.gdnonline.com:443/Details/1405786/Meeza-inks-major-IT-sector-deal-worth-over-QAR1bn
2026-09-10T12:01:02Z,ghana tightens,3,False,True,False,False,1,"Ghana tightens gold exports in push to keep more value at home - Grenada Chronicle – Daily Grenada And Caribbean News | Ghana tightens gold exports in push to keep more value at home | Ghana tightens gold exports in push to keep more value at home - Dominican Republic Post – Caribbean News , Business , Travel & Culture",https://grenadachronicle.com/ghana-tightens-gold-exports-in-push-to-keep-more-value-at-home/ | https://www.aljazeera.com/news/2026/9/4/ghana-tightens-gold-exports-in-push-to-keep-more-value-at-home | https://dominicanrepublicpost.com/ghana-tightens-gold-exports-in-push-to-keep-more-value-at-home/
2026-09-10T12:01:02Z,tightens gold,3,False,True,False,False,1,"Ghana tightens gold exports in push to keep more value at home - Grenada Chronicle – Daily Grenada And Caribbean News | Ghana tightens gold exports in push to keep more value at home | Ghana tightens gold exports in push to keep more value at home - Dominican Republic Post – Caribbean News , Business , Travel & Culture",https://grenadachronicle.com/ghana-tightens-gold-exports-in-push-to-keep-more-value-at-home/ | https://www.aljazeera.com/news/2026/9/4/ghana-tightens-gold-exports-in-push-to-keep-more-value-at-home | https://dominicanrepublicpost.com/ghana-tightens-gold-exports-in-push-to-keep-more-value-at-home/
2026-09-10T12:01:02Z,gold exports,3,False,True,False,False,1,"Ghana tightens gold exports in push to keep more value at home - Grenada Chronicle – Daily Grenada And Caribbean News | Ghana tightens gold exports in push to keep more value at home | Ghana tightens gold exports in push to keep more value at home - Dominican Republic Post – Caribbean News , Business , Travel & Culture",https://grenadachronicle.com/ghana-tightens-gold-exports-in-push-to-keep-more-value-at-home/ | https://www.aljazeera.com/news/2026/9/4/ghana-tightens-gold-exports-in-push-to-keep-more-value-at-home | https://dominicanrepublicpost.com/ghana-tightens-gold-exports-in-push-to-keep-more-value-at-home/
2026-09-10T12:01:02Z,exports push,3,False,True,False,False,1,"Ghana tightens gold exports in push to keep more value at home - Grenada Chronicle – Daily Grenada And Caribbean News | Ghana tightens gold exports in push to keep more value at home | Ghana tightens gold exports in push to keep more value at home - Dominican Republic Post – Caribbean News , Business , Travel & Culture",https://grenadachronicle.com/ghana-tightens-gold-exports-in-push-to-keep-more-value-at-home/ | https://www.aljazeera.com/news/2026/9/4/ghana-tightens-gold-exports-in-push-to-keep-more-value-at-home | https://dominicanrepublicpost.com/ghana-tightens-gold-exports-in-push-to-keep-more-value-at-home/
2026-09-10T12:01:02Z,push keep,3,False,True,False,False,1,"Ghana tightens gold exports in push to keep more value at home - Grenada Chronicle – Daily Grenada And Caribbean News | Ghana tightens gold exports in push to keep more value at home | Ghana tightens gold exports in push to keep more value at home - Dominican Republic Post – Caribbean News , Business , Travel & Culture",https://grenadachronicle.com/ghana-tightens-gold-exports-in-push-to-keep-more-value-at-home/ | https://www.aljazeera.com/news/2026/9/4/ghana-tightens-gold-exports-in-push-to-keep-more-value-at-home | https://dominicanrepublicpost.com/ghana-tightens-gold-exports-in-push-to-keep-more-value-at-home/
2026-09-10T12:01:02Z,keep more,3,False,True,False,False,1,"Ghana tightens gold exports in push to keep more value at home - Grenada Chronicle – Daily Grenada And Caribbean News | Ghana tightens gold exports in push to keep more value at home | Ghana tightens gold exports in push to keep more value at home - Dominican Republic Post – Caribbean News , Business , Travel & Culture",https://grenadachronicle.com/ghana-tightens-gold-exports-in-push-to-keep-more-value-at-home/ | https://www.aljazeera.com/news/2026/9/4/ghana-tightens-gold-exports-in-push-to-keep-more-value-at-home | https://dominicanrepublicpost.com/ghana-tightens-gold-exports-in-push-to-keep-more-value-at-home/
2026-09-10T12:01:02Z,more value,3,False,True,False,False,1,"Ghana tightens gold exports in push to keep more value at home - Grenada Chronicle – Daily Grenada And Caribbean News | Ghana tightens gold exports in push to keep more value at home | Ghana tightens gold exports in push to keep more value at home - Dominican Republic Post – Caribbean News , Business , Travel & Culture",https://grenadachronicle.com/ghana-tightens-gold-exports-in-push-to-keep-more-value-at-home/ | https://www.aljazeera.com/news/2026/9/4/ghana-tightens-gold-exports-in-push-to-keep-more-value-at-home | https://dominicanrepublicpost.com/ghana-tightens-gold-exports-in-push-to-keep-more-value-at-home/
2026-09-10T12:01:02Z,value home,3,False,True,False,False,1,"Ghana tightens gold exports in push to keep more value at home - Grenada Chronicle – Daily Grenada And Caribbean News | Ghana tightens gold exports in push to keep more value at home | Ghana tightens gold exports in push to keep more value at home - Dominican Republic Post – Caribbean News , Business , Travel & Culture",https://grenadachronicle.com/ghana-tightens-gold-exports-in-push-to-keep-more-value-at-home/ | https://www.aljazeera.com/news/2026/9/4/ghana-tightens-gold-exports-in-push-to-keep-more-value-at-home | https://dominicanrepublicpost.com/ghana-tightens-gold-exports-in-push-to-keep-more-value-at-home/
2026-09-10T12:01:02Z,ghana tightens gold,3,False,True,False,False,1,"Ghana tightens gold exports in push to keep more value at home - Grenada Chronicle – Daily Grenada And Caribbean News | Ghana tightens gold exports in push to keep more value at home | Ghana tightens gold exports in push to keep more value at home - Dominican Republic Post – Caribbean News , Business , Travel & Culture",https://grenadachronicle.com/ghana-tightens-gold-exports-in-push-to-keep-more-value-at-home/ | https://www.aljazeera.com/news/2026/9/4/ghana-tightens-gold-exports-in-push-to-keep-more-value-at-home | https://dominicanrepublicpost.com/ghana-tightens-gold-exports-in-push-to-keep-more-value-at-home/
2026-09-10T12:01:02Z,tightens gold exports,3,False,True,False,False,1,"Ghana tightens gold exports in push to keep more value at home - Grenada Chronicle – Daily Grenada And Caribbean News | Ghana tightens gold exports in push to keep more value at home | Ghana tightens gold exports in push to keep more value at home - Dominican Republic Post – Caribbean News , Business , Travel & Culture",https://grenadachronicle.com/ghana-tightens-gold-exports-in-push-to-keep-more-value-at-home/ | https://www.aljazeera.com/news/2026/9/4/ghana-tightens-gold-exports-in-push-to-keep-more-value-at-home | https://dominicanrepublicpost.com/ghana-tightens-gold-exports-in-push-to-keep-more-value-at-home/
2026-09-10T12:01:02Z,gold exports push,3,False,True,False,False,1,"Ghana tightens gold exports in push to keep more value at home - Grenada Chronicle – Daily Grenada And Caribbean News | Ghana tightens gold exports in push to keep more value at home | Ghana tightens gold exports in push to keep more value at home - Dominican Republic Post – Caribbean News , Business , Travel & Culture",https://grenadachronicle.com/ghana-tightens-gold-exports-in-push-to-keep-more-value-at-home/ | https://www.aljazeera.com/news/2026/9/4/ghana-tightens-gold-exports-in-push-to-keep-more-value-at-home | https://dominicanrepublicpost.com/ghana-tightens-gold-exports-in-push-to-keep-more-value-at-home/
2026-09-10T12:01:02Z,exports push keep,3,False,True,False,False,1,"Ghana tightens gold exports in push to keep more value at home - Grenada Chronicle – Daily Grenada And Caribbean News | Ghana tightens gold exports in push to keep more value at home | Ghana tightens gold exports in push to keep more value at home - Dominican Republic Post – Caribbean News , Business , Travel & Culture",https://grenadachronicle.com/ghana-tightens-gold-exports-in-push-to-keep-more-value-at-home/ | https://www.aljazeera.com/news/2026/9/4/ghana-tightens-gold-exports-in-push-to-keep-more-value-at-home | https://dominicanrepublicpost.com/ghana-tightens-gold-exports-in-push-to-keep-more-value-at-home/
2026-09-10T12:01:02Z,push keep more,3,False,True,False,False,1,"Ghana tightens gold exports in push to keep more value at home - Grenada Chronicle – Daily Grenada And Caribbean News | Ghana tightens gold exports in push to keep more value at home | Ghana tightens gold exports in push to keep more value at home - Dominican Republic Post – Caribbean News , Business , Travel & Culture",https://grenadachronicle.com/ghana-tightens-gold-exports-in-push-to-keep-more-value-at-home/ | https://www.aljazeera.com/news/2026/9/4/ghana-tightens-gold-exports-in-push-to-keep-more-value-at-home | https://dominicanrepublicpost.com/ghana-tightens-gold-exports-in-push-to-keep-more-value-at-home/
2026-09-10T12:01:02Z,keep more value,3,False,True,False,False,1,"Ghana tightens gold exports in push to keep more value at home - Grenada Chronicle – Daily Grenada And Caribbean News | Ghana tightens gold exports in push to keep more value at home | Ghana tightens gold exports in push to keep more value at home - Dominican Republic Post – Caribbean News , Business , Travel & Culture",https://grenadachronicle.com/ghana-tightens-gold-exports-in-push-to-keep-more-value-at-home/ | https://www.aljazeera.com/news/2026/9/4/ghana-tightens-gold-exports-in-push-to-keep-more-value-at-home | https://dominicanrepublicpost.com/ghana-tightens-gold-exports-in-push-to-keep-more-value-at-home/
2026-09-10T12:01:02Z,more value home,3,False,True,False,False,1,"Ghana tightens gold exports in push to keep more value at home - Grenada Chronicle – Daily Grenada And Caribbean News | Ghana tightens gold exports in push to keep more value at home | Ghana tightens gold exports in push to keep more value at home - Dominican Republic Post – Caribbean News , Business , Travel & Culture",https://grenadachronicle.com/ghana-tightens-gold-exports-in-push-to-keep-more-value-at-home/ | https://www.aljazeera.com/news/2026/9/4/ghana-tightens-gold-exports-in-push-to-keep-more-value-at-home | https://dominicanrepublicpost.com/ghana-tightens-gold-exports-in-push-to-keep-more-value-at-home/
2026-09-10T12:01:02Z,discovery announces,3,False,True,False,False,1,Discovery Announces Management Changes | Discovery Announces Management Changes | Discovery Announces Management Changes | The Manila Times,https://thestarphoenix.com/press-releases/globe-newswire/discovery-announces-management-changes/ | https://www.standard-freeholder.com/press-releases/globe-newswire/discovery-announces-management-changes/ | https://www.manilatimes.net/2026/09/08/tmt-newswire/globenewswire/discovery-announces-management-changes/2420128
2026-09-10T12:01:02Z,announces management,3,False,True,False,False,1,Discovery Announces Management Changes | Discovery Announces Management Changes | Discovery Announces Management Changes | The Manila Times,https://thestarphoenix.com/press-releases/globe-newswire/discovery-announces-management-changes/ | https://www.standard-freeholder.com/press-releases/globe-newswire/discovery-announces-management-changes/ | https://www.manilatimes.net/2026/09/08/tmt-newswire/globenewswire/discovery-announces-management-changes/2420128
2026-09-10T12:01:02Z,management changes,3,False,True,False,False,1,Discovery Announces Management Changes | Discovery Announces Management Changes | Discovery Announces Management Changes | The Manila Times,https://thestarphoenix.com/press-releases/globe-newswire/discovery-announces-management-changes/ | https://www.standard-freeholder.com/press-releases/globe-newswire/discovery-announces-management-changes/ | https://www.manilatimes.net/2026/09/08/tmt-newswire/globenewswire/discovery-announces-management-changes/2420128
2026-09-10T12:01:02Z,discovery announces management,3,False,True,False,False,1,Discovery Announces Management Changes | Discovery Announces Management Changes | Discovery Announces Management Changes | The Manila Times,https://thestarphoenix.com/press-releases/globe-newswire/discovery-announces-management-changes/ | https://www.standard-freeholder.com/press-releases/globe-newswire/discovery-announces-management-changes/ | https://www.manilatimes.net/2026/09/08/tmt-newswire/globenewswire/discovery-announces-management-changes/2420128
2026-09-10T12:01:02Z,announces management changes,3,False,True,False,False,1,Discovery Announces Management Changes | Discovery Announces Management Changes | Discovery Announces Management Changes | The Manila Times,https://thestarphoenix.com/press-releases/globe-newswire/discovery-announces-management-changes/ | https://www.standard-freeholder.com/press-releases/globe-newswire/discovery-announces-management-changes/ | https://www.manilatimes.net/2026/09/08/tmt-newswire/globenewswire/discovery-announces-management-changes/2420128
2026-09-10T12:01:02Z,announces pricing,3,False,True,False,False,1,"Sphere 3D Corp . Concludes 90 - Day Strategic Review , Announces Pricing of $5 . 0 Million Private Placement , and Divests Non - Core Assets to Fund AI and High - Performance Computing Development – IT Business Net | Target Hospitality Announces Pricing of Upsized Secondary Offering and Concurrent Stock Repurchase | Sphere 3D Corp . Concludes 90 - Day Strategic Review , Announces Pricing of $5 . 0 Million Private Placement , and Divests Non - Core Assets to Fund AI and High - Performance Computing Development",https://itbusinessnet.com/2026/09/sphere-3d-corp-concludes-90-day-strategic-review-announces-pricing-of-5-0-million-private-placement-and-divests-non-core-assets-to-fund-ai-and-high-performance-computing-development/ | http://www.prnewswire.com/news-releases/target-hospitality-announces-pricing-of-upsized-secondary-offering-and-concurrent-stock-repurchase-302873041.html | https://www.intelligencer.ca/press-releases/newsfile/sphere-3d-corp-concludes-90-day-strategic-review-announces-pricing-of-5-0-million-private-placement-and-divests-non-core-assets-to-fund-ai-and-high-performance-computing-development/
2026-09-10T12:01:02Z,africa chrome,2,True,False,False,False,1,"South Africa chrome riches fuel a deadly underground economy | News | South Africa chrome riches fuel a deadly underground economy - Dominican Republic Post – Caribbean News , Business , Travel & Culture",https://www.aljazeera.com/news/2026/9/6/south-africas-chrome-riches-fuel-a-deadly-underground-economy | https://dominicanrepublicpost.com/south-africas-chrome-riches-fuel-a-deadly-underground-economy/
2026-09-10T12:01:02Z,chrome riches,2,True,False,False,False,1,"South Africa chrome riches fuel a deadly underground economy | News | South Africa chrome riches fuel a deadly underground economy - Dominican Republic Post – Caribbean News , Business , Travel & Culture",https://www.aljazeera.com/news/2026/9/6/south-africas-chrome-riches-fuel-a-deadly-underground-economy | https://dominicanrepublicpost.com/south-africas-chrome-riches-fuel-a-deadly-underground-economy/
2026-09-10T12:01:02Z,riches fuel,2,True,False,False,False,1,"South Africa chrome riches fuel a deadly underground economy | News | South Africa chrome riches fuel a deadly underground economy - Dominican Republic Post – Caribbean News , Business , Travel & Culture",https://www.aljazeera.com/news/2026/9/6/south-africas-chrome-riches-fuel-a-deadly-underground-economy | https://dominicanrepublicpost.com/south-africas-chrome-riches-fuel-a-deadly-underground-economy/
2026-09-10T12:01:02Z,fuel deadly,2,True,False,False,False,1,"South Africa chrome riches fuel a deadly underground economy | News | South Africa chrome riches fuel a deadly underground economy - Dominican Republic Post – Caribbean News , Business , Travel & Culture",https://www.aljazeera.com/news/2026/9/6/south-africas-chrome-riches-fuel-a-deadly-underground-economy | https://dominicanrepublicpost.com/south-africas-chrome-riches-fuel-a-deadly-underground-economy/
2026-09-10T12:01:02Z,deadly underground,2,True,False,False,False,1,"South Africa chrome riches fuel a deadly underground economy | News | South Africa chrome riches fuel a deadly underground economy - Dominican Republic Post – Caribbean News , Business , Travel & Culture",https://www.aljazeera.com/news/2026/9/6/south-africas-chrome-riches-fuel-a-deadly-underground-economy | https://dominicanrepublicpost.com/south-africas-chrome-riches-fuel-a-deadly-underground-economy/
2026-09-10T12:01:02Z,south africa chrome,2,True,False,False,False,1,"South Africa chrome riches fuel a deadly underground economy | News | South Africa chrome riches fuel a deadly underground economy - Dominican Republic Post – Caribbean News , Business , Travel & Culture",https://www.aljazeera.com/news/2026/9/6/south-africas-chrome-riches-fuel-a-deadly-underground-economy | https://dominicanrepublicpost.com/south-africas-chrome-riches-fuel-a-deadly-underground-economy/
2026-09-10T12:01:02Z,africa chrome riches,2,True,False,False,False,1,"South Africa chrome riches fuel a deadly underground economy | News | South Africa chrome riches fuel a deadly underground economy - Dominican Republic Post – Caribbean News , Business , Travel & Culture",https://www.aljazeera.com/news/2026/9/6/south-africas-chrome-riches-fuel-a-deadly-underground-economy | https://dominicanrepublicpost.com/south-africas-chrome-riches-fuel-a-deadly-underground-economy/
2026-09-10T12:01:02Z,chrome riches fuel,2,True,False,False,False,1,"South Africa chrome riches fuel a deadly underground economy | News | South Africa chrome riches fuel a deadly underground economy - Dominican Republic Post – Caribbean News , Business , Travel & Culture",https://www.aljazeera.com/news/2026/9/6/south-africas-chrome-riches-fuel-a-deadly-underground-economy | https://dominicanrepublicpost.com/south-africas-chrome-riches-fuel-a-deadly-underground-economy/
2026-09-10T12:01:02Z,riches fuel deadly,2,True,False,False,False,1,"South Africa chrome riches fuel a deadly underground economy | News | South Africa chrome riches fuel a deadly underground economy - Dominican Republic Post – Caribbean News , Business , Travel & Culture",https://www.aljazeera.com/news/2026/9/6/south-africas-chrome-riches-fuel-a-deadly-underground-economy | https://dominicanrepublicpost.com/south-africas-chrome-riches-fuel-a-deadly-underground-economy/
2026-09-10T12:01:02Z,fuel deadly underground,2,True,False,False,False,1,"South Africa chrome riches fuel a deadly underground economy | News | South Africa chrome riches fuel a deadly underground economy - Dominican Republic Post – Caribbean News , Business , Travel & Culture",https://www.aljazeera.com/news/2026/9/6/south-africas-chrome-riches-fuel-a-deadly-underground-economy | https://dominicanrepublicpost.com/south-africas-chrome-riches-fuel-a-deadly-underground-economy/
2026-09-10T12:01:02Z,advanced micro,2,False,True,False,False,1,"Advanced Micro Devices , Inc . $AMD Shares Bought by Integrated Wealth Concepts LLC | NewEdge Advisors LLC Sells 186 , 177 Shares of Advanced Micro Devices , Inc . $AMD | West Family Investments Inc . Boosts Stake in Advanced Micro Devices , Inc . $AMD",https://www.tickerreport.com/banking-finance/13578215/advanced-micro-devices-inc-amd-shares-bought-by-integrated-wealth-concepts-llc.html | https://www.dailypolitical.com/2026/09/09/newedge-advisors-llc-sells-186177-shares-of-advanced-micro-devices-inc-amd.html | https://www.tickerreport.com/banking-finance/13577416/west-family-investments-inc-boosts-stake-in-advanced-micro-devices-inc-amd.html
2026-09-10T12:01:02Z,micro devices,2,False,True,False,False,1,"Advanced Micro Devices , Inc . $AMD Shares Bought by Integrated Wealth Concepts LLC | NewEdge Advisors LLC Sells 186 , 177 Shares of Advanced Micro Devices , Inc . $AMD | West Family Investments Inc . Boosts Stake in Advanced Micro Devices , Inc . $AMD",https://www.tickerreport.com/banking-finance/13578215/advanced-micro-devices-inc-amd-shares-bought-by-integrated-wealth-concepts-llc.html | https://www.dailypolitical.com/2026/09/09/newedge-advisors-llc-sells-186177-shares-of-advanced-micro-devices-inc-amd.html | https://www.tickerreport.com/banking-finance/13577416/west-family-investments-inc-boosts-stake-in-advanced-micro-devices-inc-amd.html
2026-09-10T12:01:02Z,devices amd,2,False,True,False,False,1,"Advanced Micro Devices , Inc . $AMD Shares Bought by Integrated Wealth Concepts LLC | NewEdge Advisors LLC Sells 186 , 177 Shares of Advanced Micro Devices , Inc . $AMD | West Family Investments Inc . Boosts Stake in Advanced Micro Devices , Inc . $AMD",https://www.tickerreport.com/banking-finance/13578215/advanced-micro-devices-inc-amd-shares-bought-by-integrated-wealth-concepts-llc.html | https://www.dailypolitical.com/2026/09/09/newedge-advisors-llc-sells-186177-shares-of-advanced-micro-devices-inc-amd.html | https://www.tickerreport.com/banking-finance/13577416/west-family-investments-inc-boosts-stake-in-advanced-micro-devices-inc-amd.html
2026-09-10T12:32:45Z,nuclear plant,3,False,True,True,False,2,Energy Department loans $1 . 9B to restart Iowa nuclear plant | Energy Department loans $1 . 9B to restart Iowa nuclear plant | Google agrees to buy up to 50 % of Finnish nuclear plant capacity from Fortum,https://www.fairfieldsuntimes.com/news/national/energy-department-loans-1-9b-to-restart-iowa-nuclear-plant/article_08994566-c882-5aa4-b1df-a2faf435b160.html | https://www.hometownregister.com/news/national/energy-department-loans-1-9b-to-restart-iowa-nuclear-plant/article_f3f563d1-5fe9-509e-87d7-35eb05418741.html | https://www.moneycontrol.com/news/business/google-agrees-to-buy-up-to-50-of-finnish-nuclear-plant-capacity-from-fortum-14026489.html
2026-09-10T12:32:45Z,oil gas,2,False,True,True,False,2,"APO Group - Africa Newsroom / Press release | The Dealmakers Are Set to Storm Windhoek : Nigerian Governors and CORAN Bigwigs Set to Storm International African Energy , Oil and Gas Summit ( IAEOGS ) 2026 to Unlock Africa Energy Future | Battalion Oil Corporation Announces Strategic Investment in Collide , the AI - Native Operations System for Oil and Gas",https://www.africa-newsroom.com/press/the-dealmakers-are-set-to-storm-windhoek-nigerian-governors-and-coran-bigwigs-set-to-storm-iaeogs-2026-to-unlock-africas-energy-future | https://www.manilatimes.net/2026/09/09/tmt-newswire/globenewswire/battalion-oil-corporation-announces-strategic-investment-in-collide-the-ai-native-operations-system-for-oil-and-gas/2421103
2026-09-10T12:32:45Z,derivatives trading,2,False,True,True,False,2,"SEBI Likely To Allow FPIs In Commodity Derivatives Trading : Report | Zoomex Stock Brings Tesla 6 % Surge and Nvidia Choppy Session Within Reach Through Fair , Rule - Based Derivatives Trading",https://www.freepressjournal.in/business/sebi-likely-to-allow-fpis-in-commodity-derivatives-trading-report | https://bravenewcoin.com/press-release/zoomex-stock-brings-teslas-6-surge-and-nvidias-choppy-session-within-reach-through-fair-rule-based-derivatives-trading
2026-09-10T12:32:45Z,artificial intelligence,2,False,True,True,False,2,"Artificial Intelligence : How tech tools are changing work , school and the stock market | Better Artificial Intelligence Stock : Applied Digital vs . Super Micro Computer",https://originals.azpm.org/p/navigating/2026/9/8/231120-artificial-intelligence-how-tech-tools-are-changing-work-school-and-the-stock-market/ | https://www.fool.com/coverage/better-buy/2026/09/09/better-artificial-intelligence-stock-applied-digital-vs-super-micro-computer/?source=iedfolrf0000001
2026-09-10T12:32:45Z,lead next,2,False,True,True,False,2,"Opus Origin Taps Greg Topalian to Lead its Next Chapter of North American Growth | India New Industrial Revolution : Chips , Space and Data Centres Lead Next Manufacturing Growth Wave , Says Jefferies",https://www.exhibitoronline.com/news/article.asp?ID=25377 | https://openthemagazine.com/india/chips-space-and-data-centres-jefferies-flags-indias-next-industrial-revolution
2026-09-10T12:32:45Z,google plans,2,False,True,True,False,2,"Google plans for $15B AI build - out in Finland | The Arkansas Democrat - Gazette | Google plans EUR13 billion Finland investment to expand data centers , clean energy",https://www.arkansasonline.com/news/2026/sep/10/google-plans-for-15b-ai-build-out-in-finland/ | https://www.digitimes.com/news/a20260910PR201/google-finland-investment-data-center-expansion.html
2026-09-10T12:32:45Z,growth sectors,26,False,True,False,False,1,Jefferies flags  India New Industrial Revolution  across six high - growth sectors | Jefferies flags  India New Industrial Revolution  across six high - growth sectors | Jefferies flags  India New Industrial Revolution  across six high - growth sectors,http://www.britainnews.net/news/279297968/jefferies-flags-india-new-industrial-revolution-across-six-high-growth-sectors | http://www.myanmarnews.net/news/279297968/jefferies-flags-india-new-industrial-revolution-across-six-high-growth-sectors | http://www.newzealandstar.com/news/279297968/jefferies-flags-india-new-industrial-revolution-across-six-high-growth-sectors
2026-09-10T12:32:45Z,jefferies flags,25,False,True,False,False,1,Jefferies flags  India New Industrial Revolution  across six high - growth sectors | Jefferies flags  India New Industrial Revolution  across six high - growth sectors | Jefferies flags  India New Industrial Revolution  across six high - growth sectors,http://www.britainnews.net/news/279297968/jefferies-flags-india-new-industrial-revolution-across-six-high-growth-sectors | http://www.myanmarnews.net/news/279297968/jefferies-flags-india-new-industrial-revolution-across-six-high-growth-sectors | http://www.newzealandstar.com/news/279297968/jefferies-flags-india-new-industrial-revolution-across-six-high-growth-sectors
2026-09-10T12:32:45Z,across six,25,False,True,False,False,1,Jefferies flags  India New Industrial Revolution  across six high - growth sectors | Jefferies flags  India New Industrial Revolution  across six high - growth sectors | Jefferies flags  India New Industrial Revolution  across six high - growth sectors,http://www.britainnews.net/news/279297968/jefferies-flags-india-new-industrial-revolution-across-six-high-growth-sectors | http://www.myanmarnews.net/news/279297968/jefferies-flags-india-new-industrial-revolution-across-six-high-growth-sectors | http://www.newzealandstar.com/news/279297968/jefferies-flags-india-new-industrial-revolution-across-six-high-growth-sectors
2026-09-10T12:32:45Z,dangote refinery,6,False,True,False,False,1,Dangote Refinery Launches $1 . 4 Bn - Plus IPO in Landmark Nigerian Listing | Dangote Refinery listing to push NGX capitalisation above N200trn – Daily Trust | Dangote Refinery gets Nigeria regulator nod for $1 . 6bn IPO,https://chimpreports.com/dangote-refinery-launches-1-4-bn-plus-ipo-in-landmark-nigerian-listing/ | https://dailytrust.com/dangote-refinery-listing-to-push-ngx-capitalisation-above-n200trn/ | https://www.timeslive.co.za/news/business/2026-09-06-dangote-refinery-gets-nigeria-regulators-nod-for-16bn-ipo/
2026-09-10T12:32:45Z,southern africa,5,False,True,False,False,1,Southern Africa fuel pipeline expanded | Southern Africa fuel pipeline expanded | Southern Africa fuel pipeline expanded,http://www.kenyastar.com/news/279283397/southern-africa-fuel-pipeline-expanded | http://www.africaleader.com/news/279283397/southern-africa-fuel-pipeline-expanded | http://www.sierraleonetimes.com/news/279283397/southern-africa-fuel-pipeline-expanded
2026-09-10T12:32:45Z,ai infrastructure,4,False,True,False,False,1,"Google to invest 13 billion euros in AI infrastructure in Finland | AI infrastructure bets drive venture debt toward record levels | Google Invests 13 Billion Euros in AI Infrastructure in Finland , ETTelecom",https://www.businesstimes.com.sg/companies-markets/telcos-media-tech/google-invest-13-billion-euros-ai-infrastructure-finland | https://finance.yahoo.com/technology/ai/articles/ai-infrastructure-bets-drive-venture-101428462.html | https://telecom.economictimes.indiatimes.com/news/internet/google-unveils-13-bn-euro-ai-expansion-in-finland/133990282
2026-09-10T12:32:45Z,local approval,4,False,True,False,False,1,"Mass . Gov . Maura Healey signs executive order requiring local approval for data center development | Order requires local approval , benefit agreements for data centers | Order Requires Local Approval , Benefit Agreements for Data Center",https://hanfordsentinel.com/news/national/mass-gov-maura-healey-signs-executive-order-requiring-local-approval-for-data-center-development/article_7994590a-9cfa-56db-a875-53eb8dc1248b.html | https://www.sentinelandenterprise.com/2026/09/08/order-requires-local-approval-benefit-agreements-for-data-centers/ | https://wbsm.com/data-centers-massachusetts-healey-order/
2026-09-10T12:32:45Z,cisco systems,3,False,True,False,False,1,"Stableford Capital II LLC Buys New Position in Cisco Systems , Inc . $CSCO | Rench Wealth Management Inc . Purchases 26 , 505 Shares of Cisco Systems , Inc . $CSCO | Could Advanced Micro Devices ( AMD ) Partnership With Cisco Systems ( CSCO ) Unlock a Massive Middle East AI Opportunity ? ",https://www.tickerreport.com/banking-finance/13578216/stableford-capital-ii-llc-buys-new-position-in-cisco-systems-inc-csco.html | https://www.dailypolitical.com/2026/09/10/rench-wealth-management-inc-purchases-26505-shares-of-cisco-systems-inc-csco.html | https://www.insidermonkey.com/blog/could-advanced-micro-devices-amds-partnership-with-cisco-systems-csco-unlock-a-massive-middle-east-ai-opportunity-1828118/
2026-09-10T12:32:45Z,systems csco,3,False,True,False,False,1,"Stableford Capital II LLC Buys New Position in Cisco Systems , Inc . $CSCO | Rench Wealth Management Inc . Purchases 26 , 505 Shares of Cisco Systems , Inc . $CSCO | Could Advanced Micro Devices ( AMD ) Partnership With Cisco Systems ( CSCO ) Unlock a Massive Middle East AI Opportunity ? ",https://www.tickerreport.com/banking-finance/13578216/stableford-capital-ii-llc-buys-new-position-in-cisco-systems-inc-csco.html | https://www.dailypolitical.com/2026/09/10/rench-wealth-management-inc-purchases-26505-shares-of-cisco-systems-inc-csco.html | https://www.insidermonkey.com/blog/could-advanced-micro-devices-amds-partnership-with-cisco-systems-csco-unlock-a-massive-middle-east-ai-opportunity-1828118/
2026-09-10T12:32:45Z,cisco systems csco,3,False,True,False,False,1,"Stableford Capital II LLC Buys New Position in Cisco Systems , Inc . $CSCO | Rench Wealth Management Inc . Purchases 26 , 505 Shares of Cisco Systems , Inc . $CSCO | Could Advanced Micro Devices ( AMD ) Partnership With Cisco Systems ( CSCO ) Unlock a Massive Middle East AI Opportunity ? ",https://www.tickerreport.com/banking-finance/13578216/stableford-capital-ii-llc-buys-new-position-in-cisco-systems-inc-csco.html | https://www.dailypolitical.com/2026/09/10/rench-wealth-management-inc-purchases-26505-shares-of-cisco-systems-inc-csco.html | https://www.insidermonkey.com/blog/could-advanced-micro-devices-amds-partnership-with-cisco-systems-csco-unlock-a-massive-middle-east-ai-opportunity-1828118/
2026-09-10T12:32:45Z,advanced micro,3,False,True,False,False,1,"Advanced Micro Devices , Inc . $AMD Shares Bought by Integrated Wealth Concepts LLC | NewEdge Advisors LLC Sells 186 , 177 Shares of Advanced Micro Devices , Inc . $AMD | West Family Investments Inc . Boosts Stake in Advanced Micro Devices , Inc . $AMD",https://www.tickerreport.com/banking-finance/13578215/advanced-micro-devices-inc-amd-shares-bought-by-integrated-wealth-concepts-llc.html | https://www.dailypolitical.com/2026/09/09/newedge-advisors-llc-sells-186177-shares-of-advanced-micro-devices-inc-amd.html | https://www.tickerreport.com/banking-finance/13577416/west-family-investments-inc-boosts-stake-in-advanced-micro-devices-inc-amd.html
2026-09-10T12:32:45Z,micro devices,3,False,True,False,False,1,"Advanced Micro Devices , Inc . $AMD Shares Bought by Integrated Wealth Concepts LLC | NewEdge Advisors LLC Sells 186 , 177 Shares of Advanced Micro Devices , Inc . $AMD | West Family Investments Inc . Boosts Stake in Advanced Micro Devices , Inc . $AMD",https://www.tickerreport.com/banking-finance/13578215/advanced-micro-devices-inc-amd-shares-bought-by-integrated-wealth-concepts-llc.html | https://www.dailypolitical.com/2026/09/09/newedge-advisors-llc-sells-186177-shares-of-advanced-micro-devices-inc-amd.html | https://www.tickerreport.com/banking-finance/13577416/west-family-investments-inc-boosts-stake-in-advanced-micro-devices-inc-amd.html
2026-09-10T12:32:45Z,devices amd,3,False,True,False,False,1,"Advanced Micro Devices , Inc . $AMD Shares Bought by Integrated Wealth Concepts LLC | NewEdge Advisors LLC Sells 186 , 177 Shares of Advanced Micro Devices , Inc . $AMD | West Family Investments Inc . Boosts Stake in Advanced Micro Devices , Inc . $AMD",https://www.tickerreport.com/banking-finance/13578215/advanced-micro-devices-inc-amd-shares-bought-by-integrated-wealth-concepts-llc.html | https://www.dailypolitical.com/2026/09/09/newedge-advisors-llc-sells-186177-shares-of-advanced-micro-devices-inc-amd.html | https://www.tickerreport.com/banking-finance/13577416/west-family-investments-inc-boosts-stake-in-advanced-micro-devices-inc-amd.html
2026-09-10T12:32:45Z,advanced micro devices,3,False,True,False,False,1,"Advanced Micro Devices , Inc . $AMD Shares Bought by Integrated Wealth Concepts LLC | NewEdge Advisors LLC Sells 186 , 177 Shares of Advanced Micro Devices , Inc . $AMD | West Family Investments Inc . Boosts Stake in Advanced Micro Devices , Inc . $AMD",https://www.tickerreport.com/banking-finance/13578215/advanced-micro-devices-inc-amd-shares-bought-by-integrated-wealth-concepts-llc.html | https://www.dailypolitical.com/2026/09/09/newedge-advisors-llc-sells-186177-shares-of-advanced-micro-devices-inc-amd.html | https://www.tickerreport.com/banking-finance/13577416/west-family-investments-inc-boosts-stake-in-advanced-micro-devices-inc-amd.html
2026-09-10T12:32:45Z,micro devices amd,3,False,True,False,False,1,"Advanced Micro Devices , Inc . $AMD Shares Bought by Integrated Wealth Concepts LLC | NewEdge Advisors LLC Sells 186 , 177 Shares of Advanced Micro Devices , Inc . $AMD | West Family Investments Inc . Boosts Stake in Advanced Micro Devices , Inc . $AMD",https://www.tickerreport.com/banking-finance/13578215/advanced-micro-devices-inc-amd-shares-bought-by-integrated-wealth-concepts-llc.html | https://www.dailypolitical.com/2026/09/09/newedge-advisors-llc-sells-186177-shares-of-advanced-micro-devices-inc-amd.html | https://www.tickerreport.com/banking-finance/13577416/west-family-investments-inc-boosts-stake-in-advanced-micro-devices-inc-amd.html
2026-09-10T12:32:45Z,mohan yadav,3,False,True,False,False,1,"Madhya Pradesh CM Mohan Yadav receives over ₹53 , 000 crore investment proposals on Dubai visit | Madhya Pradesh CM Mohan Yadav gets investment proposals worth over ₹53 , 000 crore in Dubai | MP CM Mohan Yadav invites global investors at AIM Congress 2026",https://www.livemint.com/focus/madhya-pradesh-cm-mohan-yadav-receives-over-rs-53-000-crore-investment-proposals-on-dubai-visit-11788954081576.html | https://www.hindustantimes.com/genesis/madhya-pradesh-cm-mohan-yadav-gets-investment-proposals-worth-over-rs-53-000-crore-in-dubai-101788937358869.html | https://www.prokerala.com/news/articles/a1809634.html
2026-09-10T12:32:45Z,ai chip,3,False,True,False,False,1,Qualcomm ( NASDAQ : QCOM ) Amazon Web Services AI Chip Deal Reshapes Data Center Growth Outlook | Seoul $576 Billion AI Chip Bet : Samsung and SK Hynix Race to Feed an Insatiable Global Hunger | Kawasaki signed an AI chip deal with a startup the Pentagon backs,https://www.foreignpolicyjournal.com/2026/09/09/qualcomms-nasdaq-qcom-amazon-web-services-ai-chip-deal-reshapes-data-center-growth-outlook/ | https://www.webpronews.com/seouls-576-billion-ai-chip-bet-samsung-and-sk-hynix-race-to-feed-an-insatiable-global-hunger/ | https://thenextweb.com/news/edgecortix-kawasaki-teaming-agreement-aerial-defence-diu
2026-09-10T12:32:45Z,meta platforms,3,False,True,False,False,1,"Leeward Financial Partners LLC Lowers Stock Holdings in Meta Platforms , Inc . $META | Russell Investments Group Ltd . Buys 141 , 195 Shares of Meta Platforms , Inc . $META | Prospect Financial Services LLC Decreases Holdings in Meta Platforms , Inc . $META",https://www.dailypolitical.com/2026/09/09/leeward-financial-partners-llc-lowers-stock-holdings-in-meta-platforms-inc-meta.html | https://www.tickerreport.com/banking-finance/13578000/russell-investments-group-ltd-buys-141195-shares-of-meta-platforms-inc-meta.html | https://www.dailypolitical.com/2026/09/09/prospect-financial-services-llc-decreases-holdings-in-meta-platforms-inc-meta.html
2026-09-10T12:32:45Z,platforms meta,3,False,True,False,False,1,"Leeward Financial Partners LLC Lowers Stock Holdings in Meta Platforms , Inc . $META | Russell Investments Group Ltd . Buys 141 , 195 Shares of Meta Platforms , Inc . $META | Prospect Financial Services LLC Decreases Holdings in Meta Platforms , Inc . $META",https://www.dailypolitical.com/2026/09/09/leeward-financial-partners-llc-lowers-stock-holdings-in-meta-platforms-inc-meta.html | https://www.tickerreport.com/banking-finance/13578000/russell-investments-group-ltd-buys-141195-shares-of-meta-platforms-inc-meta.html | https://www.dailypolitical.com/2026/09/09/prospect-financial-services-llc-decreases-holdings-in-meta-platforms-inc-meta.html
2026-09-10T12:32:45Z,meta platforms meta,3,False,True,False,False,1,"Leeward Financial Partners LLC Lowers Stock Holdings in Meta Platforms , Inc . $META | Russell Investments Group Ltd . Buys 141 , 195 Shares of Meta Platforms , Inc . $META | Prospect Financial Services LLC Decreases Holdings in Meta Platforms , Inc . $META",https://www.dailypolitical.com/2026/09/09/leeward-financial-partners-llc-lowers-stock-holdings-in-meta-platforms-inc-meta.html | https://www.tickerreport.com/banking-finance/13578000/russell-investments-group-ltd-buys-141195-shares-of-meta-platforms-inc-meta.html | https://www.dailypolitical.com/2026/09/09/prospect-financial-services-llc-decreases-holdings-in-meta-platforms-inc-meta.html
2026-09-10T12:32:45Z,healey order,3,False,True,False,False,1,Mass . Gov . Maura Healey signs executive order requiring local approval for data center development | Healey signs order setting new requirements for Massachusetts data centers | Healey order subjects proposed data centers to local approvals,https://hanfordsentinel.com/news/national/mass-gov-maura-healey-signs-executive-order-requiring-local-approval-for-data-center-development/article_7994590a-9cfa-56db-a875-53eb8dc1248b.html | https://www.westernmassnews.com/2026/09/08/healey-make-announcement-regarding-data-centers/ | https://gazettenet.com/2026/09/09/healey-order-subjects-proposed-data-centers-to-local-approvals/
2026-09-10T12:32:45Z,dell technologies,3,False,True,False,False,1,"Latest Dell Technologies Research Reveals that AI Ambition Outpaces Readiness Across Singapore | Insider Selling : Dell Technologies ( NYSE : DELL ) Director Sells $38 , 215 , 418 . 85 in Stock | Silver Lake Partners Iv , L . P . Sells 75 , 285 Shares of Dell Technologies ( NYSE : DELL ) Stock",https://www.manilatimes.net/2026/09/09/tmt-newswire/pr-newswire/latest-dell-technologies-research-reveals-that-ai-ambition-outpaces-readiness-across-singapore/2421207 | https://www.dailypolitical.com/2026/09/08/insider-selling-dell-technologies-nysedell-director-sells-38215418-85-in-stock.html | https://www.tickerreport.com/banking-finance/13577412/silver-lake-partners-iv-l-p-sells-75285-shares-of-dell-technologies-nysedell-stock.html
2026-09-10T12:32:45Z,wind farm,3,False,True,False,False,1,"Mercury opens Kaiwera Downs Stage 2 , completes South Island biggest wind farm | $600 million Southland wind farm officially opens | Mercury completes stage two at Kaiwera Downs wind farm",https://www.nzherald.co.nz/business/companies/energy/mercury-opens-kaiwera-downs-stage-2-completes-south-islands-biggest-wind-farm/F3ISGMMBCZBU7A6RWW6S6KQQNQ/ | https://www.rnz.co.nz/news/business/1309788/600-million-southland-wind-farm-officially-opens | https://www.power-technology.com/news/mercury-stage-2-kaiwera-downs-wind-farm/
2026-09-10T12:32:45Z,deal worth,3,False,True,False,False,1,Vertiv ( VRT ) Signed a Deal Worth Up to $2 . 6B for UtilityInnovation . Can Faster Power Deployment Justify the Contingent Consideration ?  | Meeza inks major IT sector deal worth over QAR1bn | Qatar Business : Meeza inks major IT sector deal worth over QAR1bn,https://www.insidermonkey.com/blog/vertiv-vrt-signed-a-deal-worth-up-to-2-6b-for-utilityinnovation-can-faster-power-deployment-justify-the-contingent-consideration-1826778/ | https://tradearabia.com:443/News/485850/Meeza-inks-major-IT-sector-deal-worth-over-QAR1bn/IND | https://www.gdnonline.com:443/Details/1405786/Meeza-inks-major-IT-sector-deal-worth-over-QAR1bn
2026-09-10T12:32:45Z,ghana tightens,3,False,True,False,False,1,"Ghana tightens gold exports in push to keep more value at home - Grenada Chronicle – Daily Grenada And Caribbean News | Ghana tightens gold exports in push to keep more value at home | Ghana tightens gold exports in push to keep more value at home - Dominican Republic Post – Caribbean News , Business , Travel & Culture",https://grenadachronicle.com/ghana-tightens-gold-exports-in-push-to-keep-more-value-at-home/ | https://www.aljazeera.com/news/2026/9/4/ghana-tightens-gold-exports-in-push-to-keep-more-value-at-home | https://dominicanrepublicpost.com/ghana-tightens-gold-exports-in-push-to-keep-more-value-at-home/
2026-09-10T12:32:45Z,tightens gold,3,False,True,False,False,1,"Ghana tightens gold exports in push to keep more value at home - Grenada Chronicle – Daily Grenada And Caribbean News | Ghana tightens gold exports in push to keep more value at home | Ghana tightens gold exports in push to keep more value at home - Dominican Republic Post – Caribbean News , Business , Travel & Culture",https://grenadachronicle.com/ghana-tightens-gold-exports-in-push-to-keep-more-value-at-home/ | https://www.aljazeera.com/news/2026/9/4/ghana-tightens-gold-exports-in-push-to-keep-more-value-at-home | https://dominicanrepublicpost.com/ghana-tightens-gold-exports-in-push-to-keep-more-value-at-home/
2026-09-10T12:32:45Z,gold exports,3,False,True,False,False,1,"Ghana tightens gold exports in push to keep more value at home - Grenada Chronicle – Daily Grenada And Caribbean News | Ghana tightens gold exports in push to keep more value at home | Ghana tightens gold exports in push to keep more value at home - Dominican Republic Post – Caribbean News , Business , Travel & Culture",https://grenadachronicle.com/ghana-tightens-gold-exports-in-push-to-keep-more-value-at-home/ | https://www.aljazeera.com/news/2026/9/4/ghana-tightens-gold-exports-in-push-to-keep-more-value-at-home | https://dominicanrepublicpost.com/ghana-tightens-gold-exports-in-push-to-keep-more-value-at-home/
2026-09-10T12:32:45Z,exports push,3,False,True,False,False,1,"Ghana tightens gold exports in push to keep more value at home - Grenada Chronicle – Daily Grenada And Caribbean News | Ghana tightens gold exports in push to keep more value at home | Ghana tightens gold exports in push to keep more value at home - Dominican Republic Post – Caribbean News , Business , Travel & Culture",https://grenadachronicle.com/ghana-tightens-gold-exports-in-push-to-keep-more-value-at-home/ | https://www.aljazeera.com/news/2026/9/4/ghana-tightens-gold-exports-in-push-to-keep-more-value-at-home | https://dominicanrepublicpost.com/ghana-tightens-gold-exports-in-push-to-keep-more-value-at-home/
2026-09-10T12:32:45Z,push keep,3,False,True,False,False,1,"Ghana tightens gold exports in push to keep more value at home - Grenada Chronicle – Daily Grenada And Caribbean News | Ghana tightens gold exports in push to keep more value at home | Ghana tightens gold exports in push to keep more value at home - Dominican Republic Post – Caribbean News , Business , Travel & Culture",https://grenadachronicle.com/ghana-tightens-gold-exports-in-push-to-keep-more-value-at-home/ | https://www.aljazeera.com/news/2026/9/4/ghana-tightens-gold-exports-in-push-to-keep-more-value-at-home | https://dominicanrepublicpost.com/ghana-tightens-gold-exports-in-push-to-keep-more-value-at-home/
2026-09-10T12:32:45Z,keep more,3,False,True,False,False,1,"Ghana tightens gold exports in push to keep more value at home - Grenada Chronicle – Daily Grenada And Caribbean News | Ghana tightens gold exports in push to keep more value at home | Ghana tightens gold exports in push to keep more value at home - Dominican Republic Post – Caribbean News , Business , Travel & Culture",https://grenadachronicle.com/ghana-tightens-gold-exports-in-push-to-keep-more-value-at-home/ | https://www.aljazeera.com/news/2026/9/4/ghana-tightens-gold-exports-in-push-to-keep-more-value-at-home | https://dominicanrepublicpost.com/ghana-tightens-gold-exports-in-push-to-keep-more-value-at-home/
2026-09-10T12:32:45Z,more value,3,False,True,False,False,1,"Ghana tightens gold exports in push to keep more value at home - Grenada Chronicle – Daily Grenada And Caribbean News | Ghana tightens gold exports in push to keep more value at home | Ghana tightens gold exports in push to keep more value at home - Dominican Republic Post – Caribbean News , Business , Travel & Culture",https://grenadachronicle.com/ghana-tightens-gold-exports-in-push-to-keep-more-value-at-home/ | https://www.aljazeera.com/news/2026/9/4/ghana-tightens-gold-exports-in-push-to-keep-more-value-at-home | https://dominicanrepublicpost.com/ghana-tightens-gold-exports-in-push-to-keep-more-value-at-home/
2026-09-10T12:32:45Z,value home,3,False,True,False,False,1,"Ghana tightens gold exports in push to keep more value at home - Grenada Chronicle – Daily Grenada And Caribbean News | Ghana tightens gold exports in push to keep more value at home | Ghana tightens gold exports in push to keep more value at home - Dominican Republic Post – Caribbean News , Business , Travel & Culture",https://grenadachronicle.com/ghana-tightens-gold-exports-in-push-to-keep-more-value-at-home/ | https://www.aljazeera.com/news/2026/9/4/ghana-tightens-gold-exports-in-push-to-keep-more-value-at-home | https://dominicanrepublicpost.com/ghana-tightens-gold-exports-in-push-to-keep-more-value-at-home/
2026-09-10T12:32:45Z,ghana tightens gold,3,False,True,False,False,1,"Ghana tightens gold exports in push to keep more value at home - Grenada Chronicle – Daily Grenada And Caribbean News | Ghana tightens gold exports in push to keep more value at home | Ghana tightens gold exports in push to keep more value at home - Dominican Republic Post – Caribbean News , Business , Travel & Culture",https://grenadachronicle.com/ghana-tightens-gold-exports-in-push-to-keep-more-value-at-home/ | https://www.aljazeera.com/news/2026/9/4/ghana-tightens-gold-exports-in-push-to-keep-more-value-at-home | https://dominicanrepublicpost.com/ghana-tightens-gold-exports-in-push-to-keep-more-value-at-home/
2026-09-10T12:32:45Z,tightens gold exports,3,False,True,False,False,1,"Ghana tightens gold exports in push to keep more value at home - Grenada Chronicle – Daily Grenada And Caribbean News | Ghana tightens gold exports in push to keep more value at home | Ghana tightens gold exports in push to keep more value at home - Dominican Republic Post – Caribbean News , Business , Travel & Culture",https://grenadachronicle.com/ghana-tightens-gold-exports-in-push-to-keep-more-value-at-home/ | https://www.aljazeera.com/news/2026/9/4/ghana-tightens-gold-exports-in-push-to-keep-more-value-at-home | https://dominicanrepublicpost.com/ghana-tightens-gold-exports-in-push-to-keep-more-value-at-home/
2026-09-11T12:04:13Z,nuclear plant,3,False,True,True,False,2,Energy Department loans $1 . 9B to restart Iowa nuclear plant | Energy Department loans $1 . 9B to restart Iowa nuclear plant | Google agrees to buy up to 50 % of Finnish nuclear plant capacity from Fortum,https://www.fairfieldsuntimes.com/news/national/energy-department-loans-1-9b-to-restart-iowa-nuclear-plant/article_08994566-c882-5aa4-b1df-a2faf435b160.html | https://www.hometownregister.com/news/national/energy-department-loans-1-9b-to-restart-iowa-nuclear-plant/article_f3f563d1-5fe9-509e-87d7-35eb05418741.html | https://www.moneycontrol.com/news/business/google-agrees-to-buy-up-to-50-of-finnish-nuclear-plant-capacity-from-fortum-14026489.html
2026-09-11T12:04:13Z,oil gas,2,False,True,True,False,2,"APO Group - Africa Newsroom / Press release | The Dealmakers Are Set to Storm Windhoek : Nigerian Governors and CORAN Bigwigs Set to Storm International African Energy , Oil and Gas Summit ( IAEOGS ) 2026 to Unlock Africa Energy Future | Battalion Oil Corporation Announces Strategic Investment in Collide , the AI - Native Operations System for Oil and Gas",https://www.africa-newsroom.com/press/the-dealmakers-are-set-to-storm-windhoek-nigerian-governors-and-coran-bigwigs-set-to-storm-iaeogs-2026-to-unlock-africas-energy-future | https://www.manilatimes.net/2026/09/09/tmt-newswire/globenewswire/battalion-oil-corporation-announces-strategic-investment-in-collide-the-ai-native-operations-system-for-oil-and-gas/2421103
2026-09-11T12:04:13Z,derivatives trading,2,False,True,True,False,2,"SEBI Likely To Allow FPIs In Commodity Derivatives Trading : Report | Zoomex Stock Brings Tesla 6 % Surge and Nvidia Choppy Session Within Reach Through Fair , Rule - Based Derivatives Trading",https://www.freepressjournal.in/business/sebi-likely-to-allow-fpis-in-commodity-derivatives-trading-report | https://bravenewcoin.com/press-release/zoomex-stock-brings-teslas-6-surge-and-nvidias-choppy-session-within-reach-through-fair-rule-based-derivatives-trading
2026-09-11T12:04:13Z,artificial intelligence,2,False,True,True,False,2,"Artificial Intelligence : How tech tools are changing work , school and the stock market | Better Artificial Intelligence Stock : Applied Digital vs . Super Micro Computer",https://originals.azpm.org/p/navigating/2026/9/8/231120-artificial-intelligence-how-tech-tools-are-changing-work-school-and-the-stock-market/ | https://www.fool.com/coverage/better-buy/2026/09/09/better-artificial-intelligence-stock-applied-digital-vs-super-micro-computer/?source=iedfolrf0000001
2026-09-11T12:04:13Z,lead next,2,False,True,True,False,2,"Opus Origin Taps Greg Topalian to Lead its Next Chapter of North American Growth | India New Industrial Revolution : Chips , Space and Data Centres Lead Next Manufacturing Growth Wave , Says Jefferies",https://www.exhibitoronline.com/news/article.asp?ID=25377 | https://openthemagazine.com/india/chips-space-and-data-centres-jefferies-flags-indias-next-industrial-revolution
2026-09-11T12:04:13Z,google plans,2,False,True,True,False,2,"Google plans for $15B AI build - out in Finland | The Arkansas Democrat - Gazette | Google plans EUR13 billion Finland investment to expand data centers , clean energy",https://www.arkansasonline.com/news/2026/sep/10/google-plans-for-15b-ai-build-out-in-finland/ | https://www.digitimes.com/news/a20260910PR201/google-finland-investment-data-center-expansion.html
2026-09-11T12:04:13Z,growth sectors,26,False,True,False,False,1,Jefferies flags  India New Industrial Revolution  across six high - growth sectors | Jefferies flags  India New Industrial Revolution  across six high - growth sectors | Jefferies flags  India New Industrial Revolution  across six high - growth sectors,http://www.britainnews.net/news/279297968/jefferies-flags-india-new-industrial-revolution-across-six-high-growth-sectors | http://www.myanmarnews.net/news/279297968/jefferies-flags-india-new-industrial-revolution-across-six-high-growth-sectors | http://www.newzealandstar.com/news/279297968/jefferies-flags-india-new-industrial-revolution-across-six-high-growth-sectors
2026-09-11T12:04:13Z,jefferies flags,25,False,True,False,False,1,Jefferies flags  India New Industrial Revolution  across six high - growth sectors | Jefferies flags  India New Industrial Revolution  across six high - growth sectors | Jefferies flags  India New Industrial Revolution  across six high - growth sectors,http://www.britainnews.net/news/279297968/jefferies-flags-india-new-industrial-revolution-across-six-high-growth-sectors | http://www.myanmarnews.net/news/279297968/jefferies-flags-india-new-industrial-revolution-across-six-high-growth-sectors | http://www.newzealandstar.com/news/279297968/jefferies-flags-india-new-industrial-revolution-across-six-high-growth-sectors
2026-09-11T12:04:13Z,across six,25,False,True,False,False,1,Jefferies flags  India New Industrial Revolution  across six high - growth sectors | Jefferies flags  India New Industrial Revolution  across six high - growth sectors | Jefferies flags  India New Industrial Revolution  across six high - growth sectors,http://www.britainnews.net/news/279297968/jefferies-flags-india-new-industrial-revolution-across-six-high-growth-sectors | http://www.myanmarnews.net/news/279297968/jefferies-flags-india-new-industrial-revolution-across-six-high-growth-sectors | http://www.newzealandstar.com/news/279297968/jefferies-flags-india-new-industrial-revolution-across-six-high-growth-sectors
2026-09-11T12:04:13Z,dangote refinery,6,False,True,False,False,1,Dangote Refinery Launches $1 . 4 Bn - Plus IPO in Landmark Nigerian Listing | Dangote Refinery listing to push NGX capitalisation above N200trn – Daily Trust | Dangote Refinery gets Nigeria regulator nod for $1 . 6bn IPO,https://chimpreports.com/dangote-refinery-launches-1-4-bn-plus-ipo-in-landmark-nigerian-listing/ | https://dailytrust.com/dangote-refinery-listing-to-push-ngx-capitalisation-above-n200trn/ | https://www.timeslive.co.za/news/business/2026-09-06-dangote-refinery-gets-nigeria-regulators-nod-for-16bn-ipo/
2026-09-11T12:04:13Z,southern africa,5,False,True,False,False,1,Southern Africa fuel pipeline expanded | Southern Africa fuel pipeline expanded | Southern Africa fuel pipeline expanded,http://www.kenyastar.com/news/279283397/southern-africa-fuel-pipeline-expanded | http://www.africaleader.com/news/279283397/southern-africa-fuel-pipeline-expanded | http://www.sierraleonetimes.com/news/279283397/southern-africa-fuel-pipeline-expanded
2026-09-11T12:04:13Z,ai infrastructure,4,False,True,False,False,1,"Google to invest 13 billion euros in AI infrastructure in Finland | AI infrastructure bets drive venture debt toward record levels | Google Invests 13 Billion Euros in AI Infrastructure in Finland , ETTelecom",https://www.businesstimes.com.sg/companies-markets/telcos-media-tech/google-invest-13-billion-euros-ai-infrastructure-finland | https://finance.yahoo.com/technology/ai/articles/ai-infrastructure-bets-drive-venture-101428462.html | https://telecom.economictimes.indiatimes.com/news/internet/google-unveils-13-bn-euro-ai-expansion-in-finland/133990282
2026-09-11T12:04:13Z,local approval,4,False,True,False,False,1,"Mass . Gov . Maura Healey signs executive order requiring local approval for data center development | Order requires local approval , benefit agreements for data centers | Order Requires Local Approval , Benefit Agreements for Data Center",https://hanfordsentinel.com/news/national/mass-gov-maura-healey-signs-executive-order-requiring-local-approval-for-data-center-development/article_7994590a-9cfa-56db-a875-53eb8dc1248b.html | https://www.sentinelandenterprise.com/2026/09/08/order-requires-local-approval-benefit-agreements-for-data-centers/ | https://wbsm.com/data-centers-massachusetts-healey-order/
2026-09-11T12:04:13Z,cisco systems,3,False,True,False,False,1,"Stableford Capital II LLC Buys New Position in Cisco Systems , Inc . $CSCO | Rench Wealth Management Inc . Purchases 26 , 505 Shares of Cisco Systems , Inc . $CSCO | Could Advanced Micro Devices ( AMD ) Partnership With Cisco Systems ( CSCO ) Unlock a Massive Middle East AI Opportunity ? ",https://www.tickerreport.com/banking-finance/13578216/stableford-capital-ii-llc-buys-new-position-in-cisco-systems-inc-csco.html | https://www.dailypolitical.com/2026/09/10/rench-wealth-management-inc-purchases-26505-shares-of-cisco-systems-inc-csco.html | https://www.insidermonkey.com/blog/could-advanced-micro-devices-amds-partnership-with-cisco-systems-csco-unlock-a-massive-middle-east-ai-opportunity-1828118/
2026-09-11T12:04:13Z,systems csco,3,False,True,False,False,1,"Stableford Capital II LLC Buys New Position in Cisco Systems , Inc . $CSCO | Rench Wealth Management Inc . Purchases 26 , 505 Shares of Cisco Systems , Inc . $CSCO | Could Advanced Micro Devices ( AMD ) Partnership With Cisco Systems ( CSCO ) Unlock a Massive Middle East AI Opportunity ? ",https://www.tickerreport.com/banking-finance/13578216/stableford-capital-ii-llc-buys-new-position-in-cisco-systems-inc-csco.html | https://www.dailypolitical.com/2026/09/10/rench-wealth-management-inc-purchases-26505-shares-of-cisco-systems-inc-csco.html | https://www.insidermonkey.com/blog/could-advanced-micro-devices-amds-partnership-with-cisco-systems-csco-unlock-a-massive-middle-east-ai-opportunity-1828118/
2026-09-11T12:04:13Z,cisco systems csco,3,False,True,False,False,1,"Stableford Capital II LLC Buys New Position in Cisco Systems , Inc . $CSCO | Rench Wealth Management Inc . Purchases 26 , 505 Shares of Cisco Systems , Inc . $CSCO | Could Advanced Micro Devices ( AMD ) Partnership With Cisco Systems ( CSCO ) Unlock a Massive Middle East AI Opportunity ? ",https://www.tickerreport.com/banking-finance/13578216/stableford-capital-ii-llc-buys-new-position-in-cisco-systems-inc-csco.html | https://www.dailypolitical.com/2026/09/10/rench-wealth-management-inc-purchases-26505-shares-of-cisco-systems-inc-csco.html | https://www.insidermonkey.com/blog/could-advanced-micro-devices-amds-partnership-with-cisco-systems-csco-unlock-a-massive-middle-east-ai-opportunity-1828118/
2026-09-11T12:04:13Z,advanced micro,3,False,True,False,False,1,"Advanced Micro Devices , Inc . $AMD Shares Bought by Integrated Wealth Concepts LLC | NewEdge Advisors LLC Sells 186 , 177 Shares of Advanced Micro Devices , Inc . $AMD | West Family Investments Inc . Boosts Stake in Advanced Micro Devices , Inc . $AMD",https://www.tickerreport.com/banking-finance/13578215/advanced-micro-devices-inc-amd-shares-bought-by-integrated-wealth-concepts-llc.html | https://www.dailypolitical.com/2026/09/09/newedge-advisors-llc-sells-186177-shares-of-advanced-micro-devices-inc-amd.html | https://www.tickerreport.com/banking-finance/13577416/west-family-investments-inc-boosts-stake-in-advanced-micro-devices-inc-amd.html
2026-09-11T12:04:13Z,micro devices,3,False,True,False,False,1,"Advanced Micro Devices , Inc . $AMD Shares Bought by Integrated Wealth Concepts LLC | NewEdge Advisors LLC Sells 186 , 177 Shares of Advanced Micro Devices , Inc . $AMD | West Family Investments Inc . Boosts Stake in Advanced Micro Devices , Inc . $AMD",https://www.tickerreport.com/banking-finance/13578215/advanced-micro-devices-inc-amd-shares-bought-by-integrated-wealth-concepts-llc.html | https://www.dailypolitical.com/2026/09/09/newedge-advisors-llc-sells-186177-shares-of-advanced-micro-devices-inc-amd.html | https://www.tickerreport.com/banking-finance/13577416/west-family-investments-inc-boosts-stake-in-advanced-micro-devices-inc-amd.html
2026-09-11T12:04:13Z,devices amd,3,False,True,False,False,1,"Advanced Micro Devices , Inc . $AMD Shares Bought by Integrated Wealth Concepts LLC | NewEdge Advisors LLC Sells 186 , 177 Shares of Advanced Micro Devices , Inc . $AMD | West Family Investments Inc . Boosts Stake in Advanced Micro Devices , Inc . $AMD",https://www.tickerreport.com/banking-finance/13578215/advanced-micro-devices-inc-amd-shares-bought-by-integrated-wealth-concepts-llc.html | https://www.dailypolitical.com/2026/09/09/newedge-advisors-llc-sells-186177-shares-of-advanced-micro-devices-inc-amd.html | https://www.tickerreport.com/banking-finance/13577416/west-family-investments-inc-boosts-stake-in-advanced-micro-devices-inc-amd.html
2026-09-11T12:04:13Z,advanced micro devices,3,False,True,False,False,1,"Advanced Micro Devices , Inc . $AMD Shares Bought by Integrated Wealth Concepts LLC | NewEdge Advisors LLC Sells 186 , 177 Shares of Advanced Micro Devices , Inc . $AMD | West Family Investments Inc . Boosts Stake in Advanced Micro Devices , Inc . $AMD",https://www.tickerreport.com/banking-finance/13578215/advanced-micro-devices-inc-amd-shares-bought-by-integrated-wealth-concepts-llc.html | https://www.dailypolitical.com/2026/09/09/newedge-advisors-llc-sells-186177-shares-of-advanced-micro-devices-inc-amd.html | https://www.tickerreport.com/banking-finance/13577416/west-family-investments-inc-boosts-stake-in-advanced-micro-devices-inc-amd.html
2026-09-11T12:04:13Z,micro devices amd,3,False,True,False,False,1,"Advanced Micro Devices , Inc . $AMD Shares Bought by Integrated Wealth Concepts LLC | NewEdge Advisors LLC Sells 186 , 177 Shares of Advanced Micro Devices , Inc . $AMD | West Family Investments Inc . Boosts Stake in Advanced Micro Devices , Inc . $AMD",https://www.tickerreport.com/banking-finance/13578215/advanced-micro-devices-inc-amd-shares-bought-by-integrated-wealth-concepts-llc.html | https://www.dailypolitical.com/2026/09/09/newedge-advisors-llc-sells-186177-shares-of-advanced-micro-devices-inc-amd.html | https://www.tickerreport.com/banking-finance/13577416/west-family-investments-inc-boosts-stake-in-advanced-micro-devices-inc-amd.html
2026-09-11T12:04:13Z,mohan yadav,3,False,True,False,False,1,"Madhya Pradesh CM Mohan Yadav receives over ₹53 , 000 crore investment proposals on Dubai visit | Madhya Pradesh CM Mohan Yadav gets investment proposals worth over ₹53 , 000 crore in Dubai | MP CM Mohan Yadav invites global investors at AIM Congress 2026",https://www.livemint.com/focus/madhya-pradesh-cm-mohan-yadav-receives-over-rs-53-000-crore-investment-proposals-on-dubai-visit-11788954081576.html | https://www.hindustantimes.com/genesis/madhya-pradesh-cm-mohan-yadav-gets-investment-proposals-worth-over-rs-53-000-crore-in-dubai-101788937358869.html | https://www.prokerala.com/news/articles/a1809634.html
2026-09-11T12:04:13Z,ai chip,3,False,True,False,False,1,Qualcomm ( NASDAQ : QCOM ) Amazon Web Services AI Chip Deal Reshapes Data Center Growth Outlook | Seoul $576 Billion AI Chip Bet : Samsung and SK Hynix Race to Feed an Insatiable Global Hunger | Kawasaki signed an AI chip deal with a startup the Pentagon backs,https://www.foreignpolicyjournal.com/2026/09/09/qualcomms-nasdaq-qcom-amazon-web-services-ai-chip-deal-reshapes-data-center-growth-outlook/ | https://www.webpronews.com/seouls-576-billion-ai-chip-bet-samsung-and-sk-hynix-race-to-feed-an-insatiable-global-hunger/ | https://thenextweb.com/news/edgecortix-kawasaki-teaming-agreement-aerial-defence-diu
2026-09-11T12:04:13Z,meta platforms,3,False,True,False,False,1,"Leeward Financial Partners LLC Lowers Stock Holdings in Meta Platforms , Inc . $META | Russell Investments Group Ltd . Buys 141 , 195 Shares of Meta Platforms , Inc . $META | Prospect Financial Services LLC Decreases Holdings in Meta Platforms , Inc . $META",https://www.dailypolitical.com/2026/09/09/leeward-financial-partners-llc-lowers-stock-holdings-in-meta-platforms-inc-meta.html | https://www.tickerreport.com/banking-finance/13578000/russell-investments-group-ltd-buys-141195-shares-of-meta-platforms-inc-meta.html | https://www.dailypolitical.com/2026/09/09/prospect-financial-services-llc-decreases-holdings-in-meta-platforms-inc-meta.html
2026-09-11T12:04:13Z,platforms meta,3,False,True,False,False,1,"Leeward Financial Partners LLC Lowers Stock Holdings in Meta Platforms , Inc . $META | Russell Investments Group Ltd . Buys 141 , 195 Shares of Meta Platforms , Inc . $META | Prospect Financial Services LLC Decreases Holdings in Meta Platforms , Inc . $META",https://www.dailypolitical.com/2026/09/09/leeward-financial-partners-llc-lowers-stock-holdings-in-meta-platforms-inc-meta.html | https://www.tickerreport.com/banking-finance/13578000/russell-investments-group-ltd-buys-141195-shares-of-meta-platforms-inc-meta.html | https://www.dailypolitical.com/2026/09/09/prospect-financial-services-llc-decreases-holdings-in-meta-platforms-inc-meta.html
2026-09-11T12:04:13Z,meta platforms meta,3,False,True,False,False,1,"Leeward Financial Partners LLC Lowers Stock Holdings in Meta Platforms , Inc . $META | Russell Investments Group Ltd . Buys 141 , 195 Shares of Meta Platforms , Inc . $META | Prospect Financial Services LLC Decreases Holdings in Meta Platforms , Inc . $META",https://www.dailypolitical.com/2026/09/09/leeward-financial-partners-llc-lowers-stock-holdings-in-meta-platforms-inc-meta.html | https://www.tickerreport.com/banking-finance/13578000/russell-investments-group-ltd-buys-141195-shares-of-meta-platforms-inc-meta.html | https://www.dailypolitical.com/2026/09/09/prospect-financial-services-llc-decreases-holdings-in-meta-platforms-inc-meta.html
2026-09-11T12:04:13Z,healey order,3,False,True,False,False,1,Mass . Gov . Maura Healey signs executive order requiring local approval for data center development | Healey signs order setting new requirements for Massachusetts data centers | Healey order subjects proposed data centers to local approvals,https://hanfordsentinel.com/news/national/mass-gov-maura-healey-signs-executive-order-requiring-local-approval-for-data-center-development/article_7994590a-9cfa-56db-a875-53eb8dc1248b.html | https://www.westernmassnews.com/2026/09/08/healey-make-announcement-regarding-data-centers/ | https://gazettenet.com/2026/09/09/healey-order-subjects-proposed-data-centers-to-local-approvals/
2026-09-11T12:04:13Z,dell technologies,3,False,True,False,False,1,"Latest Dell Technologies Research Reveals that AI Ambition Outpaces Readiness Across Singapore | Insider Selling : Dell Technologies ( NYSE : DELL ) Director Sells $38 , 215 , 418 . 85 in Stock | Silver Lake Partners Iv , L . P . Sells 75 , 285 Shares of Dell Technologies ( NYSE : DELL ) Stock",https://www.manilatimes.net/2026/09/09/tmt-newswire/pr-newswire/latest-dell-technologies-research-reveals-that-ai-ambition-outpaces-readiness-across-singapore/2421207 | https://www.dailypolitical.com/2026/09/08/insider-selling-dell-technologies-nysedell-director-sells-38215418-85-in-stock.html | https://www.tickerreport.com/banking-finance/13577412/silver-lake-partners-iv-l-p-sells-75285-shares-of-dell-technologies-nysedell-stock.html
2026-09-11T12:04:13Z,wind farm,3,False,True,False,False,1,"Mercury opens Kaiwera Downs Stage 2 , completes South Island biggest wind farm | $600 million Southland wind farm officially opens | Mercury completes stage two at Kaiwera Downs wind farm",https://www.nzherald.co.nz/business/companies/energy/mercury-opens-kaiwera-downs-stage-2-completes-south-islands-biggest-wind-farm/F3ISGMMBCZBU7A6RWW6S6KQQNQ/ | https://www.rnz.co.nz/news/business/1309788/600-million-southland-wind-farm-officially-opens | https://www.power-technology.com/news/mercury-stage-2-kaiwera-downs-wind-farm/
2026-09-11T12:04:13Z,deal worth,3,False,True,False,False,1,Vertiv ( VRT ) Signed a Deal Worth Up to $2 . 6B for UtilityInnovation . Can Faster Power Deployment Justify the Contingent Consideration ?  | Meeza inks major IT sector deal worth over QAR1bn | Qatar Business : Meeza inks major IT sector deal worth over QAR1bn,https://www.insidermonkey.com/blog/vertiv-vrt-signed-a-deal-worth-up-to-2-6b-for-utilityinnovation-can-faster-power-deployment-justify-the-contingent-consideration-1826778/ | https://tradearabia.com:443/News/485850/Meeza-inks-major-IT-sector-deal-worth-over-QAR1bn/IND | https://www.gdnonline.com:443/Details/1405786/Meeza-inks-major-IT-sector-deal-worth-over-QAR1bn
2026-09-11T12:04:13Z,ghana tightens,3,False,True,False,False,1,"Ghana tightens gold exports in push to keep more value at home - Grenada Chronicle – Daily Grenada And Caribbean News | Ghana tightens gold exports in push to keep more value at home | Ghana tightens gold exports in push to keep more value at home - Dominican Republic Post – Caribbean News , Business , Travel & Culture",https://grenadachronicle.com/ghana-tightens-gold-exports-in-push-to-keep-more-value-at-home/ | https://www.aljazeera.com/news/2026/9/4/ghana-tightens-gold-exports-in-push-to-keep-more-value-at-home | https://dominicanrepublicpost.com/ghana-tightens-gold-exports-in-push-to-keep-more-value-at-home/
2026-09-11T12:04:13Z,tightens gold,3,False,True,False,False,1,"Ghana tightens gold exports in push to keep more value at home - Grenada Chronicle – Daily Grenada And Caribbean News | Ghana tightens gold exports in push to keep more value at home | Ghana tightens gold exports in push to keep more value at home - Dominican Republic Post – Caribbean News , Business , Travel & Culture",https://grenadachronicle.com/ghana-tightens-gold-exports-in-push-to-keep-more-value-at-home/ | https://www.aljazeera.com/news/2026/9/4/ghana-tightens-gold-exports-in-push-to-keep-more-value-at-home | https://dominicanrepublicpost.com/ghana-tightens-gold-exports-in-push-to-keep-more-value-at-home/
2026-09-11T12:04:13Z,gold exports,3,False,True,False,False,1,"Ghana tightens gold exports in push to keep more value at home - Grenada Chronicle – Daily Grenada And Caribbean News | Ghana tightens gold exports in push to keep more value at home | Ghana tightens gold exports in push to keep more value at home - Dominican Republic Post – Caribbean News , Business , Travel & Culture",https://grenadachronicle.com/ghana-tightens-gold-exports-in-push-to-keep-more-value-at-home/ | https://www.aljazeera.com/news/2026/9/4/ghana-tightens-gold-exports-in-push-to-keep-more-value-at-home | https://dominicanrepublicpost.com/ghana-tightens-gold-exports-in-push-to-keep-more-value-at-home/
2026-09-11T12:04:13Z,exports push,3,False,True,False,False,1,"Ghana tightens gold exports in push to keep more value at home - Grenada Chronicle – Daily Grenada And Caribbean News | Ghana tightens gold exports in push to keep more value at home | Ghana tightens gold exports in push to keep more value at home - Dominican Republic Post – Caribbean News , Business , Travel & Culture",https://grenadachronicle.com/ghana-tightens-gold-exports-in-push-to-keep-more-value-at-home/ | https://www.aljazeera.com/news/2026/9/4/ghana-tightens-gold-exports-in-push-to-keep-more-value-at-home | https://dominicanrepublicpost.com/ghana-tightens-gold-exports-in-push-to-keep-more-value-at-home/
2026-09-11T12:04:13Z,push keep,3,False,True,False,False,1,"Ghana tightens gold exports in push to keep more value at home - Grenada Chronicle – Daily Grenada And Caribbean News | Ghana tightens gold exports in push to keep more value at home | Ghana tightens gold exports in push to keep more value at home - Dominican Republic Post – Caribbean News , Business , Travel & Culture",https://grenadachronicle.com/ghana-tightens-gold-exports-in-push-to-keep-more-value-at-home/ | https://www.aljazeera.com/news/2026/9/4/ghana-tightens-gold-exports-in-push-to-keep-more-value-at-home | https://dominicanrepublicpost.com/ghana-tightens-gold-exports-in-push-to-keep-more-value-at-home/
2026-09-11T12:04:13Z,keep more,3,False,True,False,False,1,"Ghana tightens gold exports in push to keep more value at home - Grenada Chronicle – Daily Grenada And Caribbean News | Ghana tightens gold exports in push to keep more value at home | Ghana tightens gold exports in push to keep more value at home - Dominican Republic Post – Caribbean News , Business , Travel & Culture",https://grenadachronicle.com/ghana-tightens-gold-exports-in-push-to-keep-more-value-at-home/ | https://www.aljazeera.com/news/2026/9/4/ghana-tightens-gold-exports-in-push-to-keep-more-value-at-home | https://dominicanrepublicpost.com/ghana-tightens-gold-exports-in-push-to-keep-more-value-at-home/
2026-09-11T12:04:13Z,more value,3,False,True,False,False,1,"Ghana tightens gold exports in push to keep more value at home - Grenada Chronicle – Daily Grenada And Caribbean News | Ghana tightens gold exports in push to keep more value at home | Ghana tightens gold exports in push to keep more value at home - Dominican Republic Post – Caribbean News , Business , Travel & Culture",https://grenadachronicle.com/ghana-tightens-gold-exports-in-push-to-keep-more-value-at-home/ | https://www.aljazeera.com/news/2026/9/4/ghana-tightens-gold-exports-in-push-to-keep-more-value-at-home | https://dominicanrepublicpost.com/ghana-tightens-gold-exports-in-push-to-keep-more-value-at-home/
2026-09-11T12:04:13Z,value home,3,False,True,False,False,1,"Ghana tightens gold exports in push to keep more value at home - Grenada Chronicle – Daily Grenada And Caribbean News | Ghana tightens gold exports in push to keep more value at home | Ghana tightens gold exports in push to keep more value at home - Dominican Republic Post – Caribbean News , Business , Travel & Culture",https://grenadachronicle.com/ghana-tightens-gold-exports-in-push-to-keep-more-value-at-home/ | https://www.aljazeera.com/news/2026/9/4/ghana-tightens-gold-exports-in-push-to-keep-more-value-at-home | https://dominicanrepublicpost.com/ghana-tightens-gold-exports-in-push-to-keep-more-value-at-home/
2026-09-11T12:04:13Z,ghana tightens gold,3,False,True,False,False,1,"Ghana tightens gold exports in push to keep more value at home - Grenada Chronicle – Daily Grenada And Caribbean News | Ghana tightens gold exports in push to keep more value at home | Ghana tightens gold exports in push to keep more value at home - Dominican Republic Post – Caribbean News , Business , Travel & Culture",https://grenadachronicle.com/ghana-tightens-gold-exports-in-push-to-keep-more-value-at-home/ | https://www.aljazeera.com/news/2026/9/4/ghana-tightens-gold-exports-in-push-to-keep-more-value-at-home | https://dominicanrepublicpost.com/ghana-tightens-gold-exports-in-push-to-keep-more-value-at-home/
2026-09-11T12:04:13Z,tightens gold exports,3,False,True,False,False,1,"Ghana tightens gold exports in push to keep more value at home - Grenada Chronicle – Daily Grenada And Caribbean News | Ghana tightens gold exports in push to keep more value at home | Ghana tightens gold exports in push to keep more value at home - Dominican Republic Post – Caribbean News , Business , Travel & Culture",https://grenadachronicle.com/ghana-tightens-gold-exports-in-push-to-keep-more-value-at-home/ | https://www.aljazeera.com/news/2026/9/4/ghana-tightens-gold-exports-in-push-to-keep-more-value-at-home | https://dominicanrepublicpost.com/ghana-tightens-gold-exports-in-push-to-keep-more-value-at-home/
2026-09-11T12:20:29Z,kill all,6,False,True,True,False,2,"AI researchers  earnestly believe  it could kill all humans within the next decade , Anthropic researcher says | The 27 - year - old who warned that AI could  kill us all  faces intense scrutiny | The 27 - year - old who warned that AI could  kill us all  faces intense scrutiny",https://www.cbc.ca/news/business/anthropic-researcher-resigned-9.7337789 | https://www.watoday.com.au/technology/the-27-year-old-who-warned-that-ai-could-kill-us-all-faces-intense-scrutiny-20260911-p60wfi.html | https://www.theage.com.au/technology/the-27-year-old-who-warned-that-ai-could-kill-us-all-faces-intense-scrutiny-20260911-p60wfi.html
2026-09-11T12:20:29Z,ai kill all,5,False,True,True,False,2,The 27 - year - old who warned that AI could  kill us all  faces intense scrutiny | The 27 - year - old who warned that AI could  kill us all  faces intense scrutiny | The 27 - year - old who warned that AI could  kill us all  faces intense scrutiny,https://www.watoday.com.au/technology/the-27-year-old-who-warned-that-ai-could-kill-us-all-faces-intense-scrutiny-20260911-p60wfi.html | https://www.theage.com.au/technology/the-27-year-old-who-warned-that-ai-could-kill-us-all-faces-intense-scrutiny-20260911-p60wfi.html | https://www.smh.com.au/technology/the-27-year-old-who-warned-that-ai-could-kill-us-all-faces-intense-scrutiny-20260911-p60wfi.html
2026-09-11T12:20:29Z,artificial intelligence,3,False,True,True,False,2,"Artificial Intelligence : How tech tools are changing work , school and the stock market | Better Artificial Intelligence Stock : Applied Digital vs . Super Micro Computer | Wall Street Finds Its AI Lifeline : How Artificial Intelligence Offers Fresh Exits for Trapped Private Equity Billions",https://originals.azpm.org/p/navigating/2026/9/8/231120-artificial-intelligence-how-tech-tools-are-changing-work-school-and-the-stock-market/ | https://www.fool.com/coverage/better-buy/2026/09/09/better-artificial-intelligence-stock-applied-digital-vs-super-micro-computer/?source=iedfolrf0000001 | https://www.webpronews.com/wall-street-finds-its-ai-lifeline-how-artificial-intelligence-offers-fresh-exits-for-trapped-private-equity-billions/
2026-09-11T12:20:29Z,nuclear plant,3,False,True,True,False,2,Energy Department loans $1 . 9B to restart Iowa nuclear plant | Energy Department loans $1 . 9B to restart Iowa nuclear plant | Google agrees to buy up to 50 % of Finnish nuclear plant capacity from Fortum,https://www.fairfieldsuntimes.com/news/national/energy-department-loans-1-9b-to-restart-iowa-nuclear-plant/article_08994566-c882-5aa4-b1df-a2faf435b160.html | https://www.hometownregister.com/news/national/energy-department-loans-1-9b-to-restart-iowa-nuclear-plant/article_f3f563d1-5fe9-509e-87d7-35eb05418741.html | https://www.moneycontrol.com/news/business/google-agrees-to-buy-up-to-50-of-finnish-nuclear-plant-capacity-from-fortum-14026489.html
2026-09-11T12:20:29Z,oil gas,2,False,True,True,False,2,"APO Group - Africa Newsroom / Press release | The Dealmakers Are Set to Storm Windhoek : Nigerian Governors and CORAN Bigwigs Set to Storm International African Energy , Oil and Gas Summit ( IAEOGS ) 2026 to Unlock Africa Energy Future | Battalion Oil Corporation Announces Strategic Investment in Collide , the AI - Native Operations System for Oil and Gas",https://www.africa-newsroom.com/press/the-dealmakers-are-set-to-storm-windhoek-nigerian-governors-and-coran-bigwigs-set-to-storm-iaeogs-2026-to-unlock-africas-energy-future | https://www.manilatimes.net/2026/09/09/tmt-newswire/globenewswire/battalion-oil-corporation-announces-strategic-investment-in-collide-the-ai-native-operations-system-for-oil-and-gas/2421103
2026-09-11T12:20:29Z,derivatives trading,2,False,True,True,False,2,"SEBI Likely To Allow FPIs In Commodity Derivatives Trading : Report | Zoomex Stock Brings Tesla 6 % Surge and Nvidia Choppy Session Within Reach Through Fair , Rule - Based Derivatives Trading",https://www.freepressjournal.in/business/sebi-likely-to-allow-fpis-in-commodity-derivatives-trading-report | https://bravenewcoin.com/press-release/zoomex-stock-brings-teslas-6-surge-and-nvidias-choppy-session-within-reach-through-fair-rule-based-derivatives-trading
2026-09-11T12:20:29Z,trading down,2,False,True,True,False,2,Apple ( NASDAQ : AAPL ) Trading Down 1 . 2 % – What Next ?  | Nebius Group ( NASDAQ : NBIS ) Trading Down 5 . 1 % – Time to Sell ? ,https://www.themarketsdaily.com/2026/09/08/apple-nasdaqaapl-trading-down-1-2-whats-next.html | https://www.dailypolitical.com/2026/09/10/nebius-group-nasdaqnbis-trading-down-5-1-time-to-sell.html
2026-09-11T12:20:29Z,down next,2,False,True,True,False,2,Apple ( NASDAQ : AAPL ) Trading Down 1 . 2 % – What Next ?  | Cisco Systems ( NASDAQ : CSCO ) Stock Price Down 1 . 8 % – What Next ?  | NVIDIA ( NASDAQ : NVDA ) Shares Down 2 . 4 % – What Next ? ,https://www.themarketsdaily.com/2026/09/08/apple-nasdaqaapl-trading-down-1-2-whats-next.html | https://www.themarketsdaily.com/2026/09/10/cisco-systems-nasdaqcsco-stock-price-down-1-8-whats-next.html | https://www.dailypolitical.com/2026/09/10/nvidia-nasdaqnvda-shares-down-2-4-whats-next.html
2026-09-11T12:20:29Z,lead next,2,False,True,True,False,2,"Opus Origin Taps Greg Topalian to Lead its Next Chapter of North American Growth | India New Industrial Revolution : Chips , Space and Data Centres Lead Next Manufacturing Growth Wave , Says Jefferies",https://www.exhibitoronline.com/news/article.asp?ID=25377 | https://openthemagazine.com/india/chips-space-and-data-centres-jefferies-flags-indias-next-industrial-revolution
2026-09-11T12:20:29Z,google plans,2,False,True,True,False,2,"Google plans for $15B AI build - out in Finland | The Arkansas Democrat - Gazette | Google plans EUR13 billion Finland investment to expand data centers , clean energy",https://www.arkansasonline.com/news/2026/sep/10/google-plans-for-15b-ai-build-out-in-finland/ | https://www.digitimes.com/news/a20260910PR201/google-finland-investment-data-center-expansion.html
2026-09-11T12:20:29Z,price down,2,False,True,True,False,2,Sandisk ( NASDAQ : SNDK ) Stock Price Down 4 . 1 % – Here What Happened | Cisco Systems ( NASDAQ : CSCO ) Stock Price Down 1 . 8 % – What Next ?  | Vistra ( NYSE : VST ) Stock Price Down 2 . 4 % on Insider Selling,https://www.dailypolitical.com/2026/09/10/sandisk-nasdaqsndk-stock-price-down-4-1-heres-what-happened.html | https://www.themarketsdaily.com/2026/09/10/cisco-systems-nasdaqcsco-stock-price-down-1-8-whats-next.html | https://www.themarketsdaily.com/2026/09/10/vistra-nysevst-stock-price-down-2-4-on-insider-selling.html
2026-09-11T12:20:29Z,growth sectors,26,False,True,False,False,1,Jefferies flags  India New Industrial Revolution  across six high - growth sectors | Jefferies flags  India New Industrial Revolution  across six high - growth sectors | Jefferies flags  India New Industrial Revolution  across six high - growth sectors,http://www.britainnews.net/news/279297968/jefferies-flags-india-new-industrial-revolution-across-six-high-growth-sectors | http://www.myanmarnews.net/news/279297968/jefferies-flags-india-new-industrial-revolution-across-six-high-growth-sectors | http://www.newzealandstar.com/news/279297968/jefferies-flags-india-new-industrial-revolution-across-six-high-growth-sectors
2026-09-11T12:20:29Z,jefferies flags,25,False,True,False,False,1,Jefferies flags  India New Industrial Revolution  across six high - growth sectors | Jefferies flags  India New Industrial Revolution  across six high - growth sectors | Jefferies flags  India New Industrial Revolution  across six high - growth sectors,http://www.britainnews.net/news/279297968/jefferies-flags-india-new-industrial-revolution-across-six-high-growth-sectors | http://www.myanmarnews.net/news/279297968/jefferies-flags-india-new-industrial-revolution-across-six-high-growth-sectors | http://www.newzealandstar.com/news/279297968/jefferies-flags-india-new-industrial-revolution-across-six-high-growth-sectors
2026-09-11T12:20:29Z,across six,25,False,True,False,False,1,Jefferies flags  India New Industrial Revolution  across six high - growth sectors | Jefferies flags  India New Industrial Revolution  across six high - growth sectors | Jefferies flags  India New Industrial Revolution  across six high - growth sectors,http://www.britainnews.net/news/279297968/jefferies-flags-india-new-industrial-revolution-across-six-high-growth-sectors | http://www.myanmarnews.net/news/279297968/jefferies-flags-india-new-industrial-revolution-across-six-high-growth-sectors | http://www.newzealandstar.com/news/279297968/jefferies-flags-india-new-industrial-revolution-across-six-high-growth-sectors
2026-09-11T12:20:29Z,ai driven,24,False,True,False,False,1,AI - Driven IPO Wave Set to Accompany Anthropic Listing | Wave of AI - driven IPOs expected to accompany Anthropic listing – Oroville Mercury - Register | Wave of AI - driven IPOs expected to accompany Anthropic listing – Orange County Register,https://www.livemint.com/market/aidriven-ipo-wave-set-to-accompany-anthropic-listing-11788992244915.html | https://www.orovillemr.com/2026/09/10/multiple-ai-ipo-anthropic/ | https://www.ocregister.com/2026/09/10/multiple-ai-ipo-anthropic/
2026-09-11T12:20:29Z,accompany anthropic,24,False,True,False,False,1,AI - Driven IPO Wave Set to Accompany Anthropic Listing | Wave of AI - driven IPOs expected to accompany Anthropic listing – Oroville Mercury - Register | Wave of AI - driven IPOs expected to accompany Anthropic listing – Orange County Register,https://www.livemint.com/market/aidriven-ipo-wave-set-to-accompany-anthropic-listing-11788992244915.html | https://www.orovillemr.com/2026/09/10/multiple-ai-ipo-anthropic/ | https://www.ocregister.com/2026/09/10/multiple-ai-ipo-anthropic/
2026-09-11T12:20:29Z,anthropic listing,24,False,True,False,False,1,AI - Driven IPO Wave Set to Accompany Anthropic Listing | Wave of AI - driven IPOs expected to accompany Anthropic listing – Oroville Mercury - Register | Wave of AI - driven IPOs expected to accompany Anthropic listing – Orange County Register,https://www.livemint.com/market/aidriven-ipo-wave-set-to-accompany-anthropic-listing-11788992244915.html | https://www.orovillemr.com/2026/09/10/multiple-ai-ipo-anthropic/ | https://www.ocregister.com/2026/09/10/multiple-ai-ipo-anthropic/
2026-09-11T12:20:29Z,accompany anthropic listing,24,False,True,False,False,1,AI - Driven IPO Wave Set to Accompany Anthropic Listing | Wave of AI - driven IPOs expected to accompany Anthropic listing – Oroville Mercury - Register | Wave of AI - driven IPOs expected to accompany Anthropic listing – Orange County Register,https://www.livemint.com/market/aidriven-ipo-wave-set-to-accompany-anthropic-listing-11788992244915.html | https://www.orovillemr.com/2026/09/10/multiple-ai-ipo-anthropic/ | https://www.ocregister.com/2026/09/10/multiple-ai-ipo-anthropic/
2026-09-11T12:20:29Z,wave ai,23,False,True,False,False,1,Wave of AI - driven IPOs expected to accompany Anthropic listing – Oroville Mercury - Register | Wave of AI - driven IPOs expected to accompany Anthropic listing – Orange County Register | Wave of AI - driven IPOs expected to accompany Anthropic listing – thereporteronline,https://www.orovillemr.com/2026/09/10/multiple-ai-ipo-anthropic/ | https://www.ocregister.com/2026/09/10/multiple-ai-ipo-anthropic/ | https://www.thereporteronline.com/2026/09/10/multiple-ai-ipo-anthropic/
2026-09-11T12:20:29Z,driven ipos,23,False,True,False,False,1,Wave of AI - driven IPOs expected to accompany Anthropic listing – Oroville Mercury - Register | Wave of AI - driven IPOs expected to accompany Anthropic listing – Orange County Register | Wave of AI - driven IPOs expected to accompany Anthropic listing – thereporteronline,https://www.orovillemr.com/2026/09/10/multiple-ai-ipo-anthropic/ | https://www.ocregister.com/2026/09/10/multiple-ai-ipo-anthropic/ | https://www.thereporteronline.com/2026/09/10/multiple-ai-ipo-anthropic/
2026-09-11T12:20:29Z,ipos expected,23,False,True,False,False,1,Wave of AI - driven IPOs expected to accompany Anthropic listing – Oroville Mercury - Register | Wave of AI - driven IPOs expected to accompany Anthropic listing – Orange County Register | Wave of AI - driven IPOs expected to accompany Anthropic listing – thereporteronline,https://www.orovillemr.com/2026/09/10/multiple-ai-ipo-anthropic/ | https://www.ocregister.com/2026/09/10/multiple-ai-ipo-anthropic/ | https://www.thereporteronline.com/2026/09/10/multiple-ai-ipo-anthropic/
2026-09-11T12:20:29Z,expected accompany,23,False,True,False,False,1,Wave of AI - driven IPOs expected to accompany Anthropic listing – Oroville Mercury - Register | Wave of AI - driven IPOs expected to accompany Anthropic listing – Orange County Register | Wave of AI - driven IPOs expected to accompany Anthropic listing – thereporteronline,https://www.orovillemr.com/2026/09/10/multiple-ai-ipo-anthropic/ | https://www.ocregister.com/2026/09/10/multiple-ai-ipo-anthropic/ | https://www.thereporteronline.com/2026/09/10/multiple-ai-ipo-anthropic/
2026-09-11T12:20:29Z,wave ai driven,23,False,True,False,False,1,Wave of AI - driven IPOs expected to accompany Anthropic listing – Oroville Mercury - Register | Wave of AI - driven IPOs expected to accompany Anthropic listing – Orange County Register | Wave of AI - driven IPOs expected to accompany Anthropic listing – thereporteronline,https://www.orovillemr.com/2026/09/10/multiple-ai-ipo-anthropic/ | https://www.ocregister.com/2026/09/10/multiple-ai-ipo-anthropic/ | https://www.thereporteronline.com/2026/09/10/multiple-ai-ipo-anthropic/
2026-09-11T12:20:29Z,ai driven ipos,23,False,True,False,False,1,Wave of AI - driven IPOs expected to accompany Anthropic listing – Oroville Mercury - Register | Wave of AI - driven IPOs expected to accompany Anthropic listing – Orange County Register | Wave of AI - driven IPOs expected to accompany Anthropic listing – thereporteronline,https://www.orovillemr.com/2026/09/10/multiple-ai-ipo-anthropic/ | https://www.ocregister.com/2026/09/10/multiple-ai-ipo-anthropic/ | https://www.thereporteronline.com/2026/09/10/multiple-ai-ipo-anthropic/
2026-09-11T12:20:29Z,driven ipos expected,23,False,True,False,False,1,Wave of AI - driven IPOs expected to accompany Anthropic listing – Oroville Mercury - Register | Wave of AI - driven IPOs expected to accompany Anthropic listing – Orange County Register | Wave of AI - driven IPOs expected to accompany Anthropic listing – thereporteronline,https://www.orovillemr.com/2026/09/10/multiple-ai-ipo-anthropic/ | https://www.ocregister.com/2026/09/10/multiple-ai-ipo-anthropic/ | https://www.thereporteronline.com/2026/09/10/multiple-ai-ipo-anthropic/
2026-09-11T12:20:29Z,ipos expected accompany,23,False,True,False,False,1,Wave of AI - driven IPOs expected to accompany Anthropic listing – Oroville Mercury - Register | Wave of AI - driven IPOs expected to accompany Anthropic listing – Orange County Register | Wave of AI - driven IPOs expected to accompany Anthropic listing – thereporteronline,https://www.orovillemr.com/2026/09/10/multiple-ai-ipo-anthropic/ | https://www.ocregister.com/2026/09/10/multiple-ai-ipo-anthropic/ | https://www.thereporteronline.com/2026/09/10/multiple-ai-ipo-anthropic/
2026-09-11T12:20:29Z,expected accompany anthropic,23,False,True,False,False,1,Wave of AI - driven IPOs expected to accompany Anthropic listing – Oroville Mercury - Register | Wave of AI - driven IPOs expected to accompany Anthropic listing – Orange County Register | Wave of AI - driven IPOs expected to accompany Anthropic listing – thereporteronline,https://www.orovillemr.com/2026/09/10/multiple-ai-ipo-anthropic/ | https://www.ocregister.com/2026/09/10/multiple-ai-ipo-anthropic/ | https://www.thereporteronline.com/2026/09/10/multiple-ai-ipo-anthropic/
2026-09-11T12:20:29Z,dangote refinery,8,False,True,False,False,1,Dangote Refinery Launches $1 . 4 Bn - Plus IPO in Landmark Nigerian Listing | Dangote Refinery listing to push NGX capitalisation above N200trn – Daily Trust | Dangote Refinery gets Nigeria regulator nod for $1 . 6bn IPO,https://chimpreports.com/dangote-refinery-launches-1-4-bn-plus-ipo-in-landmark-nigerian-listing/ | https://dailytrust.com/dangote-refinery-listing-to-push-ngx-capitalisation-above-n200trn/ | https://www.timeslive.co.za/news/business/2026-09-06-dangote-refinery-gets-nigeria-regulators-nod-for-16bn-ipo/
2026-09-11T12:20:29Z,ai infrastructure,6,False,True,False,False,1,"Google to invest 13 billion euros in AI infrastructure in Finland | AI infrastructure bets drive venture debt toward record levels | Google Invests 13 Billion Euros in AI Infrastructure in Finland , ETTelecom",https://www.businesstimes.com.sg/companies-markets/telcos-media-tech/google-invest-13-billion-euros-ai-infrastructure-finland | https://finance.yahoo.com/technology/ai/articles/ai-infrastructure-bets-drive-venture-101428462.html | https://telecom.economictimes.indiatimes.com/news/internet/google-unveils-13-bn-euro-ai-expansion-in-finland/133990282
2026-09-11T12:20:29Z,brics summit,6,False,True,False,False,1,BRICS Summit 2026 : Key likely outcomes as India drives a transformative global agenda in New Delhi | BRICS Summit 2026 : Key likely outcomes as India drives a transformative global agenda in New Delhi | BRICS Summit 2026 : Key likely outcomes as India drives a transformative global agenda in New Delhi,http://www.middleeaststar.com/news/279293033/brics-summit-2026-key-likely-outcomes-as-india-drives-a-transformative-global-agenda-in-new-delhi | https://economictimes.indiatimes.com/news/india/brics-summit-2026-key-likely-outcomes-as-india-drives-a-transformative-global-agenda-in-new-delhi/articleshow/133905594.cms | https://aninews.in/news/world/asia/brics-summit-2026-key-likely-outcomes-as-india-drives-a-transformative-global-agenda-in-new-delhi20260908085217/
2026-09-11T12:20:29Z,cisco systems,5,False,True,False,False,1,"Stableford Capital II LLC Buys New Position in Cisco Systems , Inc . $CSCO | Rench Wealth Management Inc . Purchases 26 , 505 Shares of Cisco Systems , Inc . $CSCO | Could Advanced Micro Devices ( AMD ) Partnership With Cisco Systems ( CSCO ) Unlock a Massive Middle East AI Opportunity ? ",https://www.tickerreport.com/banking-finance/13578216/stableford-capital-ii-llc-buys-new-position-in-cisco-systems-inc-csco.html | https://www.dailypolitical.com/2026/09/10/rench-wealth-management-inc-purchases-26505-shares-of-cisco-systems-inc-csco.html | https://www.insidermonkey.com/blog/could-advanced-micro-devices-amds-partnership-with-cisco-systems-csco-unlock-a-massive-middle-east-ai-opportunity-1828118/
2026-09-11T12:20:29Z,systems csco,5,False,True,False,False,1,"Stableford Capital II LLC Buys New Position in Cisco Systems , Inc . $CSCO | Rench Wealth Management Inc . Purchases 26 , 505 Shares of Cisco Systems , Inc . $CSCO | Could Advanced Micro Devices ( AMD ) Partnership With Cisco Systems ( CSCO ) Unlock a Massive Middle East AI Opportunity ? ",https://www.tickerreport.com/banking-finance/13578216/stableford-capital-ii-llc-buys-new-position-in-cisco-systems-inc-csco.html | https://www.dailypolitical.com/2026/09/10/rench-wealth-management-inc-purchases-26505-shares-of-cisco-systems-inc-csco.html | https://www.insidermonkey.com/blog/could-advanced-micro-devices-amds-partnership-with-cisco-systems-csco-unlock-a-massive-middle-east-ai-opportunity-1828118/
2026-09-11T12:20:29Z,cisco systems csco,5,False,True,False,False,1,"Stableford Capital II LLC Buys New Position in Cisco Systems , Inc . $CSCO | Rench Wealth Management Inc . Purchases 26 , 505 Shares of Cisco Systems , Inc . $CSCO | Could Advanced Micro Devices ( AMD ) Partnership With Cisco Systems ( CSCO ) Unlock a Massive Middle East AI Opportunity ? ",https://www.tickerreport.com/banking-finance/13578216/stableford-capital-ii-llc-buys-new-position-in-cisco-systems-inc-csco.html | https://www.dailypolitical.com/2026/09/10/rench-wealth-management-inc-purchases-26505-shares-of-cisco-systems-inc-csco.html | https://www.insidermonkey.com/blog/could-advanced-micro-devices-amds-partnership-with-cisco-systems-csco-unlock-a-massive-middle-east-ai-opportunity-1828118/
2026-09-11T12:20:29Z,southern africa,5,False,True,False,False,1,Southern Africa fuel pipeline expanded | Southern Africa fuel pipeline expanded | Southern Africa fuel pipeline expanded,http://www.kenyastar.com/news/279283397/southern-africa-fuel-pipeline-expanded | http://www.africaleader.com/news/279283397/southern-africa-fuel-pipeline-expanded | http://www.sierraleonetimes.com/news/279283397/southern-africa-fuel-pipeline-expanded
2026-09-11T12:20:29Z,ai kill,5,False,True,False,False,1,The 27 - year - old who warned that AI could  kill us all  faces intense scrutiny | The 27 - year - old who warned that AI could  kill us all  faces intense scrutiny | The 27 - year - old who warned that AI could  kill us all  faces intense scrutiny,https://www.watoday.com.au/technology/the-27-year-old-who-warned-that-ai-could-kill-us-all-faces-intense-scrutiny-20260911-p60wfi.html | https://www.theage.com.au/technology/the-27-year-old-who-warned-that-ai-could-kill-us-all-faces-intense-scrutiny-20260911-p60wfi.html | https://www.smh.com.au/technology/the-27-year-old-who-warned-that-ai-could-kill-us-all-faces-intense-scrutiny-20260911-p60wfi.html
2026-09-11T12:20:29Z,advanced micro,4,False,True,False,False,1,"Advanced Micro Devices , Inc . $AMD Shares Bought by Integrated Wealth Concepts LLC | NewEdge Advisors LLC Sells 186 , 177 Shares of Advanced Micro Devices , Inc . $AMD | West Family Investments Inc . Boosts Stake in Advanced Micro Devices , Inc . $AMD",https://www.tickerreport.com/banking-finance/13578215/advanced-micro-devices-inc-amd-shares-bought-by-integrated-wealth-concepts-llc.html | https://www.dailypolitical.com/2026/09/09/newedge-advisors-llc-sells-186177-shares-of-advanced-micro-devices-inc-amd.html | https://www.tickerreport.com/banking-finance/13577416/west-family-investments-inc-boosts-stake-in-advanced-micro-devices-inc-amd.html
2026-09-11T12:20:29Z,micro devices,4,False,True,False,False,1,"Advanced Micro Devices , Inc . $AMD Shares Bought by Integrated Wealth Concepts LLC | NewEdge Advisors LLC Sells 186 , 177 Shares of Advanced Micro Devices , Inc . $AMD | West Family Investments Inc . Boosts Stake in Advanced Micro Devices , Inc . $AMD",https://www.tickerreport.com/banking-finance/13578215/advanced-micro-devices-inc-amd-shares-bought-by-integrated-wealth-concepts-llc.html | https://www.dailypolitical.com/2026/09/09/newedge-advisors-llc-sells-186177-shares-of-advanced-micro-devices-inc-amd.html | https://www.tickerreport.com/banking-finance/13577416/west-family-investments-inc-boosts-stake-in-advanced-micro-devices-inc-amd.html
2026-09-11T12:20:29Z,devices amd,4,False,True,False,False,1,"Advanced Micro Devices , Inc . $AMD Shares Bought by Integrated Wealth Concepts LLC | NewEdge Advisors LLC Sells 186 , 177 Shares of Advanced Micro Devices , Inc . $AMD | West Family Investments Inc . Boosts Stake in Advanced Micro Devices , Inc . $AMD",https://www.tickerreport.com/banking-finance/13578215/advanced-micro-devices-inc-amd-shares-bought-by-integrated-wealth-concepts-llc.html | https://www.dailypolitical.com/2026/09/09/newedge-advisors-llc-sells-186177-shares-of-advanced-micro-devices-inc-amd.html | https://www.tickerreport.com/banking-finance/13577416/west-family-investments-inc-boosts-stake-in-advanced-micro-devices-inc-amd.html
2026-09-11T12:20:29Z,advanced micro devices,4,False,True,False,False,1,"Advanced Micro Devices , Inc . $AMD Shares Bought by Integrated Wealth Concepts LLC | NewEdge Advisors LLC Sells 186 , 177 Shares of Advanced Micro Devices , Inc . $AMD | West Family Investments Inc . Boosts Stake in Advanced Micro Devices , Inc . $AMD",https://www.tickerreport.com/banking-finance/13578215/advanced-micro-devices-inc-amd-shares-bought-by-integrated-wealth-concepts-llc.html | https://www.dailypolitical.com/2026/09/09/newedge-advisors-llc-sells-186177-shares-of-advanced-micro-devices-inc-amd.html | https://www.tickerreport.com/banking-finance/13577416/west-family-investments-inc-boosts-stake-in-advanced-micro-devices-inc-amd.html
2026-09-11T12:20:29Z,micro devices amd,4,False,True,False,False,1,"Advanced Micro Devices , Inc . $AMD Shares Bought by Integrated Wealth Concepts LLC | NewEdge Advisors LLC Sells 186 , 177 Shares of Advanced Micro Devices , Inc . $AMD | West Family Investments Inc . Boosts Stake in Advanced Micro Devices , Inc . $AMD",https://www.tickerreport.com/banking-finance/13578215/advanced-micro-devices-inc-amd-shares-bought-by-integrated-wealth-concepts-llc.html | https://www.dailypolitical.com/2026/09/09/newedge-advisors-llc-sells-186177-shares-of-advanced-micro-devices-inc-amd.html | https://www.tickerreport.com/banking-finance/13577416/west-family-investments-inc-boosts-stake-in-advanced-micro-devices-inc-amd.html
2026-09-12T11:24:59Z,kill all,6,False,True,True,False,2,"AI researchers  earnestly believe  it could kill all humans within the next decade , Anthropic researcher says | The 27 - year - old who warned that AI could  kill us all  faces intense scrutiny | The 27 - year - old who warned that AI could  kill us all  faces intense scrutiny",https://www.cbc.ca/news/business/anthropic-researcher-resigned-9.7337789 | https://www.watoday.com.au/technology/the-27-year-old-who-warned-that-ai-could-kill-us-all-faces-intense-scrutiny-20260911-p60wfi.html | https://www.theage.com.au/technology/the-27-year-old-who-warned-that-ai-could-kill-us-all-faces-intense-scrutiny-20260911-p60wfi.html
2026-09-12T11:24:59Z,ai kill all,5,False,True,True,False,2,The 27 - year - old who warned that AI could  kill us all  faces intense scrutiny | The 27 - year - old who warned that AI could  kill us all  faces intense scrutiny | The 27 - year - old who warned that AI could  kill us all  faces intense scrutiny,https://www.watoday.com.au/technology/the-27-year-old-who-warned-that-ai-could-kill-us-all-faces-intense-scrutiny-20260911-p60wfi.html | https://www.theage.com.au/technology/the-27-year-old-who-warned-that-ai-could-kill-us-all-faces-intense-scrutiny-20260911-p60wfi.html | https://www.smh.com.au/technology/the-27-year-old-who-warned-that-ai-could-kill-us-all-faces-intense-scrutiny-20260911-p60wfi.html
2026-09-12T11:24:59Z,artificial intelligence,3,False,True,True,False,2,"Artificial Intelligence : How tech tools are changing work , school and the stock market | Better Artificial Intelligence Stock : Applied Digital vs . Super Micro Computer | Wall Street Finds Its AI Lifeline : How Artificial Intelligence Offers Fresh Exits for Trapped Private Equity Billions",https://originals.azpm.org/p/navigating/2026/9/8/231120-artificial-intelligence-how-tech-tools-are-changing-work-school-and-the-stock-market/ | https://www.fool.com/coverage/better-buy/2026/09/09/better-artificial-intelligence-stock-applied-digital-vs-super-micro-computer/?source=iedfolrf0000001 | https://www.webpronews.com/wall-street-finds-its-ai-lifeline-how-artificial-intelligence-offers-fresh-exits-for-trapped-private-equity-billions/
2026-09-12T11:24:59Z,nuclear plant,3,False,True,True,False,2,Energy Department loans $1 . 9B to restart Iowa nuclear plant | Energy Department loans $1 . 9B to restart Iowa nuclear plant | Google agrees to buy up to 50 % of Finnish nuclear plant capacity from Fortum,https://www.fairfieldsuntimes.com/news/national/energy-department-loans-1-9b-to-restart-iowa-nuclear-plant/article_08994566-c882-5aa4-b1df-a2faf435b160.html | https://www.hometownregister.com/news/national/energy-department-loans-1-9b-to-restart-iowa-nuclear-plant/article_f3f563d1-5fe9-509e-87d7-35eb05418741.html | https://www.moneycontrol.com/news/business/google-agrees-to-buy-up-to-50-of-finnish-nuclear-plant-capacity-from-fortum-14026489.html
2026-09-12T11:24:59Z,oil gas,2,False,True,True,False,2,"APO Group - Africa Newsroom / Press release | The Dealmakers Are Set to Storm Windhoek : Nigerian Governors and CORAN Bigwigs Set to Storm International African Energy , Oil and Gas Summit ( IAEOGS ) 2026 to Unlock Africa Energy Future | Battalion Oil Corporation Announces Strategic Investment in Collide , the AI - Native Operations System for Oil and Gas",https://www.africa-newsroom.com/press/the-dealmakers-are-set-to-storm-windhoek-nigerian-governors-and-coran-bigwigs-set-to-storm-iaeogs-2026-to-unlock-africas-energy-future | https://www.manilatimes.net/2026/09/09/tmt-newswire/globenewswire/battalion-oil-corporation-announces-strategic-investment-in-collide-the-ai-native-operations-system-for-oil-and-gas/2421103
2026-09-12T11:24:59Z,derivatives trading,2,False,True,True,False,2,"SEBI Likely To Allow FPIs In Commodity Derivatives Trading : Report | Zoomex Stock Brings Tesla 6 % Surge and Nvidia Choppy Session Within Reach Through Fair , Rule - Based Derivatives Trading",https://www.freepressjournal.in/business/sebi-likely-to-allow-fpis-in-commodity-derivatives-trading-report | https://bravenewcoin.com/press-release/zoomex-stock-brings-teslas-6-surge-and-nvidias-choppy-session-within-reach-through-fair-rule-based-derivatives-trading
2026-09-12T11:24:59Z,trading down,2,False,True,True,False,2,Apple ( NASDAQ : AAPL ) Trading Down 1 . 2 % – What Next ?  | Nebius Group ( NASDAQ : NBIS ) Trading Down 5 . 1 % – Time to Sell ? ,https://www.themarketsdaily.com/2026/09/08/apple-nasdaqaapl-trading-down-1-2-whats-next.html | https://www.dailypolitical.com/2026/09/10/nebius-group-nasdaqnbis-trading-down-5-1-time-to-sell.html
2026-09-12T11:24:59Z,down next,2,False,True,True,False,2,Apple ( NASDAQ : AAPL ) Trading Down 1 . 2 % – What Next ?  | Cisco Systems ( NASDAQ : CSCO ) Stock Price Down 1 . 8 % – What Next ?  | NVIDIA ( NASDAQ : NVDA ) Shares Down 2 . 4 % – What Next ? ,https://www.themarketsdaily.com/2026/09/08/apple-nasdaqaapl-trading-down-1-2-whats-next.html | https://www.themarketsdaily.com/2026/09/10/cisco-systems-nasdaqcsco-stock-price-down-1-8-whats-next.html | https://www.dailypolitical.com/2026/09/10/nvidia-nasdaqnvda-shares-down-2-4-whats-next.html
2026-09-12T11:24:59Z,lead next,2,False,True,True,False,2,"Opus Origin Taps Greg Topalian to Lead its Next Chapter of North American Growth | India New Industrial Revolution : Chips , Space and Data Centres Lead Next Manufacturing Growth Wave , Says Jefferies",https://www.exhibitoronline.com/news/article.asp?ID=25377 | https://openthemagazine.com/india/chips-space-and-data-centres-jefferies-flags-indias-next-industrial-revolution
2026-09-12T11:24:59Z,google plans,2,False,True,True,False,2,"Google plans for $15B AI build - out in Finland | The Arkansas Democrat - Gazette | Google plans EUR13 billion Finland investment to expand data centers , clean energy",https://www.arkansasonline.com/news/2026/sep/10/google-plans-for-15b-ai-build-out-in-finland/ | https://www.digitimes.com/news/a20260910PR201/google-finland-investment-data-center-expansion.html
2026-09-12T11:24:59Z,price down,2,False,True,True,False,2,Sandisk ( NASDAQ : SNDK ) Stock Price Down 4 . 1 % – Here What Happened | Cisco Systems ( NASDAQ : CSCO ) Stock Price Down 1 . 8 % – What Next ?  | Vistra ( NYSE : VST ) Stock Price Down 2 . 4 % on Insider Selling,https://www.dailypolitical.com/2026/09/10/sandisk-nasdaqsndk-stock-price-down-4-1-heres-what-happened.html | https://www.themarketsdaily.com/2026/09/10/cisco-systems-nasdaqcsco-stock-price-down-1-8-whats-next.html | https://www.themarketsdaily.com/2026/09/10/vistra-nysevst-stock-price-down-2-4-on-insider-selling.html
2026-09-12T11:24:59Z,growth sectors,26,False,True,False,False,1,Jefferies flags  India New Industrial Revolution  across six high - growth sectors | Jefferies flags  India New Industrial Revolution  across six high - growth sectors | Jefferies flags  India New Industrial Revolution  across six high - growth sectors,http://www.britainnews.net/news/279297968/jefferies-flags-india-new-industrial-revolution-across-six-high-growth-sectors | http://www.myanmarnews.net/news/279297968/jefferies-flags-india-new-industrial-revolution-across-six-high-growth-sectors | http://www.newzealandstar.com/news/279297968/jefferies-flags-india-new-industrial-revolution-across-six-high-growth-sectors
2026-09-12T11:24:59Z,jefferies flags,25,False,True,False,False,1,Jefferies flags  India New Industrial Revolution  across six high - growth sectors | Jefferies flags  India New Industrial Revolution  across six high - growth sectors | Jefferies flags  India New Industrial Revolution  across six high - growth sectors,http://www.britainnews.net/news/279297968/jefferies-flags-india-new-industrial-revolution-across-six-high-growth-sectors | http://www.myanmarnews.net/news/279297968/jefferies-flags-india-new-industrial-revolution-across-six-high-growth-sectors | http://www.newzealandstar.com/news/279297968/jefferies-flags-india-new-industrial-revolution-across-six-high-growth-sectors
2026-09-12T11:24:59Z,across six,25,False,True,False,False,1,Jefferies flags  India New Industrial Revolution  across six high - growth sectors | Jefferies flags  India New Industrial Revolution  across six high - growth sectors | Jefferies flags  India New Industrial Revolution  across six high - growth sectors,http://www.britainnews.net/news/279297968/jefferies-flags-india-new-industrial-revolution-across-six-high-growth-sectors | http://www.myanmarnews.net/news/279297968/jefferies-flags-india-new-industrial-revolution-across-six-high-growth-sectors | http://www.newzealandstar.com/news/279297968/jefferies-flags-india-new-industrial-revolution-across-six-high-growth-sectors
2026-09-12T11:24:59Z,ai driven,24,False,True,False,False,1,AI - Driven IPO Wave Set to Accompany Anthropic Listing | Wave of AI - driven IPOs expected to accompany Anthropic listing – Oroville Mercury - Register | Wave of AI - driven IPOs expected to accompany Anthropic listing – Orange County Register,https://www.livemint.com/market/aidriven-ipo-wave-set-to-accompany-anthropic-listing-11788992244915.html | https://www.orovillemr.com/2026/09/10/multiple-ai-ipo-anthropic/ | https://www.ocregister.com/2026/09/10/multiple-ai-ipo-anthropic/
2026-09-12T11:24:59Z,accompany anthropic,24,False,True,False,False,1,AI - Driven IPO Wave Set to Accompany Anthropic Listing | Wave of AI - driven IPOs expected to accompany Anthropic listing – Oroville Mercury - Register | Wave of AI - driven IPOs expected to accompany Anthropic listing – Orange County Register,https://www.livemint.com/market/aidriven-ipo-wave-set-to-accompany-anthropic-listing-11788992244915.html | https://www.orovillemr.com/2026/09/10/multiple-ai-ipo-anthropic/ | https://www.ocregister.com/2026/09/10/multiple-ai-ipo-anthropic/
2026-09-12T11:24:59Z,anthropic listing,24,False,True,False,False,1,AI - Driven IPO Wave Set to Accompany Anthropic Listing | Wave of AI - driven IPOs expected to accompany Anthropic listing – Oroville Mercury - Register | Wave of AI - driven IPOs expected to accompany Anthropic listing – Orange County Register,https://www.livemint.com/market/aidriven-ipo-wave-set-to-accompany-anthropic-listing-11788992244915.html | https://www.orovillemr.com/2026/09/10/multiple-ai-ipo-anthropic/ | https://www.ocregister.com/2026/09/10/multiple-ai-ipo-anthropic/
2026-09-12T11:24:59Z,accompany anthropic listing,24,False,True,False,False,1,AI - Driven IPO Wave Set to Accompany Anthropic Listing | Wave of AI - driven IPOs expected to accompany Anthropic listing – Oroville Mercury - Register | Wave of AI - driven IPOs expected to accompany Anthropic listing – Orange County Register,https://www.livemint.com/market/aidriven-ipo-wave-set-to-accompany-anthropic-listing-11788992244915.html | https://www.orovillemr.com/2026/09/10/multiple-ai-ipo-anthropic/ | https://www.ocregister.com/2026/09/10/multiple-ai-ipo-anthropic/
2026-09-12T11:24:59Z,wave ai,23,False,True,False,False,1,Wave of AI - driven IPOs expected to accompany Anthropic listing – Oroville Mercury - Register | Wave of AI - driven IPOs expected to accompany Anthropic listing – Orange County Register | Wave of AI - driven IPOs expected to accompany Anthropic listing – thereporteronline,https://www.orovillemr.com/2026/09/10/multiple-ai-ipo-anthropic/ | https://www.ocregister.com/2026/09/10/multiple-ai-ipo-anthropic/ | https://www.thereporteronline.com/2026/09/10/multiple-ai-ipo-anthropic/
2026-09-12T11:24:59Z,driven ipos,23,False,True,False,False,1,Wave of AI - driven IPOs expected to accompany Anthropic listing – Oroville Mercury - Register | Wave of AI - driven IPOs expected to accompany Anthropic listing – Orange County Register | Wave of AI - driven IPOs expected to accompany Anthropic listing – thereporteronline,https://www.orovillemr.com/2026/09/10/multiple-ai-ipo-anthropic/ | https://www.ocregister.com/2026/09/10/multiple-ai-ipo-anthropic/ | https://www.thereporteronline.com/2026/09/10/multiple-ai-ipo-anthropic/
2026-09-12T11:24:59Z,ipos expected,23,False,True,False,False,1,Wave of AI - driven IPOs expected to accompany Anthropic listing – Oroville Mercury - Register | Wave of AI - driven IPOs expected to accompany Anthropic listing – Orange County Register | Wave of AI - driven IPOs expected to accompany Anthropic listing – thereporteronline,https://www.orovillemr.com/2026/09/10/multiple-ai-ipo-anthropic/ | https://www.ocregister.com/2026/09/10/multiple-ai-ipo-anthropic/ | https://www.thereporteronline.com/2026/09/10/multiple-ai-ipo-anthropic/
2026-09-12T11:24:59Z,expected accompany,23,False,True,False,False,1,Wave of AI - driven IPOs expected to accompany Anthropic listing – Oroville Mercury - Register | Wave of AI - driven IPOs expected to accompany Anthropic listing – Orange County Register | Wave of AI - driven IPOs expected to accompany Anthropic listing – thereporteronline,https://www.orovillemr.com/2026/09/10/multiple-ai-ipo-anthropic/ | https://www.ocregister.com/2026/09/10/multiple-ai-ipo-anthropic/ | https://www.thereporteronline.com/2026/09/10/multiple-ai-ipo-anthropic/
2026-09-12T11:24:59Z,wave ai driven,23,False,True,False,False,1,Wave of AI - driven IPOs expected to accompany Anthropic listing – Oroville Mercury - Register | Wave of AI - driven IPOs expected to accompany Anthropic listing – Orange County Register | Wave of AI - driven IPOs expected to accompany Anthropic listing – thereporteronline,https://www.orovillemr.com/2026/09/10/multiple-ai-ipo-anthropic/ | https://www.ocregister.com/2026/09/10/multiple-ai-ipo-anthropic/ | https://www.thereporteronline.com/2026/09/10/multiple-ai-ipo-anthropic/
2026-09-12T11:24:59Z,ai driven ipos,23,False,True,False,False,1,Wave of AI - driven IPOs expected to accompany Anthropic listing – Oroville Mercury - Register | Wave of AI - driven IPOs expected to accompany Anthropic listing – Orange County Register | Wave of AI - driven IPOs expected to accompany Anthropic listing – thereporteronline,https://www.orovillemr.com/2026/09/10/multiple-ai-ipo-anthropic/ | https://www.ocregister.com/2026/09/10/multiple-ai-ipo-anthropic/ | https://www.thereporteronline.com/2026/09/10/multiple-ai-ipo-anthropic/
2026-09-12T11:24:59Z,driven ipos expected,23,False,True,False,False,1,Wave of AI - driven IPOs expected to accompany Anthropic listing – Oroville Mercury - Register | Wave of AI - driven IPOs expected to accompany Anthropic listing – Orange County Register | Wave of AI - driven IPOs expected to accompany Anthropic listing – thereporteronline,https://www.orovillemr.com/2026/09/10/multiple-ai-ipo-anthropic/ | https://www.ocregister.com/2026/09/10/multiple-ai-ipo-anthropic/ | https://www.thereporteronline.com/2026/09/10/multiple-ai-ipo-anthropic/
2026-09-12T11:24:59Z,ipos expected accompany,23,False,True,False,False,1,Wave of AI - driven IPOs expected to accompany Anthropic listing – Oroville Mercury - Register | Wave of AI - driven IPOs expected to accompany Anthropic listing – Orange County Register | Wave of AI - driven IPOs expected to accompany Anthropic listing – thereporteronline,https://www.orovillemr.com/2026/09/10/multiple-ai-ipo-anthropic/ | https://www.ocregister.com/2026/09/10/multiple-ai-ipo-anthropic/ | https://www.thereporteronline.com/2026/09/10/multiple-ai-ipo-anthropic/
2026-09-12T11:24:59Z,expected accompany anthropic,23,False,True,False,False,1,Wave of AI - driven IPOs expected to accompany Anthropic listing – Oroville Mercury - Register | Wave of AI - driven IPOs expected to accompany Anthropic listing – Orange County Register | Wave of AI - driven IPOs expected to accompany Anthropic listing – thereporteronline,https://www.orovillemr.com/2026/09/10/multiple-ai-ipo-anthropic/ | https://www.ocregister.com/2026/09/10/multiple-ai-ipo-anthropic/ | https://www.thereporteronline.com/2026/09/10/multiple-ai-ipo-anthropic/
2026-09-12T11:24:59Z,dangote refinery,8,False,True,False,False,1,Dangote Refinery Launches $1 . 4 Bn - Plus IPO in Landmark Nigerian Listing | Dangote Refinery listing to push NGX capitalisation above N200trn – Daily Trust | Dangote Refinery gets Nigeria regulator nod for $1 . 6bn IPO,https://chimpreports.com/dangote-refinery-launches-1-4-bn-plus-ipo-in-landmark-nigerian-listing/ | https://dailytrust.com/dangote-refinery-listing-to-push-ngx-capitalisation-above-n200trn/ | https://www.timeslive.co.za/news/business/2026-09-06-dangote-refinery-gets-nigeria-regulators-nod-for-16bn-ipo/
2026-09-12T11:24:59Z,ai infrastructure,6,False,True,False,False,1,"Google to invest 13 billion euros in AI infrastructure in Finland | AI infrastructure bets drive venture debt toward record levels | Google Invests 13 Billion Euros in AI Infrastructure in Finland , ETTelecom",https://www.businesstimes.com.sg/companies-markets/telcos-media-tech/google-invest-13-billion-euros-ai-infrastructure-finland | https://finance.yahoo.com/technology/ai/articles/ai-infrastructure-bets-drive-venture-101428462.html | https://telecom.economictimes.indiatimes.com/news/internet/google-unveils-13-bn-euro-ai-expansion-in-finland/133990282
2026-09-12T11:24:59Z,brics summit,6,False,True,False,False,1,BRICS Summit 2026 : Key likely outcomes as India drives a transformative global agenda in New Delhi | BRICS Summit 2026 : Key likely outcomes as India drives a transformative global agenda in New Delhi | BRICS Summit 2026 : Key likely outcomes as India drives a transformative global agenda in New Delhi,http://www.middleeaststar.com/news/279293033/brics-summit-2026-key-likely-outcomes-as-india-drives-a-transformative-global-agenda-in-new-delhi | https://economictimes.indiatimes.com/news/india/brics-summit-2026-key-likely-outcomes-as-india-drives-a-transformative-global-agenda-in-new-delhi/articleshow/133905594.cms | https://aninews.in/news/world/asia/brics-summit-2026-key-likely-outcomes-as-india-drives-a-transformative-global-agenda-in-new-delhi20260908085217/
2026-09-12T11:24:59Z,cisco systems,5,False,True,False,False,1,"Stableford Capital II LLC Buys New Position in Cisco Systems , Inc . $CSCO | Rench Wealth Management Inc . Purchases 26 , 505 Shares of Cisco Systems , Inc . $CSCO | Could Advanced Micro Devices ( AMD ) Partnership With Cisco Systems ( CSCO ) Unlock a Massive Middle East AI Opportunity ? ",https://www.tickerreport.com/banking-finance/13578216/stableford-capital-ii-llc-buys-new-position-in-cisco-systems-inc-csco.html | https://www.dailypolitical.com/2026/09/10/rench-wealth-management-inc-purchases-26505-shares-of-cisco-systems-inc-csco.html | https://www.insidermonkey.com/blog/could-advanced-micro-devices-amds-partnership-with-cisco-systems-csco-unlock-a-massive-middle-east-ai-opportunity-1828118/
2026-09-12T11:24:59Z,systems csco,5,False,True,False,False,1,"Stableford Capital II LLC Buys New Position in Cisco Systems , Inc . $CSCO | Rench Wealth Management Inc . Purchases 26 , 505 Shares of Cisco Systems , Inc . $CSCO | Could Advanced Micro Devices ( AMD ) Partnership With Cisco Systems ( CSCO ) Unlock a Massive Middle East AI Opportunity ? ",https://www.tickerreport.com/banking-finance/13578216/stableford-capital-ii-llc-buys-new-position-in-cisco-systems-inc-csco.html | https://www.dailypolitical.com/2026/09/10/rench-wealth-management-inc-purchases-26505-shares-of-cisco-systems-inc-csco.html | https://www.insidermonkey.com/blog/could-advanced-micro-devices-amds-partnership-with-cisco-systems-csco-unlock-a-massive-middle-east-ai-opportunity-1828118/
2026-09-12T11:24:59Z,cisco systems csco,5,False,True,False,False,1,"Stableford Capital II LLC Buys New Position in Cisco Systems , Inc . $CSCO | Rench Wealth Management Inc . Purchases 26 , 505 Shares of Cisco Systems , Inc . $CSCO | Could Advanced Micro Devices ( AMD ) Partnership With Cisco Systems ( CSCO ) Unlock a Massive Middle East AI Opportunity ? ",https://www.tickerreport.com/banking-finance/13578216/stableford-capital-ii-llc-buys-new-position-in-cisco-systems-inc-csco.html | https://www.dailypolitical.com/2026/09/10/rench-wealth-management-inc-purchases-26505-shares-of-cisco-systems-inc-csco.html | https://www.insidermonkey.com/blog/could-advanced-micro-devices-amds-partnership-with-cisco-systems-csco-unlock-a-massive-middle-east-ai-opportunity-1828118/
2026-09-12T11:24:59Z,southern africa,5,False,True,False,False,1,Southern Africa fuel pipeline expanded | Southern Africa fuel pipeline expanded | Southern Africa fuel pipeline expanded,http://www.kenyastar.com/news/279283397/southern-africa-fuel-pipeline-expanded | http://www.africaleader.com/news/279283397/southern-africa-fuel-pipeline-expanded | http://www.sierraleonetimes.com/news/279283397/southern-africa-fuel-pipeline-expanded
2026-09-12T11:24:59Z,ai kill,5,False,True,False,False,1,The 27 - year - old who warned that AI could  kill us all  faces intense scrutiny | The 27 - year - old who warned that AI could  kill us all  faces intense scrutiny | The 27 - year - old who warned that AI could  kill us all  faces intense scrutiny,https://www.watoday.com.au/technology/the-27-year-old-who-warned-that-ai-could-kill-us-all-faces-intense-scrutiny-20260911-p60wfi.html | https://www.theage.com.au/technology/the-27-year-old-who-warned-that-ai-could-kill-us-all-faces-intense-scrutiny-20260911-p60wfi.html | https://www.smh.com.au/technology/the-27-year-old-who-warned-that-ai-could-kill-us-all-faces-intense-scrutiny-20260911-p60wfi.html
2026-09-12T11:24:59Z,advanced micro,4,False,True,False,False,1,"Advanced Micro Devices , Inc . $AMD Shares Bought by Integrated Wealth Concepts LLC | NewEdge Advisors LLC Sells 186 , 177 Shares of Advanced Micro Devices , Inc . $AMD | West Family Investments Inc . Boosts Stake in Advanced Micro Devices , Inc . $AMD",https://www.tickerreport.com/banking-finance/13578215/advanced-micro-devices-inc-amd-shares-bought-by-integrated-wealth-concepts-llc.html | https://www.dailypolitical.com/2026/09/09/newedge-advisors-llc-sells-186177-shares-of-advanced-micro-devices-inc-amd.html | https://www.tickerreport.com/banking-finance/13577416/west-family-investments-inc-boosts-stake-in-advanced-micro-devices-inc-amd.html
2026-09-12T11:24:59Z,micro devices,4,False,True,False,False,1,"Advanced Micro Devices , Inc . $AMD Shares Bought by Integrated Wealth Concepts LLC | NewEdge Advisors LLC Sells 186 , 177 Shares of Advanced Micro Devices , Inc . $AMD | West Family Investments Inc . Boosts Stake in Advanced Micro Devices , Inc . $AMD",https://www.tickerreport.com/banking-finance/13578215/advanced-micro-devices-inc-amd-shares-bought-by-integrated-wealth-concepts-llc.html | https://www.dailypolitical.com/2026/09/09/newedge-advisors-llc-sells-186177-shares-of-advanced-micro-devices-inc-amd.html | https://www.tickerreport.com/banking-finance/13577416/west-family-investments-inc-boosts-stake-in-advanced-micro-devices-inc-amd.html
2026-09-12T11:24:59Z,devices amd,4,False,True,False,False,1,"Advanced Micro Devices , Inc . $AMD Shares Bought by Integrated Wealth Concepts LLC | NewEdge Advisors LLC Sells 186 , 177 Shares of Advanced Micro Devices , Inc . $AMD | West Family Investments Inc . Boosts Stake in Advanced Micro Devices , Inc . $AMD",https://www.tickerreport.com/banking-finance/13578215/advanced-micro-devices-inc-amd-shares-bought-by-integrated-wealth-concepts-llc.html | https://www.dailypolitical.com/2026/09/09/newedge-advisors-llc-sells-186177-shares-of-advanced-micro-devices-inc-amd.html | https://www.tickerreport.com/banking-finance/13577416/west-family-investments-inc-boosts-stake-in-advanced-micro-devices-inc-amd.html
2026-09-12T11:24:59Z,advanced micro devices,4,False,True,False,False,1,"Advanced Micro Devices , Inc . $AMD Shares Bought by Integrated Wealth Concepts LLC | NewEdge Advisors LLC Sells 186 , 177 Shares of Advanced Micro Devices , Inc . $AMD | West Family Investments Inc . Boosts Stake in Advanced Micro Devices , Inc . $AMD",https://www.tickerreport.com/banking-finance/13578215/advanced-micro-devices-inc-amd-shares-bought-by-integrated-wealth-concepts-llc.html | https://www.dailypolitical.com/2026/09/09/newedge-advisors-llc-sells-186177-shares-of-advanced-micro-devices-inc-amd.html | https://www.tickerreport.com/banking-finance/13577416/west-family-investments-inc-boosts-stake-in-advanced-micro-devices-inc-amd.html
2026-09-12T11:24:59Z,micro devices amd,4,False,True,False,False,1,"Advanced Micro Devices , Inc . $AMD Shares Bought by Integrated Wealth Concepts LLC | NewEdge Advisors LLC Sells 186 , 177 Shares of Advanced Micro Devices , Inc . $AMD | West Family Investments Inc . Boosts Stake in Advanced Micro Devices , Inc . $AMD",https://www.tickerreport.com/banking-finance/13578215/advanced-micro-devices-inc-amd-shares-bought-by-integrated-wealth-concepts-llc.html | https://www.dailypolitical.com/2026/09/09/newedge-advisors-llc-sells-186177-shares-of-advanced-micro-devices-inc-amd.html | https://www.tickerreport.com/banking-finance/13577416/west-family-investments-inc-boosts-stake-in-advanced-micro-devices-inc-amd.html
2026-09-12T11:49:39Z,kill all,6,False,True,True,False,2,"AI researchers  earnestly believe  it could kill all humans within the next decade , Anthropic researcher says | The 27 - year - old who warned that AI could  kill us all  faces intense scrutiny | The 27 - year - old who warned that AI could  kill us all  faces intense scrutiny",https://www.cbc.ca/news/business/anthropic-researcher-resigned-9.7337789 | https://www.watoday.com.au/technology/the-27-year-old-who-warned-that-ai-could-kill-us-all-faces-intense-scrutiny-20260911-p60wfi.html | https://www.theage.com.au/technology/the-27-year-old-who-warned-that-ai-could-kill-us-all-faces-intense-scrutiny-20260911-p60wfi.html
2026-09-12T11:49:39Z,ai kill all,5,False,True,True,False,2,The 27 - year - old who warned that AI could  kill us all  faces intense scrutiny | The 27 - year - old who warned that AI could  kill us all  faces intense scrutiny | The 27 - year - old who warned that AI could  kill us all  faces intense scrutiny,https://www.watoday.com.au/technology/the-27-year-old-who-warned-that-ai-could-kill-us-all-faces-intense-scrutiny-20260911-p60wfi.html | https://www.theage.com.au/technology/the-27-year-old-who-warned-that-ai-could-kill-us-all-faces-intense-scrutiny-20260911-p60wfi.html | https://www.smh.com.au/technology/the-27-year-old-who-warned-that-ai-could-kill-us-all-faces-intense-scrutiny-20260911-p60wfi.html
2026-09-12T11:49:39Z,artificial intelligence,3,False,True,True,False,2,"Artificial Intelligence : How tech tools are changing work , school and the stock market | Better Artificial Intelligence Stock : Applied Digital vs . Super Micro Computer | Wall Street Finds Its AI Lifeline : How Artificial Intelligence Offers Fresh Exits for Trapped Private Equity Billions",https://originals.azpm.org/p/navigating/2026/9/8/231120-artificial-intelligence-how-tech-tools-are-changing-work-school-and-the-stock-market/ | https://www.fool.com/coverage/better-buy/2026/09/09/better-artificial-intelligence-stock-applied-digital-vs-super-micro-computer/?source=iedfolrf0000001 | https://www.webpronews.com/wall-street-finds-its-ai-lifeline-how-artificial-intelligence-offers-fresh-exits-for-trapped-private-equity-billions/
2026-09-12T11:49:39Z,nuclear plant,3,False,True,True,False,2,Energy Department loans $1 . 9B to restart Iowa nuclear plant | Energy Department loans $1 . 9B to restart Iowa nuclear plant | Google agrees to buy up to 50 % of Finnish nuclear plant capacity from Fortum,https://www.fairfieldsuntimes.com/news/national/energy-department-loans-1-9b-to-restart-iowa-nuclear-plant/article_08994566-c882-5aa4-b1df-a2faf435b160.html | https://www.hometownregister.com/news/national/energy-department-loans-1-9b-to-restart-iowa-nuclear-plant/article_f3f563d1-5fe9-509e-87d7-35eb05418741.html | https://www.moneycontrol.com/news/business/google-agrees-to-buy-up-to-50-of-finnish-nuclear-plant-capacity-from-fortum-14026489.html
2026-09-12T11:49:39Z,oil gas,2,False,True,True,False,2,"APO Group - Africa Newsroom / Press release | The Dealmakers Are Set to Storm Windhoek : Nigerian Governors and CORAN Bigwigs Set to Storm International African Energy , Oil and Gas Summit ( IAEOGS ) 2026 to Unlock Africa Energy Future | Battalion Oil Corporation Announces Strategic Investment in Collide , the AI - Native Operations System for Oil and Gas",https://www.africa-newsroom.com/press/the-dealmakers-are-set-to-storm-windhoek-nigerian-governors-and-coran-bigwigs-set-to-storm-iaeogs-2026-to-unlock-africas-energy-future | https://www.manilatimes.net/2026/09/09/tmt-newswire/globenewswire/battalion-oil-corporation-announces-strategic-investment-in-collide-the-ai-native-operations-system-for-oil-and-gas/2421103
2026-09-12T11:49:39Z,derivatives trading,2,False,True,True,False,2,"SEBI Likely To Allow FPIs In Commodity Derivatives Trading : Report | Zoomex Stock Brings Tesla 6 % Surge and Nvidia Choppy Session Within Reach Through Fair , Rule - Based Derivatives Trading",https://www.freepressjournal.in/business/sebi-likely-to-allow-fpis-in-commodity-derivatives-trading-report | https://bravenewcoin.com/press-release/zoomex-stock-brings-teslas-6-surge-and-nvidias-choppy-session-within-reach-through-fair-rule-based-derivatives-trading
2026-09-12T11:49:39Z,trading down,2,False,True,True,False,2,Apple ( NASDAQ : AAPL ) Trading Down 1 . 2 % – What Next ?  | Nebius Group ( NASDAQ : NBIS ) Trading Down 5 . 1 % – Time to Sell ? ,https://www.themarketsdaily.com/2026/09/08/apple-nasdaqaapl-trading-down-1-2-whats-next.html | https://www.dailypolitical.com/2026/09/10/nebius-group-nasdaqnbis-trading-down-5-1-time-to-sell.html
2026-09-12T11:49:39Z,down next,2,False,True,True,False,2,Apple ( NASDAQ : AAPL ) Trading Down 1 . 2 % – What Next ?  | Cisco Systems ( NASDAQ : CSCO ) Stock Price Down 1 . 8 % – What Next ?  | NVIDIA ( NASDAQ : NVDA ) Shares Down 2 . 4 % – What Next ? ,https://www.themarketsdaily.com/2026/09/08/apple-nasdaqaapl-trading-down-1-2-whats-next.html | https://www.themarketsdaily.com/2026/09/10/cisco-systems-nasdaqcsco-stock-price-down-1-8-whats-next.html | https://www.dailypolitical.com/2026/09/10/nvidia-nasdaqnvda-shares-down-2-4-whats-next.html
2026-09-12T11:49:39Z,lead next,2,False,True,True,False,2,"Opus Origin Taps Greg Topalian to Lead its Next Chapter of North American Growth | India New Industrial Revolution : Chips , Space and Data Centres Lead Next Manufacturing Growth Wave , Says Jefferies",https://www.exhibitoronline.com/news/article.asp?ID=25377 | https://openthemagazine.com/india/chips-space-and-data-centres-jefferies-flags-indias-next-industrial-revolution
2026-09-12T11:49:39Z,google plans,2,False,True,True,False,2,"Google plans for $15B AI build - out in Finland | The Arkansas Democrat - Gazette | Google plans EUR13 billion Finland investment to expand data centers , clean energy",https://www.arkansasonline.com/news/2026/sep/10/google-plans-for-15b-ai-build-out-in-finland/ | https://www.digitimes.com/news/a20260910PR201/google-finland-investment-data-center-expansion.html
2026-09-12T11:49:39Z,price down,2,False,True,True,False,2,Sandisk ( NASDAQ : SNDK ) Stock Price Down 4 . 1 % – Here What Happened | Cisco Systems ( NASDAQ : CSCO ) Stock Price Down 1 . 8 % – What Next ?  | Vistra ( NYSE : VST ) Stock Price Down 2 . 4 % on Insider Selling,https://www.dailypolitical.com/2026/09/10/sandisk-nasdaqsndk-stock-price-down-4-1-heres-what-happened.html | https://www.themarketsdaily.com/2026/09/10/cisco-systems-nasdaqcsco-stock-price-down-1-8-whats-next.html | https://www.themarketsdaily.com/2026/09/10/vistra-nysevst-stock-price-down-2-4-on-insider-selling.html
2026-09-12T11:49:39Z,growth sectors,26,False,True,False,False,1,Jefferies flags  India New Industrial Revolution  across six high - growth sectors | Jefferies flags  India New Industrial Revolution  across six high - growth sectors | Jefferies flags  India New Industrial Revolution  across six high - growth sectors,http://www.britainnews.net/news/279297968/jefferies-flags-india-new-industrial-revolution-across-six-high-growth-sectors | http://www.myanmarnews.net/news/279297968/jefferies-flags-india-new-industrial-revolution-across-six-high-growth-sectors | http://www.newzealandstar.com/news/279297968/jefferies-flags-india-new-industrial-revolution-across-six-high-growth-sectors
2026-09-12T11:49:39Z,jefferies flags,25,False,True,False,False,1,Jefferies flags  India New Industrial Revolution  across six high - growth sectors | Jefferies flags  India New Industrial Revolution  across six high - growth sectors | Jefferies flags  India New Industrial Revolution  across six high - growth sectors,http://www.britainnews.net/news/279297968/jefferies-flags-india-new-industrial-revolution-across-six-high-growth-sectors | http://www.myanmarnews.net/news/279297968/jefferies-flags-india-new-industrial-revolution-across-six-high-growth-sectors | http://www.newzealandstar.com/news/279297968/jefferies-flags-india-new-industrial-revolution-across-six-high-growth-sectors
2026-09-12T11:49:39Z,across six,25,False,True,False,False,1,Jefferies flags  India New Industrial Revolution  across six high - growth sectors | Jefferies flags  India New Industrial Revolution  across six high - growth sectors | Jefferies flags  India New Industrial Revolution  across six high - growth sectors,http://www.britainnews.net/news/279297968/jefferies-flags-india-new-industrial-revolution-across-six-high-growth-sectors | http://www.myanmarnews.net/news/279297968/jefferies-flags-india-new-industrial-revolution-across-six-high-growth-sectors | http://www.newzealandstar.com/news/279297968/jefferies-flags-india-new-industrial-revolution-across-six-high-growth-sectors
2026-09-12T11:49:39Z,ai driven,24,False,True,False,False,1,AI - Driven IPO Wave Set to Accompany Anthropic Listing | Wave of AI - driven IPOs expected to accompany Anthropic listing – Oroville Mercury - Register | Wave of AI - driven IPOs expected to accompany Anthropic listing – Orange County Register,https://www.livemint.com/market/aidriven-ipo-wave-set-to-accompany-anthropic-listing-11788992244915.html | https://www.orovillemr.com/2026/09/10/multiple-ai-ipo-anthropic/ | https://www.ocregister.com/2026/09/10/multiple-ai-ipo-anthropic/
2026-09-12T11:49:39Z,accompany anthropic,24,False,True,False,False,1,AI - Driven IPO Wave Set to Accompany Anthropic Listing | Wave of AI - driven IPOs expected to accompany Anthropic listing – Oroville Mercury - Register | Wave of AI - driven IPOs expected to accompany Anthropic listing – Orange County Register,https://www.livemint.com/market/aidriven-ipo-wave-set-to-accompany-anthropic-listing-11788992244915.html | https://www.orovillemr.com/2026/09/10/multiple-ai-ipo-anthropic/ | https://www.ocregister.com/2026/09/10/multiple-ai-ipo-anthropic/
2026-09-12T11:49:39Z,anthropic listing,24,False,True,False,False,1,AI - Driven IPO Wave Set to Accompany Anthropic Listing | Wave of AI - driven IPOs expected to accompany Anthropic listing – Oroville Mercury - Register | Wave of AI - driven IPOs expected to accompany Anthropic listing – Orange County Register,https://www.livemint.com/market/aidriven-ipo-wave-set-to-accompany-anthropic-listing-11788992244915.html | https://www.orovillemr.com/2026/09/10/multiple-ai-ipo-anthropic/ | https://www.ocregister.com/2026/09/10/multiple-ai-ipo-anthropic/
2026-09-12T11:49:39Z,accompany anthropic listing,24,False,True,False,False,1,AI - Driven IPO Wave Set to Accompany Anthropic Listing | Wave of AI - driven IPOs expected to accompany Anthropic listing – Oroville Mercury - Register | Wave of AI - driven IPOs expected to accompany Anthropic listing – Orange County Register,https://www.livemint.com/market/aidriven-ipo-wave-set-to-accompany-anthropic-listing-11788992244915.html | https://www.orovillemr.com/2026/09/10/multiple-ai-ipo-anthropic/ | https://www.ocregister.com/2026/09/10/multiple-ai-ipo-anthropic/
2026-09-12T11:49:39Z,wave ai,23,False,True,False,False,1,Wave of AI - driven IPOs expected to accompany Anthropic listing – Oroville Mercury - Register | Wave of AI - driven IPOs expected to accompany Anthropic listing – Orange County Register | Wave of AI - driven IPOs expected to accompany Anthropic listing – thereporteronline,https://www.orovillemr.com/2026/09/10/multiple-ai-ipo-anthropic/ | https://www.ocregister.com/2026/09/10/multiple-ai-ipo-anthropic/ | https://www.thereporteronline.com/2026/09/10/multiple-ai-ipo-anthropic/
2026-09-12T11:49:39Z,driven ipos,23,False,True,False,False,1,Wave of AI - driven IPOs expected to accompany Anthropic listing – Oroville Mercury - Register | Wave of AI - driven IPOs expected to accompany Anthropic listing – Orange County Register | Wave of AI - driven IPOs expected to accompany Anthropic listing – thereporteronline,https://www.orovillemr.com/2026/09/10/multiple-ai-ipo-anthropic/ | https://www.ocregister.com/2026/09/10/multiple-ai-ipo-anthropic/ | https://www.thereporteronline.com/2026/09/10/multiple-ai-ipo-anthropic/
2026-09-12T11:49:39Z,ipos expected,23,False,True,False,False,1,Wave of AI - driven IPOs expected to accompany Anthropic listing – Oroville Mercury - Register | Wave of AI - driven IPOs expected to accompany Anthropic listing – Orange County Register | Wave of AI - driven IPOs expected to accompany Anthropic listing – thereporteronline,https://www.orovillemr.com/2026/09/10/multiple-ai-ipo-anthropic/ | https://www.ocregister.com/2026/09/10/multiple-ai-ipo-anthropic/ | https://www.thereporteronline.com/2026/09/10/multiple-ai-ipo-anthropic/
2026-09-12T11:49:39Z,expected accompany,23,False,True,False,False,1,Wave of AI - driven IPOs expected to accompany Anthropic listing – Oroville Mercury - Register | Wave of AI - driven IPOs expected to accompany Anthropic listing – Orange County Register | Wave of AI - driven IPOs expected to accompany Anthropic listing – thereporteronline,https://www.orovillemr.com/2026/09/10/multiple-ai-ipo-anthropic/ | https://www.ocregister.com/2026/09/10/multiple-ai-ipo-anthropic/ | https://www.thereporteronline.com/2026/09/10/multiple-ai-ipo-anthropic/
2026-09-12T11:49:39Z,wave ai driven,23,False,True,False,False,1,Wave of AI - driven IPOs expected to accompany Anthropic listing – Oroville Mercury - Register | Wave of AI - driven IPOs expected to accompany Anthropic listing – Orange County Register | Wave of AI - driven IPOs expected to accompany Anthropic listing – thereporteronline,https://www.orovillemr.com/2026/09/10/multiple-ai-ipo-anthropic/ | https://www.ocregister.com/2026/09/10/multiple-ai-ipo-anthropic/ | https://www.thereporteronline.com/2026/09/10/multiple-ai-ipo-anthropic/
2026-09-12T11:49:39Z,ai driven ipos,23,False,True,False,False,1,Wave of AI - driven IPOs expected to accompany Anthropic listing – Oroville Mercury - Register | Wave of AI - driven IPOs expected to accompany Anthropic listing – Orange County Register | Wave of AI - driven IPOs expected to accompany Anthropic listing – thereporteronline,https://www.orovillemr.com/2026/09/10/multiple-ai-ipo-anthropic/ | https://www.ocregister.com/2026/09/10/multiple-ai-ipo-anthropic/ | https://www.thereporteronline.com/2026/09/10/multiple-ai-ipo-anthropic/
2026-09-12T11:49:39Z,driven ipos expected,23,False,True,False,False,1,Wave of AI - driven IPOs expected to accompany Anthropic listing – Oroville Mercury - Register | Wave of AI - driven IPOs expected to accompany Anthropic listing – Orange County Register | Wave of AI - driven IPOs expected to accompany Anthropic listing – thereporteronline,https://www.orovillemr.com/2026/09/10/multiple-ai-ipo-anthropic/ | https://www.ocregister.com/2026/09/10/multiple-ai-ipo-anthropic/ | https://www.thereporteronline.com/2026/09/10/multiple-ai-ipo-anthropic/
2026-09-12T11:49:39Z,ipos expected accompany,23,False,True,False,False,1,Wave of AI - driven IPOs expected to accompany Anthropic listing – Oroville Mercury - Register | Wave of AI - driven IPOs expected to accompany Anthropic listing – Orange County Register | Wave of AI - driven IPOs expected to accompany Anthropic listing – thereporteronline,https://www.orovillemr.com/2026/09/10/multiple-ai-ipo-anthropic/ | https://www.ocregister.com/2026/09/10/multiple-ai-ipo-anthropic/ | https://www.thereporteronline.com/2026/09/10/multiple-ai-ipo-anthropic/
2026-09-12T11:49:39Z,expected accompany anthropic,23,False,True,False,False,1,Wave of AI - driven IPOs expected to accompany Anthropic listing – Oroville Mercury - Register | Wave of AI - driven IPOs expected to accompany Anthropic listing – Orange County Register | Wave of AI - driven IPOs expected to accompany Anthropic listing – thereporteronline,https://www.orovillemr.com/2026/09/10/multiple-ai-ipo-anthropic/ | https://www.ocregister.com/2026/09/10/multiple-ai-ipo-anthropic/ | https://www.thereporteronline.com/2026/09/10/multiple-ai-ipo-anthropic/
2026-09-12T11:49:39Z,trump administration,17,False,True,False,False,1,"Trump Administration Loans $100 Million to Africell to Challenge Huawei in Africa , ETTelecom | Trump administration to lend $100 million to Africell , countering Huawei in Africa | Trump administration to lend $100 million to Africell , countering Huawei in Africa",https://telecom.economictimes.indiatimes.com/news/telecom-equipment/trump-administration-to-lend-100-million-to-africell-countering-huawei-in-africa/134046966 | https://www.straitstimes.com/asia/trump-administration-to-lend-100-million-to-africell-countering-huawei-in-africa | https://lufkindailynews.com/news_reuters/business/trump-administration-to-lend-100-million-to-africell-countering-huawei-in-africa/article_7a06463e-487f-55ac-b36c-ff99d92cfbe6.html
2026-09-12T11:49:39Z,administration lends,14,False,True,False,False,1,Trump administration lends $100M to US - owned cellphone network in Africa | Trump administration lends $100M to US - owned cellphone network in Africa | Trump administration lends $100M to US - owned cellphone network in Africa,https://www.thetimes-tribune.com/2026/09/11/trump-administration-cellphone-network-africa/ | https://www.dailylocal.com/2026/09/11/trump-administration-cellphone-network-africa/ | https://www.montereyherald.com/2026/09/11/trump-administration-cellphone-network-africa/
2026-09-12T11:49:39Z,lends owned,14,False,True,False,False,1,Trump administration lends $100M to US - owned cellphone network in Africa | Trump administration lends $100M to US - owned cellphone network in Africa | Trump administration lends $100M to US - owned cellphone network in Africa,https://www.thetimes-tribune.com/2026/09/11/trump-administration-cellphone-network-africa/ | https://www.dailylocal.com/2026/09/11/trump-administration-cellphone-network-africa/ | https://www.montereyherald.com/2026/09/11/trump-administration-cellphone-network-africa/
2026-09-12T11:49:39Z,trump administration lends,14,False,True,False,False,1,Trump administration lends $100M to US - owned cellphone network in Africa | Trump administration lends $100M to US - owned cellphone network in Africa | Trump administration lends $100M to US - owned cellphone network in Africa,https://www.thetimes-tribune.com/2026/09/11/trump-administration-cellphone-network-africa/ | https://www.dailylocal.com/2026/09/11/trump-administration-cellphone-network-africa/ | https://www.montereyherald.com/2026/09/11/trump-administration-cellphone-network-africa/
2026-09-12T11:49:39Z,administration lends owned,14,False,True,False,False,1,Trump administration lends $100M to US - owned cellphone network in Africa | Trump administration lends $100M to US - owned cellphone network in Africa | Trump administration lends $100M to US - owned cellphone network in Africa,https://www.thetimes-tribune.com/2026/09/11/trump-administration-cellphone-network-africa/ | https://www.dailylocal.com/2026/09/11/trump-administration-cellphone-network-africa/ | https://www.montereyherald.com/2026/09/11/trump-administration-cellphone-network-africa/
2026-09-12T11:49:39Z,brics summit,9,False,True,False,False,1,BRICS Summit 2026 : Key likely outcomes as India drives a transformative global agenda in New Delhi | BRICS Summit 2026 : Key likely outcomes as India drives a transformative global agenda in New Delhi | BRICS Summit 2026 : Key likely outcomes as India drives a transformative global agenda in New Delhi,http://www.middleeaststar.com/news/279293033/brics-summit-2026-key-likely-outcomes-as-india-drives-a-transformative-global-agenda-in-new-delhi | https://economictimes.indiatimes.com/news/india/brics-summit-2026-key-likely-outcomes-as-india-drives-a-transformative-global-agenda-in-new-delhi/articleshow/133905594.cms | https://aninews.in/news/world/asia/brics-summit-2026-key-likely-outcomes-as-india-drives-a-transformative-global-agenda-in-new-delhi20260908085217/
2026-09-12T11:49:39Z,dangote refinery,9,False,True,False,False,1,Dangote Refinery Launches $1 . 4 Bn - Plus IPO in Landmark Nigerian Listing | Dangote Refinery listing to push NGX capitalisation above N200trn – Daily Trust | Dangote Refinery gets Nigeria regulator nod for $1 . 6bn IPO,https://chimpreports.com/dangote-refinery-launches-1-4-bn-plus-ipo-in-landmark-nigerian-listing/ | https://dailytrust.com/dangote-refinery-listing-to-push-ngx-capitalisation-above-n200trn/ | https://www.timeslive.co.za/news/business/2026-09-06-dangote-refinery-gets-nigeria-regulators-nod-for-16bn-ipo/
2026-09-12T11:49:39Z,india fta,8,False,True,False,False,1,European Commission presents landmark India FTA to Council for signature | European Commission presents landmark India FTA to Council for signature |   Bold leap for two economic powerhouses : EU Ambassador designate hails India FTA moving one step closer to finish line,https://aninews.in/news/business/european-commission-presents-landmark-india-fta-to-council-for-signature20260911165946/ | http://www.pakistantelegraph.com/news/279301268/european-commission-presents-landmark-india-fta-to-council-for-signature | http://www.europesun.com/news/279301310/bold-leap-for-two-economic-powerhouses-eu-ambassador-designate-hails-india-fta-moving-one-step-closer-to-finish-line
2026-09-12T11:49:39Z,modi gifts,7,False,True,False,False,1,  Confident people - to - people ties will grow with Russian translation of Thirukkural : PM Modi as he gifts sacred Tamil scripture to Putin | PM Modi gifts Russian version of sacred Tamil scripture Thirukkural to Putin during bilateral talks | PM Modi gifts Russian version of sacred Tamil scripture Thirukkural to Putin during bilateral talks,https://aninews.in/news/world/asia/confident-people-to-people-ties-will-grow-with-russian-translation-of-thirukkural-pm-modi-as-he-gifts-sacred-tamil-scripture-to-putin20260911164413/ | https://aninews.in/news/world/asia/pm-modi-gifts-russian-version-of-sacred-tamil-scripture-thirukkural-to-putin-during-bilateral-talks20260911162406/ | http://www.russiaherald.com/news/279301208/pm-modi-gifts-russian-version-of-sacred-tamil-scripture-thirukkural-to-putin-during-bilateral-talks
2026-09-12T11:49:39Z,sacred tamil,7,False,True,False,False,1,  Confident people - to - people ties will grow with Russian translation of Thirukkural : PM Modi as he gifts sacred Tamil scripture to Putin | PM Modi gifts Russian version of sacred Tamil scripture Thirukkural to Putin during bilateral talks | PM Modi gifts Russian version of sacred Tamil scripture Thirukkural to Putin during bilateral talks,https://aninews.in/news/world/asia/confident-people-to-people-ties-will-grow-with-russian-translation-of-thirukkural-pm-modi-as-he-gifts-sacred-tamil-scripture-to-putin20260911164413/ | https://aninews.in/news/world/asia/pm-modi-gifts-russian-version-of-sacred-tamil-scripture-thirukkural-to-putin-during-bilateral-talks20260911162406/ | http://www.russiaherald.com/news/279301208/pm-modi-gifts-russian-version-of-sacred-tamil-scripture-thirukkural-to-putin-during-bilateral-talks
2026-09-12T11:49:39Z,tamil scripture,7,False,True,False,False,1,  Confident people - to - people ties will grow with Russian translation of Thirukkural : PM Modi as he gifts sacred Tamil scripture to Putin | PM Modi gifts Russian version of sacred Tamil scripture Thirukkural to Putin during bilateral talks | PM Modi gifts Russian version of sacred Tamil scripture Thirukkural to Putin during bilateral talks,https://aninews.in/news/world/asia/confident-people-to-people-ties-will-grow-with-russian-translation-of-thirukkural-pm-modi-as-he-gifts-sacred-tamil-scripture-to-putin20260911164413/ | https://aninews.in/news/world/asia/pm-modi-gifts-russian-version-of-sacred-tamil-scripture-thirukkural-to-putin-during-bilateral-talks20260911162406/ | http://www.russiaherald.com/news/279301208/pm-modi-gifts-russian-version-of-sacred-tamil-scripture-thirukkural-to-putin-during-bilateral-talks
2026-09-12T11:49:39Z,sacred tamil scripture,7,False,True,False,False,1,  Confident people - to - people ties will grow with Russian translation of Thirukkural : PM Modi as he gifts sacred Tamil scripture to Putin | PM Modi gifts Russian version of sacred Tamil scripture Thirukkural to Putin during bilateral talks | PM Modi gifts Russian version of sacred Tamil scripture Thirukkural to Putin during bilateral talks,https://aninews.in/news/world/asia/confident-people-to-people-ties-will-grow-with-russian-translation-of-thirukkural-pm-modi-as-he-gifts-sacred-tamil-scripture-to-putin20260911164413/ | https://aninews.in/news/world/asia/pm-modi-gifts-russian-version-of-sacred-tamil-scripture-thirukkural-to-putin-during-bilateral-talks20260911162406/ | http://www.russiaherald.com/news/279301208/pm-modi-gifts-russian-version-of-sacred-tamil-scripture-thirukkural-to-putin-during-bilateral-talks
2026-09-12T11:49:39Z,ai infrastructure,6,False,True,False,False,1,"Google to invest 13 billion euros in AI infrastructure in Finland | AI infrastructure bets drive venture debt toward record levels | Google Invests 13 Billion Euros in AI Infrastructure in Finland , ETTelecom",https://www.businesstimes.com.sg/companies-markets/telcos-media-tech/google-invest-13-billion-euros-ai-infrastructure-finland | https://finance.yahoo.com/technology/ai/articles/ai-infrastructure-bets-drive-venture-101428462.html | https://telecom.economictimes.indiatimes.com/news/internet/google-unveils-13-bn-euro-ai-expansion-in-finland/133990282
2026-09-13T12:35:16Z,kill all,6,False,True,True,False,2,"AI researchers  earnestly believe  it could kill all humans within the next decade , Anthropic researcher says | The 27 - year - old who warned that AI could  kill us all  faces intense scrutiny | The 27 - year - old who warned that AI could  kill us all  faces intense scrutiny",https://www.cbc.ca/news/business/anthropic-researcher-resigned-9.7337789 | https://www.watoday.com.au/technology/the-27-year-old-who-warned-that-ai-could-kill-us-all-faces-intense-scrutiny-20260911-p60wfi.html | https://www.theage.com.au/technology/the-27-year-old-who-warned-that-ai-could-kill-us-all-faces-intense-scrutiny-20260911-p60wfi.html
2026-09-13T12:35:16Z,ai kill all,5,False,True,True,False,2,The 27 - year - old who warned that AI could  kill us all  faces intense scrutiny | The 27 - year - old who warned that AI could  kill us all  faces intense scrutiny | The 27 - year - old who warned that AI could  kill us all  faces intense scrutiny,https://www.watoday.com.au/technology/the-27-year-old-who-warned-that-ai-could-kill-us-all-faces-intense-scrutiny-20260911-p60wfi.html | https://www.theage.com.au/technology/the-27-year-old-who-warned-that-ai-could-kill-us-all-faces-intense-scrutiny-20260911-p60wfi.html | https://www.smh.com.au/technology/the-27-year-old-who-warned-that-ai-could-kill-us-all-faces-intense-scrutiny-20260911-p60wfi.html
2026-09-13T12:35:16Z,artificial intelligence,3,False,True,True,False,2,"Artificial Intelligence : How tech tools are changing work , school and the stock market | Better Artificial Intelligence Stock : Applied Digital vs . Super Micro Computer | Wall Street Finds Its AI Lifeline : How Artificial Intelligence Offers Fresh Exits for Trapped Private Equity Billions",https://originals.azpm.org/p/navigating/2026/9/8/231120-artificial-intelligence-how-tech-tools-are-changing-work-school-and-the-stock-market/ | https://www.fool.com/coverage/better-buy/2026/09/09/better-artificial-intelligence-stock-applied-digital-vs-super-micro-computer/?source=iedfolrf0000001 | https://www.webpronews.com/wall-street-finds-its-ai-lifeline-how-artificial-intelligence-offers-fresh-exits-for-trapped-private-equity-billions/
2026-09-13T12:35:16Z,nuclear plant,3,False,True,True,False,2,Energy Department loans $1 . 9B to restart Iowa nuclear plant | Energy Department loans $1 . 9B to restart Iowa nuclear plant | Google agrees to buy up to 50 % of Finnish nuclear plant capacity from Fortum,https://www.fairfieldsuntimes.com/news/national/energy-department-loans-1-9b-to-restart-iowa-nuclear-plant/article_08994566-c882-5aa4-b1df-a2faf435b160.html | https://www.hometownregister.com/news/national/energy-department-loans-1-9b-to-restart-iowa-nuclear-plant/article_f3f563d1-5fe9-509e-87d7-35eb05418741.html | https://www.moneycontrol.com/news/business/google-agrees-to-buy-up-to-50-of-finnish-nuclear-plant-capacity-from-fortum-14026489.html
2026-09-13T12:35:16Z,oil gas,2,False,True,True,False,2,"APO Group - Africa Newsroom / Press release | The Dealmakers Are Set to Storm Windhoek : Nigerian Governors and CORAN Bigwigs Set to Storm International African Energy , Oil and Gas Summit ( IAEOGS ) 2026 to Unlock Africa Energy Future | Battalion Oil Corporation Announces Strategic Investment in Collide , the AI - Native Operations System for Oil and Gas",https://www.africa-newsroom.com/press/the-dealmakers-are-set-to-storm-windhoek-nigerian-governors-and-coran-bigwigs-set-to-storm-iaeogs-2026-to-unlock-africas-energy-future | https://www.manilatimes.net/2026/09/09/tmt-newswire/globenewswire/battalion-oil-corporation-announces-strategic-investment-in-collide-the-ai-native-operations-system-for-oil-and-gas/2421103
2026-09-13T12:35:16Z,derivatives trading,2,False,True,True,False,2,"SEBI Likely To Allow FPIs In Commodity Derivatives Trading : Report | Zoomex Stock Brings Tesla 6 % Surge and Nvidia Choppy Session Within Reach Through Fair , Rule - Based Derivatives Trading",https://www.freepressjournal.in/business/sebi-likely-to-allow-fpis-in-commodity-derivatives-trading-report | https://bravenewcoin.com/press-release/zoomex-stock-brings-teslas-6-surge-and-nvidias-choppy-session-within-reach-through-fair-rule-based-derivatives-trading
2026-09-13T12:35:16Z,trading down,2,False,True,True,False,2,Apple ( NASDAQ : AAPL ) Trading Down 1 . 2 % – What Next ?  | Nebius Group ( NASDAQ : NBIS ) Trading Down 5 . 1 % – Time to Sell ? ,https://www.themarketsdaily.com/2026/09/08/apple-nasdaqaapl-trading-down-1-2-whats-next.html | https://www.dailypolitical.com/2026/09/10/nebius-group-nasdaqnbis-trading-down-5-1-time-to-sell.html
2026-09-13T12:35:16Z,down next,2,False,True,True,False,2,Apple ( NASDAQ : AAPL ) Trading Down 1 . 2 % – What Next ?  | Cisco Systems ( NASDAQ : CSCO ) Stock Price Down 1 . 8 % – What Next ?  | NVIDIA ( NASDAQ : NVDA ) Shares Down 2 . 4 % – What Next ? ,https://www.themarketsdaily.com/2026/09/08/apple-nasdaqaapl-trading-down-1-2-whats-next.html | https://www.themarketsdaily.com/2026/09/10/cisco-systems-nasdaqcsco-stock-price-down-1-8-whats-next.html | https://www.dailypolitical.com/2026/09/10/nvidia-nasdaqnvda-shares-down-2-4-whats-next.html
2026-09-13T12:35:16Z,lead next,2,False,True,True,False,2,"Opus Origin Taps Greg Topalian to Lead its Next Chapter of North American Growth | India New Industrial Revolution : Chips , Space and Data Centres Lead Next Manufacturing Growth Wave , Says Jefferies",https://www.exhibitoronline.com/news/article.asp?ID=25377 | https://openthemagazine.com/india/chips-space-and-data-centres-jefferies-flags-indias-next-industrial-revolution
2026-09-13T12:35:16Z,google plans,2,False,True,True,False,2,"Google plans for $15B AI build - out in Finland | The Arkansas Democrat - Gazette | Google plans EUR13 billion Finland investment to expand data centers , clean energy",https://www.arkansasonline.com/news/2026/sep/10/google-plans-for-15b-ai-build-out-in-finland/ | https://www.digitimes.com/news/a20260910PR201/google-finland-investment-data-center-expansion.html
2026-09-13T12:35:16Z,price down,2,False,True,True,False,2,Sandisk ( NASDAQ : SNDK ) Stock Price Down 4 . 1 % – Here What Happened | Cisco Systems ( NASDAQ : CSCO ) Stock Price Down 1 . 8 % – What Next ?  | Vistra ( NYSE : VST ) Stock Price Down 2 . 4 % on Insider Selling,https://www.dailypolitical.com/2026/09/10/sandisk-nasdaqsndk-stock-price-down-4-1-heres-what-happened.html | https://www.themarketsdaily.com/2026/09/10/cisco-systems-nasdaqcsco-stock-price-down-1-8-whats-next.html | https://www.themarketsdaily.com/2026/09/10/vistra-nysevst-stock-price-down-2-4-on-insider-selling.html
2026-09-13T12:35:16Z,growth sectors,26,False,True,False,False,1,Jefferies flags  India New Industrial Revolution  across six high - growth sectors | Jefferies flags  India New Industrial Revolution  across six high - growth sectors | Jefferies flags  India New Industrial Revolution  across six high - growth sectors,http://www.britainnews.net/news/279297968/jefferies-flags-india-new-industrial-revolution-across-six-high-growth-sectors | http://www.myanmarnews.net/news/279297968/jefferies-flags-india-new-industrial-revolution-across-six-high-growth-sectors | http://www.newzealandstar.com/news/279297968/jefferies-flags-india-new-industrial-revolution-across-six-high-growth-sectors
2026-09-13T12:35:16Z,jefferies flags,25,False,True,False,False,1,Jefferies flags  India New Industrial Revolution  across six high - growth sectors | Jefferies flags  India New Industrial Revolution  across six high - growth sectors | Jefferies flags  India New Industrial Revolution  across six high - growth sectors,http://www.britainnews.net/news/279297968/jefferies-flags-india-new-industrial-revolution-across-six-high-growth-sectors | http://www.myanmarnews.net/news/279297968/jefferies-flags-india-new-industrial-revolution-across-six-high-growth-sectors | http://www.newzealandstar.com/news/279297968/jefferies-flags-india-new-industrial-revolution-across-six-high-growth-sectors
2026-09-13T12:35:16Z,across six,25,False,True,False,False,1,Jefferies flags  India New Industrial Revolution  across six high - growth sectors | Jefferies flags  India New Industrial Revolution  across six high - growth sectors | Jefferies flags  India New Industrial Revolution  across six high - growth sectors,http://www.britainnews.net/news/279297968/jefferies-flags-india-new-industrial-revolution-across-six-high-growth-sectors | http://www.myanmarnews.net/news/279297968/jefferies-flags-india-new-industrial-revolution-across-six-high-growth-sectors | http://www.newzealandstar.com/news/279297968/jefferies-flags-india-new-industrial-revolution-across-six-high-growth-sectors
2026-09-13T12:35:16Z,ai driven,24,False,True,False,False,1,AI - Driven IPO Wave Set to Accompany Anthropic Listing | Wave of AI - driven IPOs expected to accompany Anthropic listing – Oroville Mercury - Register | Wave of AI - driven IPOs expected to accompany Anthropic listing – Orange County Register,https://www.livemint.com/market/aidriven-ipo-wave-set-to-accompany-anthropic-listing-11788992244915.html | https://www.orovillemr.com/2026/09/10/multiple-ai-ipo-anthropic/ | https://www.ocregister.com/2026/09/10/multiple-ai-ipo-anthropic/
2026-09-13T12:35:16Z,accompany anthropic,24,False,True,False,False,1,AI - Driven IPO Wave Set to Accompany Anthropic Listing | Wave of AI - driven IPOs expected to accompany Anthropic listing – Oroville Mercury - Register | Wave of AI - driven IPOs expected to accompany Anthropic listing – Orange County Register,https://www.livemint.com/market/aidriven-ipo-wave-set-to-accompany-anthropic-listing-11788992244915.html | https://www.orovillemr.com/2026/09/10/multiple-ai-ipo-anthropic/ | https://www.ocregister.com/2026/09/10/multiple-ai-ipo-anthropic/
2026-09-13T12:35:16Z,anthropic listing,24,False,True,False,False,1,AI - Driven IPO Wave Set to Accompany Anthropic Listing | Wave of AI - driven IPOs expected to accompany Anthropic listing – Oroville Mercury - Register | Wave of AI - driven IPOs expected to accompany Anthropic listing – Orange County Register,https://www.livemint.com/market/aidriven-ipo-wave-set-to-accompany-anthropic-listing-11788992244915.html | https://www.orovillemr.com/2026/09/10/multiple-ai-ipo-anthropic/ | https://www.ocregister.com/2026/09/10/multiple-ai-ipo-anthropic/
2026-09-13T12:35:16Z,accompany anthropic listing,24,False,True,False,False,1,AI - Driven IPO Wave Set to Accompany Anthropic Listing | Wave of AI - driven IPOs expected to accompany Anthropic listing – Oroville Mercury - Register | Wave of AI - driven IPOs expected to accompany Anthropic listing – Orange County Register,https://www.livemint.com/market/aidriven-ipo-wave-set-to-accompany-anthropic-listing-11788992244915.html | https://www.orovillemr.com/2026/09/10/multiple-ai-ipo-anthropic/ | https://www.ocregister.com/2026/09/10/multiple-ai-ipo-anthropic/
2026-09-13T12:35:16Z,wave ai,23,False,True,False,False,1,Wave of AI - driven IPOs expected to accompany Anthropic listing – Oroville Mercury - Register | Wave of AI - driven IPOs expected to accompany Anthropic listing – Orange County Register | Wave of AI - driven IPOs expected to accompany Anthropic listing – thereporteronline,https://www.orovillemr.com/2026/09/10/multiple-ai-ipo-anthropic/ | https://www.ocregister.com/2026/09/10/multiple-ai-ipo-anthropic/ | https://www.thereporteronline.com/2026/09/10/multiple-ai-ipo-anthropic/
2026-09-13T12:35:16Z,driven ipos,23,False,True,False,False,1,Wave of AI - driven IPOs expected to accompany Anthropic listing – Oroville Mercury - Register | Wave of AI - driven IPOs expected to accompany Anthropic listing – Orange County Register | Wave of AI - driven IPOs expected to accompany Anthropic listing – thereporteronline,https://www.orovillemr.com/2026/09/10/multiple-ai-ipo-anthropic/ | https://www.ocregister.com/2026/09/10/multiple-ai-ipo-anthropic/ | https://www.thereporteronline.com/2026/09/10/multiple-ai-ipo-anthropic/
2026-09-13T12:35:16Z,ipos expected,23,False,True,False,False,1,Wave of AI - driven IPOs expected to accompany Anthropic listing – Oroville Mercury - Register | Wave of AI - driven IPOs expected to accompany Anthropic listing – Orange County Register | Wave of AI - driven IPOs expected to accompany Anthropic listing – thereporteronline,https://www.orovillemr.com/2026/09/10/multiple-ai-ipo-anthropic/ | https://www.ocregister.com/2026/09/10/multiple-ai-ipo-anthropic/ | https://www.thereporteronline.com/2026/09/10/multiple-ai-ipo-anthropic/
2026-09-13T12:35:16Z,expected accompany,23,False,True,False,False,1,Wave of AI - driven IPOs expected to accompany Anthropic listing – Oroville Mercury - Register | Wave of AI - driven IPOs expected to accompany Anthropic listing – Orange County Register | Wave of AI - driven IPOs expected to accompany Anthropic listing – thereporteronline,https://www.orovillemr.com/2026/09/10/multiple-ai-ipo-anthropic/ | https://www.ocregister.com/2026/09/10/multiple-ai-ipo-anthropic/ | https://www.thereporteronline.com/2026/09/10/multiple-ai-ipo-anthropic/
2026-09-13T12:35:16Z,wave ai driven,23,False,True,False,False,1,Wave of AI - driven IPOs expected to accompany Anthropic listing – Oroville Mercury - Register | Wave of AI - driven IPOs expected to accompany Anthropic listing – Orange County Register | Wave of AI - driven IPOs expected to accompany Anthropic listing – thereporteronline,https://www.orovillemr.com/2026/09/10/multiple-ai-ipo-anthropic/ | https://www.ocregister.com/2026/09/10/multiple-ai-ipo-anthropic/ | https://www.thereporteronline.com/2026/09/10/multiple-ai-ipo-anthropic/
2026-09-13T12:35:16Z,ai driven ipos,23,False,True,False,False,1,Wave of AI - driven IPOs expected to accompany Anthropic listing – Oroville Mercury - Register | Wave of AI - driven IPOs expected to accompany Anthropic listing – Orange County Register | Wave of AI - driven IPOs expected to accompany Anthropic listing – thereporteronline,https://www.orovillemr.com/2026/09/10/multiple-ai-ipo-anthropic/ | https://www.ocregister.com/2026/09/10/multiple-ai-ipo-anthropic/ | https://www.thereporteronline.com/2026/09/10/multiple-ai-ipo-anthropic/
2026-09-13T12:35:16Z,driven ipos expected,23,False,True,False,False,1,Wave of AI - driven IPOs expected to accompany Anthropic listing – Oroville Mercury - Register | Wave of AI - driven IPOs expected to accompany Anthropic listing – Orange County Register | Wave of AI - driven IPOs expected to accompany Anthropic listing – thereporteronline,https://www.orovillemr.com/2026/09/10/multiple-ai-ipo-anthropic/ | https://www.ocregister.com/2026/09/10/multiple-ai-ipo-anthropic/ | https://www.thereporteronline.com/2026/09/10/multiple-ai-ipo-anthropic/
2026-09-13T12:35:16Z,ipos expected accompany,23,False,True,False,False,1,Wave of AI - driven IPOs expected to accompany Anthropic listing – Oroville Mercury - Register | Wave of AI - driven IPOs expected to accompany Anthropic listing – Orange County Register | Wave of AI - driven IPOs expected to accompany Anthropic listing – thereporteronline,https://www.orovillemr.com/2026/09/10/multiple-ai-ipo-anthropic/ | https://www.ocregister.com/2026/09/10/multiple-ai-ipo-anthropic/ | https://www.thereporteronline.com/2026/09/10/multiple-ai-ipo-anthropic/
2026-09-13T12:35:16Z,expected accompany anthropic,23,False,True,False,False,1,Wave of AI - driven IPOs expected to accompany Anthropic listing – Oroville Mercury - Register | Wave of AI - driven IPOs expected to accompany Anthropic listing – Orange County Register | Wave of AI - driven IPOs expected to accompany Anthropic listing – thereporteronline,https://www.orovillemr.com/2026/09/10/multiple-ai-ipo-anthropic/ | https://www.ocregister.com/2026/09/10/multiple-ai-ipo-anthropic/ | https://www.thereporteronline.com/2026/09/10/multiple-ai-ipo-anthropic/
2026-09-13T12:35:16Z,trump administration,17,False,True,False,False,1,"Trump Administration Loans $100 Million to Africell to Challenge Huawei in Africa , ETTelecom | Trump administration to lend $100 million to Africell , countering Huawei in Africa | Trump administration to lend $100 million to Africell , countering Huawei in Africa",https://telecom.economictimes.indiatimes.com/news/telecom-equipment/trump-administration-to-lend-100-million-to-africell-countering-huawei-in-africa/134046966 | https://www.straitstimes.com/asia/trump-administration-to-lend-100-million-to-africell-countering-huawei-in-africa | https://lufkindailynews.com/news_reuters/business/trump-administration-to-lend-100-million-to-africell-countering-huawei-in-africa/article_7a06463e-487f-55ac-b36c-ff99d92cfbe6.html
2026-09-13T12:35:16Z,administration lends,14,False,True,False,False,1,Trump administration lends $100M to US - owned cellphone network in Africa | Trump administration lends $100M to US - owned cellphone network in Africa | Trump administration lends $100M to US - owned cellphone network in Africa,https://www.thetimes-tribune.com/2026/09/11/trump-administration-cellphone-network-africa/ | https://www.dailylocal.com/2026/09/11/trump-administration-cellphone-network-africa/ | https://www.montereyherald.com/2026/09/11/trump-administration-cellphone-network-africa/
2026-09-13T12:35:16Z,lends owned,14,False,True,False,False,1,Trump administration lends $100M to US - owned cellphone network in Africa | Trump administration lends $100M to US - owned cellphone network in Africa | Trump administration lends $100M to US - owned cellphone network in Africa,https://www.thetimes-tribune.com/2026/09/11/trump-administration-cellphone-network-africa/ | https://www.dailylocal.com/2026/09/11/trump-administration-cellphone-network-africa/ | https://www.montereyherald.com/2026/09/11/trump-administration-cellphone-network-africa/
2026-09-13T12:35:16Z,trump administration lends,14,False,True,False,False,1,Trump administration lends $100M to US - owned cellphone network in Africa | Trump administration lends $100M to US - owned cellphone network in Africa | Trump administration lends $100M to US - owned cellphone network in Africa,https://www.thetimes-tribune.com/2026/09/11/trump-administration-cellphone-network-africa/ | https://www.dailylocal.com/2026/09/11/trump-administration-cellphone-network-africa/ | https://www.montereyherald.com/2026/09/11/trump-administration-cellphone-network-africa/
2026-09-13T12:35:16Z,administration lends owned,14,False,True,False,False,1,Trump administration lends $100M to US - owned cellphone network in Africa | Trump administration lends $100M to US - owned cellphone network in Africa | Trump administration lends $100M to US - owned cellphone network in Africa,https://www.thetimes-tribune.com/2026/09/11/trump-administration-cellphone-network-africa/ | https://www.dailylocal.com/2026/09/11/trump-administration-cellphone-network-africa/ | https://www.montereyherald.com/2026/09/11/trump-administration-cellphone-network-africa/
2026-09-13T12:35:16Z,brics summit,9,False,True,False,False,1,BRICS Summit 2026 : Key likely outcomes as India drives a transformative global agenda in New Delhi | BRICS Summit 2026 : Key likely outcomes as India drives a transformative global agenda in New Delhi | BRICS Summit 2026 : Key likely outcomes as India drives a transformative global agenda in New Delhi,http://www.middleeaststar.com/news/279293033/brics-summit-2026-key-likely-outcomes-as-india-drives-a-transformative-global-agenda-in-new-delhi | https://economictimes.indiatimes.com/news/india/brics-summit-2026-key-likely-outcomes-as-india-drives-a-transformative-global-agenda-in-new-delhi/articleshow/133905594.cms | https://aninews.in/news/world/asia/brics-summit-2026-key-likely-outcomes-as-india-drives-a-transformative-global-agenda-in-new-delhi20260908085217/
2026-09-13T12:35:16Z,dangote refinery,9,False,True,False,False,1,Dangote Refinery Launches $1 . 4 Bn - Plus IPO in Landmark Nigerian Listing | Dangote Refinery listing to push NGX capitalisation above N200trn – Daily Trust | Dangote Refinery gets Nigeria regulator nod for $1 . 6bn IPO,https://chimpreports.com/dangote-refinery-launches-1-4-bn-plus-ipo-in-landmark-nigerian-listing/ | https://dailytrust.com/dangote-refinery-listing-to-push-ngx-capitalisation-above-n200trn/ | https://www.timeslive.co.za/news/business/2026-09-06-dangote-refinery-gets-nigeria-regulators-nod-for-16bn-ipo/
2026-09-13T12:35:16Z,india fta,8,False,True,False,False,1,European Commission presents landmark India FTA to Council for signature | European Commission presents landmark India FTA to Council for signature |   Bold leap for two economic powerhouses : EU Ambassador designate hails India FTA moving one step closer to finish line,https://aninews.in/news/business/european-commission-presents-landmark-india-fta-to-council-for-signature20260911165946/ | http://www.pakistantelegraph.com/news/279301268/european-commission-presents-landmark-india-fta-to-council-for-signature | http://www.europesun.com/news/279301310/bold-leap-for-two-economic-powerhouses-eu-ambassador-designate-hails-india-fta-moving-one-step-closer-to-finish-line
2026-09-13T12:35:16Z,modi gifts,7,False,True,False,False,1,  Confident people - to - people ties will grow with Russian translation of Thirukkural : PM Modi as he gifts sacred Tamil scripture to Putin | PM Modi gifts Russian version of sacred Tamil scripture Thirukkural to Putin during bilateral talks | PM Modi gifts Russian version of sacred Tamil scripture Thirukkural to Putin during bilateral talks,https://aninews.in/news/world/asia/confident-people-to-people-ties-will-grow-with-russian-translation-of-thirukkural-pm-modi-as-he-gifts-sacred-tamil-scripture-to-putin20260911164413/ | https://aninews.in/news/world/asia/pm-modi-gifts-russian-version-of-sacred-tamil-scripture-thirukkural-to-putin-during-bilateral-talks20260911162406/ | http://www.russiaherald.com/news/279301208/pm-modi-gifts-russian-version-of-sacred-tamil-scripture-thirukkural-to-putin-during-bilateral-talks
2026-09-13T12:35:16Z,sacred tamil,7,False,True,False,False,1,  Confident people - to - people ties will grow with Russian translation of Thirukkural : PM Modi as he gifts sacred Tamil scripture to Putin | PM Modi gifts Russian version of sacred Tamil scripture Thirukkural to Putin during bilateral talks | PM Modi gifts Russian version of sacred Tamil scripture Thirukkural to Putin during bilateral talks,https://aninews.in/news/world/asia/confident-people-to-people-ties-will-grow-with-russian-translation-of-thirukkural-pm-modi-as-he-gifts-sacred-tamil-scripture-to-putin20260911164413/ | https://aninews.in/news/world/asia/pm-modi-gifts-russian-version-of-sacred-tamil-scripture-thirukkural-to-putin-during-bilateral-talks20260911162406/ | http://www.russiaherald.com/news/279301208/pm-modi-gifts-russian-version-of-sacred-tamil-scripture-thirukkural-to-putin-during-bilateral-talks
2026-09-13T12:35:16Z,tamil scripture,7,False,True,False,False,1,  Confident people - to - people ties will grow with Russian translation of Thirukkural : PM Modi as he gifts sacred Tamil scripture to Putin | PM Modi gifts Russian version of sacred Tamil scripture Thirukkural to Putin during bilateral talks | PM Modi gifts Russian version of sacred Tamil scripture Thirukkural to Putin during bilateral talks,https://aninews.in/news/world/asia/confident-people-to-people-ties-will-grow-with-russian-translation-of-thirukkural-pm-modi-as-he-gifts-sacred-tamil-scripture-to-putin20260911164413/ | https://aninews.in/news/world/asia/pm-modi-gifts-russian-version-of-sacred-tamil-scripture-thirukkural-to-putin-during-bilateral-talks20260911162406/ | http://www.russiaherald.com/news/279301208/pm-modi-gifts-russian-version-of-sacred-tamil-scripture-thirukkural-to-putin-during-bilateral-talks
2026-09-13T12:35:16Z,sacred tamil scripture,7,False,True,False,False,1,  Confident people - to - people ties will grow with Russian translation of Thirukkural : PM Modi as he gifts sacred Tamil scripture to Putin | PM Modi gifts Russian version of sacred Tamil scripture Thirukkural to Putin during bilateral talks | PM Modi gifts Russian version of sacred Tamil scripture Thirukkural to Putin during bilateral talks,https://aninews.in/news/world/asia/confident-people-to-people-ties-will-grow-with-russian-translation-of-thirukkural-pm-modi-as-he-gifts-sacred-tamil-scripture-to-putin20260911164413/ | https://aninews.in/news/world/asia/pm-modi-gifts-russian-version-of-sacred-tamil-scripture-thirukkural-to-putin-during-bilateral-talks20260911162406/ | http://www.russiaherald.com/news/279301208/pm-modi-gifts-russian-version-of-sacred-tamil-scripture-thirukkural-to-putin-during-bilateral-talks
2026-09-13T12:35:16Z,ai infrastructure,6,False,True,False,False,1,"Google to invest 13 billion euros in AI infrastructure in Finland | AI infrastructure bets drive venture debt toward record levels | Google Invests 13 Billion Euros in AI Infrastructure in Finland , ETTelecom",https://www.businesstimes.com.sg/companies-markets/telcos-media-tech/google-invest-13-billion-euros-ai-infrastructure-finland | https://finance.yahoo.com/technology/ai/articles/ai-infrastructure-bets-drive-venture-101428462.html | https://telecom.economictimes.indiatimes.com/news/internet/google-unveils-13-bn-euro-ai-expansion-in-finland/133990282
2026-09-13T12:48:20Z,google plans,15,False,True,True,False,2,"Google plans for $15B AI build - out in Finland | The Arkansas Democrat - Gazette | Google plans EUR13 billion Finland investment to expand data centers , clean energy | Google plans $15 billion Finland AI push , signs nuclear deal",https://www.arkansasonline.com/news/2026/sep/10/google-plans-for-15b-ai-build-out-in-finland/ | https://www.digitimes.com/news/a20260910PR201/google-finland-investment-data-center-expansion.html | http://www.dallassun.com/news/279296760/google-plans-usd15-billion-finland-ai-push-signs-nuclear-deal
2026-09-13T12:48:20Z,kill all,6,False,True,True,False,2,"AI researchers  earnestly believe  it could kill all humans within the next decade , Anthropic researcher says | The 27 - year - old who warned that AI could  kill us all  faces intense scrutiny | The 27 - year - old who warned that AI could  kill us all  faces intense scrutiny",https://www.cbc.ca/news/business/anthropic-researcher-resigned-9.7337789 | https://www.watoday.com.au/technology/the-27-year-old-who-warned-that-ai-could-kill-us-all-faces-intense-scrutiny-20260911-p60wfi.html | https://www.theage.com.au/technology/the-27-year-old-who-warned-that-ai-could-kill-us-all-faces-intense-scrutiny-20260911-p60wfi.html
2026-09-13T12:48:20Z,ai kill all,5,False,True,True,False,2,The 27 - year - old who warned that AI could  kill us all  faces intense scrutiny | The 27 - year - old who warned that AI could  kill us all  faces intense scrutiny | The 27 - year - old who warned that AI could  kill us all  faces intense scrutiny,https://www.watoday.com.au/technology/the-27-year-old-who-warned-that-ai-could-kill-us-all-faces-intense-scrutiny-20260911-p60wfi.html | https://www.theage.com.au/technology/the-27-year-old-who-warned-that-ai-could-kill-us-all-faces-intense-scrutiny-20260911-p60wfi.html | https://www.smh.com.au/technology/the-27-year-old-who-warned-that-ai-could-kill-us-all-faces-intense-scrutiny-20260911-p60wfi.html
2026-09-13T12:48:20Z,artificial intelligence,4,False,True,True,False,2,"Artificial Intelligence : How tech tools are changing work , school and the stock market | Better Artificial Intelligence Stock : Applied Digital vs . Super Micro Computer | Wall Street Finds Its AI Lifeline : How Artificial Intelligence Offers Fresh Exits for Trapped Private Equity Billions",https://originals.azpm.org/p/navigating/2026/9/8/231120-artificial-intelligence-how-tech-tools-are-changing-work-school-and-the-stock-market/ | https://www.fool.com/coverage/better-buy/2026/09/09/better-artificial-intelligence-stock-applied-digital-vs-super-micro-computer/?source=iedfolrf0000001 | https://www.webpronews.com/wall-street-finds-its-ai-lifeline-how-artificial-intelligence-offers-fresh-exits-for-trapped-private-equity-billions/
2026-09-13T12:48:20Z,nuclear plant,3,False,True,True,False,2,Energy Department loans $1 . 9B to restart Iowa nuclear plant | Energy Department loans $1 . 9B to restart Iowa nuclear plant | Google agrees to buy up to 50 % of Finnish nuclear plant capacity from Fortum,https://www.fairfieldsuntimes.com/news/national/energy-department-loans-1-9b-to-restart-iowa-nuclear-plant/article_08994566-c882-5aa4-b1df-a2faf435b160.html | https://www.hometownregister.com/news/national/energy-department-loans-1-9b-to-restart-iowa-nuclear-plant/article_f3f563d1-5fe9-509e-87d7-35eb05418741.html | https://www.moneycontrol.com/news/business/google-agrees-to-buy-up-to-50-of-finnish-nuclear-plant-capacity-from-fortum-14026489.html
2026-09-13T12:48:20Z,oil gas,2,False,True,True,False,2,"APO Group - Africa Newsroom / Press release | The Dealmakers Are Set to Storm Windhoek : Nigerian Governors and CORAN Bigwigs Set to Storm International African Energy , Oil and Gas Summit ( IAEOGS ) 2026 to Unlock Africa Energy Future | Battalion Oil Corporation Announces Strategic Investment in Collide , the AI - Native Operations System for Oil and Gas",https://www.africa-newsroom.com/press/the-dealmakers-are-set-to-storm-windhoek-nigerian-governors-and-coran-bigwigs-set-to-storm-iaeogs-2026-to-unlock-africas-energy-future | https://www.manilatimes.net/2026/09/09/tmt-newswire/globenewswire/battalion-oil-corporation-announces-strategic-investment-in-collide-the-ai-native-operations-system-for-oil-and-gas/2421103
2026-09-13T12:48:20Z,derivatives trading,2,False,True,True,False,2,"SEBI Likely To Allow FPIs In Commodity Derivatives Trading : Report | Zoomex Stock Brings Tesla 6 % Surge and Nvidia Choppy Session Within Reach Through Fair , Rule - Based Derivatives Trading",https://www.freepressjournal.in/business/sebi-likely-to-allow-fpis-in-commodity-derivatives-trading-report | https://bravenewcoin.com/press-release/zoomex-stock-brings-teslas-6-surge-and-nvidias-choppy-session-within-reach-through-fair-rule-based-derivatives-trading
2026-09-13T12:48:20Z,land use,2,False,True,True,False,2,"Americans are turning against AI data centers as local fears over water , power costs , and land use keep growing nationwide | Opinion : Evaluating data centers as land use application proposals",https://www.techradar.com/pro/69-of-americans-oppose-local-ai-data-centers-in-2026-poll-trump-blasts-blocking-communities-on-truth-social-for-choosing-poverty-over-server-farms-throwing-off-tremendous-amounts-of-money | https://www.morningjournal.com/2026/09/12/opinion-evaluating-data-centers-as-land-use-application-proposals/
2026-09-13T12:48:20Z,trading down,2,False,True,True,False,2,Apple ( NASDAQ : AAPL ) Trading Down 1 . 2 % – What Next ?  | Nebius Group ( NASDAQ : NBIS ) Trading Down 5 . 1 % – Time to Sell ? ,https://www.themarketsdaily.com/2026/09/08/apple-nasdaqaapl-trading-down-1-2-whats-next.html | https://www.dailypolitical.com/2026/09/10/nebius-group-nasdaqnbis-trading-down-5-1-time-to-sell.html
2026-09-13T12:48:20Z,down next,2,False,True,True,False,2,Apple ( NASDAQ : AAPL ) Trading Down 1 . 2 % – What Next ?  | Cisco Systems ( NASDAQ : CSCO ) Stock Price Down 1 . 8 % – What Next ?  | NVIDIA ( NASDAQ : NVDA ) Shares Down 2 . 4 % – What Next ? ,https://www.themarketsdaily.com/2026/09/08/apple-nasdaqaapl-trading-down-1-2-whats-next.html | https://www.themarketsdaily.com/2026/09/10/cisco-systems-nasdaqcsco-stock-price-down-1-8-whats-next.html | https://www.dailypolitical.com/2026/09/10/nvidia-nasdaqnvda-shares-down-2-4-whats-next.html
2026-09-13T12:48:20Z,lead next,2,False,True,True,False,2,"Opus Origin Taps Greg Topalian to Lead its Next Chapter of North American Growth | India New Industrial Revolution : Chips , Space and Data Centres Lead Next Manufacturing Growth Wave , Says Jefferies",https://www.exhibitoronline.com/news/article.asp?ID=25377 | https://openthemagazine.com/india/chips-space-and-data-centres-jefferies-flags-indias-next-industrial-revolution
2026-09-13T12:48:20Z,price down,2,False,True,True,False,2,Sandisk ( NASDAQ : SNDK ) Stock Price Down 4 . 1 % – Here What Happened | Cisco Systems ( NASDAQ : CSCO ) Stock Price Down 1 . 8 % – What Next ?  | Vistra ( NYSE : VST ) Stock Price Down 2 . 4 % on Insider Selling,https://www.dailypolitical.com/2026/09/10/sandisk-nasdaqsndk-stock-price-down-4-1-heres-what-happened.html | https://www.themarketsdaily.com/2026/09/10/cisco-systems-nasdaqcsco-stock-price-down-1-8-whats-next.html | https://www.themarketsdaily.com/2026/09/10/vistra-nysevst-stock-price-down-2-4-on-insider-selling.html
2026-09-13T12:48:20Z,down selling,2,False,True,True,False,2,Vistra ( NYSE : VST ) Stock Price Down 2 . 4 % on Insider Selling | Arista Networks ( NYSE : ANET ) Stock Price Down 2 % After Insider Selling,https://www.themarketsdaily.com/2026/09/10/vistra-nysevst-stock-price-down-2-4-on-insider-selling.html | https://www.dailypolitical.com/2026/09/12/arista-networks-nyseanet-stock-price-down-2-after-insider-selling.html
2026-09-13T12:48:20Z,price down selling,2,False,True,True,False,2,Vistra ( NYSE : VST ) Stock Price Down 2 . 4 % on Insider Selling | Arista Networks ( NYSE : ANET ) Stock Price Down 2 % After Insider Selling,https://www.themarketsdaily.com/2026/09/10/vistra-nysevst-stock-price-down-2-4-on-insider-selling.html | https://www.dailypolitical.com/2026/09/12/arista-networks-nyseanet-stock-price-down-2-after-insider-selling.html
2026-09-13T12:48:20Z,growth sectors,26,False,True,False,False,1,Jefferies flags  India New Industrial Revolution  across six high - growth sectors | Jefferies flags  India New Industrial Revolution  across six high - growth sectors | Jefferies flags  India New Industrial Revolution  across six high - growth sectors,http://www.britainnews.net/news/279297968/jefferies-flags-india-new-industrial-revolution-across-six-high-growth-sectors | http://www.myanmarnews.net/news/279297968/jefferies-flags-india-new-industrial-revolution-across-six-high-growth-sectors | http://www.newzealandstar.com/news/279297968/jefferies-flags-india-new-industrial-revolution-across-six-high-growth-sectors
2026-09-13T12:48:20Z,jefferies flags,25,False,True,False,False,1,Jefferies flags  India New Industrial Revolution  across six high - growth sectors | Jefferies flags  India New Industrial Revolution  across six high - growth sectors | Jefferies flags  India New Industrial Revolution  across six high - growth sectors,http://www.britainnews.net/news/279297968/jefferies-flags-india-new-industrial-revolution-across-six-high-growth-sectors | http://www.myanmarnews.net/news/279297968/jefferies-flags-india-new-industrial-revolution-across-six-high-growth-sectors | http://www.newzealandstar.com/news/279297968/jefferies-flags-india-new-industrial-revolution-across-six-high-growth-sectors
2026-09-13T12:48:20Z,across six,25,False,True,False,False,1,Jefferies flags  India New Industrial Revolution  across six high - growth sectors | Jefferies flags  India New Industrial Revolution  across six high - growth sectors | Jefferies flags  India New Industrial Revolution  across six high - growth sectors,http://www.britainnews.net/news/279297968/jefferies-flags-india-new-industrial-revolution-across-six-high-growth-sectors | http://www.myanmarnews.net/news/279297968/jefferies-flags-india-new-industrial-revolution-across-six-high-growth-sectors | http://www.newzealandstar.com/news/279297968/jefferies-flags-india-new-industrial-revolution-across-six-high-growth-sectors
2026-09-13T12:48:20Z,ai driven,24,False,True,False,False,1,AI - Driven IPO Wave Set to Accompany Anthropic Listing | Wave of AI - driven IPOs expected to accompany Anthropic listing – Oroville Mercury - Register | Wave of AI - driven IPOs expected to accompany Anthropic listing – Orange County Register,https://www.livemint.com/market/aidriven-ipo-wave-set-to-accompany-anthropic-listing-11788992244915.html | https://www.orovillemr.com/2026/09/10/multiple-ai-ipo-anthropic/ | https://www.ocregister.com/2026/09/10/multiple-ai-ipo-anthropic/
2026-09-13T12:48:20Z,accompany anthropic,24,False,True,False,False,1,AI - Driven IPO Wave Set to Accompany Anthropic Listing | Wave of AI - driven IPOs expected to accompany Anthropic listing – Oroville Mercury - Register | Wave of AI - driven IPOs expected to accompany Anthropic listing – Orange County Register,https://www.livemint.com/market/aidriven-ipo-wave-set-to-accompany-anthropic-listing-11788992244915.html | https://www.orovillemr.com/2026/09/10/multiple-ai-ipo-anthropic/ | https://www.ocregister.com/2026/09/10/multiple-ai-ipo-anthropic/
2026-09-13T12:48:20Z,anthropic listing,24,False,True,False,False,1,AI - Driven IPO Wave Set to Accompany Anthropic Listing | Wave of AI - driven IPOs expected to accompany Anthropic listing – Oroville Mercury - Register | Wave of AI - driven IPOs expected to accompany Anthropic listing – Orange County Register,https://www.livemint.com/market/aidriven-ipo-wave-set-to-accompany-anthropic-listing-11788992244915.html | https://www.orovillemr.com/2026/09/10/multiple-ai-ipo-anthropic/ | https://www.ocregister.com/2026/09/10/multiple-ai-ipo-anthropic/
2026-09-13T12:48:20Z,accompany anthropic listing,24,False,True,False,False,1,AI - Driven IPO Wave Set to Accompany Anthropic Listing | Wave of AI - driven IPOs expected to accompany Anthropic listing – Oroville Mercury - Register | Wave of AI - driven IPOs expected to accompany Anthropic listing – Orange County Register,https://www.livemint.com/market/aidriven-ipo-wave-set-to-accompany-anthropic-listing-11788992244915.html | https://www.orovillemr.com/2026/09/10/multiple-ai-ipo-anthropic/ | https://www.ocregister.com/2026/09/10/multiple-ai-ipo-anthropic/
2026-09-13T12:48:20Z,wave ai,23,False,True,False,False,1,Wave of AI - driven IPOs expected to accompany Anthropic listing – Oroville Mercury - Register | Wave of AI - driven IPOs expected to accompany Anthropic listing – Orange County Register | Wave of AI - driven IPOs expected to accompany Anthropic listing – thereporteronline,https://www.orovillemr.com/2026/09/10/multiple-ai-ipo-anthropic/ | https://www.ocregister.com/2026/09/10/multiple-ai-ipo-anthropic/ | https://www.thereporteronline.com/2026/09/10/multiple-ai-ipo-anthropic/
2026-09-13T12:48:20Z,driven ipos,23,False,True,False,False,1,Wave of AI - driven IPOs expected to accompany Anthropic listing – Oroville Mercury - Register | Wave of AI - driven IPOs expected to accompany Anthropic listing – Orange County Register | Wave of AI - driven IPOs expected to accompany Anthropic listing – thereporteronline,https://www.orovillemr.com/2026/09/10/multiple-ai-ipo-anthropic/ | https://www.ocregister.com/2026/09/10/multiple-ai-ipo-anthropic/ | https://www.thereporteronline.com/2026/09/10/multiple-ai-ipo-anthropic/
2026-09-13T12:48:20Z,ipos expected,23,False,True,False,False,1,Wave of AI - driven IPOs expected to accompany Anthropic listing – Oroville Mercury - Register | Wave of AI - driven IPOs expected to accompany Anthropic listing – Orange County Register | Wave of AI - driven IPOs expected to accompany Anthropic listing – thereporteronline,https://www.orovillemr.com/2026/09/10/multiple-ai-ipo-anthropic/ | https://www.ocregister.com/2026/09/10/multiple-ai-ipo-anthropic/ | https://www.thereporteronline.com/2026/09/10/multiple-ai-ipo-anthropic/
2026-09-13T12:48:20Z,expected accompany,23,False,True,False,False,1,Wave of AI - driven IPOs expected to accompany Anthropic listing – Oroville Mercury - Register | Wave of AI - driven IPOs expected to accompany Anthropic listing – Orange County Register | Wave of AI - driven IPOs expected to accompany Anthropic listing – thereporteronline,https://www.orovillemr.com/2026/09/10/multiple-ai-ipo-anthropic/ | https://www.ocregister.com/2026/09/10/multiple-ai-ipo-anthropic/ | https://www.thereporteronline.com/2026/09/10/multiple-ai-ipo-anthropic/
2026-09-13T12:48:20Z,wave ai driven,23,False,True,False,False,1,Wave of AI - driven IPOs expected to accompany Anthropic listing – Oroville Mercury - Register | Wave of AI - driven IPOs expected to accompany Anthropic listing – Orange County Register | Wave of AI - driven IPOs expected to accompany Anthropic listing – thereporteronline,https://www.orovillemr.com/2026/09/10/multiple-ai-ipo-anthropic/ | https://www.ocregister.com/2026/09/10/multiple-ai-ipo-anthropic/ | https://www.thereporteronline.com/2026/09/10/multiple-ai-ipo-anthropic/
2026-09-13T12:48:20Z,ai driven ipos,23,False,True,False,False,1,Wave of AI - driven IPOs expected to accompany Anthropic listing – Oroville Mercury - Register | Wave of AI - driven IPOs expected to accompany Anthropic listing – Orange County Register | Wave of AI - driven IPOs expected to accompany Anthropic listing – thereporteronline,https://www.orovillemr.com/2026/09/10/multiple-ai-ipo-anthropic/ | https://www.ocregister.com/2026/09/10/multiple-ai-ipo-anthropic/ | https://www.thereporteronline.com/2026/09/10/multiple-ai-ipo-anthropic/
2026-09-13T12:48:20Z,driven ipos expected,23,False,True,False,False,1,Wave of AI - driven IPOs expected to accompany Anthropic listing – Oroville Mercury - Register | Wave of AI - driven IPOs expected to accompany Anthropic listing – Orange County Register | Wave of AI - driven IPOs expected to accompany Anthropic listing – thereporteronline,https://www.orovillemr.com/2026/09/10/multiple-ai-ipo-anthropic/ | https://www.ocregister.com/2026/09/10/multiple-ai-ipo-anthropic/ | https://www.thereporteronline.com/2026/09/10/multiple-ai-ipo-anthropic/
2026-09-13T12:48:20Z,ipos expected accompany,23,False,True,False,False,1,Wave of AI - driven IPOs expected to accompany Anthropic listing – Oroville Mercury - Register | Wave of AI - driven IPOs expected to accompany Anthropic listing – Orange County Register | Wave of AI - driven IPOs expected to accompany Anthropic listing – thereporteronline,https://www.orovillemr.com/2026/09/10/multiple-ai-ipo-anthropic/ | https://www.ocregister.com/2026/09/10/multiple-ai-ipo-anthropic/ | https://www.thereporteronline.com/2026/09/10/multiple-ai-ipo-anthropic/
2026-09-13T12:48:20Z,expected accompany anthropic,23,False,True,False,False,1,Wave of AI - driven IPOs expected to accompany Anthropic listing – Oroville Mercury - Register | Wave of AI - driven IPOs expected to accompany Anthropic listing – Orange County Register | Wave of AI - driven IPOs expected to accompany Anthropic listing – thereporteronline,https://www.orovillemr.com/2026/09/10/multiple-ai-ipo-anthropic/ | https://www.ocregister.com/2026/09/10/multiple-ai-ipo-anthropic/ | https://www.thereporteronline.com/2026/09/10/multiple-ai-ipo-anthropic/
2026-09-13T12:48:20Z,trump administration,17,False,True,False,False,1,"Trump Administration Loans $100 Million to Africell to Challenge Huawei in Africa , ETTelecom | Trump administration to lend $100 million to Africell , countering Huawei in Africa | Trump administration to lend $100 million to Africell , countering Huawei in Africa",https://telecom.economictimes.indiatimes.com/news/telecom-equipment/trump-administration-to-lend-100-million-to-africell-countering-huawei-in-africa/134046966 | https://www.straitstimes.com/asia/trump-administration-to-lend-100-million-to-africell-countering-huawei-in-africa | https://lufkindailynews.com/news_reuters/business/trump-administration-to-lend-100-million-to-africell-countering-huawei-in-africa/article_7a06463e-487f-55ac-b36c-ff99d92cfbe6.html
2026-09-13T12:48:20Z,ai push,15,False,True,False,False,1,"Strive Masiyiwa Cassava joins Vodafone in $1 billion Egypt data - centre and sovereign AI push | Oracle layoffs : IT giant adds $700 million to restructuring tally amid expensive AI push | Google plans $15 billion Finland AI push , signs nuclear deal",https://www.newzimbabwe.com/strive-masiyiwas-cassava-joins-vodafone-in-1-billion-egypt-data-centre-and-sovereign-ai-push/ | https://www.businesstoday.in/technology/story/oracle-layoffs-it-giant-adds-700-million-to-restructuring-tally-amid-expensive-ai-push-555216-2026-09-13 | http://www.dallassun.com/news/279296760/google-plans-usd15-billion-finland-ai-push-signs-nuclear-deal
2026-09-13T12:48:20Z,finland ai,15,False,True,False,False,1,"Google Commits To Finland AI Infrastructure , Secures Nuclear Power Deal | Google Commits To Finland AI Infrastructure , Secures Nuclear Power Deal | Google plans $15 billion Finland AI push , signs nuclear deal",https://www.finanzen.ch/nachrichten/aktien/google-commits-to-finland-ai-infrastructure-secures-nuclear-power-deal-1036537909 | https://www.rttnews.com/3690161/google-commits-to-finland-ai-infrastructure-secures-nuclear-power-deal.aspx | http://www.dallassun.com/news/279296760/google-plans-usd15-billion-finland-ai-push-signs-nuclear-deal
2026-09-13T12:48:20Z,administration lends,14,False,True,False,False,1,Trump administration lends $100M to US - owned cellphone network in Africa | Trump administration lends $100M to US - owned cellphone network in Africa | Trump administration lends $100M to US - owned cellphone network in Africa,https://www.thetimes-tribune.com/2026/09/11/trump-administration-cellphone-network-africa/ | https://www.dailylocal.com/2026/09/11/trump-administration-cellphone-network-africa/ | https://www.montereyherald.com/2026/09/11/trump-administration-cellphone-network-africa/
2026-09-13T12:48:20Z,lends owned,14,False,True,False,False,1,Trump administration lends $100M to US - owned cellphone network in Africa | Trump administration lends $100M to US - owned cellphone network in Africa | Trump administration lends $100M to US - owned cellphone network in Africa,https://www.thetimes-tribune.com/2026/09/11/trump-administration-cellphone-network-africa/ | https://www.dailylocal.com/2026/09/11/trump-administration-cellphone-network-africa/ | https://www.montereyherald.com/2026/09/11/trump-administration-cellphone-network-africa/
2026-09-13T12:48:20Z,trump administration lends,14,False,True,False,False,1,Trump administration lends $100M to US - owned cellphone network in Africa | Trump administration lends $100M to US - owned cellphone network in Africa | Trump administration lends $100M to US - owned cellphone network in Africa,https://www.thetimes-tribune.com/2026/09/11/trump-administration-cellphone-network-africa/ | https://www.dailylocal.com/2026/09/11/trump-administration-cellphone-network-africa/ | https://www.montereyherald.com/2026/09/11/trump-administration-cellphone-network-africa/
2026-09-13T12:48:20Z,administration lends owned,14,False,True,False,False,1,Trump administration lends $100M to US - owned cellphone network in Africa | Trump administration lends $100M to US - owned cellphone network in Africa | Trump administration lends $100M to US - owned cellphone network in Africa,https://www.thetimes-tribune.com/2026/09/11/trump-administration-cellphone-network-africa/ | https://www.dailylocal.com/2026/09/11/trump-administration-cellphone-network-africa/ | https://www.montereyherald.com/2026/09/11/trump-administration-cellphone-network-africa/
2026-09-13T12:48:20Z,brics summit,9,False,True,False,False,1,BRICS Summit 2026 : Key likely outcomes as India drives a transformative global agenda in New Delhi | BRICS Summit 2026 : Key likely outcomes as India drives a transformative global agenda in New Delhi | BRICS Summit 2026 : Key likely outcomes as India drives a transformative global agenda in New Delhi,http://www.middleeaststar.com/news/279293033/brics-summit-2026-key-likely-outcomes-as-india-drives-a-transformative-global-agenda-in-new-delhi | https://economictimes.indiatimes.com/news/india/brics-summit-2026-key-likely-outcomes-as-india-drives-a-transformative-global-agenda-in-new-delhi/articleshow/133905594.cms | https://aninews.in/news/world/asia/brics-summit-2026-key-likely-outcomes-as-india-drives-a-transformative-global-agenda-in-new-delhi20260908085217/
2026-09-13T12:48:20Z,dangote refinery,9,False,True,False,False,1,Dangote Refinery Launches $1 . 4 Bn - Plus IPO in Landmark Nigerian Listing | Dangote Refinery listing to push NGX capitalisation above N200trn – Daily Trust | Dangote Refinery gets Nigeria regulator nod for $1 . 6bn IPO,https://chimpreports.com/dangote-refinery-launches-1-4-bn-plus-ipo-in-landmark-nigerian-listing/ | https://dailytrust.com/dangote-refinery-listing-to-push-ngx-capitalisation-above-n200trn/ | https://www.timeslive.co.za/news/business/2026-09-06-dangote-refinery-gets-nigeria-regulators-nod-for-16bn-ipo/
2026-09-13T12:48:20Z,ai infrastructure,8,False,True,False,False,1,"Google to invest 13 billion euros in AI infrastructure in Finland | AI infrastructure bets drive venture debt toward record levels | Google Invests 13 Billion Euros in AI Infrastructure in Finland , ETTelecom",https://www.businesstimes.com.sg/companies-markets/telcos-media-tech/google-invest-13-billion-euros-ai-infrastructure-finland | https://finance.yahoo.com/technology/ai/articles/ai-infrastructure-bets-drive-venture-101428462.html | https://telecom.economictimes.indiatimes.com/news/internet/google-unveils-13-bn-euro-ai-expansion-in-finland/133990282
2026-09-14T13:06:34Z,google plans,15,False,True,True,False,2,"Google plans for $15B AI build - out in Finland | The Arkansas Democrat - Gazette | Google plans EUR13 billion Finland investment to expand data centers , clean energy | Google plans $15 billion Finland AI push , signs nuclear deal",https://www.arkansasonline.com/news/2026/sep/10/google-plans-for-15b-ai-build-out-in-finland/ | https://www.digitimes.com/news/a20260910PR201/google-finland-investment-data-center-expansion.html | http://www.dallassun.com/news/279296760/google-plans-usd15-billion-finland-ai-push-signs-nuclear-deal
2026-09-14T13:06:34Z,kill all,6,False,True,True,False,2,"AI researchers  earnestly believe  it could kill all humans within the next decade , Anthropic researcher says | The 27 - year - old who warned that AI could  kill us all  faces intense scrutiny | The 27 - year - old who warned that AI could  kill us all  faces intense scrutiny",https://www.cbc.ca/news/business/anthropic-researcher-resigned-9.7337789 | https://www.watoday.com.au/technology/the-27-year-old-who-warned-that-ai-could-kill-us-all-faces-intense-scrutiny-20260911-p60wfi.html | https://www.theage.com.au/technology/the-27-year-old-who-warned-that-ai-could-kill-us-all-faces-intense-scrutiny-20260911-p60wfi.html
2026-09-14T13:06:34Z,ai kill all,5,False,True,True,False,2,The 27 - year - old who warned that AI could  kill us all  faces intense scrutiny | The 27 - year - old who warned that AI could  kill us all  faces intense scrutiny | The 27 - year - old who warned that AI could  kill us all  faces intense scrutiny,https://www.watoday.com.au/technology/the-27-year-old-who-warned-that-ai-could-kill-us-all-faces-intense-scrutiny-20260911-p60wfi.html | https://www.theage.com.au/technology/the-27-year-old-who-warned-that-ai-could-kill-us-all-faces-intense-scrutiny-20260911-p60wfi.html | https://www.smh.com.au/technology/the-27-year-old-who-warned-that-ai-could-kill-us-all-faces-intense-scrutiny-20260911-p60wfi.html
2026-09-14T13:06:34Z,artificial intelligence,4,False,True,True,False,2,"Artificial Intelligence : How tech tools are changing work , school and the stock market | Better Artificial Intelligence Stock : Applied Digital vs . Super Micro Computer | Wall Street Finds Its AI Lifeline : How Artificial Intelligence Offers Fresh Exits for Trapped Private Equity Billions",https://originals.azpm.org/p/navigating/2026/9/8/231120-artificial-intelligence-how-tech-tools-are-changing-work-school-and-the-stock-market/ | https://www.fool.com/coverage/better-buy/2026/09/09/better-artificial-intelligence-stock-applied-digital-vs-super-micro-computer/?source=iedfolrf0000001 | https://www.webpronews.com/wall-street-finds-its-ai-lifeline-how-artificial-intelligence-offers-fresh-exits-for-trapped-private-equity-billions/
2026-09-14T13:06:34Z,nuclear plant,3,False,True,True,False,2,Energy Department loans $1 . 9B to restart Iowa nuclear plant | Energy Department loans $1 . 9B to restart Iowa nuclear plant | Google agrees to buy up to 50 % of Finnish nuclear plant capacity from Fortum,https://www.fairfieldsuntimes.com/news/national/energy-department-loans-1-9b-to-restart-iowa-nuclear-plant/article_08994566-c882-5aa4-b1df-a2faf435b160.html | https://www.hometownregister.com/news/national/energy-department-loans-1-9b-to-restart-iowa-nuclear-plant/article_f3f563d1-5fe9-509e-87d7-35eb05418741.html | https://www.moneycontrol.com/news/business/google-agrees-to-buy-up-to-50-of-finnish-nuclear-plant-capacity-from-fortum-14026489.html
2026-09-14T13:06:34Z,oil gas,2,False,True,True,False,2,"APO Group - Africa Newsroom / Press release | The Dealmakers Are Set to Storm Windhoek : Nigerian Governors and CORAN Bigwigs Set to Storm International African Energy , Oil and Gas Summit ( IAEOGS ) 2026 to Unlock Africa Energy Future | Battalion Oil Corporation Announces Strategic Investment in Collide , the AI - Native Operations System for Oil and Gas",https://www.africa-newsroom.com/press/the-dealmakers-are-set-to-storm-windhoek-nigerian-governors-and-coran-bigwigs-set-to-storm-iaeogs-2026-to-unlock-africas-energy-future | https://www.manilatimes.net/2026/09/09/tmt-newswire/globenewswire/battalion-oil-corporation-announces-strategic-investment-in-collide-the-ai-native-operations-system-for-oil-and-gas/2421103
2026-09-14T13:06:34Z,derivatives trading,2,False,True,True,False,2,"SEBI Likely To Allow FPIs In Commodity Derivatives Trading : Report | Zoomex Stock Brings Tesla 6 % Surge and Nvidia Choppy Session Within Reach Through Fair , Rule - Based Derivatives Trading",https://www.freepressjournal.in/business/sebi-likely-to-allow-fpis-in-commodity-derivatives-trading-report | https://bravenewcoin.com/press-release/zoomex-stock-brings-teslas-6-surge-and-nvidias-choppy-session-within-reach-through-fair-rule-based-derivatives-trading
2026-09-14T13:06:34Z,land use,2,False,True,True,False,2,"Americans are turning against AI data centers as local fears over water , power costs , and land use keep growing nationwide | Opinion : Evaluating data centers as land use application proposals",https://www.techradar.com/pro/69-of-americans-oppose-local-ai-data-centers-in-2026-poll-trump-blasts-blocking-communities-on-truth-social-for-choosing-poverty-over-server-farms-throwing-off-tremendous-amounts-of-money | https://www.morningjournal.com/2026/09/12/opinion-evaluating-data-centers-as-land-use-application-proposals/
2026-09-14T13:06:34Z,trading down,2,False,True,True,False,2,Apple ( NASDAQ : AAPL ) Trading Down 1 . 2 % – What Next ?  | Nebius Group ( NASDAQ : NBIS ) Trading Down 5 . 1 % – Time to Sell ? ,https://www.themarketsdaily.com/2026/09/08/apple-nasdaqaapl-trading-down-1-2-whats-next.html | https://www.dailypolitical.com/2026/09/10/nebius-group-nasdaqnbis-trading-down-5-1-time-to-sell.html
2026-09-14T13:06:34Z,down next,2,False,True,True,False,2,Apple ( NASDAQ : AAPL ) Trading Down 1 . 2 % – What Next ?  | Cisco Systems ( NASDAQ : CSCO ) Stock Price Down 1 . 8 % – What Next ?  | NVIDIA ( NASDAQ : NVDA ) Shares Down 2 . 4 % – What Next ? ,https://www.themarketsdaily.com/2026/09/08/apple-nasdaqaapl-trading-down-1-2-whats-next.html | https://www.themarketsdaily.com/2026/09/10/cisco-systems-nasdaqcsco-stock-price-down-1-8-whats-next.html | https://www.dailypolitical.com/2026/09/10/nvidia-nasdaqnvda-shares-down-2-4-whats-next.html
2026-09-14T13:06:34Z,lead next,2,False,True,True,False,2,"Opus Origin Taps Greg Topalian to Lead its Next Chapter of North American Growth | India New Industrial Revolution : Chips , Space and Data Centres Lead Next Manufacturing Growth Wave , Says Jefferies",https://www.exhibitoronline.com/news/article.asp?ID=25377 | https://openthemagazine.com/india/chips-space-and-data-centres-jefferies-flags-indias-next-industrial-revolution
2026-09-14T13:06:34Z,price down,2,False,True,True,False,2,Sandisk ( NASDAQ : SNDK ) Stock Price Down 4 . 1 % – Here What Happened | Cisco Systems ( NASDAQ : CSCO ) Stock Price Down 1 . 8 % – What Next ?  | Vistra ( NYSE : VST ) Stock Price Down 2 . 4 % on Insider Selling,https://www.dailypolitical.com/2026/09/10/sandisk-nasdaqsndk-stock-price-down-4-1-heres-what-happened.html | https://www.themarketsdaily.com/2026/09/10/cisco-systems-nasdaqcsco-stock-price-down-1-8-whats-next.html | https://www.themarketsdaily.com/2026/09/10/vistra-nysevst-stock-price-down-2-4-on-insider-selling.html
2026-09-14T13:06:34Z,down selling,2,False,True,True,False,2,Vistra ( NYSE : VST ) Stock Price Down 2 . 4 % on Insider Selling | Arista Networks ( NYSE : ANET ) Stock Price Down 2 % After Insider Selling,https://www.themarketsdaily.com/2026/09/10/vistra-nysevst-stock-price-down-2-4-on-insider-selling.html | https://www.dailypolitical.com/2026/09/12/arista-networks-nyseanet-stock-price-down-2-after-insider-selling.html
2026-09-14T13:06:34Z,price down selling,2,False,True,True,False,2,Vistra ( NYSE : VST ) Stock Price Down 2 . 4 % on Insider Selling | Arista Networks ( NYSE : ANET ) Stock Price Down 2 % After Insider Selling,https://www.themarketsdaily.com/2026/09/10/vistra-nysevst-stock-price-down-2-4-on-insider-selling.html | https://www.dailypolitical.com/2026/09/12/arista-networks-nyseanet-stock-price-down-2-after-insider-selling.html
2026-09-14T13:06:34Z,growth sectors,26,False,True,False,False,1,Jefferies flags  India New Industrial Revolution  across six high - growth sectors | Jefferies flags  India New Industrial Revolution  across six high - growth sectors | Jefferies flags  India New Industrial Revolution  across six high - growth sectors,http://www.britainnews.net/news/279297968/jefferies-flags-india-new-industrial-revolution-across-six-high-growth-sectors | http://www.myanmarnews.net/news/279297968/jefferies-flags-india-new-industrial-revolution-across-six-high-growth-sectors | http://www.newzealandstar.com/news/279297968/jefferies-flags-india-new-industrial-revolution-across-six-high-growth-sectors
2026-09-14T13:06:34Z,jefferies flags,25,False,True,False,False,1,Jefferies flags  India New Industrial Revolution  across six high - growth sectors | Jefferies flags  India New Industrial Revolution  across six high - growth sectors | Jefferies flags  India New Industrial Revolution  across six high - growth sectors,http://www.britainnews.net/news/279297968/jefferies-flags-india-new-industrial-revolution-across-six-high-growth-sectors | http://www.myanmarnews.net/news/279297968/jefferies-flags-india-new-industrial-revolution-across-six-high-growth-sectors | http://www.newzealandstar.com/news/279297968/jefferies-flags-india-new-industrial-revolution-across-six-high-growth-sectors
2026-09-14T13:06:34Z,across six,25,False,True,False,False,1,Jefferies flags  India New Industrial Revolution  across six high - growth sectors | Jefferies flags  India New Industrial Revolution  across six high - growth sectors | Jefferies flags  India New Industrial Revolution  across six high - growth sectors,http://www.britainnews.net/news/279297968/jefferies-flags-india-new-industrial-revolution-across-six-high-growth-sectors | http://www.myanmarnews.net/news/279297968/jefferies-flags-india-new-industrial-revolution-across-six-high-growth-sectors | http://www.newzealandstar.com/news/279297968/jefferies-flags-india-new-industrial-revolution-across-six-high-growth-sectors
2026-09-14T13:06:34Z,ai driven,24,False,True,False,False,1,AI - Driven IPO Wave Set to Accompany Anthropic Listing | Wave of AI - driven IPOs expected to accompany Anthropic listing – Oroville Mercury - Register | Wave of AI - driven IPOs expected to accompany Anthropic listing – Orange County Register,https://www.livemint.com/market/aidriven-ipo-wave-set-to-accompany-anthropic-listing-11788992244915.html | https://www.orovillemr.com/2026/09/10/multiple-ai-ipo-anthropic/ | https://www.ocregister.com/2026/09/10/multiple-ai-ipo-anthropic/
2026-09-14T13:06:34Z,accompany anthropic,24,False,True,False,False,1,AI - Driven IPO Wave Set to Accompany Anthropic Listing | Wave of AI - driven IPOs expected to accompany Anthropic listing – Oroville Mercury - Register | Wave of AI - driven IPOs expected to accompany Anthropic listing – Orange County Register,https://www.livemint.com/market/aidriven-ipo-wave-set-to-accompany-anthropic-listing-11788992244915.html | https://www.orovillemr.com/2026/09/10/multiple-ai-ipo-anthropic/ | https://www.ocregister.com/2026/09/10/multiple-ai-ipo-anthropic/
2026-09-14T13:06:34Z,anthropic listing,24,False,True,False,False,1,AI - Driven IPO Wave Set to Accompany Anthropic Listing | Wave of AI - driven IPOs expected to accompany Anthropic listing – Oroville Mercury - Register | Wave of AI - driven IPOs expected to accompany Anthropic listing – Orange County Register,https://www.livemint.com/market/aidriven-ipo-wave-set-to-accompany-anthropic-listing-11788992244915.html | https://www.orovillemr.com/2026/09/10/multiple-ai-ipo-anthropic/ | https://www.ocregister.com/2026/09/10/multiple-ai-ipo-anthropic/
2026-09-14T13:06:34Z,accompany anthropic listing,24,False,True,False,False,1,AI - Driven IPO Wave Set to Accompany Anthropic Listing | Wave of AI - driven IPOs expected to accompany Anthropic listing – Oroville Mercury - Register | Wave of AI - driven IPOs expected to accompany Anthropic listing – Orange County Register,https://www.livemint.com/market/aidriven-ipo-wave-set-to-accompany-anthropic-listing-11788992244915.html | https://www.orovillemr.com/2026/09/10/multiple-ai-ipo-anthropic/ | https://www.ocregister.com/2026/09/10/multiple-ai-ipo-anthropic/
2026-09-14T13:06:34Z,wave ai,23,False,True,False,False,1,Wave of AI - driven IPOs expected to accompany Anthropic listing – Oroville Mercury - Register | Wave of AI - driven IPOs expected to accompany Anthropic listing – Orange County Register | Wave of AI - driven IPOs expected to accompany Anthropic listing – thereporteronline,https://www.orovillemr.com/2026/09/10/multiple-ai-ipo-anthropic/ | https://www.ocregister.com/2026/09/10/multiple-ai-ipo-anthropic/ | https://www.thereporteronline.com/2026/09/10/multiple-ai-ipo-anthropic/
2026-09-14T13:06:34Z,driven ipos,23,False,True,False,False,1,Wave of AI - driven IPOs expected to accompany Anthropic listing – Oroville Mercury - Register | Wave of AI - driven IPOs expected to accompany Anthropic listing – Orange County Register | Wave of AI - driven IPOs expected to accompany Anthropic listing – thereporteronline,https://www.orovillemr.com/2026/09/10/multiple-ai-ipo-anthropic/ | https://www.ocregister.com/2026/09/10/multiple-ai-ipo-anthropic/ | https://www.thereporteronline.com/2026/09/10/multiple-ai-ipo-anthropic/
2026-09-14T13:06:34Z,ipos expected,23,False,True,False,False,1,Wave of AI - driven IPOs expected to accompany Anthropic listing – Oroville Mercury - Register | Wave of AI - driven IPOs expected to accompany Anthropic listing – Orange County Register | Wave of AI - driven IPOs expected to accompany Anthropic listing – thereporteronline,https://www.orovillemr.com/2026/09/10/multiple-ai-ipo-anthropic/ | https://www.ocregister.com/2026/09/10/multiple-ai-ipo-anthropic/ | https://www.thereporteronline.com/2026/09/10/multiple-ai-ipo-anthropic/
2026-09-14T13:06:34Z,expected accompany,23,False,True,False,False,1,Wave of AI - driven IPOs expected to accompany Anthropic listing – Oroville Mercury - Register | Wave of AI - driven IPOs expected to accompany Anthropic listing – Orange County Register | Wave of AI - driven IPOs expected to accompany Anthropic listing – thereporteronline,https://www.orovillemr.com/2026/09/10/multiple-ai-ipo-anthropic/ | https://www.ocregister.com/2026/09/10/multiple-ai-ipo-anthropic/ | https://www.thereporteronline.com/2026/09/10/multiple-ai-ipo-anthropic/
2026-09-14T13:06:34Z,wave ai driven,23,False,True,False,False,1,Wave of AI - driven IPOs expected to accompany Anthropic listing – Oroville Mercury - Register | Wave of AI - driven IPOs expected to accompany Anthropic listing – Orange County Register | Wave of AI - driven IPOs expected to accompany Anthropic listing – thereporteronline,https://www.orovillemr.com/2026/09/10/multiple-ai-ipo-anthropic/ | https://www.ocregister.com/2026/09/10/multiple-ai-ipo-anthropic/ | https://www.thereporteronline.com/2026/09/10/multiple-ai-ipo-anthropic/
2026-09-14T13:06:34Z,ai driven ipos,23,False,True,False,False,1,Wave of AI - driven IPOs expected to accompany Anthropic listing – Oroville Mercury - Register | Wave of AI - driven IPOs expected to accompany Anthropic listing – Orange County Register | Wave of AI - driven IPOs expected to accompany Anthropic listing – thereporteronline,https://www.orovillemr.com/2026/09/10/multiple-ai-ipo-anthropic/ | https://www.ocregister.com/2026/09/10/multiple-ai-ipo-anthropic/ | https://www.thereporteronline.com/2026/09/10/multiple-ai-ipo-anthropic/
2026-09-14T13:06:34Z,driven ipos expected,23,False,True,False,False,1,Wave of AI - driven IPOs expected to accompany Anthropic listing – Oroville Mercury - Register | Wave of AI - driven IPOs expected to accompany Anthropic listing – Orange County Register | Wave of AI - driven IPOs expected to accompany Anthropic listing – thereporteronline,https://www.orovillemr.com/2026/09/10/multiple-ai-ipo-anthropic/ | https://www.ocregister.com/2026/09/10/multiple-ai-ipo-anthropic/ | https://www.thereporteronline.com/2026/09/10/multiple-ai-ipo-anthropic/
2026-09-14T13:06:34Z,ipos expected accompany,23,False,True,False,False,1,Wave of AI - driven IPOs expected to accompany Anthropic listing – Oroville Mercury - Register | Wave of AI - driven IPOs expected to accompany Anthropic listing – Orange County Register | Wave of AI - driven IPOs expected to accompany Anthropic listing – thereporteronline,https://www.orovillemr.com/2026/09/10/multiple-ai-ipo-anthropic/ | https://www.ocregister.com/2026/09/10/multiple-ai-ipo-anthropic/ | https://www.thereporteronline.com/2026/09/10/multiple-ai-ipo-anthropic/
2026-09-14T13:06:34Z,expected accompany anthropic,23,False,True,False,False,1,Wave of AI - driven IPOs expected to accompany Anthropic listing – Oroville Mercury - Register | Wave of AI - driven IPOs expected to accompany Anthropic listing – Orange County Register | Wave of AI - driven IPOs expected to accompany Anthropic listing – thereporteronline,https://www.orovillemr.com/2026/09/10/multiple-ai-ipo-anthropic/ | https://www.ocregister.com/2026/09/10/multiple-ai-ipo-anthropic/ | https://www.thereporteronline.com/2026/09/10/multiple-ai-ipo-anthropic/
2026-09-14T13:06:34Z,trump administration,17,False,True,False,False,1,"Trump Administration Loans $100 Million to Africell to Challenge Huawei in Africa , ETTelecom | Trump administration to lend $100 million to Africell , countering Huawei in Africa | Trump administration to lend $100 million to Africell , countering Huawei in Africa",https://telecom.economictimes.indiatimes.com/news/telecom-equipment/trump-administration-to-lend-100-million-to-africell-countering-huawei-in-africa/134046966 | https://www.straitstimes.com/asia/trump-administration-to-lend-100-million-to-africell-countering-huawei-in-africa | https://lufkindailynews.com/news_reuters/business/trump-administration-to-lend-100-million-to-africell-countering-huawei-in-africa/article_7a06463e-487f-55ac-b36c-ff99d92cfbe6.html
2026-09-14T13:06:34Z,ai push,15,False,True,False,False,1,"Strive Masiyiwa Cassava joins Vodafone in $1 billion Egypt data - centre and sovereign AI push | Oracle layoffs : IT giant adds $700 million to restructuring tally amid expensive AI push | Google plans $15 billion Finland AI push , signs nuclear deal",https://www.newzimbabwe.com/strive-masiyiwas-cassava-joins-vodafone-in-1-billion-egypt-data-centre-and-sovereign-ai-push/ | https://www.businesstoday.in/technology/story/oracle-layoffs-it-giant-adds-700-million-to-restructuring-tally-amid-expensive-ai-push-555216-2026-09-13 | http://www.dallassun.com/news/279296760/google-plans-usd15-billion-finland-ai-push-signs-nuclear-deal
2026-09-14T13:06:34Z,finland ai,15,False,True,False,False,1,"Google Commits To Finland AI Infrastructure , Secures Nuclear Power Deal | Google Commits To Finland AI Infrastructure , Secures Nuclear Power Deal | Google plans $15 billion Finland AI push , signs nuclear deal",https://www.finanzen.ch/nachrichten/aktien/google-commits-to-finland-ai-infrastructure-secures-nuclear-power-deal-1036537909 | https://www.rttnews.com/3690161/google-commits-to-finland-ai-infrastructure-secures-nuclear-power-deal.aspx | http://www.dallassun.com/news/279296760/google-plans-usd15-billion-finland-ai-push-signs-nuclear-deal
2026-09-14T13:06:34Z,administration lends,14,False,True,False,False,1,Trump administration lends $100M to US - owned cellphone network in Africa | Trump administration lends $100M to US - owned cellphone network in Africa | Trump administration lends $100M to US - owned cellphone network in Africa,https://www.thetimes-tribune.com/2026/09/11/trump-administration-cellphone-network-africa/ | https://www.dailylocal.com/2026/09/11/trump-administration-cellphone-network-africa/ | https://www.montereyherald.com/2026/09/11/trump-administration-cellphone-network-africa/
2026-09-14T13:06:34Z,lends owned,14,False,True,False,False,1,Trump administration lends $100M to US - owned cellphone network in Africa | Trump administration lends $100M to US - owned cellphone network in Africa | Trump administration lends $100M to US - owned cellphone network in Africa,https://www.thetimes-tribune.com/2026/09/11/trump-administration-cellphone-network-africa/ | https://www.dailylocal.com/2026/09/11/trump-administration-cellphone-network-africa/ | https://www.montereyherald.com/2026/09/11/trump-administration-cellphone-network-africa/
2026-09-14T13:06:34Z,trump administration lends,14,False,True,False,False,1,Trump administration lends $100M to US - owned cellphone network in Africa | Trump administration lends $100M to US - owned cellphone network in Africa | Trump administration lends $100M to US - owned cellphone network in Africa,https://www.thetimes-tribune.com/2026/09/11/trump-administration-cellphone-network-africa/ | https://www.dailylocal.com/2026/09/11/trump-administration-cellphone-network-africa/ | https://www.montereyherald.com/2026/09/11/trump-administration-cellphone-network-africa/
2026-09-14T13:06:34Z,administration lends owned,14,False,True,False,False,1,Trump administration lends $100M to US - owned cellphone network in Africa | Trump administration lends $100M to US - owned cellphone network in Africa | Trump administration lends $100M to US - owned cellphone network in Africa,https://www.thetimes-tribune.com/2026/09/11/trump-administration-cellphone-network-africa/ | https://www.dailylocal.com/2026/09/11/trump-administration-cellphone-network-africa/ | https://www.montereyherald.com/2026/09/11/trump-administration-cellphone-network-africa/
2026-09-14T13:06:34Z,brics summit,9,False,True,False,False,1,BRICS Summit 2026 : Key likely outcomes as India drives a transformative global agenda in New Delhi | BRICS Summit 2026 : Key likely outcomes as India drives a transformative global agenda in New Delhi | BRICS Summit 2026 : Key likely outcomes as India drives a transformative global agenda in New Delhi,http://www.middleeaststar.com/news/279293033/brics-summit-2026-key-likely-outcomes-as-india-drives-a-transformative-global-agenda-in-new-delhi | https://economictimes.indiatimes.com/news/india/brics-summit-2026-key-likely-outcomes-as-india-drives-a-transformative-global-agenda-in-new-delhi/articleshow/133905594.cms | https://aninews.in/news/world/asia/brics-summit-2026-key-likely-outcomes-as-india-drives-a-transformative-global-agenda-in-new-delhi20260908085217/
2026-09-14T13:06:34Z,dangote refinery,9,False,True,False,False,1,Dangote Refinery Launches $1 . 4 Bn - Plus IPO in Landmark Nigerian Listing | Dangote Refinery listing to push NGX capitalisation above N200trn – Daily Trust | Dangote Refinery gets Nigeria regulator nod for $1 . 6bn IPO,https://chimpreports.com/dangote-refinery-launches-1-4-bn-plus-ipo-in-landmark-nigerian-listing/ | https://dailytrust.com/dangote-refinery-listing-to-push-ngx-capitalisation-above-n200trn/ | https://www.timeslive.co.za/news/business/2026-09-06-dangote-refinery-gets-nigeria-regulators-nod-for-16bn-ipo/
2026-09-14T13:06:34Z,ai infrastructure,8,False,True,False,False,1,"Google to invest 13 billion euros in AI infrastructure in Finland | AI infrastructure bets drive venture debt toward record levels | Google Invests 13 Billion Euros in AI Infrastructure in Finland , ETTelecom",https://www.businesstimes.com.sg/companies-markets/telcos-media-tech/google-invest-13-billion-euros-ai-infrastructure-finland | https://finance.yahoo.com/technology/ai/articles/ai-infrastructure-bets-drive-venture-101428462.html | https://telecom.economictimes.indiatimes.com/news/internet/google-unveils-13-bn-euro-ai-expansion-in-finland/133990282
2026-09-14T13:27:28Z,google plans,15,False,True,True,False,2,"Google plans for $15B AI build - out in Finland | The Arkansas Democrat - Gazette | Google plans EUR13 billion Finland investment to expand data centers , clean energy | Google plans $15 billion Finland AI push , signs nuclear deal",https://www.arkansasonline.com/news/2026/sep/10/google-plans-for-15b-ai-build-out-in-finland/ | https://www.digitimes.com/news/a20260910PR201/google-finland-investment-data-center-expansion.html | http://www.dallassun.com/news/279296760/google-plans-usd15-billion-finland-ai-push-signs-nuclear-deal
2026-09-14T13:27:28Z,kill all,6,False,True,True,False,2,"AI researchers  earnestly believe  it could kill all humans within the next decade , Anthropic researcher says | The 27 - year - old who warned that AI could  kill us all  faces intense scrutiny | The 27 - year - old who warned that AI could  kill us all  faces intense scrutiny",https://www.cbc.ca/news/business/anthropic-researcher-resigned-9.7337789 | https://www.watoday.com.au/technology/the-27-year-old-who-warned-that-ai-could-kill-us-all-faces-intense-scrutiny-20260911-p60wfi.html | https://www.theage.com.au/technology/the-27-year-old-who-warned-that-ai-could-kill-us-all-faces-intense-scrutiny-20260911-p60wfi.html
2026-09-14T13:27:28Z,ai kill all,5,False,True,True,False,2,The 27 - year - old who warned that AI could  kill us all  faces intense scrutiny | The 27 - year - old who warned that AI could  kill us all  faces intense scrutiny | The 27 - year - old who warned that AI could  kill us all  faces intense scrutiny,https://www.watoday.com.au/technology/the-27-year-old-who-warned-that-ai-could-kill-us-all-faces-intense-scrutiny-20260911-p60wfi.html | https://www.theage.com.au/technology/the-27-year-old-who-warned-that-ai-could-kill-us-all-faces-intense-scrutiny-20260911-p60wfi.html | https://www.smh.com.au/technology/the-27-year-old-who-warned-that-ai-could-kill-us-all-faces-intense-scrutiny-20260911-p60wfi.html
2026-09-14T13:27:28Z,artificial intelligence,4,False,True,True,False,2,"Artificial Intelligence : How tech tools are changing work , school and the stock market | Better Artificial Intelligence Stock : Applied Digital vs . Super Micro Computer | Wall Street Finds Its AI Lifeline : How Artificial Intelligence Offers Fresh Exits for Trapped Private Equity Billions",https://originals.azpm.org/p/navigating/2026/9/8/231120-artificial-intelligence-how-tech-tools-are-changing-work-school-and-the-stock-market/ | https://www.fool.com/coverage/better-buy/2026/09/09/better-artificial-intelligence-stock-applied-digital-vs-super-micro-computer/?source=iedfolrf0000001 | https://www.webpronews.com/wall-street-finds-its-ai-lifeline-how-artificial-intelligence-offers-fresh-exits-for-trapped-private-equity-billions/
2026-09-14T13:27:28Z,nuclear plant,3,False,True,True,False,2,Energy Department loans $1 . 9B to restart Iowa nuclear plant | Energy Department loans $1 . 9B to restart Iowa nuclear plant | Google agrees to buy up to 50 % of Finnish nuclear plant capacity from Fortum,https://www.fairfieldsuntimes.com/news/national/energy-department-loans-1-9b-to-restart-iowa-nuclear-plant/article_08994566-c882-5aa4-b1df-a2faf435b160.html | https://www.hometownregister.com/news/national/energy-department-loans-1-9b-to-restart-iowa-nuclear-plant/article_f3f563d1-5fe9-509e-87d7-35eb05418741.html | https://www.moneycontrol.com/news/business/google-agrees-to-buy-up-to-50-of-finnish-nuclear-plant-capacity-from-fortum-14026489.html
2026-09-14T13:27:28Z,oil gas,2,False,True,True,False,2,"APO Group - Africa Newsroom / Press release | The Dealmakers Are Set to Storm Windhoek : Nigerian Governors and CORAN Bigwigs Set to Storm International African Energy , Oil and Gas Summit ( IAEOGS ) 2026 to Unlock Africa Energy Future | Battalion Oil Corporation Announces Strategic Investment in Collide , the AI - Native Operations System for Oil and Gas",https://www.africa-newsroom.com/press/the-dealmakers-are-set-to-storm-windhoek-nigerian-governors-and-coran-bigwigs-set-to-storm-iaeogs-2026-to-unlock-africas-energy-future | https://www.manilatimes.net/2026/09/09/tmt-newswire/globenewswire/battalion-oil-corporation-announces-strategic-investment-in-collide-the-ai-native-operations-system-for-oil-and-gas/2421103
2026-09-14T13:27:28Z,derivatives trading,2,False,True,True,False,2,"SEBI Likely To Allow FPIs In Commodity Derivatives Trading : Report | Zoomex Stock Brings Tesla 6 % Surge and Nvidia Choppy Session Within Reach Through Fair , Rule - Based Derivatives Trading",https://www.freepressjournal.in/business/sebi-likely-to-allow-fpis-in-commodity-derivatives-trading-report | https://bravenewcoin.com/press-release/zoomex-stock-brings-teslas-6-surge-and-nvidias-choppy-session-within-reach-through-fair-rule-based-derivatives-trading
2026-09-14T13:27:28Z,land use,2,False,True,True,False,2,"Americans are turning against AI data centers as local fears over water , power costs , and land use keep growing nationwide | Opinion : Evaluating data centers as land use application proposals",https://www.techradar.com/pro/69-of-americans-oppose-local-ai-data-centers-in-2026-poll-trump-blasts-blocking-communities-on-truth-social-for-choosing-poverty-over-server-farms-throwing-off-tremendous-amounts-of-money | https://www.morningjournal.com/2026/09/12/opinion-evaluating-data-centers-as-land-use-application-proposals/
2026-09-14T13:27:28Z,trading down,2,False,True,True,False,2,Apple ( NASDAQ : AAPL ) Trading Down 1 . 2 % – What Next ?  | Nebius Group ( NASDAQ : NBIS ) Trading Down 5 . 1 % – Time to Sell ? ,https://www.themarketsdaily.com/2026/09/08/apple-nasdaqaapl-trading-down-1-2-whats-next.html | https://www.dailypolitical.com/2026/09/10/nebius-group-nasdaqnbis-trading-down-5-1-time-to-sell.html
2026-09-14T13:27:28Z,down next,2,False,True,True,False,2,Apple ( NASDAQ : AAPL ) Trading Down 1 . 2 % – What Next ?  | Cisco Systems ( NASDAQ : CSCO ) Stock Price Down 1 . 8 % – What Next ?  | NVIDIA ( NASDAQ : NVDA ) Shares Down 2 . 4 % – What Next ? ,https://www.themarketsdaily.com/2026/09/08/apple-nasdaqaapl-trading-down-1-2-whats-next.html | https://www.themarketsdaily.com/2026/09/10/cisco-systems-nasdaqcsco-stock-price-down-1-8-whats-next.html | https://www.dailypolitical.com/2026/09/10/nvidia-nasdaqnvda-shares-down-2-4-whats-next.html
2026-09-14T13:27:28Z,lead next,2,False,True,True,False,2,"Opus Origin Taps Greg Topalian to Lead its Next Chapter of North American Growth | India New Industrial Revolution : Chips , Space and Data Centres Lead Next Manufacturing Growth Wave , Says Jefferies",https://www.exhibitoronline.com/news/article.asp?ID=25377 | https://openthemagazine.com/india/chips-space-and-data-centres-jefferies-flags-indias-next-industrial-revolution
2026-09-14T13:27:28Z,price down,2,False,True,True,False,2,Sandisk ( NASDAQ : SNDK ) Stock Price Down 4 . 1 % – Here What Happened | Cisco Systems ( NASDAQ : CSCO ) Stock Price Down 1 . 8 % – What Next ?  | Vistra ( NYSE : VST ) Stock Price Down 2 . 4 % on Insider Selling,https://www.dailypolitical.com/2026/09/10/sandisk-nasdaqsndk-stock-price-down-4-1-heres-what-happened.html | https://www.themarketsdaily.com/2026/09/10/cisco-systems-nasdaqcsco-stock-price-down-1-8-whats-next.html | https://www.themarketsdaily.com/2026/09/10/vistra-nysevst-stock-price-down-2-4-on-insider-selling.html
2026-09-14T13:27:28Z,down selling,2,False,True,True,False,2,Vistra ( NYSE : VST ) Stock Price Down 2 . 4 % on Insider Selling | Arista Networks ( NYSE : ANET ) Stock Price Down 2 % After Insider Selling,https://www.themarketsdaily.com/2026/09/10/vistra-nysevst-stock-price-down-2-4-on-insider-selling.html | https://www.dailypolitical.com/2026/09/12/arista-networks-nyseanet-stock-price-down-2-after-insider-selling.html
2026-09-14T13:27:28Z,price down selling,2,False,True,True,False,2,Vistra ( NYSE : VST ) Stock Price Down 2 . 4 % on Insider Selling | Arista Networks ( NYSE : ANET ) Stock Price Down 2 % After Insider Selling,https://www.themarketsdaily.com/2026/09/10/vistra-nysevst-stock-price-down-2-4-on-insider-selling.html | https://www.dailypolitical.com/2026/09/12/arista-networks-nyseanet-stock-price-down-2-after-insider-selling.html
2026-09-14T13:27:28Z,growth sectors,26,False,True,False,False,1,Jefferies flags  India New Industrial Revolution  across six high - growth sectors | Jefferies flags  India New Industrial Revolution  across six high - growth sectors | Jefferies flags  India New Industrial Revolution  across six high - growth sectors,http://www.britainnews.net/news/279297968/jefferies-flags-india-new-industrial-revolution-across-six-high-growth-sectors | http://www.myanmarnews.net/news/279297968/jefferies-flags-india-new-industrial-revolution-across-six-high-growth-sectors | http://www.newzealandstar.com/news/279297968/jefferies-flags-india-new-industrial-revolution-across-six-high-growth-sectors
2026-09-14T13:27:28Z,jefferies flags,25,False,True,False,False,1,Jefferies flags  India New Industrial Revolution  across six high - growth sectors | Jefferies flags  India New Industrial Revolution  across six high - growth sectors | Jefferies flags  India New Industrial Revolution  across six high - growth sectors,http://www.britainnews.net/news/279297968/jefferies-flags-india-new-industrial-revolution-across-six-high-growth-sectors | http://www.myanmarnews.net/news/279297968/jefferies-flags-india-new-industrial-revolution-across-six-high-growth-sectors | http://www.newzealandstar.com/news/279297968/jefferies-flags-india-new-industrial-revolution-across-six-high-growth-sectors
2026-09-14T13:27:28Z,across six,25,False,True,False,False,1,Jefferies flags  India New Industrial Revolution  across six high - growth sectors | Jefferies flags  India New Industrial Revolution  across six high - growth sectors | Jefferies flags  India New Industrial Revolution  across six high - growth sectors,http://www.britainnews.net/news/279297968/jefferies-flags-india-new-industrial-revolution-across-six-high-growth-sectors | http://www.myanmarnews.net/news/279297968/jefferies-flags-india-new-industrial-revolution-across-six-high-growth-sectors | http://www.newzealandstar.com/news/279297968/jefferies-flags-india-new-industrial-revolution-across-six-high-growth-sectors
2026-09-14T13:27:28Z,ai driven,24,False,True,False,False,1,AI - Driven IPO Wave Set to Accompany Anthropic Listing | Wave of AI - driven IPOs expected to accompany Anthropic listing – Oroville Mercury - Register | Wave of AI - driven IPOs expected to accompany Anthropic listing – Orange County Register,https://www.livemint.com/market/aidriven-ipo-wave-set-to-accompany-anthropic-listing-11788992244915.html | https://www.orovillemr.com/2026/09/10/multiple-ai-ipo-anthropic/ | https://www.ocregister.com/2026/09/10/multiple-ai-ipo-anthropic/
2026-09-14T13:27:28Z,accompany anthropic,24,False,True,False,False,1,AI - Driven IPO Wave Set to Accompany Anthropic Listing | Wave of AI - driven IPOs expected to accompany Anthropic listing – Oroville Mercury - Register | Wave of AI - driven IPOs expected to accompany Anthropic listing – Orange County Register,https://www.livemint.com/market/aidriven-ipo-wave-set-to-accompany-anthropic-listing-11788992244915.html | https://www.orovillemr.com/2026/09/10/multiple-ai-ipo-anthropic/ | https://www.ocregister.com/2026/09/10/multiple-ai-ipo-anthropic/
2026-09-14T13:27:28Z,anthropic listing,24,False,True,False,False,1,AI - Driven IPO Wave Set to Accompany Anthropic Listing | Wave of AI - driven IPOs expected to accompany Anthropic listing – Oroville Mercury - Register | Wave of AI - driven IPOs expected to accompany Anthropic listing – Orange County Register,https://www.livemint.com/market/aidriven-ipo-wave-set-to-accompany-anthropic-listing-11788992244915.html | https://www.orovillemr.com/2026/09/10/multiple-ai-ipo-anthropic/ | https://www.ocregister.com/2026/09/10/multiple-ai-ipo-anthropic/
2026-09-14T13:27:28Z,accompany anthropic listing,24,False,True,False,False,1,AI - Driven IPO Wave Set to Accompany Anthropic Listing | Wave of AI - driven IPOs expected to accompany Anthropic listing – Oroville Mercury - Register | Wave of AI - driven IPOs expected to accompany Anthropic listing – Orange County Register,https://www.livemint.com/market/aidriven-ipo-wave-set-to-accompany-anthropic-listing-11788992244915.html | https://www.orovillemr.com/2026/09/10/multiple-ai-ipo-anthropic/ | https://www.ocregister.com/2026/09/10/multiple-ai-ipo-anthropic/
2026-09-14T13:27:28Z,wave ai,23,False,True,False,False,1,Wave of AI - driven IPOs expected to accompany Anthropic listing – Oroville Mercury - Register | Wave of AI - driven IPOs expected to accompany Anthropic listing – Orange County Register | Wave of AI - driven IPOs expected to accompany Anthropic listing – thereporteronline,https://www.orovillemr.com/2026/09/10/multiple-ai-ipo-anthropic/ | https://www.ocregister.com/2026/09/10/multiple-ai-ipo-anthropic/ | https://www.thereporteronline.com/2026/09/10/multiple-ai-ipo-anthropic/
2026-09-14T13:27:28Z,driven ipos,23,False,True,False,False,1,Wave of AI - driven IPOs expected to accompany Anthropic listing – Oroville Mercury - Register | Wave of AI - driven IPOs expected to accompany Anthropic listing – Orange County Register | Wave of AI - driven IPOs expected to accompany Anthropic listing – thereporteronline,https://www.orovillemr.com/2026/09/10/multiple-ai-ipo-anthropic/ | https://www.ocregister.com/2026/09/10/multiple-ai-ipo-anthropic/ | https://www.thereporteronline.com/2026/09/10/multiple-ai-ipo-anthropic/
2026-09-14T13:27:28Z,ipos expected,23,False,True,False,False,1,Wave of AI - driven IPOs expected to accompany Anthropic listing – Oroville Mercury - Register | Wave of AI - driven IPOs expected to accompany Anthropic listing – Orange County Register | Wave of AI - driven IPOs expected to accompany Anthropic listing – thereporteronline,https://www.orovillemr.com/2026/09/10/multiple-ai-ipo-anthropic/ | https://www.ocregister.com/2026/09/10/multiple-ai-ipo-anthropic/ | https://www.thereporteronline.com/2026/09/10/multiple-ai-ipo-anthropic/
2026-09-14T13:27:28Z,expected accompany,23,False,True,False,False,1,Wave of AI - driven IPOs expected to accompany Anthropic listing – Oroville Mercury - Register | Wave of AI - driven IPOs expected to accompany Anthropic listing – Orange County Register | Wave of AI - driven IPOs expected to accompany Anthropic listing – thereporteronline,https://www.orovillemr.com/2026/09/10/multiple-ai-ipo-anthropic/ | https://www.ocregister.com/2026/09/10/multiple-ai-ipo-anthropic/ | https://www.thereporteronline.com/2026/09/10/multiple-ai-ipo-anthropic/
2026-09-14T13:27:28Z,wave ai driven,23,False,True,False,False,1,Wave of AI - driven IPOs expected to accompany Anthropic listing – Oroville Mercury - Register | Wave of AI - driven IPOs expected to accompany Anthropic listing – Orange County Register | Wave of AI - driven IPOs expected to accompany Anthropic listing – thereporteronline,https://www.orovillemr.com/2026/09/10/multiple-ai-ipo-anthropic/ | https://www.ocregister.com/2026/09/10/multiple-ai-ipo-anthropic/ | https://www.thereporteronline.com/2026/09/10/multiple-ai-ipo-anthropic/
2026-09-14T13:27:28Z,ai driven ipos,23,False,True,False,False,1,Wave of AI - driven IPOs expected to accompany Anthropic listing – Oroville Mercury - Register | Wave of AI - driven IPOs expected to accompany Anthropic listing – Orange County Register | Wave of AI - driven IPOs expected to accompany Anthropic listing – thereporteronline,https://www.orovillemr.com/2026/09/10/multiple-ai-ipo-anthropic/ | https://www.ocregister.com/2026/09/10/multiple-ai-ipo-anthropic/ | https://www.thereporteronline.com/2026/09/10/multiple-ai-ipo-anthropic/
2026-09-14T13:27:28Z,driven ipos expected,23,False,True,False,False,1,Wave of AI - driven IPOs expected to accompany Anthropic listing – Oroville Mercury - Register | Wave of AI - driven IPOs expected to accompany Anthropic listing – Orange County Register | Wave of AI - driven IPOs expected to accompany Anthropic listing – thereporteronline,https://www.orovillemr.com/2026/09/10/multiple-ai-ipo-anthropic/ | https://www.ocregister.com/2026/09/10/multiple-ai-ipo-anthropic/ | https://www.thereporteronline.com/2026/09/10/multiple-ai-ipo-anthropic/
2026-09-14T13:27:28Z,ipos expected accompany,23,False,True,False,False,1,Wave of AI - driven IPOs expected to accompany Anthropic listing – Oroville Mercury - Register | Wave of AI - driven IPOs expected to accompany Anthropic listing – Orange County Register | Wave of AI - driven IPOs expected to accompany Anthropic listing – thereporteronline,https://www.orovillemr.com/2026/09/10/multiple-ai-ipo-anthropic/ | https://www.ocregister.com/2026/09/10/multiple-ai-ipo-anthropic/ | https://www.thereporteronline.com/2026/09/10/multiple-ai-ipo-anthropic/
2026-09-14T13:27:28Z,expected accompany anthropic,23,False,True,False,False,1,Wave of AI - driven IPOs expected to accompany Anthropic listing – Oroville Mercury - Register | Wave of AI - driven IPOs expected to accompany Anthropic listing – Orange County Register | Wave of AI - driven IPOs expected to accompany Anthropic listing – thereporteronline,https://www.orovillemr.com/2026/09/10/multiple-ai-ipo-anthropic/ | https://www.ocregister.com/2026/09/10/multiple-ai-ipo-anthropic/ | https://www.thereporteronline.com/2026/09/10/multiple-ai-ipo-anthropic/
2026-09-14T13:27:28Z,trump administration,17,False,True,False,False,1,"Trump Administration Loans $100 Million to Africell to Challenge Huawei in Africa , ETTelecom | Trump administration to lend $100 million to Africell , countering Huawei in Africa | Trump administration to lend $100 million to Africell , countering Huawei in Africa",https://telecom.economictimes.indiatimes.com/news/telecom-equipment/trump-administration-to-lend-100-million-to-africell-countering-huawei-in-africa/134046966 | https://www.straitstimes.com/asia/trump-administration-to-lend-100-million-to-africell-countering-huawei-in-africa | https://lufkindailynews.com/news_reuters/business/trump-administration-to-lend-100-million-to-africell-countering-huawei-in-africa/article_7a06463e-487f-55ac-b36c-ff99d92cfbe6.html
2026-09-14T13:27:28Z,ai push,15,False,True,False,False,1,"Strive Masiyiwa Cassava joins Vodafone in $1 billion Egypt data - centre and sovereign AI push | Oracle layoffs : IT giant adds $700 million to restructuring tally amid expensive AI push | Google plans $15 billion Finland AI push , signs nuclear deal",https://www.newzimbabwe.com/strive-masiyiwas-cassava-joins-vodafone-in-1-billion-egypt-data-centre-and-sovereign-ai-push/ | https://www.businesstoday.in/technology/story/oracle-layoffs-it-giant-adds-700-million-to-restructuring-tally-amid-expensive-ai-push-555216-2026-09-13 | http://www.dallassun.com/news/279296760/google-plans-usd15-billion-finland-ai-push-signs-nuclear-deal
2026-09-14T13:27:28Z,finland ai,15,False,True,False,False,1,"Google Commits To Finland AI Infrastructure , Secures Nuclear Power Deal | Google Commits To Finland AI Infrastructure , Secures Nuclear Power Deal | Google plans $15 billion Finland AI push , signs nuclear deal",https://www.finanzen.ch/nachrichten/aktien/google-commits-to-finland-ai-infrastructure-secures-nuclear-power-deal-1036537909 | https://www.rttnews.com/3690161/google-commits-to-finland-ai-infrastructure-secures-nuclear-power-deal.aspx | http://www.dallassun.com/news/279296760/google-plans-usd15-billion-finland-ai-push-signs-nuclear-deal
2026-09-14T13:27:28Z,administration lends,14,False,True,False,False,1,Trump administration lends $100M to US - owned cellphone network in Africa | Trump administration lends $100M to US - owned cellphone network in Africa | Trump administration lends $100M to US - owned cellphone network in Africa,https://www.thetimes-tribune.com/2026/09/11/trump-administration-cellphone-network-africa/ | https://www.dailylocal.com/2026/09/11/trump-administration-cellphone-network-africa/ | https://www.montereyherald.com/2026/09/11/trump-administration-cellphone-network-africa/
2026-09-14T13:27:28Z,lends owned,14,False,True,False,False,1,Trump administration lends $100M to US - owned cellphone network in Africa | Trump administration lends $100M to US - owned cellphone network in Africa | Trump administration lends $100M to US - owned cellphone network in Africa,https://www.thetimes-tribune.com/2026/09/11/trump-administration-cellphone-network-africa/ | https://www.dailylocal.com/2026/09/11/trump-administration-cellphone-network-africa/ | https://www.montereyherald.com/2026/09/11/trump-administration-cellphone-network-africa/
2026-09-14T13:27:28Z,trump administration lends,14,False,True,False,False,1,Trump administration lends $100M to US - owned cellphone network in Africa | Trump administration lends $100M to US - owned cellphone network in Africa | Trump administration lends $100M to US - owned cellphone network in Africa,https://www.thetimes-tribune.com/2026/09/11/trump-administration-cellphone-network-africa/ | https://www.dailylocal.com/2026/09/11/trump-administration-cellphone-network-africa/ | https://www.montereyherald.com/2026/09/11/trump-administration-cellphone-network-africa/
2026-09-14T13:27:28Z,administration lends owned,14,False,True,False,False,1,Trump administration lends $100M to US - owned cellphone network in Africa | Trump administration lends $100M to US - owned cellphone network in Africa | Trump administration lends $100M to US - owned cellphone network in Africa,https://www.thetimes-tribune.com/2026/09/11/trump-administration-cellphone-network-africa/ | https://www.dailylocal.com/2026/09/11/trump-administration-cellphone-network-africa/ | https://www.montereyherald.com/2026/09/11/trump-administration-cellphone-network-africa/
2026-09-14T13:27:28Z,brics summit,9,False,True,False,False,1,BRICS Summit 2026 : Key likely outcomes as India drives a transformative global agenda in New Delhi | BRICS Summit 2026 : Key likely outcomes as India drives a transformative global agenda in New Delhi | BRICS Summit 2026 : Key likely outcomes as India drives a transformative global agenda in New Delhi,http://www.middleeaststar.com/news/279293033/brics-summit-2026-key-likely-outcomes-as-india-drives-a-transformative-global-agenda-in-new-delhi | https://economictimes.indiatimes.com/news/india/brics-summit-2026-key-likely-outcomes-as-india-drives-a-transformative-global-agenda-in-new-delhi/articleshow/133905594.cms | https://aninews.in/news/world/asia/brics-summit-2026-key-likely-outcomes-as-india-drives-a-transformative-global-agenda-in-new-delhi20260908085217/
2026-09-14T13:27:28Z,dangote refinery,9,False,True,False,False,1,Dangote Refinery Launches $1 . 4 Bn - Plus IPO in Landmark Nigerian Listing | Dangote Refinery listing to push NGX capitalisation above N200trn – Daily Trust | Dangote Refinery gets Nigeria regulator nod for $1 . 6bn IPO,https://chimpreports.com/dangote-refinery-launches-1-4-bn-plus-ipo-in-landmark-nigerian-listing/ | https://dailytrust.com/dangote-refinery-listing-to-push-ngx-capitalisation-above-n200trn/ | https://www.timeslive.co.za/news/business/2026-09-06-dangote-refinery-gets-nigeria-regulators-nod-for-16bn-ipo/
2026-09-14T13:27:28Z,ai infrastructure,8,False,True,False,False,1,"Google to invest 13 billion euros in AI infrastructure in Finland | AI infrastructure bets drive venture debt toward record levels | Google Invests 13 Billion Euros in AI Infrastructure in Finland , ETTelecom",https://www.businesstimes.com.sg/companies-markets/telcos-media-tech/google-invest-13-billion-euros-ai-infrastructure-finland | https://finance.yahoo.com/technology/ai/articles/ai-infrastructure-bets-drive-venture-101428462.html | https://telecom.economictimes.indiatimes.com/news/internet/google-unveils-13-bn-euro-ai-expansion-in-finland/133990282
2026-09-14T13:27:55Z,google plans,15,False,True,True,False,2,"Google plans for $15B AI build - out in Finland | The Arkansas Democrat - Gazette | Google plans EUR13 billion Finland investment to expand data centers , clean energy | Google plans $15 billion Finland AI push , signs nuclear deal",https://www.arkansasonline.com/news/2026/sep/10/google-plans-for-15b-ai-build-out-in-finland/ | https://www.digitimes.com/news/a20260910PR201/google-finland-investment-data-center-expansion.html | http://www.dallassun.com/news/279296760/google-plans-usd15-billion-finland-ai-push-signs-nuclear-deal
2026-09-14T13:27:55Z,kill all,6,False,True,True,False,2,"AI researchers  earnestly believe  it could kill all humans within the next decade , Anthropic researcher says | The 27 - year - old who warned that AI could  kill us all  faces intense scrutiny | The 27 - year - old who warned that AI could  kill us all  faces intense scrutiny",https://www.cbc.ca/news/business/anthropic-researcher-resigned-9.7337789 | https://www.watoday.com.au/technology/the-27-year-old-who-warned-that-ai-could-kill-us-all-faces-intense-scrutiny-20260911-p60wfi.html | https://www.theage.com.au/technology/the-27-year-old-who-warned-that-ai-could-kill-us-all-faces-intense-scrutiny-20260911-p60wfi.html
2026-09-14T13:27:55Z,ai kill all,5,False,True,True,False,2,The 27 - year - old who warned that AI could  kill us all  faces intense scrutiny | The 27 - year - old who warned that AI could  kill us all  faces intense scrutiny | The 27 - year - old who warned that AI could  kill us all  faces intense scrutiny,https://www.watoday.com.au/technology/the-27-year-old-who-warned-that-ai-could-kill-us-all-faces-intense-scrutiny-20260911-p60wfi.html | https://www.theage.com.au/technology/the-27-year-old-who-warned-that-ai-could-kill-us-all-faces-intense-scrutiny-20260911-p60wfi.html | https://www.smh.com.au/technology/the-27-year-old-who-warned-that-ai-could-kill-us-all-faces-intense-scrutiny-20260911-p60wfi.html
2026-09-14T13:27:55Z,artificial intelligence,4,False,True,True,False,2,"Artificial Intelligence : How tech tools are changing work , school and the stock market | Better Artificial Intelligence Stock : Applied Digital vs . Super Micro Computer | Wall Street Finds Its AI Lifeline : How Artificial Intelligence Offers Fresh Exits for Trapped Private Equity Billions",https://originals.azpm.org/p/navigating/2026/9/8/231120-artificial-intelligence-how-tech-tools-are-changing-work-school-and-the-stock-market/ | https://www.fool.com/coverage/better-buy/2026/09/09/better-artificial-intelligence-stock-applied-digital-vs-super-micro-computer/?source=iedfolrf0000001 | https://www.webpronews.com/wall-street-finds-its-ai-lifeline-how-artificial-intelligence-offers-fresh-exits-for-trapped-private-equity-billions/
2026-09-14T13:27:55Z,nuclear plant,3,False,True,True,False,2,Energy Department loans $1 . 9B to restart Iowa nuclear plant | Energy Department loans $1 . 9B to restart Iowa nuclear plant | Google agrees to buy up to 50 % of Finnish nuclear plant capacity from Fortum,https://www.fairfieldsuntimes.com/news/national/energy-department-loans-1-9b-to-restart-iowa-nuclear-plant/article_08994566-c882-5aa4-b1df-a2faf435b160.html | https://www.hometownregister.com/news/national/energy-department-loans-1-9b-to-restart-iowa-nuclear-plant/article_f3f563d1-5fe9-509e-87d7-35eb05418741.html | https://www.moneycontrol.com/news/business/google-agrees-to-buy-up-to-50-of-finnish-nuclear-plant-capacity-from-fortum-14026489.html
2026-09-14T13:27:55Z,oil gas,2,False,True,True,False,2,"APO Group - Africa Newsroom / Press release | The Dealmakers Are Set to Storm Windhoek : Nigerian Governors and CORAN Bigwigs Set to Storm International African Energy , Oil and Gas Summit ( IAEOGS ) 2026 to Unlock Africa Energy Future | Battalion Oil Corporation Announces Strategic Investment in Collide , the AI - Native Operations System for Oil and Gas",https://www.africa-newsroom.com/press/the-dealmakers-are-set-to-storm-windhoek-nigerian-governors-and-coran-bigwigs-set-to-storm-iaeogs-2026-to-unlock-africas-energy-future | https://www.manilatimes.net/2026/09/09/tmt-newswire/globenewswire/battalion-oil-corporation-announces-strategic-investment-in-collide-the-ai-native-operations-system-for-oil-and-gas/2421103
2026-09-14T13:27:55Z,derivatives trading,2,False,True,True,False,2,"SEBI Likely To Allow FPIs In Commodity Derivatives Trading : Report | Zoomex Stock Brings Tesla 6 % Surge and Nvidia Choppy Session Within Reach Through Fair , Rule - Based Derivatives Trading",https://www.freepressjournal.in/business/sebi-likely-to-allow-fpis-in-commodity-derivatives-trading-report | https://bravenewcoin.com/press-release/zoomex-stock-brings-teslas-6-surge-and-nvidias-choppy-session-within-reach-through-fair-rule-based-derivatives-trading
2026-09-14T13:27:55Z,land use,2,False,True,True,False,2,"Americans are turning against AI data centers as local fears over water , power costs , and land use keep growing nationwide | Opinion : Evaluating data centers as land use application proposals",https://www.techradar.com/pro/69-of-americans-oppose-local-ai-data-centers-in-2026-poll-trump-blasts-blocking-communities-on-truth-social-for-choosing-poverty-over-server-farms-throwing-off-tremendous-amounts-of-money | https://www.morningjournal.com/2026/09/12/opinion-evaluating-data-centers-as-land-use-application-proposals/
2026-09-14T13:27:55Z,trading down,2,False,True,True,False,2,Apple ( NASDAQ : AAPL ) Trading Down 1 . 2 % – What Next ?  | Nebius Group ( NASDAQ : NBIS ) Trading Down 5 . 1 % – Time to Sell ? ,https://www.themarketsdaily.com/2026/09/08/apple-nasdaqaapl-trading-down-1-2-whats-next.html | https://www.dailypolitical.com/2026/09/10/nebius-group-nasdaqnbis-trading-down-5-1-time-to-sell.html
2026-09-14T13:27:55Z,down next,2,False,True,True,False,2,Apple ( NASDAQ : AAPL ) Trading Down 1 . 2 % – What Next ?  | Cisco Systems ( NASDAQ : CSCO ) Stock Price Down 1 . 8 % – What Next ?  | NVIDIA ( NASDAQ : NVDA ) Shares Down 2 . 4 % – What Next ? ,https://www.themarketsdaily.com/2026/09/08/apple-nasdaqaapl-trading-down-1-2-whats-next.html | https://www.themarketsdaily.com/2026/09/10/cisco-systems-nasdaqcsco-stock-price-down-1-8-whats-next.html | https://www.dailypolitical.com/2026/09/10/nvidia-nasdaqnvda-shares-down-2-4-whats-next.html
2026-09-14T13:27:55Z,lead next,2,False,True,True,False,2,"Opus Origin Taps Greg Topalian to Lead its Next Chapter of North American Growth | India New Industrial Revolution : Chips , Space and Data Centres Lead Next Manufacturing Growth Wave , Says Jefferies",https://www.exhibitoronline.com/news/article.asp?ID=25377 | https://openthemagazine.com/india/chips-space-and-data-centres-jefferies-flags-indias-next-industrial-revolution
2026-09-14T13:27:55Z,price down,2,False,True,True,False,2,Sandisk ( NASDAQ : SNDK ) Stock Price Down 4 . 1 % – Here What Happened | Cisco Systems ( NASDAQ : CSCO ) Stock Price Down 1 . 8 % – What Next ?  | Vistra ( NYSE : VST ) Stock Price Down 2 . 4 % on Insider Selling,https://www.dailypolitical.com/2026/09/10/sandisk-nasdaqsndk-stock-price-down-4-1-heres-what-happened.html | https://www.themarketsdaily.com/2026/09/10/cisco-systems-nasdaqcsco-stock-price-down-1-8-whats-next.html | https://www.themarketsdaily.com/2026/09/10/vistra-nysevst-stock-price-down-2-4-on-insider-selling.html
2026-09-14T13:27:55Z,down selling,2,False,True,True,False,2,Vistra ( NYSE : VST ) Stock Price Down 2 . 4 % on Insider Selling | Arista Networks ( NYSE : ANET ) Stock Price Down 2 % After Insider Selling,https://www.themarketsdaily.com/2026/09/10/vistra-nysevst-stock-price-down-2-4-on-insider-selling.html | https://www.dailypolitical.com/2026/09/12/arista-networks-nyseanet-stock-price-down-2-after-insider-selling.html
2026-09-14T13:27:55Z,price down selling,2,False,True,True,False,2,Vistra ( NYSE : VST ) Stock Price Down 2 . 4 % on Insider Selling | Arista Networks ( NYSE : ANET ) Stock Price Down 2 % After Insider Selling,https://www.themarketsdaily.com/2026/09/10/vistra-nysevst-stock-price-down-2-4-on-insider-selling.html | https://www.dailypolitical.com/2026/09/12/arista-networks-nyseanet-stock-price-down-2-after-insider-selling.html
2026-09-14T13:27:55Z,growth sectors,26,False,True,False,False,1,Jefferies flags  India New Industrial Revolution  across six high - growth sectors | Jefferies flags  India New Industrial Revolution  across six high - growth sectors | Jefferies flags  India New Industrial Revolution  across six high - growth sectors,http://www.britainnews.net/news/279297968/jefferies-flags-india-new-industrial-revolution-across-six-high-growth-sectors | http://www.myanmarnews.net/news/279297968/jefferies-flags-india-new-industrial-revolution-across-six-high-growth-sectors | http://www.newzealandstar.com/news/279297968/jefferies-flags-india-new-industrial-revolution-across-six-high-growth-sectors
2026-09-14T13:27:55Z,jefferies flags,25,False,True,False,False,1,Jefferies flags  India New Industrial Revolution  across six high - growth sectors | Jefferies flags  India New Industrial Revolution  across six high - growth sectors | Jefferies flags  India New Industrial Revolution  across six high - growth sectors,http://www.britainnews.net/news/279297968/jefferies-flags-india-new-industrial-revolution-across-six-high-growth-sectors | http://www.myanmarnews.net/news/279297968/jefferies-flags-india-new-industrial-revolution-across-six-high-growth-sectors | http://www.newzealandstar.com/news/279297968/jefferies-flags-india-new-industrial-revolution-across-six-high-growth-sectors
2026-09-14T13:27:55Z,across six,25,False,True,False,False,1,Jefferies flags  India New Industrial Revolution  across six high - growth sectors | Jefferies flags  India New Industrial Revolution  across six high - growth sectors | Jefferies flags  India New Industrial Revolution  across six high - growth sectors,http://www.britainnews.net/news/279297968/jefferies-flags-india-new-industrial-revolution-across-six-high-growth-sectors | http://www.myanmarnews.net/news/279297968/jefferies-flags-india-new-industrial-revolution-across-six-high-growth-sectors | http://www.newzealandstar.com/news/279297968/jefferies-flags-india-new-industrial-revolution-across-six-high-growth-sectors
2026-09-14T13:27:55Z,ai driven,24,False,True,False,False,1,AI - Driven IPO Wave Set to Accompany Anthropic Listing | Wave of AI - driven IPOs expected to accompany Anthropic listing – Oroville Mercury - Register | Wave of AI - driven IPOs expected to accompany Anthropic listing – Orange County Register,https://www.livemint.com/market/aidriven-ipo-wave-set-to-accompany-anthropic-listing-11788992244915.html | https://www.orovillemr.com/2026/09/10/multiple-ai-ipo-anthropic/ | https://www.ocregister.com/2026/09/10/multiple-ai-ipo-anthropic/
2026-09-14T13:27:55Z,accompany anthropic,24,False,True,False,False,1,AI - Driven IPO Wave Set to Accompany Anthropic Listing | Wave of AI - driven IPOs expected to accompany Anthropic listing – Oroville Mercury - Register | Wave of AI - driven IPOs expected to accompany Anthropic listing – Orange County Register,https://www.livemint.com/market/aidriven-ipo-wave-set-to-accompany-anthropic-listing-11788992244915.html | https://www.orovillemr.com/2026/09/10/multiple-ai-ipo-anthropic/ | https://www.ocregister.com/2026/09/10/multiple-ai-ipo-anthropic/
2026-09-14T13:27:55Z,anthropic listing,24,False,True,False,False,1,AI - Driven IPO Wave Set to Accompany Anthropic Listing | Wave of AI - driven IPOs expected to accompany Anthropic listing – Oroville Mercury - Register | Wave of AI - driven IPOs expected to accompany Anthropic listing – Orange County Register,https://www.livemint.com/market/aidriven-ipo-wave-set-to-accompany-anthropic-listing-11788992244915.html | https://www.orovillemr.com/2026/09/10/multiple-ai-ipo-anthropic/ | https://www.ocregister.com/2026/09/10/multiple-ai-ipo-anthropic/
2026-09-14T13:27:55Z,accompany anthropic listing,24,False,True,False,False,1,AI - Driven IPO Wave Set to Accompany Anthropic Listing | Wave of AI - driven IPOs expected to accompany Anthropic listing – Oroville Mercury - Register | Wave of AI - driven IPOs expected to accompany Anthropic listing – Orange County Register,https://www.livemint.com/market/aidriven-ipo-wave-set-to-accompany-anthropic-listing-11788992244915.html | https://www.orovillemr.com/2026/09/10/multiple-ai-ipo-anthropic/ | https://www.ocregister.com/2026/09/10/multiple-ai-ipo-anthropic/
2026-09-14T13:27:55Z,wave ai,23,False,True,False,False,1,Wave of AI - driven IPOs expected to accompany Anthropic listing – Oroville Mercury - Register | Wave of AI - driven IPOs expected to accompany Anthropic listing – Orange County Register | Wave of AI - driven IPOs expected to accompany Anthropic listing – thereporteronline,https://www.orovillemr.com/2026/09/10/multiple-ai-ipo-anthropic/ | https://www.ocregister.com/2026/09/10/multiple-ai-ipo-anthropic/ | https://www.thereporteronline.com/2026/09/10/multiple-ai-ipo-anthropic/
2026-09-14T13:27:55Z,driven ipos,23,False,True,False,False,1,Wave of AI - driven IPOs expected to accompany Anthropic listing – Oroville Mercury - Register | Wave of AI - driven IPOs expected to accompany Anthropic listing – Orange County Register | Wave of AI - driven IPOs expected to accompany Anthropic listing – thereporteronline,https://www.orovillemr.com/2026/09/10/multiple-ai-ipo-anthropic/ | https://www.ocregister.com/2026/09/10/multiple-ai-ipo-anthropic/ | https://www.thereporteronline.com/2026/09/10/multiple-ai-ipo-anthropic/
2026-09-14T13:27:55Z,ipos expected,23,False,True,False,False,1,Wave of AI - driven IPOs expected to accompany Anthropic listing – Oroville Mercury - Register | Wave of AI - driven IPOs expected to accompany Anthropic listing – Orange County Register | Wave of AI - driven IPOs expected to accompany Anthropic listing – thereporteronline,https://www.orovillemr.com/2026/09/10/multiple-ai-ipo-anthropic/ | https://www.ocregister.com/2026/09/10/multiple-ai-ipo-anthropic/ | https://www.thereporteronline.com/2026/09/10/multiple-ai-ipo-anthropic/
2026-09-14T13:27:55Z,expected accompany,23,False,True,False,False,1,Wave of AI - driven IPOs expected to accompany Anthropic listing – Oroville Mercury - Register | Wave of AI - driven IPOs expected to accompany Anthropic listing – Orange County Register | Wave of AI - driven IPOs expected to accompany Anthropic listing – thereporteronline,https://www.orovillemr.com/2026/09/10/multiple-ai-ipo-anthropic/ | https://www.ocregister.com/2026/09/10/multiple-ai-ipo-anthropic/ | https://www.thereporteronline.com/2026/09/10/multiple-ai-ipo-anthropic/
2026-09-14T13:27:55Z,wave ai driven,23,False,True,False,False,1,Wave of AI - driven IPOs expected to accompany Anthropic listing – Oroville Mercury - Register | Wave of AI - driven IPOs expected to accompany Anthropic listing – Orange County Register | Wave of AI - driven IPOs expected to accompany Anthropic listing – thereporteronline,https://www.orovillemr.com/2026/09/10/multiple-ai-ipo-anthropic/ | https://www.ocregister.com/2026/09/10/multiple-ai-ipo-anthropic/ | https://www.thereporteronline.com/2026/09/10/multiple-ai-ipo-anthropic/
2026-09-14T13:27:55Z,ai driven ipos,23,False,True,False,False,1,Wave of AI - driven IPOs expected to accompany Anthropic listing – Oroville Mercury - Register | Wave of AI - driven IPOs expected to accompany Anthropic listing – Orange County Register | Wave of AI - driven IPOs expected to accompany Anthropic listing – thereporteronline,https://www.orovillemr.com/2026/09/10/multiple-ai-ipo-anthropic/ | https://www.ocregister.com/2026/09/10/multiple-ai-ipo-anthropic/ | https://www.thereporteronline.com/2026/09/10/multiple-ai-ipo-anthropic/
2026-09-14T13:27:55Z,driven ipos expected,23,False,True,False,False,1,Wave of AI - driven IPOs expected to accompany Anthropic listing – Oroville Mercury - Register | Wave of AI - driven IPOs expected to accompany Anthropic listing – Orange County Register | Wave of AI - driven IPOs expected to accompany Anthropic listing – thereporteronline,https://www.orovillemr.com/2026/09/10/multiple-ai-ipo-anthropic/ | https://www.ocregister.com/2026/09/10/multiple-ai-ipo-anthropic/ | https://www.thereporteronline.com/2026/09/10/multiple-ai-ipo-anthropic/
2026-09-14T13:27:55Z,ipos expected accompany,23,False,True,False,False,1,Wave of AI - driven IPOs expected to accompany Anthropic listing – Oroville Mercury - Register | Wave of AI - driven IPOs expected to accompany Anthropic listing – Orange County Register | Wave of AI - driven IPOs expected to accompany Anthropic listing – thereporteronline,https://www.orovillemr.com/2026/09/10/multiple-ai-ipo-anthropic/ | https://www.ocregister.com/2026/09/10/multiple-ai-ipo-anthropic/ | https://www.thereporteronline.com/2026/09/10/multiple-ai-ipo-anthropic/
2026-09-14T13:27:55Z,expected accompany anthropic,23,False,True,False,False,1,Wave of AI - driven IPOs expected to accompany Anthropic listing – Oroville Mercury - Register | Wave of AI - driven IPOs expected to accompany Anthropic listing – Orange County Register | Wave of AI - driven IPOs expected to accompany Anthropic listing – thereporteronline,https://www.orovillemr.com/2026/09/10/multiple-ai-ipo-anthropic/ | https://www.ocregister.com/2026/09/10/multiple-ai-ipo-anthropic/ | https://www.thereporteronline.com/2026/09/10/multiple-ai-ipo-anthropic/
2026-09-14T13:27:55Z,trump administration,17,False,True,False,False,1,"Trump Administration Loans $100 Million to Africell to Challenge Huawei in Africa , ETTelecom | Trump administration to lend $100 million to Africell , countering Huawei in Africa | Trump administration to lend $100 million to Africell , countering Huawei in Africa",https://telecom.economictimes.indiatimes.com/news/telecom-equipment/trump-administration-to-lend-100-million-to-africell-countering-huawei-in-africa/134046966 | https://www.straitstimes.com/asia/trump-administration-to-lend-100-million-to-africell-countering-huawei-in-africa | https://lufkindailynews.com/news_reuters/business/trump-administration-to-lend-100-million-to-africell-countering-huawei-in-africa/article_7a06463e-487f-55ac-b36c-ff99d92cfbe6.html
2026-09-14T13:27:55Z,ai push,15,False,True,False,False,1,"Strive Masiyiwa Cassava joins Vodafone in $1 billion Egypt data - centre and sovereign AI push | Oracle layoffs : IT giant adds $700 million to restructuring tally amid expensive AI push | Google plans $15 billion Finland AI push , signs nuclear deal",https://www.newzimbabwe.com/strive-masiyiwas-cassava-joins-vodafone-in-1-billion-egypt-data-centre-and-sovereign-ai-push/ | https://www.businesstoday.in/technology/story/oracle-layoffs-it-giant-adds-700-million-to-restructuring-tally-amid-expensive-ai-push-555216-2026-09-13 | http://www.dallassun.com/news/279296760/google-plans-usd15-billion-finland-ai-push-signs-nuclear-deal
2026-09-14T13:27:55Z,finland ai,15,False,True,False,False,1,"Google Commits To Finland AI Infrastructure , Secures Nuclear Power Deal | Google Commits To Finland AI Infrastructure , Secures Nuclear Power Deal | Google plans $15 billion Finland AI push , signs nuclear deal",https://www.finanzen.ch/nachrichten/aktien/google-commits-to-finland-ai-infrastructure-secures-nuclear-power-deal-1036537909 | https://www.rttnews.com/3690161/google-commits-to-finland-ai-infrastructure-secures-nuclear-power-deal.aspx | http://www.dallassun.com/news/279296760/google-plans-usd15-billion-finland-ai-push-signs-nuclear-deal
2026-09-14T13:27:55Z,administration lends,14,False,True,False,False,1,Trump administration lends $100M to US - owned cellphone network in Africa | Trump administration lends $100M to US - owned cellphone network in Africa | Trump administration lends $100M to US - owned cellphone network in Africa,https://www.thetimes-tribune.com/2026/09/11/trump-administration-cellphone-network-africa/ | https://www.dailylocal.com/2026/09/11/trump-administration-cellphone-network-africa/ | https://www.montereyherald.com/2026/09/11/trump-administration-cellphone-network-africa/
2026-09-14T13:27:55Z,lends owned,14,False,True,False,False,1,Trump administration lends $100M to US - owned cellphone network in Africa | Trump administration lends $100M to US - owned cellphone network in Africa | Trump administration lends $100M to US - owned cellphone network in Africa,https://www.thetimes-tribune.com/2026/09/11/trump-administration-cellphone-network-africa/ | https://www.dailylocal.com/2026/09/11/trump-administration-cellphone-network-africa/ | https://www.montereyherald.com/2026/09/11/trump-administration-cellphone-network-africa/
2026-09-14T13:27:55Z,trump administration lends,14,False,True,False,False,1,Trump administration lends $100M to US - owned cellphone network in Africa | Trump administration lends $100M to US - owned cellphone network in Africa | Trump administration lends $100M to US - owned cellphone network in Africa,https://www.thetimes-tribune.com/2026/09/11/trump-administration-cellphone-network-africa/ | https://www.dailylocal.com/2026/09/11/trump-administration-cellphone-network-africa/ | https://www.montereyherald.com/2026/09/11/trump-administration-cellphone-network-africa/
2026-09-14T13:27:55Z,administration lends owned,14,False,True,False,False,1,Trump administration lends $100M to US - owned cellphone network in Africa | Trump administration lends $100M to US - owned cellphone network in Africa | Trump administration lends $100M to US - owned cellphone network in Africa,https://www.thetimes-tribune.com/2026/09/11/trump-administration-cellphone-network-africa/ | https://www.dailylocal.com/2026/09/11/trump-administration-cellphone-network-africa/ | https://www.montereyherald.com/2026/09/11/trump-administration-cellphone-network-africa/
2026-09-14T13:27:55Z,brics summit,9,False,True,False,False,1,BRICS Summit 2026 : Key likely outcomes as India drives a transformative global agenda in New Delhi | BRICS Summit 2026 : Key likely outcomes as India drives a transformative global agenda in New Delhi | BRICS Summit 2026 : Key likely outcomes as India drives a transformative global agenda in New Delhi,http://www.middleeaststar.com/news/279293033/brics-summit-2026-key-likely-outcomes-as-india-drives-a-transformative-global-agenda-in-new-delhi | https://economictimes.indiatimes.com/news/india/brics-summit-2026-key-likely-outcomes-as-india-drives-a-transformative-global-agenda-in-new-delhi/articleshow/133905594.cms | https://aninews.in/news/world/asia/brics-summit-2026-key-likely-outcomes-as-india-drives-a-transformative-global-agenda-in-new-delhi20260908085217/
2026-09-14T13:27:55Z,dangote refinery,9,False,True,False,False,1,Dangote Refinery Launches $1 . 4 Bn - Plus IPO in Landmark Nigerian Listing | Dangote Refinery listing to push NGX capitalisation above N200trn – Daily Trust | Dangote Refinery gets Nigeria regulator nod for $1 . 6bn IPO,https://chimpreports.com/dangote-refinery-launches-1-4-bn-plus-ipo-in-landmark-nigerian-listing/ | https://dailytrust.com/dangote-refinery-listing-to-push-ngx-capitalisation-above-n200trn/ | https://www.timeslive.co.za/news/business/2026-09-06-dangote-refinery-gets-nigeria-regulators-nod-for-16bn-ipo/
2026-09-14T13:27:55Z,ai infrastructure,8,False,True,False,False,1,"Google to invest 13 billion euros in AI infrastructure in Finland | AI infrastructure bets drive venture debt toward record levels | Google Invests 13 Billion Euros in AI Infrastructure in Finland , ETTelecom",https://www.businesstimes.com.sg/companies-markets/telcos-media-tech/google-invest-13-billion-euros-ai-infrastructure-finland | https://finance.yahoo.com/technology/ai/articles/ai-infrastructure-bets-drive-venture-101428462.html | https://telecom.economictimes.indiatimes.com/news/internet/google-unveils-13-bn-euro-ai-expansion-in-finland/133990282
2026-09-14T13:38:29Z,google plans,15,False,True,True,False,2,"Google plans for $15B AI build - out in Finland | The Arkansas Democrat - Gazette | Google plans EUR13 billion Finland investment to expand data centers , clean energy | Google plans $15 billion Finland AI push , signs nuclear deal",https://www.arkansasonline.com/news/2026/sep/10/google-plans-for-15b-ai-build-out-in-finland/ | https://www.digitimes.com/news/a20260910PR201/google-finland-investment-data-center-expansion.html | http://www.dallassun.com/news/279296760/google-plans-usd15-billion-finland-ai-push-signs-nuclear-deal
2026-09-14T13:38:29Z,kill all,6,False,True,True,False,2,"AI researchers  earnestly believe  it could kill all humans within the next decade , Anthropic researcher says | The 27 - year - old who warned that AI could  kill us all  faces intense scrutiny | The 27 - year - old who warned that AI could  kill us all  faces intense scrutiny",https://www.cbc.ca/news/business/anthropic-researcher-resigned-9.7337789 | https://www.watoday.com.au/technology/the-27-year-old-who-warned-that-ai-could-kill-us-all-faces-intense-scrutiny-20260911-p60wfi.html | https://www.theage.com.au/technology/the-27-year-old-who-warned-that-ai-could-kill-us-all-faces-intense-scrutiny-20260911-p60wfi.html
2026-09-14T13:38:29Z,ai kill all,5,False,True,True,False,2,The 27 - year - old who warned that AI could  kill us all  faces intense scrutiny | The 27 - year - old who warned that AI could  kill us all  faces intense scrutiny | The 27 - year - old who warned that AI could  kill us all  faces intense scrutiny,https://www.watoday.com.au/technology/the-27-year-old-who-warned-that-ai-could-kill-us-all-faces-intense-scrutiny-20260911-p60wfi.html | https://www.theage.com.au/technology/the-27-year-old-who-warned-that-ai-could-kill-us-all-faces-intense-scrutiny-20260911-p60wfi.html | https://www.smh.com.au/technology/the-27-year-old-who-warned-that-ai-could-kill-us-all-faces-intense-scrutiny-20260911-p60wfi.html
2026-09-14T13:38:29Z,artificial intelligence,4,False,True,True,False,2,"Artificial Intelligence : How tech tools are changing work , school and the stock market | Better Artificial Intelligence Stock : Applied Digital vs . Super Micro Computer | Wall Street Finds Its AI Lifeline : How Artificial Intelligence Offers Fresh Exits for Trapped Private Equity Billions",https://originals.azpm.org/p/navigating/2026/9/8/231120-artificial-intelligence-how-tech-tools-are-changing-work-school-and-the-stock-market/ | https://www.fool.com/coverage/better-buy/2026/09/09/better-artificial-intelligence-stock-applied-digital-vs-super-micro-computer/?source=iedfolrf0000001 | https://www.webpronews.com/wall-street-finds-its-ai-lifeline-how-artificial-intelligence-offers-fresh-exits-for-trapped-private-equity-billions/
2026-09-14T13:38:29Z,nuclear plant,3,False,True,True,False,2,Energy Department loans $1 . 9B to restart Iowa nuclear plant | Energy Department loans $1 . 9B to restart Iowa nuclear plant | Google agrees to buy up to 50 % of Finnish nuclear plant capacity from Fortum,https://www.fairfieldsuntimes.com/news/national/energy-department-loans-1-9b-to-restart-iowa-nuclear-plant/article_08994566-c882-5aa4-b1df-a2faf435b160.html | https://www.hometownregister.com/news/national/energy-department-loans-1-9b-to-restart-iowa-nuclear-plant/article_f3f563d1-5fe9-509e-87d7-35eb05418741.html | https://www.moneycontrol.com/news/business/google-agrees-to-buy-up-to-50-of-finnish-nuclear-plant-capacity-from-fortum-14026489.html
2026-09-14T13:38:29Z,oil gas,2,False,True,True,False,2,"APO Group - Africa Newsroom / Press release | The Dealmakers Are Set to Storm Windhoek : Nigerian Governors and CORAN Bigwigs Set to Storm International African Energy , Oil and Gas Summit ( IAEOGS ) 2026 to Unlock Africa Energy Future | Battalion Oil Corporation Announces Strategic Investment in Collide , the AI - Native Operations System for Oil and Gas",https://www.africa-newsroom.com/press/the-dealmakers-are-set-to-storm-windhoek-nigerian-governors-and-coran-bigwigs-set-to-storm-iaeogs-2026-to-unlock-africas-energy-future | https://www.manilatimes.net/2026/09/09/tmt-newswire/globenewswire/battalion-oil-corporation-announces-strategic-investment-in-collide-the-ai-native-operations-system-for-oil-and-gas/2421103
2026-09-14T13:38:29Z,derivatives trading,2,False,True,True,False,2,"SEBI Likely To Allow FPIs In Commodity Derivatives Trading : Report | Zoomex Stock Brings Tesla 6 % Surge and Nvidia Choppy Session Within Reach Through Fair , Rule - Based Derivatives Trading",https://www.freepressjournal.in/business/sebi-likely-to-allow-fpis-in-commodity-derivatives-trading-report | https://bravenewcoin.com/press-release/zoomex-stock-brings-teslas-6-surge-and-nvidias-choppy-session-within-reach-through-fair-rule-based-derivatives-trading
2026-09-14T13:38:29Z,land use,2,False,True,True,False,2,"Americans are turning against AI data centers as local fears over water , power costs , and land use keep growing nationwide | Opinion : Evaluating data centers as land use application proposals",https://www.techradar.com/pro/69-of-americans-oppose-local-ai-data-centers-in-2026-poll-trump-blasts-blocking-communities-on-truth-social-for-choosing-poverty-over-server-farms-throwing-off-tremendous-amounts-of-money | https://www.morningjournal.com/2026/09/12/opinion-evaluating-data-centers-as-land-use-application-proposals/
2026-09-14T13:38:29Z,trading down,2,False,True,True,False,2,Apple ( NASDAQ : AAPL ) Trading Down 1 . 2 % – What Next ?  | Nebius Group ( NASDAQ : NBIS ) Trading Down 5 . 1 % – Time to Sell ? ,https://www.themarketsdaily.com/2026/09/08/apple-nasdaqaapl-trading-down-1-2-whats-next.html | https://www.dailypolitical.com/2026/09/10/nebius-group-nasdaqnbis-trading-down-5-1-time-to-sell.html
2026-09-14T13:38:29Z,down next,2,False,True,True,False,2,Apple ( NASDAQ : AAPL ) Trading Down 1 . 2 % – What Next ?  | Cisco Systems ( NASDAQ : CSCO ) Stock Price Down 1 . 8 % – What Next ?  | NVIDIA ( NASDAQ : NVDA ) Shares Down 2 . 4 % – What Next ? ,https://www.themarketsdaily.com/2026/09/08/apple-nasdaqaapl-trading-down-1-2-whats-next.html | https://www.themarketsdaily.com/2026/09/10/cisco-systems-nasdaqcsco-stock-price-down-1-8-whats-next.html | https://www.dailypolitical.com/2026/09/10/nvidia-nasdaqnvda-shares-down-2-4-whats-next.html
2026-09-14T13:38:29Z,lead next,2,False,True,True,False,2,"Opus Origin Taps Greg Topalian to Lead its Next Chapter of North American Growth | India New Industrial Revolution : Chips , Space and Data Centres Lead Next Manufacturing Growth Wave , Says Jefferies",https://www.exhibitoronline.com/news/article.asp?ID=25377 | https://openthemagazine.com/india/chips-space-and-data-centres-jefferies-flags-indias-next-industrial-revolution
2026-09-14T13:38:29Z,price down,2,False,True,True,False,2,Sandisk ( NASDAQ : SNDK ) Stock Price Down 4 . 1 % – Here What Happened | Cisco Systems ( NASDAQ : CSCO ) Stock Price Down 1 . 8 % – What Next ?  | Vistra ( NYSE : VST ) Stock Price Down 2 . 4 % on Insider Selling,https://www.dailypolitical.com/2026/09/10/sandisk-nasdaqsndk-stock-price-down-4-1-heres-what-happened.html | https://www.themarketsdaily.com/2026/09/10/cisco-systems-nasdaqcsco-stock-price-down-1-8-whats-next.html | https://www.themarketsdaily.com/2026/09/10/vistra-nysevst-stock-price-down-2-4-on-insider-selling.html
2026-09-14T13:38:29Z,down selling,2,False,True,True,False,2,Vistra ( NYSE : VST ) Stock Price Down 2 . 4 % on Insider Selling | Arista Networks ( NYSE : ANET ) Stock Price Down 2 % After Insider Selling,https://www.themarketsdaily.com/2026/09/10/vistra-nysevst-stock-price-down-2-4-on-insider-selling.html | https://www.dailypolitical.com/2026/09/12/arista-networks-nyseanet-stock-price-down-2-after-insider-selling.html
2026-09-14T13:38:29Z,price down selling,2,False,True,True,False,2,Vistra ( NYSE : VST ) Stock Price Down 2 . 4 % on Insider Selling | Arista Networks ( NYSE : ANET ) Stock Price Down 2 % After Insider Selling,https://www.themarketsdaily.com/2026/09/10/vistra-nysevst-stock-price-down-2-4-on-insider-selling.html | https://www.dailypolitical.com/2026/09/12/arista-networks-nyseanet-stock-price-down-2-after-insider-selling.html
2026-09-14T13:38:29Z,growth sectors,26,False,True,False,False,1,Jefferies flags  India New Industrial Revolution  across six high - growth sectors | Jefferies flags  India New Industrial Revolution  across six high - growth sectors | Jefferies flags  India New Industrial Revolution  across six high - growth sectors,http://www.britainnews.net/news/279297968/jefferies-flags-india-new-industrial-revolution-across-six-high-growth-sectors | http://www.myanmarnews.net/news/279297968/jefferies-flags-india-new-industrial-revolution-across-six-high-growth-sectors | http://www.newzealandstar.com/news/279297968/jefferies-flags-india-new-industrial-revolution-across-six-high-growth-sectors
2026-09-14T13:38:29Z,jefferies flags,25,False,True,False,False,1,Jefferies flags  India New Industrial Revolution  across six high - growth sectors | Jefferies flags  India New Industrial Revolution  across six high - growth sectors | Jefferies flags  India New Industrial Revolution  across six high - growth sectors,http://www.britainnews.net/news/279297968/jefferies-flags-india-new-industrial-revolution-across-six-high-growth-sectors | http://www.myanmarnews.net/news/279297968/jefferies-flags-india-new-industrial-revolution-across-six-high-growth-sectors | http://www.newzealandstar.com/news/279297968/jefferies-flags-india-new-industrial-revolution-across-six-high-growth-sectors
2026-09-14T13:38:29Z,across six,25,False,True,False,False,1,Jefferies flags  India New Industrial Revolution  across six high - growth sectors | Jefferies flags  India New Industrial Revolution  across six high - growth sectors | Jefferies flags  India New Industrial Revolution  across six high - growth sectors,http://www.britainnews.net/news/279297968/jefferies-flags-india-new-industrial-revolution-across-six-high-growth-sectors | http://www.myanmarnews.net/news/279297968/jefferies-flags-india-new-industrial-revolution-across-six-high-growth-sectors | http://www.newzealandstar.com/news/279297968/jefferies-flags-india-new-industrial-revolution-across-six-high-growth-sectors
2026-09-14T13:38:29Z,ai driven,24,False,True,False,False,1,AI - Driven IPO Wave Set to Accompany Anthropic Listing | Wave of AI - driven IPOs expected to accompany Anthropic listing – Oroville Mercury - Register | Wave of AI - driven IPOs expected to accompany Anthropic listing – Orange County Register,https://www.livemint.com/market/aidriven-ipo-wave-set-to-accompany-anthropic-listing-11788992244915.html | https://www.orovillemr.com/2026/09/10/multiple-ai-ipo-anthropic/ | https://www.ocregister.com/2026/09/10/multiple-ai-ipo-anthropic/
2026-09-14T13:38:29Z,accompany anthropic,24,False,True,False,False,1,AI - Driven IPO Wave Set to Accompany Anthropic Listing | Wave of AI - driven IPOs expected to accompany Anthropic listing – Oroville Mercury - Register | Wave of AI - driven IPOs expected to accompany Anthropic listing – Orange County Register,https://www.livemint.com/market/aidriven-ipo-wave-set-to-accompany-anthropic-listing-11788992244915.html | https://www.orovillemr.com/2026/09/10/multiple-ai-ipo-anthropic/ | https://www.ocregister.com/2026/09/10/multiple-ai-ipo-anthropic/
2026-09-14T13:38:29Z,anthropic listing,24,False,True,False,False,1,AI - Driven IPO Wave Set to Accompany Anthropic Listing | Wave of AI - driven IPOs expected to accompany Anthropic listing – Oroville Mercury - Register | Wave of AI - driven IPOs expected to accompany Anthropic listing – Orange County Register,https://www.livemint.com/market/aidriven-ipo-wave-set-to-accompany-anthropic-listing-11788992244915.html | https://www.orovillemr.com/2026/09/10/multiple-ai-ipo-anthropic/ | https://www.ocregister.com/2026/09/10/multiple-ai-ipo-anthropic/
2026-09-14T13:38:29Z,accompany anthropic listing,24,False,True,False,False,1,AI - Driven IPO Wave Set to Accompany Anthropic Listing | Wave of AI - driven IPOs expected to accompany Anthropic listing – Oroville Mercury - Register | Wave of AI - driven IPOs expected to accompany Anthropic listing – Orange County Register,https://www.livemint.com/market/aidriven-ipo-wave-set-to-accompany-anthropic-listing-11788992244915.html | https://www.orovillemr.com/2026/09/10/multiple-ai-ipo-anthropic/ | https://www.ocregister.com/2026/09/10/multiple-ai-ipo-anthropic/
2026-09-14T13:38:29Z,wave ai,23,False,True,False,False,1,Wave of AI - driven IPOs expected to accompany Anthropic listing – Oroville Mercury - Register | Wave of AI - driven IPOs expected to accompany Anthropic listing – Orange County Register | Wave of AI - driven IPOs expected to accompany Anthropic listing – thereporteronline,https://www.orovillemr.com/2026/09/10/multiple-ai-ipo-anthropic/ | https://www.ocregister.com/2026/09/10/multiple-ai-ipo-anthropic/ | https://www.thereporteronline.com/2026/09/10/multiple-ai-ipo-anthropic/
2026-09-14T13:38:29Z,driven ipos,23,False,True,False,False,1,Wave of AI - driven IPOs expected to accompany Anthropic listing – Oroville Mercury - Register | Wave of AI - driven IPOs expected to accompany Anthropic listing – Orange County Register | Wave of AI - driven IPOs expected to accompany Anthropic listing – thereporteronline,https://www.orovillemr.com/2026/09/10/multiple-ai-ipo-anthropic/ | https://www.ocregister.com/2026/09/10/multiple-ai-ipo-anthropic/ | https://www.thereporteronline.com/2026/09/10/multiple-ai-ipo-anthropic/
2026-09-14T13:38:29Z,ipos expected,23,False,True,False,False,1,Wave of AI - driven IPOs expected to accompany Anthropic listing – Oroville Mercury - Register | Wave of AI - driven IPOs expected to accompany Anthropic listing – Orange County Register | Wave of AI - driven IPOs expected to accompany Anthropic listing – thereporteronline,https://www.orovillemr.com/2026/09/10/multiple-ai-ipo-anthropic/ | https://www.ocregister.com/2026/09/10/multiple-ai-ipo-anthropic/ | https://www.thereporteronline.com/2026/09/10/multiple-ai-ipo-anthropic/
2026-09-14T13:38:29Z,expected accompany,23,False,True,False,False,1,Wave of AI - driven IPOs expected to accompany Anthropic listing – Oroville Mercury - Register | Wave of AI - driven IPOs expected to accompany Anthropic listing – Orange County Register | Wave of AI - driven IPOs expected to accompany Anthropic listing – thereporteronline,https://www.orovillemr.com/2026/09/10/multiple-ai-ipo-anthropic/ | https://www.ocregister.com/2026/09/10/multiple-ai-ipo-anthropic/ | https://www.thereporteronline.com/2026/09/10/multiple-ai-ipo-anthropic/
2026-09-14T13:38:29Z,wave ai driven,23,False,True,False,False,1,Wave of AI - driven IPOs expected to accompany Anthropic listing – Oroville Mercury - Register | Wave of AI - driven IPOs expected to accompany Anthropic listing – Orange County Register | Wave of AI - driven IPOs expected to accompany Anthropic listing – thereporteronline,https://www.orovillemr.com/2026/09/10/multiple-ai-ipo-anthropic/ | https://www.ocregister.com/2026/09/10/multiple-ai-ipo-anthropic/ | https://www.thereporteronline.com/2026/09/10/multiple-ai-ipo-anthropic/
2026-09-14T13:38:29Z,ai driven ipos,23,False,True,False,False,1,Wave of AI - driven IPOs expected to accompany Anthropic listing – Oroville Mercury - Register | Wave of AI - driven IPOs expected to accompany Anthropic listing – Orange County Register | Wave of AI - driven IPOs expected to accompany Anthropic listing – thereporteronline,https://www.orovillemr.com/2026/09/10/multiple-ai-ipo-anthropic/ | https://www.ocregister.com/2026/09/10/multiple-ai-ipo-anthropic/ | https://www.thereporteronline.com/2026/09/10/multiple-ai-ipo-anthropic/
2026-09-14T13:38:29Z,driven ipos expected,23,False,True,False,False,1,Wave of AI - driven IPOs expected to accompany Anthropic listing – Oroville Mercury - Register | Wave of AI - driven IPOs expected to accompany Anthropic listing – Orange County Register | Wave of AI - driven IPOs expected to accompany Anthropic listing – thereporteronline,https://www.orovillemr.com/2026/09/10/multiple-ai-ipo-anthropic/ | https://www.ocregister.com/2026/09/10/multiple-ai-ipo-anthropic/ | https://www.thereporteronline.com/2026/09/10/multiple-ai-ipo-anthropic/
2026-09-14T13:38:29Z,ipos expected accompany,23,False,True,False,False,1,Wave of AI - driven IPOs expected to accompany Anthropic listing – Oroville Mercury - Register | Wave of AI - driven IPOs expected to accompany Anthropic listing – Orange County Register | Wave of AI - driven IPOs expected to accompany Anthropic listing – thereporteronline,https://www.orovillemr.com/2026/09/10/multiple-ai-ipo-anthropic/ | https://www.ocregister.com/2026/09/10/multiple-ai-ipo-anthropic/ | https://www.thereporteronline.com/2026/09/10/multiple-ai-ipo-anthropic/
2026-09-14T13:38:29Z,expected accompany anthropic,23,False,True,False,False,1,Wave of AI - driven IPOs expected to accompany Anthropic listing – Oroville Mercury - Register | Wave of AI - driven IPOs expected to accompany Anthropic listing – Orange County Register | Wave of AI - driven IPOs expected to accompany Anthropic listing – thereporteronline,https://www.orovillemr.com/2026/09/10/multiple-ai-ipo-anthropic/ | https://www.ocregister.com/2026/09/10/multiple-ai-ipo-anthropic/ | https://www.thereporteronline.com/2026/09/10/multiple-ai-ipo-anthropic/
2026-09-14T13:38:29Z,trump administration,17,False,True,False,False,1,"Trump Administration Loans $100 Million to Africell to Challenge Huawei in Africa , ETTelecom | Trump administration to lend $100 million to Africell , countering Huawei in Africa | Trump administration to lend $100 million to Africell , countering Huawei in Africa",https://telecom.economictimes.indiatimes.com/news/telecom-equipment/trump-administration-to-lend-100-million-to-africell-countering-huawei-in-africa/134046966 | https://www.straitstimes.com/asia/trump-administration-to-lend-100-million-to-africell-countering-huawei-in-africa | https://lufkindailynews.com/news_reuters/business/trump-administration-to-lend-100-million-to-africell-countering-huawei-in-africa/article_7a06463e-487f-55ac-b36c-ff99d92cfbe6.html
2026-09-14T13:38:29Z,ai push,15,False,True,False,False,1,"Strive Masiyiwa Cassava joins Vodafone in $1 billion Egypt data - centre and sovereign AI push | Oracle layoffs : IT giant adds $700 million to restructuring tally amid expensive AI push | Google plans $15 billion Finland AI push , signs nuclear deal",https://www.newzimbabwe.com/strive-masiyiwas-cassava-joins-vodafone-in-1-billion-egypt-data-centre-and-sovereign-ai-push/ | https://www.businesstoday.in/technology/story/oracle-layoffs-it-giant-adds-700-million-to-restructuring-tally-amid-expensive-ai-push-555216-2026-09-13 | http://www.dallassun.com/news/279296760/google-plans-usd15-billion-finland-ai-push-signs-nuclear-deal
2026-09-14T13:38:29Z,finland ai,15,False,True,False,False,1,"Google Commits To Finland AI Infrastructure , Secures Nuclear Power Deal | Google Commits To Finland AI Infrastructure , Secures Nuclear Power Deal | Google plans $15 billion Finland AI push , signs nuclear deal",https://www.finanzen.ch/nachrichten/aktien/google-commits-to-finland-ai-infrastructure-secures-nuclear-power-deal-1036537909 | https://www.rttnews.com/3690161/google-commits-to-finland-ai-infrastructure-secures-nuclear-power-deal.aspx | http://www.dallassun.com/news/279296760/google-plans-usd15-billion-finland-ai-push-signs-nuclear-deal
2026-09-14T13:38:29Z,administration lends,14,False,True,False,False,1,Trump administration lends $100M to US - owned cellphone network in Africa | Trump administration lends $100M to US - owned cellphone network in Africa | Trump administration lends $100M to US - owned cellphone network in Africa,https://www.thetimes-tribune.com/2026/09/11/trump-administration-cellphone-network-africa/ | https://www.dailylocal.com/2026/09/11/trump-administration-cellphone-network-africa/ | https://www.montereyherald.com/2026/09/11/trump-administration-cellphone-network-africa/
2026-09-14T13:38:29Z,lends owned,14,False,True,False,False,1,Trump administration lends $100M to US - owned cellphone network in Africa | Trump administration lends $100M to US - owned cellphone network in Africa | Trump administration lends $100M to US - owned cellphone network in Africa,https://www.thetimes-tribune.com/2026/09/11/trump-administration-cellphone-network-africa/ | https://www.dailylocal.com/2026/09/11/trump-administration-cellphone-network-africa/ | https://www.montereyherald.com/2026/09/11/trump-administration-cellphone-network-africa/
2026-09-14T13:38:29Z,trump administration lends,14,False,True,False,False,1,Trump administration lends $100M to US - owned cellphone network in Africa | Trump administration lends $100M to US - owned cellphone network in Africa | Trump administration lends $100M to US - owned cellphone network in Africa,https://www.thetimes-tribune.com/2026/09/11/trump-administration-cellphone-network-africa/ | https://www.dailylocal.com/2026/09/11/trump-administration-cellphone-network-africa/ | https://www.montereyherald.com/2026/09/11/trump-administration-cellphone-network-africa/
2026-09-14T13:38:29Z,administration lends owned,14,False,True,False,False,1,Trump administration lends $100M to US - owned cellphone network in Africa | Trump administration lends $100M to US - owned cellphone network in Africa | Trump administration lends $100M to US - owned cellphone network in Africa,https://www.thetimes-tribune.com/2026/09/11/trump-administration-cellphone-network-africa/ | https://www.dailylocal.com/2026/09/11/trump-administration-cellphone-network-africa/ | https://www.montereyherald.com/2026/09/11/trump-administration-cellphone-network-africa/
2026-09-14T13:38:29Z,brics summit,9,False,True,False,False,1,BRICS Summit 2026 : Key likely outcomes as India drives a transformative global agenda in New Delhi | BRICS Summit 2026 : Key likely outcomes as India drives a transformative global agenda in New Delhi | BRICS Summit 2026 : Key likely outcomes as India drives a transformative global agenda in New Delhi,http://www.middleeaststar.com/news/279293033/brics-summit-2026-key-likely-outcomes-as-india-drives-a-transformative-global-agenda-in-new-delhi | https://economictimes.indiatimes.com/news/india/brics-summit-2026-key-likely-outcomes-as-india-drives-a-transformative-global-agenda-in-new-delhi/articleshow/133905594.cms | https://aninews.in/news/world/asia/brics-summit-2026-key-likely-outcomes-as-india-drives-a-transformative-global-agenda-in-new-delhi20260908085217/
2026-09-14T13:38:29Z,dangote refinery,9,False,True,False,False,1,Dangote Refinery Launches $1 . 4 Bn - Plus IPO in Landmark Nigerian Listing | Dangote Refinery listing to push NGX capitalisation above N200trn – Daily Trust | Dangote Refinery gets Nigeria regulator nod for $1 . 6bn IPO,https://chimpreports.com/dangote-refinery-launches-1-4-bn-plus-ipo-in-landmark-nigerian-listing/ | https://dailytrust.com/dangote-refinery-listing-to-push-ngx-capitalisation-above-n200trn/ | https://www.timeslive.co.za/news/business/2026-09-06-dangote-refinery-gets-nigeria-regulators-nod-for-16bn-ipo/
2026-09-14T13:38:29Z,ai infrastructure,8,False,True,False,False,1,"Google to invest 13 billion euros in AI infrastructure in Finland | AI infrastructure bets drive venture debt toward record levels | Google Invests 13 Billion Euros in AI Infrastructure in Finland , ETTelecom",https://www.businesstimes.com.sg/companies-markets/telcos-media-tech/google-invest-13-billion-euros-ai-infrastructure-finland | https://finance.yahoo.com/technology/ai/articles/ai-infrastructure-bets-drive-venture-101428462.html | https://telecom.economictimes.indiatimes.com/news/internet/google-unveils-13-bn-euro-ai-expansion-in-finland/133990282
2026-09-14T14:02:41Z,google plans,15,False,True,True,False,2,"Google plans for $15B AI build - out in Finland | The Arkansas Democrat - Gazette | Google plans EUR13 billion Finland investment to expand data centers , clean energy | Google plans $15 billion Finland AI push , signs nuclear deal",https://www.arkansasonline.com/news/2026/sep/10/google-plans-for-15b-ai-build-out-in-finland/ | https://www.digitimes.com/news/a20260910PR201/google-finland-investment-data-center-expansion.html | http://www.dallassun.com/news/279296760/google-plans-usd15-billion-finland-ai-push-signs-nuclear-deal
2026-09-14T14:02:41Z,kill all,6,False,True,True,False,2,"AI researchers  earnestly believe  it could kill all humans within the next decade , Anthropic researcher says | The 27 - year - old who warned that AI could  kill us all  faces intense scrutiny | The 27 - year - old who warned that AI could  kill us all  faces intense scrutiny",https://www.cbc.ca/news/business/anthropic-researcher-resigned-9.7337789 | https://www.watoday.com.au/technology/the-27-year-old-who-warned-that-ai-could-kill-us-all-faces-intense-scrutiny-20260911-p60wfi.html | https://www.theage.com.au/technology/the-27-year-old-who-warned-that-ai-could-kill-us-all-faces-intense-scrutiny-20260911-p60wfi.html
2026-09-14T14:02:41Z,ai kill all,5,False,True,True,False,2,The 27 - year - old who warned that AI could  kill us all  faces intense scrutiny | The 27 - year - old who warned that AI could  kill us all  faces intense scrutiny | The 27 - year - old who warned that AI could  kill us all  faces intense scrutiny,https://www.watoday.com.au/technology/the-27-year-old-who-warned-that-ai-could-kill-us-all-faces-intense-scrutiny-20260911-p60wfi.html | https://www.theage.com.au/technology/the-27-year-old-who-warned-that-ai-could-kill-us-all-faces-intense-scrutiny-20260911-p60wfi.html | https://www.smh.com.au/technology/the-27-year-old-who-warned-that-ai-could-kill-us-all-faces-intense-scrutiny-20260911-p60wfi.html
2026-09-14T14:02:41Z,artificial intelligence,4,False,True,True,False,2,"Artificial Intelligence : How tech tools are changing work , school and the stock market | Better Artificial Intelligence Stock : Applied Digital vs . Super Micro Computer | Wall Street Finds Its AI Lifeline : How Artificial Intelligence Offers Fresh Exits for Trapped Private Equity Billions",https://originals.azpm.org/p/navigating/2026/9/8/231120-artificial-intelligence-how-tech-tools-are-changing-work-school-and-the-stock-market/ | https://www.fool.com/coverage/better-buy/2026/09/09/better-artificial-intelligence-stock-applied-digital-vs-super-micro-computer/?source=iedfolrf0000001 | https://www.webpronews.com/wall-street-finds-its-ai-lifeline-how-artificial-intelligence-offers-fresh-exits-for-trapped-private-equity-billions/
2026-09-14T14:02:41Z,nuclear plant,3,False,True,True,False,2,Energy Department loans $1 . 9B to restart Iowa nuclear plant | Energy Department loans $1 . 9B to restart Iowa nuclear plant | Google agrees to buy up to 50 % of Finnish nuclear plant capacity from Fortum,https://www.fairfieldsuntimes.com/news/national/energy-department-loans-1-9b-to-restart-iowa-nuclear-plant/article_08994566-c882-5aa4-b1df-a2faf435b160.html | https://www.hometownregister.com/news/national/energy-department-loans-1-9b-to-restart-iowa-nuclear-plant/article_f3f563d1-5fe9-509e-87d7-35eb05418741.html | https://www.moneycontrol.com/news/business/google-agrees-to-buy-up-to-50-of-finnish-nuclear-plant-capacity-from-fortum-14026489.html
2026-09-14T14:02:41Z,oil gas,2,False,True,True,False,2,"APO Group - Africa Newsroom / Press release | The Dealmakers Are Set to Storm Windhoek : Nigerian Governors and CORAN Bigwigs Set to Storm International African Energy , Oil and Gas Summit ( IAEOGS ) 2026 to Unlock Africa Energy Future | Battalion Oil Corporation Announces Strategic Investment in Collide , the AI - Native Operations System for Oil and Gas",https://www.africa-newsroom.com/press/the-dealmakers-are-set-to-storm-windhoek-nigerian-governors-and-coran-bigwigs-set-to-storm-iaeogs-2026-to-unlock-africas-energy-future | https://www.manilatimes.net/2026/09/09/tmt-newswire/globenewswire/battalion-oil-corporation-announces-strategic-investment-in-collide-the-ai-native-operations-system-for-oil-and-gas/2421103
2026-09-14T14:02:41Z,derivatives trading,2,False,True,True,False,2,"SEBI Likely To Allow FPIs In Commodity Derivatives Trading : Report | Zoomex Stock Brings Tesla 6 % Surge and Nvidia Choppy Session Within Reach Through Fair , Rule - Based Derivatives Trading",https://www.freepressjournal.in/business/sebi-likely-to-allow-fpis-in-commodity-derivatives-trading-report | https://bravenewcoin.com/press-release/zoomex-stock-brings-teslas-6-surge-and-nvidias-choppy-session-within-reach-through-fair-rule-based-derivatives-trading
2026-09-14T14:02:41Z,land use,2,False,True,True,False,2,"Americans are turning against AI data centers as local fears over water , power costs , and land use keep growing nationwide | Opinion : Evaluating data centers as land use application proposals",https://www.techradar.com/pro/69-of-americans-oppose-local-ai-data-centers-in-2026-poll-trump-blasts-blocking-communities-on-truth-social-for-choosing-poverty-over-server-farms-throwing-off-tremendous-amounts-of-money | https://www.morningjournal.com/2026/09/12/opinion-evaluating-data-centers-as-land-use-application-proposals/
2026-09-14T14:02:41Z,trading down,2,False,True,True,False,2,Apple ( NASDAQ : AAPL ) Trading Down 1 . 2 % – What Next ?  | Nebius Group ( NASDAQ : NBIS ) Trading Down 5 . 1 % – Time to Sell ?  | NexMetals Mining ( NASDAQ : NEXM ) Trading Down 0 . 6 % – Here Why,https://www.themarketsdaily.com/2026/09/08/apple-nasdaqaapl-trading-down-1-2-whats-next.html | https://www.dailypolitical.com/2026/09/10/nebius-group-nasdaqnbis-trading-down-5-1-time-to-sell.html | https://www.themarketsdaily.com/2026/09/12/nexmetals-mining-nasdaqnexm-trading-down-0-6-heres-why.html
2026-09-14T14:02:41Z,down next,2,False,True,True,False,2,Apple ( NASDAQ : AAPL ) Trading Down 1 . 2 % – What Next ?  | Cisco Systems ( NASDAQ : CSCO ) Stock Price Down 1 . 8 % – What Next ?  | NVIDIA ( NASDAQ : NVDA ) Shares Down 2 . 4 % – What Next ? ,https://www.themarketsdaily.com/2026/09/08/apple-nasdaqaapl-trading-down-1-2-whats-next.html | https://www.themarketsdaily.com/2026/09/10/cisco-systems-nasdaqcsco-stock-price-down-1-8-whats-next.html | https://www.dailypolitical.com/2026/09/10/nvidia-nasdaqnvda-shares-down-2-4-whats-next.html
2026-09-14T14:02:41Z,lead next,2,False,True,True,False,2,"Opus Origin Taps Greg Topalian to Lead its Next Chapter of North American Growth | India New Industrial Revolution : Chips , Space and Data Centres Lead Next Manufacturing Growth Wave , Says Jefferies",https://www.exhibitoronline.com/news/article.asp?ID=25377 | https://openthemagazine.com/india/chips-space-and-data-centres-jefferies-flags-indias-next-industrial-revolution
2026-09-14T14:02:41Z,price down,2,False,True,True,False,2,Sandisk ( NASDAQ : SNDK ) Stock Price Down 4 . 1 % – Here What Happened | Cisco Systems ( NASDAQ : CSCO ) Stock Price Down 1 . 8 % – What Next ?  | Vistra ( NYSE : VST ) Stock Price Down 2 . 4 % on Insider Selling,https://www.dailypolitical.com/2026/09/10/sandisk-nasdaqsndk-stock-price-down-4-1-heres-what-happened.html | https://www.themarketsdaily.com/2026/09/10/cisco-systems-nasdaqcsco-stock-price-down-1-8-whats-next.html | https://www.themarketsdaily.com/2026/09/10/vistra-nysevst-stock-price-down-2-4-on-insider-selling.html
2026-09-14T14:02:41Z,down selling,2,False,True,True,False,2,Vistra ( NYSE : VST ) Stock Price Down 2 . 4 % on Insider Selling | Arista Networks ( NYSE : ANET ) Stock Price Down 2 % After Insider Selling,https://www.themarketsdaily.com/2026/09/10/vistra-nysevst-stock-price-down-2-4-on-insider-selling.html | https://www.dailypolitical.com/2026/09/12/arista-networks-nyseanet-stock-price-down-2-after-insider-selling.html
2026-09-14T14:02:41Z,price down selling,2,False,True,True,False,2,Vistra ( NYSE : VST ) Stock Price Down 2 . 4 % on Insider Selling | Arista Networks ( NYSE : ANET ) Stock Price Down 2 % After Insider Selling,https://www.themarketsdaily.com/2026/09/10/vistra-nysevst-stock-price-down-2-4-on-insider-selling.html | https://www.dailypolitical.com/2026/09/12/arista-networks-nyseanet-stock-price-down-2-after-insider-selling.html
2026-09-14T14:02:41Z,brics summit,37,False,True,False,False,1,BRICS Summit 2026 : Key likely outcomes as India drives a transformative global agenda in New Delhi | BRICS Summit 2026 : Key likely outcomes as India drives a transformative global agenda in New Delhi | BRICS Summit 2026 : Key likely outcomes as India drives a transformative global agenda in New Delhi,http://www.middleeaststar.com/news/279293033/brics-summit-2026-key-likely-outcomes-as-india-drives-a-transformative-global-agenda-in-new-delhi | https://economictimes.indiatimes.com/news/india/brics-summit-2026-key-likely-outcomes-as-india-drives-a-transformative-global-agenda-in-new-delhi/articleshow/133905594.cms | https://aninews.in/news/world/asia/brics-summit-2026-key-likely-outcomes-as-india-drives-a-transformative-global-agenda-in-new-delhi20260908085217/
2026-09-14T14:02:41Z,growth sectors,26,False,True,False,False,1,Jefferies flags  India New Industrial Revolution  across six high - growth sectors | Jefferies flags  India New Industrial Revolution  across six high - growth sectors | Jefferies flags  India New Industrial Revolution  across six high - growth sectors,http://www.britainnews.net/news/279297968/jefferies-flags-india-new-industrial-revolution-across-six-high-growth-sectors | http://www.myanmarnews.net/news/279297968/jefferies-flags-india-new-industrial-revolution-across-six-high-growth-sectors | http://www.newzealandstar.com/news/279297968/jefferies-flags-india-new-industrial-revolution-across-six-high-growth-sectors
2026-09-14T14:02:41Z,jefferies flags,25,False,True,False,False,1,Jefferies flags  India New Industrial Revolution  across six high - growth sectors | Jefferies flags  India New Industrial Revolution  across six high - growth sectors | Jefferies flags  India New Industrial Revolution  across six high - growth sectors,http://www.britainnews.net/news/279297968/jefferies-flags-india-new-industrial-revolution-across-six-high-growth-sectors | http://www.myanmarnews.net/news/279297968/jefferies-flags-india-new-industrial-revolution-across-six-high-growth-sectors | http://www.newzealandstar.com/news/279297968/jefferies-flags-india-new-industrial-revolution-across-six-high-growth-sectors
2026-09-14T14:02:41Z,across six,25,False,True,False,False,1,Jefferies flags  India New Industrial Revolution  across six high - growth sectors | Jefferies flags  India New Industrial Revolution  across six high - growth sectors | Jefferies flags  India New Industrial Revolution  across six high - growth sectors,http://www.britainnews.net/news/279297968/jefferies-flags-india-new-industrial-revolution-across-six-high-growth-sectors | http://www.myanmarnews.net/news/279297968/jefferies-flags-india-new-industrial-revolution-across-six-high-growth-sectors | http://www.newzealandstar.com/news/279297968/jefferies-flags-india-new-industrial-revolution-across-six-high-growth-sectors
2026-09-14T14:02:41Z,ai driven,24,False,True,False,False,1,AI - Driven IPO Wave Set to Accompany Anthropic Listing | Wave of AI - driven IPOs expected to accompany Anthropic listing – Oroville Mercury - Register | Wave of AI - driven IPOs expected to accompany Anthropic listing – Orange County Register,https://www.livemint.com/market/aidriven-ipo-wave-set-to-accompany-anthropic-listing-11788992244915.html | https://www.orovillemr.com/2026/09/10/multiple-ai-ipo-anthropic/ | https://www.ocregister.com/2026/09/10/multiple-ai-ipo-anthropic/
2026-09-14T14:02:41Z,accompany anthropic,24,False,True,False,False,1,AI - Driven IPO Wave Set to Accompany Anthropic Listing | Wave of AI - driven IPOs expected to accompany Anthropic listing – Oroville Mercury - Register | Wave of AI - driven IPOs expected to accompany Anthropic listing – Orange County Register,https://www.livemint.com/market/aidriven-ipo-wave-set-to-accompany-anthropic-listing-11788992244915.html | https://www.orovillemr.com/2026/09/10/multiple-ai-ipo-anthropic/ | https://www.ocregister.com/2026/09/10/multiple-ai-ipo-anthropic/
2026-09-14T14:02:41Z,anthropic listing,24,False,True,False,False,1,AI - Driven IPO Wave Set to Accompany Anthropic Listing | Wave of AI - driven IPOs expected to accompany Anthropic listing – Oroville Mercury - Register | Wave of AI - driven IPOs expected to accompany Anthropic listing – Orange County Register,https://www.livemint.com/market/aidriven-ipo-wave-set-to-accompany-anthropic-listing-11788992244915.html | https://www.orovillemr.com/2026/09/10/multiple-ai-ipo-anthropic/ | https://www.ocregister.com/2026/09/10/multiple-ai-ipo-anthropic/
2026-09-14T14:02:41Z,accompany anthropic listing,24,False,True,False,False,1,AI - Driven IPO Wave Set to Accompany Anthropic Listing | Wave of AI - driven IPOs expected to accompany Anthropic listing – Oroville Mercury - Register | Wave of AI - driven IPOs expected to accompany Anthropic listing – Orange County Register,https://www.livemint.com/market/aidriven-ipo-wave-set-to-accompany-anthropic-listing-11788992244915.html | https://www.orovillemr.com/2026/09/10/multiple-ai-ipo-anthropic/ | https://www.ocregister.com/2026/09/10/multiple-ai-ipo-anthropic/
2026-09-14T14:02:41Z,wave ai,23,False,True,False,False,1,Wave of AI - driven IPOs expected to accompany Anthropic listing – Oroville Mercury - Register | Wave of AI - driven IPOs expected to accompany Anthropic listing – Orange County Register | Wave of AI - driven IPOs expected to accompany Anthropic listing – thereporteronline,https://www.orovillemr.com/2026/09/10/multiple-ai-ipo-anthropic/ | https://www.ocregister.com/2026/09/10/multiple-ai-ipo-anthropic/ | https://www.thereporteronline.com/2026/09/10/multiple-ai-ipo-anthropic/
2026-09-14T14:02:41Z,driven ipos,23,False,True,False,False,1,Wave of AI - driven IPOs expected to accompany Anthropic listing – Oroville Mercury - Register | Wave of AI - driven IPOs expected to accompany Anthropic listing – Orange County Register | Wave of AI - driven IPOs expected to accompany Anthropic listing – thereporteronline,https://www.orovillemr.com/2026/09/10/multiple-ai-ipo-anthropic/ | https://www.ocregister.com/2026/09/10/multiple-ai-ipo-anthropic/ | https://www.thereporteronline.com/2026/09/10/multiple-ai-ipo-anthropic/
2026-09-14T14:02:41Z,ipos expected,23,False,True,False,False,1,Wave of AI - driven IPOs expected to accompany Anthropic listing – Oroville Mercury - Register | Wave of AI - driven IPOs expected to accompany Anthropic listing – Orange County Register | Wave of AI - driven IPOs expected to accompany Anthropic listing – thereporteronline,https://www.orovillemr.com/2026/09/10/multiple-ai-ipo-anthropic/ | https://www.ocregister.com/2026/09/10/multiple-ai-ipo-anthropic/ | https://www.thereporteronline.com/2026/09/10/multiple-ai-ipo-anthropic/
2026-09-14T14:02:41Z,expected accompany,23,False,True,False,False,1,Wave of AI - driven IPOs expected to accompany Anthropic listing – Oroville Mercury - Register | Wave of AI - driven IPOs expected to accompany Anthropic listing – Orange County Register | Wave of AI - driven IPOs expected to accompany Anthropic listing – thereporteronline,https://www.orovillemr.com/2026/09/10/multiple-ai-ipo-anthropic/ | https://www.ocregister.com/2026/09/10/multiple-ai-ipo-anthropic/ | https://www.thereporteronline.com/2026/09/10/multiple-ai-ipo-anthropic/
2026-09-14T14:02:41Z,wave ai driven,23,False,True,False,False,1,Wave of AI - driven IPOs expected to accompany Anthropic listing – Oroville Mercury - Register | Wave of AI - driven IPOs expected to accompany Anthropic listing – Orange County Register | Wave of AI - driven IPOs expected to accompany Anthropic listing – thereporteronline,https://www.orovillemr.com/2026/09/10/multiple-ai-ipo-anthropic/ | https://www.ocregister.com/2026/09/10/multiple-ai-ipo-anthropic/ | https://www.thereporteronline.com/2026/09/10/multiple-ai-ipo-anthropic/
2026-09-14T14:02:41Z,ai driven ipos,23,False,True,False,False,1,Wave of AI - driven IPOs expected to accompany Anthropic listing – Oroville Mercury - Register | Wave of AI - driven IPOs expected to accompany Anthropic listing – Orange County Register | Wave of AI - driven IPOs expected to accompany Anthropic listing – thereporteronline,https://www.orovillemr.com/2026/09/10/multiple-ai-ipo-anthropic/ | https://www.ocregister.com/2026/09/10/multiple-ai-ipo-anthropic/ | https://www.thereporteronline.com/2026/09/10/multiple-ai-ipo-anthropic/
2026-09-14T14:02:41Z,driven ipos expected,23,False,True,False,False,1,Wave of AI - driven IPOs expected to accompany Anthropic listing – Oroville Mercury - Register | Wave of AI - driven IPOs expected to accompany Anthropic listing – Orange County Register | Wave of AI - driven IPOs expected to accompany Anthropic listing – thereporteronline,https://www.orovillemr.com/2026/09/10/multiple-ai-ipo-anthropic/ | https://www.ocregister.com/2026/09/10/multiple-ai-ipo-anthropic/ | https://www.thereporteronline.com/2026/09/10/multiple-ai-ipo-anthropic/
2026-09-14T14:02:41Z,ipos expected accompany,23,False,True,False,False,1,Wave of AI - driven IPOs expected to accompany Anthropic listing – Oroville Mercury - Register | Wave of AI - driven IPOs expected to accompany Anthropic listing – Orange County Register | Wave of AI - driven IPOs expected to accompany Anthropic listing – thereporteronline,https://www.orovillemr.com/2026/09/10/multiple-ai-ipo-anthropic/ | https://www.ocregister.com/2026/09/10/multiple-ai-ipo-anthropic/ | https://www.thereporteronline.com/2026/09/10/multiple-ai-ipo-anthropic/
2026-09-14T14:02:41Z,expected accompany anthropic,23,False,True,False,False,1,Wave of AI - driven IPOs expected to accompany Anthropic listing – Oroville Mercury - Register | Wave of AI - driven IPOs expected to accompany Anthropic listing – Orange County Register | Wave of AI - driven IPOs expected to accompany Anthropic listing – thereporteronline,https://www.orovillemr.com/2026/09/10/multiple-ai-ipo-anthropic/ | https://www.ocregister.com/2026/09/10/multiple-ai-ipo-anthropic/ | https://www.thereporteronline.com/2026/09/10/multiple-ai-ipo-anthropic/
2026-09-14T14:02:41Z,modi welcomes,21,False,True,False,False,1,"BRICS Summit 2026 : PM Modi welcomes Ethiopian PM Abiy Ahmed Ali , Brazilian Foreign Minister Mauro Vieira at venue | BRICS Summit 2026 : PM Modi welcomes South African President Cyril Ramaphosa and Egyptian President Abdel Fattah el - Sisi at venue | PM Modi welcomes world leaders , addresses open session on day 2 of 18th BRICS Summit ; to hold bilateral meetings",https://aninews.in/news/world/asia/brics-summit-2026-pm-modi-welcomes-ethiopian-pm-abiy-ahmed-ali-brazilian-foreign-minister-mauro-vieira-at-venue20260912143539/ | https://aninews.in/news/world/asia/brics-summit-2026-pm-modi-welcomes-south-african-president-cyril-ramaphosa-and-egyptian-president-abdel-fattah-el-sisi-at-venue20260912150133/ | https://www.livemint.com/news/india/pm-modi-welcomes-world-leaders-addresses-open-session-on-day-2-of-18th-brics-summit-to-hold-bilateral-meetings-11789280683070.html
2026-09-14T14:02:41Z,summit modi,20,False,True,False,False,1,"BRICS Summit 2026 : PM Modi welcomes Ethiopian PM Abiy Ahmed Ali , Brazilian Foreign Minister Mauro Vieira at venue | BRICS Summit 2026 : PM Modi welcomes South African President Cyril Ramaphosa and Egyptian President Abdel Fattah el - Sisi at venue | BRICS Summit 2026 : PM Modi welcomes Chinese President Xi Jinping at Bharat Mandapam",https://aninews.in/news/world/asia/brics-summit-2026-pm-modi-welcomes-ethiopian-pm-abiy-ahmed-ali-brazilian-foreign-minister-mauro-vieira-at-venue20260912143539/ | https://aninews.in/news/world/asia/brics-summit-2026-pm-modi-welcomes-south-african-president-cyril-ramaphosa-and-egyptian-president-abdel-fattah-el-sisi-at-venue20260912150133/ | http://www.chinanationalnews.com/news/279302924/brics-summit-2026-pm-modi-welcomes-chinese-president-xi-jinping-at-bharat-mandapam
2026-09-14T14:02:41Z,brics summit modi,20,False,True,False,False,1,"BRICS Summit 2026 : PM Modi welcomes Ethiopian PM Abiy Ahmed Ali , Brazilian Foreign Minister Mauro Vieira at venue | BRICS Summit 2026 : PM Modi welcomes South African President Cyril Ramaphosa and Egyptian President Abdel Fattah el - Sisi at venue | BRICS Summit 2026 : PM Modi welcomes Chinese President Xi Jinping at Bharat Mandapam",https://aninews.in/news/world/asia/brics-summit-2026-pm-modi-welcomes-ethiopian-pm-abiy-ahmed-ali-brazilian-foreign-minister-mauro-vieira-at-venue20260912143539/ | https://aninews.in/news/world/asia/brics-summit-2026-pm-modi-welcomes-south-african-president-cyril-ramaphosa-and-egyptian-president-abdel-fattah-el-sisi-at-venue20260912150133/ | http://www.chinanationalnews.com/news/279302924/brics-summit-2026-pm-modi-welcomes-chinese-president-xi-jinping-at-bharat-mandapam
2026-09-14T14:02:41Z,summit modi welcomes,20,False,True,False,False,1,"BRICS Summit 2026 : PM Modi welcomes Ethiopian PM Abiy Ahmed Ali , Brazilian Foreign Minister Mauro Vieira at venue | BRICS Summit 2026 : PM Modi welcomes South African President Cyril Ramaphosa and Egyptian President Abdel Fattah el - Sisi at venue | BRICS Summit 2026 : PM Modi welcomes Chinese President Xi Jinping at Bharat Mandapam",https://aninews.in/news/world/asia/brics-summit-2026-pm-modi-welcomes-ethiopian-pm-abiy-ahmed-ali-brazilian-foreign-minister-mauro-vieira-at-venue20260912143539/ | https://aninews.in/news/world/asia/brics-summit-2026-pm-modi-welcomes-south-african-president-cyril-ramaphosa-and-egyptian-president-abdel-fattah-el-sisi-at-venue20260912150133/ | http://www.chinanationalnews.com/news/279302924/brics-summit-2026-pm-modi-welcomes-chinese-president-xi-jinping-at-bharat-mandapam
2026-09-14T14:02:41Z,bharat mandapam,20,False,True,False,False,1,"PM Modi , Russian President Putin arrive at Bharat Mandapam as BRICS Summit 2026 kickstarts | BRICS Summit 2026 : PM Modi welcomes Chinese President Xi Jinping at Bharat Mandapam | BRICS Summit : PM Modi welcomes Russian President Vladimir Putin at Bharat Mandapam",https://aninews.in/news/world/asia/pm-modi-russian-president-putin-arrive-at-bharat-mandapam-as-brics-summit-2026-kickstarts20260912141840/ | http://www.chinanationalnews.com/news/279302924/brics-summit-2026-pm-modi-welcomes-chinese-president-xi-jinping-at-bharat-mandapam | http://www.asiabulletin.com/news/279302936/brics-summit-pm-modi-welcomes-russian-president-vladimir-putin-at-bharat-mandapam
2026-09-14T14:02:41Z,trump administration,17,False,True,False,False,1,"Trump Administration Loans $100 Million to Africell to Challenge Huawei in Africa , ETTelecom | Trump administration to lend $100 million to Africell , countering Huawei in Africa | Trump administration to lend $100 million to Africell , countering Huawei in Africa",https://telecom.economictimes.indiatimes.com/news/telecom-equipment/trump-administration-to-lend-100-million-to-africell-countering-huawei-in-africa/134046966 | https://www.straitstimes.com/asia/trump-administration-to-lend-100-million-to-africell-countering-huawei-in-africa | https://lufkindailynews.com/news_reuters/business/trump-administration-to-lend-100-million-to-africell-countering-huawei-in-africa/article_7a06463e-487f-55ac-b36c-ff99d92cfbe6.html
2026-09-14T14:02:41Z,ai push,15,False,True,False,False,1,"Strive Masiyiwa Cassava joins Vodafone in $1 billion Egypt data - centre and sovereign AI push | Oracle layoffs : IT giant adds $700 million to restructuring tally amid expensive AI push | Google plans $15 billion Finland AI push , signs nuclear deal",https://www.newzimbabwe.com/strive-masiyiwas-cassava-joins-vodafone-in-1-billion-egypt-data-centre-and-sovereign-ai-push/ | https://www.businesstoday.in/technology/story/oracle-layoffs-it-giant-adds-700-million-to-restructuring-tally-amid-expensive-ai-push-555216-2026-09-13 | http://www.dallassun.com/news/279296760/google-plans-usd15-billion-finland-ai-push-signs-nuclear-deal
2026-09-14T14:02:41Z,finland ai,15,False,True,False,False,1,"Google Commits To Finland AI Infrastructure , Secures Nuclear Power Deal | Google Commits To Finland AI Infrastructure , Secures Nuclear Power Deal | Google plans $15 billion Finland AI push , signs nuclear deal",https://www.finanzen.ch/nachrichten/aktien/google-commits-to-finland-ai-infrastructure-secures-nuclear-power-deal-1036537909 | https://www.rttnews.com/3690161/google-commits-to-finland-ai-infrastructure-secures-nuclear-power-deal.aspx | http://www.dallassun.com/news/279296760/google-plans-usd15-billion-finland-ai-push-signs-nuclear-deal
2026-09-14T14:02:41Z,administration lends,14,False,True,False,False,1,Trump administration lends $100M to US - owned cellphone network in Africa | Trump administration lends $100M to US - owned cellphone network in Africa | Trump administration lends $100M to US - owned cellphone network in Africa,https://www.thetimes-tribune.com/2026/09/11/trump-administration-cellphone-network-africa/ | https://www.dailylocal.com/2026/09/11/trump-administration-cellphone-network-africa/ | https://www.montereyherald.com/2026/09/11/trump-administration-cellphone-network-africa/
2026-09-15T12:17:08Z,google plans,15,False,True,True,False,2,"Google plans for $15B AI build - out in Finland | The Arkansas Democrat - Gazette | Google plans EUR13 billion Finland investment to expand data centers , clean energy | Google plans $15 billion Finland AI push , signs nuclear deal",https://www.arkansasonline.com/news/2026/sep/10/google-plans-for-15b-ai-build-out-in-finland/ | https://www.digitimes.com/news/a20260910PR201/google-finland-investment-data-center-expansion.html | http://www.dallassun.com/news/279296760/google-plans-usd15-billion-finland-ai-push-signs-nuclear-deal
2026-09-15T12:17:08Z,kill all,6,False,True,True,False,2,"AI researchers  earnestly believe  it could kill all humans within the next decade , Anthropic researcher says | The 27 - year - old who warned that AI could  kill us all  faces intense scrutiny | The 27 - year - old who warned that AI could  kill us all  faces intense scrutiny",https://www.cbc.ca/news/business/anthropic-researcher-resigned-9.7337789 | https://www.watoday.com.au/technology/the-27-year-old-who-warned-that-ai-could-kill-us-all-faces-intense-scrutiny-20260911-p60wfi.html | https://www.theage.com.au/technology/the-27-year-old-who-warned-that-ai-could-kill-us-all-faces-intense-scrutiny-20260911-p60wfi.html
2026-09-15T12:17:08Z,ai kill all,5,False,True,True,False,2,The 27 - year - old who warned that AI could  kill us all  faces intense scrutiny | The 27 - year - old who warned that AI could  kill us all  faces intense scrutiny | The 27 - year - old who warned that AI could  kill us all  faces intense scrutiny,https://www.watoday.com.au/technology/the-27-year-old-who-warned-that-ai-could-kill-us-all-faces-intense-scrutiny-20260911-p60wfi.html | https://www.theage.com.au/technology/the-27-year-old-who-warned-that-ai-could-kill-us-all-faces-intense-scrutiny-20260911-p60wfi.html | https://www.smh.com.au/technology/the-27-year-old-who-warned-that-ai-could-kill-us-all-faces-intense-scrutiny-20260911-p60wfi.html
2026-09-15T12:17:08Z,artificial intelligence,4,False,True,True,False,2,"Artificial Intelligence : How tech tools are changing work , school and the stock market | Better Artificial Intelligence Stock : Applied Digital vs . Super Micro Computer | Wall Street Finds Its AI Lifeline : How Artificial Intelligence Offers Fresh Exits for Trapped Private Equity Billions",https://originals.azpm.org/p/navigating/2026/9/8/231120-artificial-intelligence-how-tech-tools-are-changing-work-school-and-the-stock-market/ | https://www.fool.com/coverage/better-buy/2026/09/09/better-artificial-intelligence-stock-applied-digital-vs-super-micro-computer/?source=iedfolrf0000001 | https://www.webpronews.com/wall-street-finds-its-ai-lifeline-how-artificial-intelligence-offers-fresh-exits-for-trapped-private-equity-billions/
2026-09-15T12:17:08Z,nuclear plant,3,False,True,True,False,2,Energy Department loans $1 . 9B to restart Iowa nuclear plant | Energy Department loans $1 . 9B to restart Iowa nuclear plant | Google agrees to buy up to 50 % of Finnish nuclear plant capacity from Fortum,https://www.fairfieldsuntimes.com/news/national/energy-department-loans-1-9b-to-restart-iowa-nuclear-plant/article_08994566-c882-5aa4-b1df-a2faf435b160.html | https://www.hometownregister.com/news/national/energy-department-loans-1-9b-to-restart-iowa-nuclear-plant/article_f3f563d1-5fe9-509e-87d7-35eb05418741.html | https://www.moneycontrol.com/news/business/google-agrees-to-buy-up-to-50-of-finnish-nuclear-plant-capacity-from-fortum-14026489.html
2026-09-15T12:17:08Z,oil gas,2,False,True,True,False,2,"APO Group - Africa Newsroom / Press release | The Dealmakers Are Set to Storm Windhoek : Nigerian Governors and CORAN Bigwigs Set to Storm International African Energy , Oil and Gas Summit ( IAEOGS ) 2026 to Unlock Africa Energy Future | Battalion Oil Corporation Announces Strategic Investment in Collide , the AI - Native Operations System for Oil and Gas",https://www.africa-newsroom.com/press/the-dealmakers-are-set-to-storm-windhoek-nigerian-governors-and-coran-bigwigs-set-to-storm-iaeogs-2026-to-unlock-africas-energy-future | https://www.manilatimes.net/2026/09/09/tmt-newswire/globenewswire/battalion-oil-corporation-announces-strategic-investment-in-collide-the-ai-native-operations-system-for-oil-and-gas/2421103
2026-09-15T12:17:08Z,derivatives trading,2,False,True,True,False,2,"SEBI Likely To Allow FPIs In Commodity Derivatives Trading : Report | Zoomex Stock Brings Tesla 6 % Surge and Nvidia Choppy Session Within Reach Through Fair , Rule - Based Derivatives Trading",https://www.freepressjournal.in/business/sebi-likely-to-allow-fpis-in-commodity-derivatives-trading-report | https://bravenewcoin.com/press-release/zoomex-stock-brings-teslas-6-surge-and-nvidias-choppy-session-within-reach-through-fair-rule-based-derivatives-trading
2026-09-15T12:17:08Z,land use,2,False,True,True,False,2,"Americans are turning against AI data centers as local fears over water , power costs , and land use keep growing nationwide | Opinion : Evaluating data centers as land use application proposals",https://www.techradar.com/pro/69-of-americans-oppose-local-ai-data-centers-in-2026-poll-trump-blasts-blocking-communities-on-truth-social-for-choosing-poverty-over-server-farms-throwing-off-tremendous-amounts-of-money | https://www.morningjournal.com/2026/09/12/opinion-evaluating-data-centers-as-land-use-application-proposals/
2026-09-15T12:17:08Z,trading down,2,False,True,True,False,2,Apple ( NASDAQ : AAPL ) Trading Down 1 . 2 % – What Next ?  | Nebius Group ( NASDAQ : NBIS ) Trading Down 5 . 1 % – Time to Sell ?  | NexMetals Mining ( NASDAQ : NEXM ) Trading Down 0 . 6 % – Here Why,https://www.themarketsdaily.com/2026/09/08/apple-nasdaqaapl-trading-down-1-2-whats-next.html | https://www.dailypolitical.com/2026/09/10/nebius-group-nasdaqnbis-trading-down-5-1-time-to-sell.html | https://www.themarketsdaily.com/2026/09/12/nexmetals-mining-nasdaqnexm-trading-down-0-6-heres-why.html
2026-09-15T12:17:08Z,down next,2,False,True,True,False,2,Apple ( NASDAQ : AAPL ) Trading Down 1 . 2 % – What Next ?  | Cisco Systems ( NASDAQ : CSCO ) Stock Price Down 1 . 8 % – What Next ?  | NVIDIA ( NASDAQ : NVDA ) Shares Down 2 . 4 % – What Next ? ,https://www.themarketsdaily.com/2026/09/08/apple-nasdaqaapl-trading-down-1-2-whats-next.html | https://www.themarketsdaily.com/2026/09/10/cisco-systems-nasdaqcsco-stock-price-down-1-8-whats-next.html | https://www.dailypolitical.com/2026/09/10/nvidia-nasdaqnvda-shares-down-2-4-whats-next.html
2026-09-15T12:17:08Z,lead next,2,False,True,True,False,2,"Opus Origin Taps Greg Topalian to Lead its Next Chapter of North American Growth | India New Industrial Revolution : Chips , Space and Data Centres Lead Next Manufacturing Growth Wave , Says Jefferies",https://www.exhibitoronline.com/news/article.asp?ID=25377 | https://openthemagazine.com/india/chips-space-and-data-centres-jefferies-flags-indias-next-industrial-revolution
2026-09-15T12:17:08Z,price down,2,False,True,True,False,2,Sandisk ( NASDAQ : SNDK ) Stock Price Down 4 . 1 % – Here What Happened | Cisco Systems ( NASDAQ : CSCO ) Stock Price Down 1 . 8 % – What Next ?  | Vistra ( NYSE : VST ) Stock Price Down 2 . 4 % on Insider Selling,https://www.dailypolitical.com/2026/09/10/sandisk-nasdaqsndk-stock-price-down-4-1-heres-what-happened.html | https://www.themarketsdaily.com/2026/09/10/cisco-systems-nasdaqcsco-stock-price-down-1-8-whats-next.html | https://www.themarketsdaily.com/2026/09/10/vistra-nysevst-stock-price-down-2-4-on-insider-selling.html
2026-09-15T12:17:08Z,down selling,2,False,True,True,False,2,Vistra ( NYSE : VST ) Stock Price Down 2 . 4 % on Insider Selling | Arista Networks ( NYSE : ANET ) Stock Price Down 2 % After Insider Selling,https://www.themarketsdaily.com/2026/09/10/vistra-nysevst-stock-price-down-2-4-on-insider-selling.html | https://www.dailypolitical.com/2026/09/12/arista-networks-nyseanet-stock-price-down-2-after-insider-selling.html
2026-09-15T12:17:08Z,price down selling,2,False,True,True,False,2,Vistra ( NYSE : VST ) Stock Price Down 2 . 4 % on Insider Selling | Arista Networks ( NYSE : ANET ) Stock Price Down 2 % After Insider Selling,https://www.themarketsdaily.com/2026/09/10/vistra-nysevst-stock-price-down-2-4-on-insider-selling.html | https://www.dailypolitical.com/2026/09/12/arista-networks-nyseanet-stock-price-down-2-after-insider-selling.html
2026-09-15T12:17:08Z,brics summit,37,False,True,False,False,1,BRICS Summit 2026 : Key likely outcomes as India drives a transformative global agenda in New Delhi | BRICS Summit 2026 : Key likely outcomes as India drives a transformative global agenda in New Delhi | BRICS Summit 2026 : Key likely outcomes as India drives a transformative global agenda in New Delhi,http://www.middleeaststar.com/news/279293033/brics-summit-2026-key-likely-outcomes-as-india-drives-a-transformative-global-agenda-in-new-delhi | https://economictimes.indiatimes.com/news/india/brics-summit-2026-key-likely-outcomes-as-india-drives-a-transformative-global-agenda-in-new-delhi/articleshow/133905594.cms | https://aninews.in/news/world/asia/brics-summit-2026-key-likely-outcomes-as-india-drives-a-transformative-global-agenda-in-new-delhi20260908085217/
2026-09-15T12:17:08Z,growth sectors,26,False,True,False,False,1,Jefferies flags  India New Industrial Revolution  across six high - growth sectors | Jefferies flags  India New Industrial Revolution  across six high - growth sectors | Jefferies flags  India New Industrial Revolution  across six high - growth sectors,http://www.britainnews.net/news/279297968/jefferies-flags-india-new-industrial-revolution-across-six-high-growth-sectors | http://www.myanmarnews.net/news/279297968/jefferies-flags-india-new-industrial-revolution-across-six-high-growth-sectors | http://www.newzealandstar.com/news/279297968/jefferies-flags-india-new-industrial-revolution-across-six-high-growth-sectors
2026-09-15T12:17:08Z,jefferies flags,25,False,True,False,False,1,Jefferies flags  India New Industrial Revolution  across six high - growth sectors | Jefferies flags  India New Industrial Revolution  across six high - growth sectors | Jefferies flags  India New Industrial Revolution  across six high - growth sectors,http://www.britainnews.net/news/279297968/jefferies-flags-india-new-industrial-revolution-across-six-high-growth-sectors | http://www.myanmarnews.net/news/279297968/jefferies-flags-india-new-industrial-revolution-across-six-high-growth-sectors | http://www.newzealandstar.com/news/279297968/jefferies-flags-india-new-industrial-revolution-across-six-high-growth-sectors
2026-09-15T12:17:08Z,across six,25,False,True,False,False,1,Jefferies flags  India New Industrial Revolution  across six high - growth sectors | Jefferies flags  India New Industrial Revolution  across six high - growth sectors | Jefferies flags  India New Industrial Revolution  across six high - growth sectors,http://www.britainnews.net/news/279297968/jefferies-flags-india-new-industrial-revolution-across-six-high-growth-sectors | http://www.myanmarnews.net/news/279297968/jefferies-flags-india-new-industrial-revolution-across-six-high-growth-sectors | http://www.newzealandstar.com/news/279297968/jefferies-flags-india-new-industrial-revolution-across-six-high-growth-sectors
2026-09-15T12:17:08Z,ai driven,24,False,True,False,False,1,AI - Driven IPO Wave Set to Accompany Anthropic Listing | Wave of AI - driven IPOs expected to accompany Anthropic listing – Oroville Mercury - Register | Wave of AI - driven IPOs expected to accompany Anthropic listing – Orange County Register,https://www.livemint.com/market/aidriven-ipo-wave-set-to-accompany-anthropic-listing-11788992244915.html | https://www.orovillemr.com/2026/09/10/multiple-ai-ipo-anthropic/ | https://www.ocregister.com/2026/09/10/multiple-ai-ipo-anthropic/
2026-09-15T12:17:08Z,accompany anthropic,24,False,True,False,False,1,AI - Driven IPO Wave Set to Accompany Anthropic Listing | Wave of AI - driven IPOs expected to accompany Anthropic listing – Oroville Mercury - Register | Wave of AI - driven IPOs expected to accompany Anthropic listing – Orange County Register,https://www.livemint.com/market/aidriven-ipo-wave-set-to-accompany-anthropic-listing-11788992244915.html | https://www.orovillemr.com/2026/09/10/multiple-ai-ipo-anthropic/ | https://www.ocregister.com/2026/09/10/multiple-ai-ipo-anthropic/
2026-09-15T12:17:08Z,anthropic listing,24,False,True,False,False,1,AI - Driven IPO Wave Set to Accompany Anthropic Listing | Wave of AI - driven IPOs expected to accompany Anthropic listing – Oroville Mercury - Register | Wave of AI - driven IPOs expected to accompany Anthropic listing – Orange County Register,https://www.livemint.com/market/aidriven-ipo-wave-set-to-accompany-anthropic-listing-11788992244915.html | https://www.orovillemr.com/2026/09/10/multiple-ai-ipo-anthropic/ | https://www.ocregister.com/2026/09/10/multiple-ai-ipo-anthropic/
2026-09-15T12:17:08Z,accompany anthropic listing,24,False,True,False,False,1,AI - Driven IPO Wave Set to Accompany Anthropic Listing | Wave of AI - driven IPOs expected to accompany Anthropic listing – Oroville Mercury - Register | Wave of AI - driven IPOs expected to accompany Anthropic listing – Orange County Register,https://www.livemint.com/market/aidriven-ipo-wave-set-to-accompany-anthropic-listing-11788992244915.html | https://www.orovillemr.com/2026/09/10/multiple-ai-ipo-anthropic/ | https://www.ocregister.com/2026/09/10/multiple-ai-ipo-anthropic/
2026-09-15T12:17:08Z,wave ai,23,False,True,False,False,1,Wave of AI - driven IPOs expected to accompany Anthropic listing – Oroville Mercury - Register | Wave of AI - driven IPOs expected to accompany Anthropic listing – Orange County Register | Wave of AI - driven IPOs expected to accompany Anthropic listing – thereporteronline,https://www.orovillemr.com/2026/09/10/multiple-ai-ipo-anthropic/ | https://www.ocregister.com/2026/09/10/multiple-ai-ipo-anthropic/ | https://www.thereporteronline.com/2026/09/10/multiple-ai-ipo-anthropic/
2026-09-15T12:17:08Z,driven ipos,23,False,True,False,False,1,Wave of AI - driven IPOs expected to accompany Anthropic listing – Oroville Mercury - Register | Wave of AI - driven IPOs expected to accompany Anthropic listing – Orange County Register | Wave of AI - driven IPOs expected to accompany Anthropic listing – thereporteronline,https://www.orovillemr.com/2026/09/10/multiple-ai-ipo-anthropic/ | https://www.ocregister.com/2026/09/10/multiple-ai-ipo-anthropic/ | https://www.thereporteronline.com/2026/09/10/multiple-ai-ipo-anthropic/
2026-09-15T12:17:08Z,ipos expected,23,False,True,False,False,1,Wave of AI - driven IPOs expected to accompany Anthropic listing – Oroville Mercury - Register | Wave of AI - driven IPOs expected to accompany Anthropic listing – Orange County Register | Wave of AI - driven IPOs expected to accompany Anthropic listing – thereporteronline,https://www.orovillemr.com/2026/09/10/multiple-ai-ipo-anthropic/ | https://www.ocregister.com/2026/09/10/multiple-ai-ipo-anthropic/ | https://www.thereporteronline.com/2026/09/10/multiple-ai-ipo-anthropic/
2026-09-15T12:17:08Z,expected accompany,23,False,True,False,False,1,Wave of AI - driven IPOs expected to accompany Anthropic listing – Oroville Mercury - Register | Wave of AI - driven IPOs expected to accompany Anthropic listing – Orange County Register | Wave of AI - driven IPOs expected to accompany Anthropic listing – thereporteronline,https://www.orovillemr.com/2026/09/10/multiple-ai-ipo-anthropic/ | https://www.ocregister.com/2026/09/10/multiple-ai-ipo-anthropic/ | https://www.thereporteronline.com/2026/09/10/multiple-ai-ipo-anthropic/
2026-09-15T12:17:08Z,wave ai driven,23,False,True,False,False,1,Wave of AI - driven IPOs expected to accompany Anthropic listing – Oroville Mercury - Register | Wave of AI - driven IPOs expected to accompany Anthropic listing – Orange County Register | Wave of AI - driven IPOs expected to accompany Anthropic listing – thereporteronline,https://www.orovillemr.com/2026/09/10/multiple-ai-ipo-anthropic/ | https://www.ocregister.com/2026/09/10/multiple-ai-ipo-anthropic/ | https://www.thereporteronline.com/2026/09/10/multiple-ai-ipo-anthropic/
2026-09-15T12:17:08Z,ai driven ipos,23,False,True,False,False,1,Wave of AI - driven IPOs expected to accompany Anthropic listing – Oroville Mercury - Register | Wave of AI - driven IPOs expected to accompany Anthropic listing – Orange County Register | Wave of AI - driven IPOs expected to accompany Anthropic listing – thereporteronline,https://www.orovillemr.com/2026/09/10/multiple-ai-ipo-anthropic/ | https://www.ocregister.com/2026/09/10/multiple-ai-ipo-anthropic/ | https://www.thereporteronline.com/2026/09/10/multiple-ai-ipo-anthropic/
2026-09-15T12:17:08Z,driven ipos expected,23,False,True,False,False,1,Wave of AI - driven IPOs expected to accompany Anthropic listing – Oroville Mercury - Register | Wave of AI - driven IPOs expected to accompany Anthropic listing – Orange County Register | Wave of AI - driven IPOs expected to accompany Anthropic listing – thereporteronline,https://www.orovillemr.com/2026/09/10/multiple-ai-ipo-anthropic/ | https://www.ocregister.com/2026/09/10/multiple-ai-ipo-anthropic/ | https://www.thereporteronline.com/2026/09/10/multiple-ai-ipo-anthropic/
2026-09-15T12:17:08Z,ipos expected accompany,23,False,True,False,False,1,Wave of AI - driven IPOs expected to accompany Anthropic listing – Oroville Mercury - Register | Wave of AI - driven IPOs expected to accompany Anthropic listing – Orange County Register | Wave of AI - driven IPOs expected to accompany Anthropic listing – thereporteronline,https://www.orovillemr.com/2026/09/10/multiple-ai-ipo-anthropic/ | https://www.ocregister.com/2026/09/10/multiple-ai-ipo-anthropic/ | https://www.thereporteronline.com/2026/09/10/multiple-ai-ipo-anthropic/
2026-09-15T12:17:08Z,expected accompany anthropic,23,False,True,False,False,1,Wave of AI - driven IPOs expected to accompany Anthropic listing – Oroville Mercury - Register | Wave of AI - driven IPOs expected to accompany Anthropic listing – Orange County Register | Wave of AI - driven IPOs expected to accompany Anthropic listing – thereporteronline,https://www.orovillemr.com/2026/09/10/multiple-ai-ipo-anthropic/ | https://www.ocregister.com/2026/09/10/multiple-ai-ipo-anthropic/ | https://www.thereporteronline.com/2026/09/10/multiple-ai-ipo-anthropic/
2026-09-15T12:17:08Z,modi welcomes,21,False,True,False,False,1,"BRICS Summit 2026 : PM Modi welcomes Ethiopian PM Abiy Ahmed Ali , Brazilian Foreign Minister Mauro Vieira at venue | BRICS Summit 2026 : PM Modi welcomes South African President Cyril Ramaphosa and Egyptian President Abdel Fattah el - Sisi at venue | PM Modi welcomes world leaders , addresses open session on day 2 of 18th BRICS Summit ; to hold bilateral meetings",https://aninews.in/news/world/asia/brics-summit-2026-pm-modi-welcomes-ethiopian-pm-abiy-ahmed-ali-brazilian-foreign-minister-mauro-vieira-at-venue20260912143539/ | https://aninews.in/news/world/asia/brics-summit-2026-pm-modi-welcomes-south-african-president-cyril-ramaphosa-and-egyptian-president-abdel-fattah-el-sisi-at-venue20260912150133/ | https://www.livemint.com/news/india/pm-modi-welcomes-world-leaders-addresses-open-session-on-day-2-of-18th-brics-summit-to-hold-bilateral-meetings-11789280683070.html
2026-09-15T12:17:08Z,summit modi,20,False,True,False,False,1,"BRICS Summit 2026 : PM Modi welcomes Ethiopian PM Abiy Ahmed Ali , Brazilian Foreign Minister Mauro Vieira at venue | BRICS Summit 2026 : PM Modi welcomes South African President Cyril Ramaphosa and Egyptian President Abdel Fattah el - Sisi at venue | BRICS Summit 2026 : PM Modi welcomes Chinese President Xi Jinping at Bharat Mandapam",https://aninews.in/news/world/asia/brics-summit-2026-pm-modi-welcomes-ethiopian-pm-abiy-ahmed-ali-brazilian-foreign-minister-mauro-vieira-at-venue20260912143539/ | https://aninews.in/news/world/asia/brics-summit-2026-pm-modi-welcomes-south-african-president-cyril-ramaphosa-and-egyptian-president-abdel-fattah-el-sisi-at-venue20260912150133/ | http://www.chinanationalnews.com/news/279302924/brics-summit-2026-pm-modi-welcomes-chinese-president-xi-jinping-at-bharat-mandapam
2026-09-15T12:17:08Z,brics summit modi,20,False,True,False,False,1,"BRICS Summit 2026 : PM Modi welcomes Ethiopian PM Abiy Ahmed Ali , Brazilian Foreign Minister Mauro Vieira at venue | BRICS Summit 2026 : PM Modi welcomes South African President Cyril Ramaphosa and Egyptian President Abdel Fattah el - Sisi at venue | BRICS Summit 2026 : PM Modi welcomes Chinese President Xi Jinping at Bharat Mandapam",https://aninews.in/news/world/asia/brics-summit-2026-pm-modi-welcomes-ethiopian-pm-abiy-ahmed-ali-brazilian-foreign-minister-mauro-vieira-at-venue20260912143539/ | https://aninews.in/news/world/asia/brics-summit-2026-pm-modi-welcomes-south-african-president-cyril-ramaphosa-and-egyptian-president-abdel-fattah-el-sisi-at-venue20260912150133/ | http://www.chinanationalnews.com/news/279302924/brics-summit-2026-pm-modi-welcomes-chinese-president-xi-jinping-at-bharat-mandapam
2026-09-15T12:17:08Z,summit modi welcomes,20,False,True,False,False,1,"BRICS Summit 2026 : PM Modi welcomes Ethiopian PM Abiy Ahmed Ali , Brazilian Foreign Minister Mauro Vieira at venue | BRICS Summit 2026 : PM Modi welcomes South African President Cyril Ramaphosa and Egyptian President Abdel Fattah el - Sisi at venue | BRICS Summit 2026 : PM Modi welcomes Chinese President Xi Jinping at Bharat Mandapam",https://aninews.in/news/world/asia/brics-summit-2026-pm-modi-welcomes-ethiopian-pm-abiy-ahmed-ali-brazilian-foreign-minister-mauro-vieira-at-venue20260912143539/ | https://aninews.in/news/world/asia/brics-summit-2026-pm-modi-welcomes-south-african-president-cyril-ramaphosa-and-egyptian-president-abdel-fattah-el-sisi-at-venue20260912150133/ | http://www.chinanationalnews.com/news/279302924/brics-summit-2026-pm-modi-welcomes-chinese-president-xi-jinping-at-bharat-mandapam
2026-09-15T12:17:08Z,bharat mandapam,20,False,True,False,False,1,"PM Modi , Russian President Putin arrive at Bharat Mandapam as BRICS Summit 2026 kickstarts | BRICS Summit 2026 : PM Modi welcomes Chinese President Xi Jinping at Bharat Mandapam | BRICS Summit : PM Modi welcomes Russian President Vladimir Putin at Bharat Mandapam",https://aninews.in/news/world/asia/pm-modi-russian-president-putin-arrive-at-bharat-mandapam-as-brics-summit-2026-kickstarts20260912141840/ | http://www.chinanationalnews.com/news/279302924/brics-summit-2026-pm-modi-welcomes-chinese-president-xi-jinping-at-bharat-mandapam | http://www.asiabulletin.com/news/279302936/brics-summit-pm-modi-welcomes-russian-president-vladimir-putin-at-bharat-mandapam
2026-09-15T12:17:08Z,trump administration,17,False,True,False,False,1,"Trump Administration Loans $100 Million to Africell to Challenge Huawei in Africa , ETTelecom | Trump administration to lend $100 million to Africell , countering Huawei in Africa | Trump administration to lend $100 million to Africell , countering Huawei in Africa",https://telecom.economictimes.indiatimes.com/news/telecom-equipment/trump-administration-to-lend-100-million-to-africell-countering-huawei-in-africa/134046966 | https://www.straitstimes.com/asia/trump-administration-to-lend-100-million-to-africell-countering-huawei-in-africa | https://lufkindailynews.com/news_reuters/business/trump-administration-to-lend-100-million-to-africell-countering-huawei-in-africa/article_7a06463e-487f-55ac-b36c-ff99d92cfbe6.html
2026-09-15T12:17:08Z,ai push,15,False,True,False,False,1,"Strive Masiyiwa Cassava joins Vodafone in $1 billion Egypt data - centre and sovereign AI push | Oracle layoffs : IT giant adds $700 million to restructuring tally amid expensive AI push | Google plans $15 billion Finland AI push , signs nuclear deal",https://www.newzimbabwe.com/strive-masiyiwas-cassava-joins-vodafone-in-1-billion-egypt-data-centre-and-sovereign-ai-push/ | https://www.businesstoday.in/technology/story/oracle-layoffs-it-giant-adds-700-million-to-restructuring-tally-amid-expensive-ai-push-555216-2026-09-13 | http://www.dallassun.com/news/279296760/google-plans-usd15-billion-finland-ai-push-signs-nuclear-deal
2026-09-15T12:17:08Z,finland ai,15,False,True,False,False,1,"Google Commits To Finland AI Infrastructure , Secures Nuclear Power Deal | Google Commits To Finland AI Infrastructure , Secures Nuclear Power Deal | Google plans $15 billion Finland AI push , signs nuclear deal",https://www.finanzen.ch/nachrichten/aktien/google-commits-to-finland-ai-infrastructure-secures-nuclear-power-deal-1036537909 | https://www.rttnews.com/3690161/google-commits-to-finland-ai-infrastructure-secures-nuclear-power-deal.aspx | http://www.dallassun.com/news/279296760/google-plans-usd15-billion-finland-ai-push-signs-nuclear-deal
2026-09-15T12:17:08Z,administration lends,14,False,True,False,False,1,Trump administration lends $100M to US - owned cellphone network in Africa | Trump administration lends $100M to US - owned cellphone network in Africa | Trump administration lends $100M to US - owned cellphone network in Africa,https://www.thetimes-tribune.com/2026/09/11/trump-administration-cellphone-network-africa/ | https://www.dailylocal.com/2026/09/11/trump-administration-cellphone-network-africa/ | https://www.montereyherald.com/2026/09/11/trump-administration-cellphone-network-africa/
2026-09-15T12:48:20Z,google plans,15,False,True,True,False,2,"Google plans for $15B AI build - out in Finland | The Arkansas Democrat - Gazette | Google plans EUR13 billion Finland investment to expand data centers , clean energy | Google plans $15 billion Finland AI push , signs nuclear deal",https://www.arkansasonline.com/news/2026/sep/10/google-plans-for-15b-ai-build-out-in-finland/ | https://www.digitimes.com/news/a20260910PR201/google-finland-investment-data-center-expansion.html | http://www.dallassun.com/news/279296760/google-plans-usd15-billion-finland-ai-push-signs-nuclear-deal
2026-09-15T12:48:20Z,kill all,6,False,True,True,False,2,"AI researchers  earnestly believe  it could kill all humans within the next decade , Anthropic researcher says | The 27 - year - old who warned that AI could  kill us all  faces intense scrutiny | The 27 - year - old who warned that AI could  kill us all  faces intense scrutiny",https://www.cbc.ca/news/business/anthropic-researcher-resigned-9.7337789 | https://www.watoday.com.au/technology/the-27-year-old-who-warned-that-ai-could-kill-us-all-faces-intense-scrutiny-20260911-p60wfi.html | https://www.theage.com.au/technology/the-27-year-old-who-warned-that-ai-could-kill-us-all-faces-intense-scrutiny-20260911-p60wfi.html
2026-09-15T12:48:20Z,ai kill all,5,False,True,True,False,2,The 27 - year - old who warned that AI could  kill us all  faces intense scrutiny | The 27 - year - old who warned that AI could  kill us all  faces intense scrutiny | The 27 - year - old who warned that AI could  kill us all  faces intense scrutiny,https://www.watoday.com.au/technology/the-27-year-old-who-warned-that-ai-could-kill-us-all-faces-intense-scrutiny-20260911-p60wfi.html | https://www.theage.com.au/technology/the-27-year-old-who-warned-that-ai-could-kill-us-all-faces-intense-scrutiny-20260911-p60wfi.html | https://www.smh.com.au/technology/the-27-year-old-who-warned-that-ai-could-kill-us-all-faces-intense-scrutiny-20260911-p60wfi.html
2026-09-15T12:48:20Z,artificial intelligence,4,False,True,True,False,2,"Artificial Intelligence : How tech tools are changing work , school and the stock market | Better Artificial Intelligence Stock : Applied Digital vs . Super Micro Computer | Wall Street Finds Its AI Lifeline : How Artificial Intelligence Offers Fresh Exits for Trapped Private Equity Billions",https://originals.azpm.org/p/navigating/2026/9/8/231120-artificial-intelligence-how-tech-tools-are-changing-work-school-and-the-stock-market/ | https://www.fool.com/coverage/better-buy/2026/09/09/better-artificial-intelligence-stock-applied-digital-vs-super-micro-computer/?source=iedfolrf0000001 | https://www.webpronews.com/wall-street-finds-its-ai-lifeline-how-artificial-intelligence-offers-fresh-exits-for-trapped-private-equity-billions/
2026-09-15T12:48:20Z,nuclear plant,3,False,True,True,False,2,Energy Department loans $1 . 9B to restart Iowa nuclear plant | Energy Department loans $1 . 9B to restart Iowa nuclear plant | Google agrees to buy up to 50 % of Finnish nuclear plant capacity from Fortum,https://www.fairfieldsuntimes.com/news/national/energy-department-loans-1-9b-to-restart-iowa-nuclear-plant/article_08994566-c882-5aa4-b1df-a2faf435b160.html | https://www.hometownregister.com/news/national/energy-department-loans-1-9b-to-restart-iowa-nuclear-plant/article_f3f563d1-5fe9-509e-87d7-35eb05418741.html | https://www.moneycontrol.com/news/business/google-agrees-to-buy-up-to-50-of-finnish-nuclear-plant-capacity-from-fortum-14026489.html
2026-09-15T12:48:20Z,oil gas,2,False,True,True,False,2,"APO Group - Africa Newsroom / Press release | The Dealmakers Are Set to Storm Windhoek : Nigerian Governors and CORAN Bigwigs Set to Storm International African Energy , Oil and Gas Summit ( IAEOGS ) 2026 to Unlock Africa Energy Future | Battalion Oil Corporation Announces Strategic Investment in Collide , the AI - Native Operations System for Oil and Gas",https://www.africa-newsroom.com/press/the-dealmakers-are-set-to-storm-windhoek-nigerian-governors-and-coran-bigwigs-set-to-storm-iaeogs-2026-to-unlock-africas-energy-future | https://www.manilatimes.net/2026/09/09/tmt-newswire/globenewswire/battalion-oil-corporation-announces-strategic-investment-in-collide-the-ai-native-operations-system-for-oil-and-gas/2421103
2026-09-15T12:48:20Z,derivatives trading,2,False,True,True,False,2,"SEBI Likely To Allow FPIs In Commodity Derivatives Trading : Report | Zoomex Stock Brings Tesla 6 % Surge and Nvidia Choppy Session Within Reach Through Fair , Rule - Based Derivatives Trading",https://www.freepressjournal.in/business/sebi-likely-to-allow-fpis-in-commodity-derivatives-trading-report | https://bravenewcoin.com/press-release/zoomex-stock-brings-teslas-6-surge-and-nvidias-choppy-session-within-reach-through-fair-rule-based-derivatives-trading
2026-09-15T12:48:20Z,land use,2,False,True,True,False,2,"Americans are turning against AI data centers as local fears over water , power costs , and land use keep growing nationwide | Opinion : Evaluating data centers as land use application proposals",https://www.techradar.com/pro/69-of-americans-oppose-local-ai-data-centers-in-2026-poll-trump-blasts-blocking-communities-on-truth-social-for-choosing-poverty-over-server-farms-throwing-off-tremendous-amounts-of-money | https://www.morningjournal.com/2026/09/12/opinion-evaluating-data-centers-as-land-use-application-proposals/
2026-09-15T12:48:20Z,trading down,2,False,True,True,False,2,Apple ( NASDAQ : AAPL ) Trading Down 1 . 2 % – What Next ?  | Nebius Group ( NASDAQ : NBIS ) Trading Down 5 . 1 % – Time to Sell ?  | NexMetals Mining ( NASDAQ : NEXM ) Trading Down 0 . 6 % – Here Why,https://www.themarketsdaily.com/2026/09/08/apple-nasdaqaapl-trading-down-1-2-whats-next.html | https://www.dailypolitical.com/2026/09/10/nebius-group-nasdaqnbis-trading-down-5-1-time-to-sell.html | https://www.themarketsdaily.com/2026/09/12/nexmetals-mining-nasdaqnexm-trading-down-0-6-heres-why.html
2026-09-15T12:48:20Z,down next,2,False,True,True,False,2,Apple ( NASDAQ : AAPL ) Trading Down 1 . 2 % – What Next ?  | Cisco Systems ( NASDAQ : CSCO ) Stock Price Down 1 . 8 % – What Next ?  | NVIDIA ( NASDAQ : NVDA ) Shares Down 2 . 4 % – What Next ? ,https://www.themarketsdaily.com/2026/09/08/apple-nasdaqaapl-trading-down-1-2-whats-next.html | https://www.themarketsdaily.com/2026/09/10/cisco-systems-nasdaqcsco-stock-price-down-1-8-whats-next.html | https://www.dailypolitical.com/2026/09/10/nvidia-nasdaqnvda-shares-down-2-4-whats-next.html
2026-09-15T12:48:20Z,lead next,2,False,True,True,False,2,"Opus Origin Taps Greg Topalian to Lead its Next Chapter of North American Growth | India New Industrial Revolution : Chips , Space and Data Centres Lead Next Manufacturing Growth Wave , Says Jefferies",https://www.exhibitoronline.com/news/article.asp?ID=25377 | https://openthemagazine.com/india/chips-space-and-data-centres-jefferies-flags-indias-next-industrial-revolution
2026-09-15T12:48:20Z,price down,2,False,True,True,False,2,Sandisk ( NASDAQ : SNDK ) Stock Price Down 4 . 1 % – Here What Happened | Cisco Systems ( NASDAQ : CSCO ) Stock Price Down 1 . 8 % – What Next ?  | Vistra ( NYSE : VST ) Stock Price Down 2 . 4 % on Insider Selling,https://www.dailypolitical.com/2026/09/10/sandisk-nasdaqsndk-stock-price-down-4-1-heres-what-happened.html | https://www.themarketsdaily.com/2026/09/10/cisco-systems-nasdaqcsco-stock-price-down-1-8-whats-next.html | https://www.themarketsdaily.com/2026/09/10/vistra-nysevst-stock-price-down-2-4-on-insider-selling.html
2026-09-15T12:48:20Z,down selling,2,False,True,True,False,2,Vistra ( NYSE : VST ) Stock Price Down 2 . 4 % on Insider Selling | Arista Networks ( NYSE : ANET ) Stock Price Down 2 % After Insider Selling,https://www.themarketsdaily.com/2026/09/10/vistra-nysevst-stock-price-down-2-4-on-insider-selling.html | https://www.dailypolitical.com/2026/09/12/arista-networks-nyseanet-stock-price-down-2-after-insider-selling.html
2026-09-15T12:48:20Z,price down selling,2,False,True,True,False,2,Vistra ( NYSE : VST ) Stock Price Down 2 . 4 % on Insider Selling | Arista Networks ( NYSE : ANET ) Stock Price Down 2 % After Insider Selling,https://www.themarketsdaily.com/2026/09/10/vistra-nysevst-stock-price-down-2-4-on-insider-selling.html | https://www.dailypolitical.com/2026/09/12/arista-networks-nyseanet-stock-price-down-2-after-insider-selling.html
2026-09-15T12:48:20Z,brics summit,37,False,True,False,False,1,BRICS Summit 2026 : Key likely outcomes as India drives a transformative global agenda in New Delhi | BRICS Summit 2026 : Key likely outcomes as India drives a transformative global agenda in New Delhi | BRICS Summit 2026 : Key likely outcomes as India drives a transformative global agenda in New Delhi,http://www.middleeaststar.com/news/279293033/brics-summit-2026-key-likely-outcomes-as-india-drives-a-transformative-global-agenda-in-new-delhi | https://economictimes.indiatimes.com/news/india/brics-summit-2026-key-likely-outcomes-as-india-drives-a-transformative-global-agenda-in-new-delhi/articleshow/133905594.cms | https://aninews.in/news/world/asia/brics-summit-2026-key-likely-outcomes-as-india-drives-a-transformative-global-agenda-in-new-delhi20260908085217/
2026-09-15T12:48:20Z,growth sectors,26,False,True,False,False,1,Jefferies flags  India New Industrial Revolution  across six high - growth sectors | Jefferies flags  India New Industrial Revolution  across six high - growth sectors | Jefferies flags  India New Industrial Revolution  across six high - growth sectors,http://www.britainnews.net/news/279297968/jefferies-flags-india-new-industrial-revolution-across-six-high-growth-sectors | http://www.myanmarnews.net/news/279297968/jefferies-flags-india-new-industrial-revolution-across-six-high-growth-sectors | http://www.newzealandstar.com/news/279297968/jefferies-flags-india-new-industrial-revolution-across-six-high-growth-sectors
2026-09-15T12:48:20Z,jefferies flags,25,False,True,False,False,1,Jefferies flags  India New Industrial Revolution  across six high - growth sectors | Jefferies flags  India New Industrial Revolution  across six high - growth sectors | Jefferies flags  India New Industrial Revolution  across six high - growth sectors,http://www.britainnews.net/news/279297968/jefferies-flags-india-new-industrial-revolution-across-six-high-growth-sectors | http://www.myanmarnews.net/news/279297968/jefferies-flags-india-new-industrial-revolution-across-six-high-growth-sectors | http://www.newzealandstar.com/news/279297968/jefferies-flags-india-new-industrial-revolution-across-six-high-growth-sectors
2026-09-15T12:48:20Z,across six,25,False,True,False,False,1,Jefferies flags  India New Industrial Revolution  across six high - growth sectors | Jefferies flags  India New Industrial Revolution  across six high - growth sectors | Jefferies flags  India New Industrial Revolution  across six high - growth sectors,http://www.britainnews.net/news/279297968/jefferies-flags-india-new-industrial-revolution-across-six-high-growth-sectors | http://www.myanmarnews.net/news/279297968/jefferies-flags-india-new-industrial-revolution-across-six-high-growth-sectors | http://www.newzealandstar.com/news/279297968/jefferies-flags-india-new-industrial-revolution-across-six-high-growth-sectors
2026-09-15T12:48:20Z,ai driven,24,False,True,False,False,1,AI - Driven IPO Wave Set to Accompany Anthropic Listing | Wave of AI - driven IPOs expected to accompany Anthropic listing – Oroville Mercury - Register | Wave of AI - driven IPOs expected to accompany Anthropic listing – Orange County Register,https://www.livemint.com/market/aidriven-ipo-wave-set-to-accompany-anthropic-listing-11788992244915.html | https://www.orovillemr.com/2026/09/10/multiple-ai-ipo-anthropic/ | https://www.ocregister.com/2026/09/10/multiple-ai-ipo-anthropic/
2026-09-15T12:48:20Z,accompany anthropic,24,False,True,False,False,1,AI - Driven IPO Wave Set to Accompany Anthropic Listing | Wave of AI - driven IPOs expected to accompany Anthropic listing – Oroville Mercury - Register | Wave of AI - driven IPOs expected to accompany Anthropic listing – Orange County Register,https://www.livemint.com/market/aidriven-ipo-wave-set-to-accompany-anthropic-listing-11788992244915.html | https://www.orovillemr.com/2026/09/10/multiple-ai-ipo-anthropic/ | https://www.ocregister.com/2026/09/10/multiple-ai-ipo-anthropic/
2026-09-15T12:48:20Z,anthropic listing,24,False,True,False,False,1,AI - Driven IPO Wave Set to Accompany Anthropic Listing | Wave of AI - driven IPOs expected to accompany Anthropic listing – Oroville Mercury - Register | Wave of AI - driven IPOs expected to accompany Anthropic listing – Orange County Register,https://www.livemint.com/market/aidriven-ipo-wave-set-to-accompany-anthropic-listing-11788992244915.html | https://www.orovillemr.com/2026/09/10/multiple-ai-ipo-anthropic/ | https://www.ocregister.com/2026/09/10/multiple-ai-ipo-anthropic/
2026-09-15T12:48:20Z,accompany anthropic listing,24,False,True,False,False,1,AI - Driven IPO Wave Set to Accompany Anthropic Listing | Wave of AI - driven IPOs expected to accompany Anthropic listing – Oroville Mercury - Register | Wave of AI - driven IPOs expected to accompany Anthropic listing – Orange County Register,https://www.livemint.com/market/aidriven-ipo-wave-set-to-accompany-anthropic-listing-11788992244915.html | https://www.orovillemr.com/2026/09/10/multiple-ai-ipo-anthropic/ | https://www.ocregister.com/2026/09/10/multiple-ai-ipo-anthropic/
2026-09-15T12:48:20Z,wave ai,23,False,True,False,False,1,Wave of AI - driven IPOs expected to accompany Anthropic listing – Oroville Mercury - Register | Wave of AI - driven IPOs expected to accompany Anthropic listing – Orange County Register | Wave of AI - driven IPOs expected to accompany Anthropic listing – thereporteronline,https://www.orovillemr.com/2026/09/10/multiple-ai-ipo-anthropic/ | https://www.ocregister.com/2026/09/10/multiple-ai-ipo-anthropic/ | https://www.thereporteronline.com/2026/09/10/multiple-ai-ipo-anthropic/
2026-09-15T12:48:20Z,driven ipos,23,False,True,False,False,1,Wave of AI - driven IPOs expected to accompany Anthropic listing – Oroville Mercury - Register | Wave of AI - driven IPOs expected to accompany Anthropic listing – Orange County Register | Wave of AI - driven IPOs expected to accompany Anthropic listing – thereporteronline,https://www.orovillemr.com/2026/09/10/multiple-ai-ipo-anthropic/ | https://www.ocregister.com/2026/09/10/multiple-ai-ipo-anthropic/ | https://www.thereporteronline.com/2026/09/10/multiple-ai-ipo-anthropic/
2026-09-15T12:48:20Z,ipos expected,23,False,True,False,False,1,Wave of AI - driven IPOs expected to accompany Anthropic listing – Oroville Mercury - Register | Wave of AI - driven IPOs expected to accompany Anthropic listing – Orange County Register | Wave of AI - driven IPOs expected to accompany Anthropic listing – thereporteronline,https://www.orovillemr.com/2026/09/10/multiple-ai-ipo-anthropic/ | https://www.ocregister.com/2026/09/10/multiple-ai-ipo-anthropic/ | https://www.thereporteronline.com/2026/09/10/multiple-ai-ipo-anthropic/
2026-09-15T12:48:20Z,expected accompany,23,False,True,False,False,1,Wave of AI - driven IPOs expected to accompany Anthropic listing – Oroville Mercury - Register | Wave of AI - driven IPOs expected to accompany Anthropic listing – Orange County Register | Wave of AI - driven IPOs expected to accompany Anthropic listing – thereporteronline,https://www.orovillemr.com/2026/09/10/multiple-ai-ipo-anthropic/ | https://www.ocregister.com/2026/09/10/multiple-ai-ipo-anthropic/ | https://www.thereporteronline.com/2026/09/10/multiple-ai-ipo-anthropic/
2026-09-15T12:48:20Z,wave ai driven,23,False,True,False,False,1,Wave of AI - driven IPOs expected to accompany Anthropic listing – Oroville Mercury - Register | Wave of AI - driven IPOs expected to accompany Anthropic listing – Orange County Register | Wave of AI - driven IPOs expected to accompany Anthropic listing – thereporteronline,https://www.orovillemr.com/2026/09/10/multiple-ai-ipo-anthropic/ | https://www.ocregister.com/2026/09/10/multiple-ai-ipo-anthropic/ | https://www.thereporteronline.com/2026/09/10/multiple-ai-ipo-anthropic/
2026-09-15T12:48:20Z,ai driven ipos,23,False,True,False,False,1,Wave of AI - driven IPOs expected to accompany Anthropic listing – Oroville Mercury - Register | Wave of AI - driven IPOs expected to accompany Anthropic listing – Orange County Register | Wave of AI - driven IPOs expected to accompany Anthropic listing – thereporteronline,https://www.orovillemr.com/2026/09/10/multiple-ai-ipo-anthropic/ | https://www.ocregister.com/2026/09/10/multiple-ai-ipo-anthropic/ | https://www.thereporteronline.com/2026/09/10/multiple-ai-ipo-anthropic/
2026-09-15T12:48:20Z,driven ipos expected,23,False,True,False,False,1,Wave of AI - driven IPOs expected to accompany Anthropic listing – Oroville Mercury - Register | Wave of AI - driven IPOs expected to accompany Anthropic listing – Orange County Register | Wave of AI - driven IPOs expected to accompany Anthropic listing – thereporteronline,https://www.orovillemr.com/2026/09/10/multiple-ai-ipo-anthropic/ | https://www.ocregister.com/2026/09/10/multiple-ai-ipo-anthropic/ | https://www.thereporteronline.com/2026/09/10/multiple-ai-ipo-anthropic/
2026-09-15T12:48:20Z,ipos expected accompany,23,False,True,False,False,1,Wave of AI - driven IPOs expected to accompany Anthropic listing – Oroville Mercury - Register | Wave of AI - driven IPOs expected to accompany Anthropic listing – Orange County Register | Wave of AI - driven IPOs expected to accompany Anthropic listing – thereporteronline,https://www.orovillemr.com/2026/09/10/multiple-ai-ipo-anthropic/ | https://www.ocregister.com/2026/09/10/multiple-ai-ipo-anthropic/ | https://www.thereporteronline.com/2026/09/10/multiple-ai-ipo-anthropic/
2026-09-15T12:48:20Z,expected accompany anthropic,23,False,True,False,False,1,Wave of AI - driven IPOs expected to accompany Anthropic listing – Oroville Mercury - Register | Wave of AI - driven IPOs expected to accompany Anthropic listing – Orange County Register | Wave of AI - driven IPOs expected to accompany Anthropic listing – thereporteronline,https://www.orovillemr.com/2026/09/10/multiple-ai-ipo-anthropic/ | https://www.ocregister.com/2026/09/10/multiple-ai-ipo-anthropic/ | https://www.thereporteronline.com/2026/09/10/multiple-ai-ipo-anthropic/
2026-09-15T12:48:20Z,modi welcomes,21,False,True,False,False,1,"BRICS Summit 2026 : PM Modi welcomes Ethiopian PM Abiy Ahmed Ali , Brazilian Foreign Minister Mauro Vieira at venue | BRICS Summit 2026 : PM Modi welcomes South African President Cyril Ramaphosa and Egyptian President Abdel Fattah el - Sisi at venue | PM Modi welcomes world leaders , addresses open session on day 2 of 18th BRICS Summit ; to hold bilateral meetings",https://aninews.in/news/world/asia/brics-summit-2026-pm-modi-welcomes-ethiopian-pm-abiy-ahmed-ali-brazilian-foreign-minister-mauro-vieira-at-venue20260912143539/ | https://aninews.in/news/world/asia/brics-summit-2026-pm-modi-welcomes-south-african-president-cyril-ramaphosa-and-egyptian-president-abdel-fattah-el-sisi-at-venue20260912150133/ | https://www.livemint.com/news/india/pm-modi-welcomes-world-leaders-addresses-open-session-on-day-2-of-18th-brics-summit-to-hold-bilateral-meetings-11789280683070.html
2026-09-15T12:48:20Z,summit modi,20,False,True,False,False,1,"BRICS Summit 2026 : PM Modi welcomes Ethiopian PM Abiy Ahmed Ali , Brazilian Foreign Minister Mauro Vieira at venue | BRICS Summit 2026 : PM Modi welcomes South African President Cyril Ramaphosa and Egyptian President Abdel Fattah el - Sisi at venue | BRICS Summit 2026 : PM Modi welcomes Chinese President Xi Jinping at Bharat Mandapam",https://aninews.in/news/world/asia/brics-summit-2026-pm-modi-welcomes-ethiopian-pm-abiy-ahmed-ali-brazilian-foreign-minister-mauro-vieira-at-venue20260912143539/ | https://aninews.in/news/world/asia/brics-summit-2026-pm-modi-welcomes-south-african-president-cyril-ramaphosa-and-egyptian-president-abdel-fattah-el-sisi-at-venue20260912150133/ | http://www.chinanationalnews.com/news/279302924/brics-summit-2026-pm-modi-welcomes-chinese-president-xi-jinping-at-bharat-mandapam
2026-09-15T12:48:20Z,brics summit modi,20,False,True,False,False,1,"BRICS Summit 2026 : PM Modi welcomes Ethiopian PM Abiy Ahmed Ali , Brazilian Foreign Minister Mauro Vieira at venue | BRICS Summit 2026 : PM Modi welcomes South African President Cyril Ramaphosa and Egyptian President Abdel Fattah el - Sisi at venue | BRICS Summit 2026 : PM Modi welcomes Chinese President Xi Jinping at Bharat Mandapam",https://aninews.in/news/world/asia/brics-summit-2026-pm-modi-welcomes-ethiopian-pm-abiy-ahmed-ali-brazilian-foreign-minister-mauro-vieira-at-venue20260912143539/ | https://aninews.in/news/world/asia/brics-summit-2026-pm-modi-welcomes-south-african-president-cyril-ramaphosa-and-egyptian-president-abdel-fattah-el-sisi-at-venue20260912150133/ | http://www.chinanationalnews.com/news/279302924/brics-summit-2026-pm-modi-welcomes-chinese-president-xi-jinping-at-bharat-mandapam
2026-09-15T12:48:20Z,summit modi welcomes,20,False,True,False,False,1,"BRICS Summit 2026 : PM Modi welcomes Ethiopian PM Abiy Ahmed Ali , Brazilian Foreign Minister Mauro Vieira at venue | BRICS Summit 2026 : PM Modi welcomes South African President Cyril Ramaphosa and Egyptian President Abdel Fattah el - Sisi at venue | BRICS Summit 2026 : PM Modi welcomes Chinese President Xi Jinping at Bharat Mandapam",https://aninews.in/news/world/asia/brics-summit-2026-pm-modi-welcomes-ethiopian-pm-abiy-ahmed-ali-brazilian-foreign-minister-mauro-vieira-at-venue20260912143539/ | https://aninews.in/news/world/asia/brics-summit-2026-pm-modi-welcomes-south-african-president-cyril-ramaphosa-and-egyptian-president-abdel-fattah-el-sisi-at-venue20260912150133/ | http://www.chinanationalnews.com/news/279302924/brics-summit-2026-pm-modi-welcomes-chinese-president-xi-jinping-at-bharat-mandapam
2026-09-15T12:48:20Z,bharat mandapam,20,False,True,False,False,1,"PM Modi , Russian President Putin arrive at Bharat Mandapam as BRICS Summit 2026 kickstarts | BRICS Summit 2026 : PM Modi welcomes Chinese President Xi Jinping at Bharat Mandapam | BRICS Summit : PM Modi welcomes Russian President Vladimir Putin at Bharat Mandapam",https://aninews.in/news/world/asia/pm-modi-russian-president-putin-arrive-at-bharat-mandapam-as-brics-summit-2026-kickstarts20260912141840/ | http://www.chinanationalnews.com/news/279302924/brics-summit-2026-pm-modi-welcomes-chinese-president-xi-jinping-at-bharat-mandapam | http://www.asiabulletin.com/news/279302936/brics-summit-pm-modi-welcomes-russian-president-vladimir-putin-at-bharat-mandapam
2026-09-15T12:48:20Z,trump administration,17,False,True,False,False,1,"Trump Administration Loans $100 Million to Africell to Challenge Huawei in Africa , ETTelecom | Trump administration to lend $100 million to Africell , countering Huawei in Africa | Trump administration to lend $100 million to Africell , countering Huawei in Africa",https://telecom.economictimes.indiatimes.com/news/telecom-equipment/trump-administration-to-lend-100-million-to-africell-countering-huawei-in-africa/134046966 | https://www.straitstimes.com/asia/trump-administration-to-lend-100-million-to-africell-countering-huawei-in-africa | https://lufkindailynews.com/news_reuters/business/trump-administration-to-lend-100-million-to-africell-countering-huawei-in-africa/article_7a06463e-487f-55ac-b36c-ff99d92cfbe6.html
2026-09-15T12:48:20Z,ai push,15,False,True,False,False,1,"Strive Masiyiwa Cassava joins Vodafone in $1 billion Egypt data - centre and sovereign AI push | Oracle layoffs : IT giant adds $700 million to restructuring tally amid expensive AI push | Google plans $15 billion Finland AI push , signs nuclear deal",https://www.newzimbabwe.com/strive-masiyiwas-cassava-joins-vodafone-in-1-billion-egypt-data-centre-and-sovereign-ai-push/ | https://www.businesstoday.in/technology/story/oracle-layoffs-it-giant-adds-700-million-to-restructuring-tally-amid-expensive-ai-push-555216-2026-09-13 | http://www.dallassun.com/news/279296760/google-plans-usd15-billion-finland-ai-push-signs-nuclear-deal
2026-09-15T12:48:20Z,finland ai,15,False,True,False,False,1,"Google Commits To Finland AI Infrastructure , Secures Nuclear Power Deal | Google Commits To Finland AI Infrastructure , Secures Nuclear Power Deal | Google plans $15 billion Finland AI push , signs nuclear deal",https://www.finanzen.ch/nachrichten/aktien/google-commits-to-finland-ai-infrastructure-secures-nuclear-power-deal-1036537909 | https://www.rttnews.com/3690161/google-commits-to-finland-ai-infrastructure-secures-nuclear-power-deal.aspx | http://www.dallassun.com/news/279296760/google-plans-usd15-billion-finland-ai-push-signs-nuclear-deal
2026-09-15T12:48:20Z,administration lends,14,False,True,False,False,1,Trump administration lends $100M to US - owned cellphone network in Africa | Trump administration lends $100M to US - owned cellphone network in Africa | Trump administration lends $100M to US - owned cellphone network in Africa,https://www.thetimes-tribune.com/2026/09/11/trump-administration-cellphone-network-africa/ | https://www.dailylocal.com/2026/09/11/trump-administration-cellphone-network-africa/ | https://www.montereyherald.com/2026/09/11/trump-administration-cellphone-network-africa/
2026-09-16T12:11:38Z,google plans,15,False,True,True,False,2,"Google plans for $15B AI build - out in Finland | The Arkansas Democrat - Gazette | Google plans EUR13 billion Finland investment to expand data centers , clean energy | Google plans $15 billion Finland AI push , signs nuclear deal",https://www.arkansasonline.com/news/2026/sep/10/google-plans-for-15b-ai-build-out-in-finland/ | https://www.digitimes.com/news/a20260910PR201/google-finland-investment-data-center-expansion.html | http://www.dallassun.com/news/279296760/google-plans-usd15-billion-finland-ai-push-signs-nuclear-deal
2026-09-16T12:11:38Z,kill all,6,False,True,True,False,2,"AI researchers  earnestly believe  it could kill all humans within the next decade , Anthropic researcher says | The 27 - year - old who warned that AI could  kill us all  faces intense scrutiny | The 27 - year - old who warned that AI could  kill us all  faces intense scrutiny",https://www.cbc.ca/news/business/anthropic-researcher-resigned-9.7337789 | https://www.watoday.com.au/technology/the-27-year-old-who-warned-that-ai-could-kill-us-all-faces-intense-scrutiny-20260911-p60wfi.html | https://www.theage.com.au/technology/the-27-year-old-who-warned-that-ai-could-kill-us-all-faces-intense-scrutiny-20260911-p60wfi.html
2026-09-16T12:11:38Z,ai kill all,5,False,True,True,False,2,The 27 - year - old who warned that AI could  kill us all  faces intense scrutiny | The 27 - year - old who warned that AI could  kill us all  faces intense scrutiny | The 27 - year - old who warned that AI could  kill us all  faces intense scrutiny,https://www.watoday.com.au/technology/the-27-year-old-who-warned-that-ai-could-kill-us-all-faces-intense-scrutiny-20260911-p60wfi.html | https://www.theage.com.au/technology/the-27-year-old-who-warned-that-ai-could-kill-us-all-faces-intense-scrutiny-20260911-p60wfi.html | https://www.smh.com.au/technology/the-27-year-old-who-warned-that-ai-could-kill-us-all-faces-intense-scrutiny-20260911-p60wfi.html
2026-09-16T12:11:38Z,artificial intelligence,4,False,True,True,False,2,"Artificial Intelligence : How tech tools are changing work , school and the stock market | Better Artificial Intelligence Stock : Applied Digital vs . Super Micro Computer | Wall Street Finds Its AI Lifeline : How Artificial Intelligence Offers Fresh Exits for Trapped Private Equity Billions",https://originals.azpm.org/p/navigating/2026/9/8/231120-artificial-intelligence-how-tech-tools-are-changing-work-school-and-the-stock-market/ | https://www.fool.com/coverage/better-buy/2026/09/09/better-artificial-intelligence-stock-applied-digital-vs-super-micro-computer/?source=iedfolrf0000001 | https://www.webpronews.com/wall-street-finds-its-ai-lifeline-how-artificial-intelligence-offers-fresh-exits-for-trapped-private-equity-billions/
2026-09-16T12:11:38Z,nuclear plant,3,False,True,True,False,2,Energy Department loans $1 . 9B to restart Iowa nuclear plant | Energy Department loans $1 . 9B to restart Iowa nuclear plant | Google agrees to buy up to 50 % of Finnish nuclear plant capacity from Fortum,https://www.fairfieldsuntimes.com/news/national/energy-department-loans-1-9b-to-restart-iowa-nuclear-plant/article_08994566-c882-5aa4-b1df-a2faf435b160.html | https://www.hometownregister.com/news/national/energy-department-loans-1-9b-to-restart-iowa-nuclear-plant/article_f3f563d1-5fe9-509e-87d7-35eb05418741.html | https://www.moneycontrol.com/news/business/google-agrees-to-buy-up-to-50-of-finnish-nuclear-plant-capacity-from-fortum-14026489.html
2026-09-16T12:11:38Z,oil gas,2,False,True,True,False,2,"APO Group - Africa Newsroom / Press release | The Dealmakers Are Set to Storm Windhoek : Nigerian Governors and CORAN Bigwigs Set to Storm International African Energy , Oil and Gas Summit ( IAEOGS ) 2026 to Unlock Africa Energy Future | Battalion Oil Corporation Announces Strategic Investment in Collide , the AI - Native Operations System for Oil and Gas",https://www.africa-newsroom.com/press/the-dealmakers-are-set-to-storm-windhoek-nigerian-governors-and-coran-bigwigs-set-to-storm-iaeogs-2026-to-unlock-africas-energy-future | https://www.manilatimes.net/2026/09/09/tmt-newswire/globenewswire/battalion-oil-corporation-announces-strategic-investment-in-collide-the-ai-native-operations-system-for-oil-and-gas/2421103
2026-09-16T12:11:38Z,derivatives trading,2,False,True,True,False,2,"SEBI Likely To Allow FPIs In Commodity Derivatives Trading : Report | Zoomex Stock Brings Tesla 6 % Surge and Nvidia Choppy Session Within Reach Through Fair , Rule - Based Derivatives Trading",https://www.freepressjournal.in/business/sebi-likely-to-allow-fpis-in-commodity-derivatives-trading-report | https://bravenewcoin.com/press-release/zoomex-stock-brings-teslas-6-surge-and-nvidias-choppy-session-within-reach-through-fair-rule-based-derivatives-trading
2026-09-16T12:11:38Z,land use,2,False,True,True,False,2,"Americans are turning against AI data centers as local fears over water , power costs , and land use keep growing nationwide | Opinion : Evaluating data centers as land use application proposals",https://www.techradar.com/pro/69-of-americans-oppose-local-ai-data-centers-in-2026-poll-trump-blasts-blocking-communities-on-truth-social-for-choosing-poverty-over-server-farms-throwing-off-tremendous-amounts-of-money | https://www.morningjournal.com/2026/09/12/opinion-evaluating-data-centers-as-land-use-application-proposals/
2026-09-16T12:11:38Z,trading down,2,False,True,True,False,2,Apple ( NASDAQ : AAPL ) Trading Down 1 . 2 % – What Next ?  | Nebius Group ( NASDAQ : NBIS ) Trading Down 5 . 1 % – Time to Sell ?  | NexMetals Mining ( NASDAQ : NEXM ) Trading Down 0 . 6 % – Here Why,https://www.themarketsdaily.com/2026/09/08/apple-nasdaqaapl-trading-down-1-2-whats-next.html | https://www.dailypolitical.com/2026/09/10/nebius-group-nasdaqnbis-trading-down-5-1-time-to-sell.html | https://www.themarketsdaily.com/2026/09/12/nexmetals-mining-nasdaqnexm-trading-down-0-6-heres-why.html
2026-09-16T12:11:38Z,down next,2,False,True,True,False,2,Apple ( NASDAQ : AAPL ) Trading Down 1 . 2 % – What Next ?  | Cisco Systems ( NASDAQ : CSCO ) Stock Price Down 1 . 8 % – What Next ?  | NVIDIA ( NASDAQ : NVDA ) Shares Down 2 . 4 % – What Next ? ,https://www.themarketsdaily.com/2026/09/08/apple-nasdaqaapl-trading-down-1-2-whats-next.html | https://www.themarketsdaily.com/2026/09/10/cisco-systems-nasdaqcsco-stock-price-down-1-8-whats-next.html | https://www.dailypolitical.com/2026/09/10/nvidia-nasdaqnvda-shares-down-2-4-whats-next.html
2026-09-16T12:11:38Z,lead next,2,False,True,True,False,2,"Opus Origin Taps Greg Topalian to Lead its Next Chapter of North American Growth | India New Industrial Revolution : Chips , Space and Data Centres Lead Next Manufacturing Growth Wave , Says Jefferies",https://www.exhibitoronline.com/news/article.asp?ID=25377 | https://openthemagazine.com/india/chips-space-and-data-centres-jefferies-flags-indias-next-industrial-revolution
2026-09-16T12:11:38Z,price down,2,False,True,True,False,2,Sandisk ( NASDAQ : SNDK ) Stock Price Down 4 . 1 % – Here What Happened | Cisco Systems ( NASDAQ : CSCO ) Stock Price Down 1 . 8 % – What Next ?  | Vistra ( NYSE : VST ) Stock Price Down 2 . 4 % on Insider Selling,https://www.dailypolitical.com/2026/09/10/sandisk-nasdaqsndk-stock-price-down-4-1-heres-what-happened.html | https://www.themarketsdaily.com/2026/09/10/cisco-systems-nasdaqcsco-stock-price-down-1-8-whats-next.html | https://www.themarketsdaily.com/2026/09/10/vistra-nysevst-stock-price-down-2-4-on-insider-selling.html
2026-09-16T12:11:38Z,down selling,2,False,True,True,False,2,Vistra ( NYSE : VST ) Stock Price Down 2 . 4 % on Insider Selling | Arista Networks ( NYSE : ANET ) Stock Price Down 2 % After Insider Selling,https://www.themarketsdaily.com/2026/09/10/vistra-nysevst-stock-price-down-2-4-on-insider-selling.html | https://www.dailypolitical.com/2026/09/12/arista-networks-nyseanet-stock-price-down-2-after-insider-selling.html
2026-09-16T12:11:38Z,price down selling,2,False,True,True,False,2,Vistra ( NYSE : VST ) Stock Price Down 2 . 4 % on Insider Selling | Arista Networks ( NYSE : ANET ) Stock Price Down 2 % After Insider Selling,https://www.themarketsdaily.com/2026/09/10/vistra-nysevst-stock-price-down-2-4-on-insider-selling.html | https://www.dailypolitical.com/2026/09/12/arista-networks-nyseanet-stock-price-down-2-after-insider-selling.html
2026-09-16T12:11:38Z,brics summit,37,False,True,False,False,1,BRICS Summit 2026 : Key likely outcomes as India drives a transformative global agenda in New Delhi | BRICS Summit 2026 : Key likely outcomes as India drives a transformative global agenda in New Delhi | BRICS Summit 2026 : Key likely outcomes as India drives a transformative global agenda in New Delhi,http://www.middleeaststar.com/news/279293033/brics-summit-2026-key-likely-outcomes-as-india-drives-a-transformative-global-agenda-in-new-delhi | https://economictimes.indiatimes.com/news/india/brics-summit-2026-key-likely-outcomes-as-india-drives-a-transformative-global-agenda-in-new-delhi/articleshow/133905594.cms | https://aninews.in/news/world/asia/brics-summit-2026-key-likely-outcomes-as-india-drives-a-transformative-global-agenda-in-new-delhi20260908085217/
2026-09-16T12:11:38Z,growth sectors,26,False,True,False,False,1,Jefferies flags  India New Industrial Revolution  across six high - growth sectors | Jefferies flags  India New Industrial Revolution  across six high - growth sectors | Jefferies flags  India New Industrial Revolution  across six high - growth sectors,http://www.britainnews.net/news/279297968/jefferies-flags-india-new-industrial-revolution-across-six-high-growth-sectors | http://www.myanmarnews.net/news/279297968/jefferies-flags-india-new-industrial-revolution-across-six-high-growth-sectors | http://www.newzealandstar.com/news/279297968/jefferies-flags-india-new-industrial-revolution-across-six-high-growth-sectors
2026-09-16T12:11:38Z,jefferies flags,25,False,True,False,False,1,Jefferies flags  India New Industrial Revolution  across six high - growth sectors | Jefferies flags  India New Industrial Revolution  across six high - growth sectors | Jefferies flags  India New Industrial Revolution  across six high - growth sectors,http://www.britainnews.net/news/279297968/jefferies-flags-india-new-industrial-revolution-across-six-high-growth-sectors | http://www.myanmarnews.net/news/279297968/jefferies-flags-india-new-industrial-revolution-across-six-high-growth-sectors | http://www.newzealandstar.com/news/279297968/jefferies-flags-india-new-industrial-revolution-across-six-high-growth-sectors
2026-09-16T12:11:38Z,across six,25,False,True,False,False,1,Jefferies flags  India New Industrial Revolution  across six high - growth sectors | Jefferies flags  India New Industrial Revolution  across six high - growth sectors | Jefferies flags  India New Industrial Revolution  across six high - growth sectors,http://www.britainnews.net/news/279297968/jefferies-flags-india-new-industrial-revolution-across-six-high-growth-sectors | http://www.myanmarnews.net/news/279297968/jefferies-flags-india-new-industrial-revolution-across-six-high-growth-sectors | http://www.newzealandstar.com/news/279297968/jefferies-flags-india-new-industrial-revolution-across-six-high-growth-sectors
2026-09-16T12:11:38Z,ai driven,24,False,True,False,False,1,AI - Driven IPO Wave Set to Accompany Anthropic Listing | Wave of AI - driven IPOs expected to accompany Anthropic listing – Oroville Mercury - Register | Wave of AI - driven IPOs expected to accompany Anthropic listing – Orange County Register,https://www.livemint.com/market/aidriven-ipo-wave-set-to-accompany-anthropic-listing-11788992244915.html | https://www.orovillemr.com/2026/09/10/multiple-ai-ipo-anthropic/ | https://www.ocregister.com/2026/09/10/multiple-ai-ipo-anthropic/
2026-09-16T12:11:38Z,accompany anthropic,24,False,True,False,False,1,AI - Driven IPO Wave Set to Accompany Anthropic Listing | Wave of AI - driven IPOs expected to accompany Anthropic listing – Oroville Mercury - Register | Wave of AI - driven IPOs expected to accompany Anthropic listing – Orange County Register,https://www.livemint.com/market/aidriven-ipo-wave-set-to-accompany-anthropic-listing-11788992244915.html | https://www.orovillemr.com/2026/09/10/multiple-ai-ipo-anthropic/ | https://www.ocregister.com/2026/09/10/multiple-ai-ipo-anthropic/
2026-09-16T12:11:38Z,anthropic listing,24,False,True,False,False,1,AI - Driven IPO Wave Set to Accompany Anthropic Listing | Wave of AI - driven IPOs expected to accompany Anthropic listing – Oroville Mercury - Register | Wave of AI - driven IPOs expected to accompany Anthropic listing – Orange County Register,https://www.livemint.com/market/aidriven-ipo-wave-set-to-accompany-anthropic-listing-11788992244915.html | https://www.orovillemr.com/2026/09/10/multiple-ai-ipo-anthropic/ | https://www.ocregister.com/2026/09/10/multiple-ai-ipo-anthropic/
2026-09-16T12:11:38Z,accompany anthropic listing,24,False,True,False,False,1,AI - Driven IPO Wave Set to Accompany Anthropic Listing | Wave of AI - driven IPOs expected to accompany Anthropic listing – Oroville Mercury - Register | Wave of AI - driven IPOs expected to accompany Anthropic listing – Orange County Register,https://www.livemint.com/market/aidriven-ipo-wave-set-to-accompany-anthropic-listing-11788992244915.html | https://www.orovillemr.com/2026/09/10/multiple-ai-ipo-anthropic/ | https://www.ocregister.com/2026/09/10/multiple-ai-ipo-anthropic/
2026-09-16T12:11:38Z,wave ai,23,False,True,False,False,1,Wave of AI - driven IPOs expected to accompany Anthropic listing – Oroville Mercury - Register | Wave of AI - driven IPOs expected to accompany Anthropic listing – Orange County Register | Wave of AI - driven IPOs expected to accompany Anthropic listing – thereporteronline,https://www.orovillemr.com/2026/09/10/multiple-ai-ipo-anthropic/ | https://www.ocregister.com/2026/09/10/multiple-ai-ipo-anthropic/ | https://www.thereporteronline.com/2026/09/10/multiple-ai-ipo-anthropic/
2026-09-16T12:11:38Z,driven ipos,23,False,True,False,False,1,Wave of AI - driven IPOs expected to accompany Anthropic listing – Oroville Mercury - Register | Wave of AI - driven IPOs expected to accompany Anthropic listing – Orange County Register | Wave of AI - driven IPOs expected to accompany Anthropic listing – thereporteronline,https://www.orovillemr.com/2026/09/10/multiple-ai-ipo-anthropic/ | https://www.ocregister.com/2026/09/10/multiple-ai-ipo-anthropic/ | https://www.thereporteronline.com/2026/09/10/multiple-ai-ipo-anthropic/
2026-09-16T12:11:38Z,ipos expected,23,False,True,False,False,1,Wave of AI - driven IPOs expected to accompany Anthropic listing – Oroville Mercury - Register | Wave of AI - driven IPOs expected to accompany Anthropic listing – Orange County Register | Wave of AI - driven IPOs expected to accompany Anthropic listing – thereporteronline,https://www.orovillemr.com/2026/09/10/multiple-ai-ipo-anthropic/ | https://www.ocregister.com/2026/09/10/multiple-ai-ipo-anthropic/ | https://www.thereporteronline.com/2026/09/10/multiple-ai-ipo-anthropic/
2026-09-16T12:11:38Z,expected accompany,23,False,True,False,False,1,Wave of AI - driven IPOs expected to accompany Anthropic listing – Oroville Mercury - Register | Wave of AI - driven IPOs expected to accompany Anthropic listing – Orange County Register | Wave of AI - driven IPOs expected to accompany Anthropic listing – thereporteronline,https://www.orovillemr.com/2026/09/10/multiple-ai-ipo-anthropic/ | https://www.ocregister.com/2026/09/10/multiple-ai-ipo-anthropic/ | https://www.thereporteronline.com/2026/09/10/multiple-ai-ipo-anthropic/
2026-09-16T12:11:38Z,wave ai driven,23,False,True,False,False,1,Wave of AI - driven IPOs expected to accompany Anthropic listing – Oroville Mercury - Register | Wave of AI - driven IPOs expected to accompany Anthropic listing – Orange County Register | Wave of AI - driven IPOs expected to accompany Anthropic listing – thereporteronline,https://www.orovillemr.com/2026/09/10/multiple-ai-ipo-anthropic/ | https://www.ocregister.com/2026/09/10/multiple-ai-ipo-anthropic/ | https://www.thereporteronline.com/2026/09/10/multiple-ai-ipo-anthropic/
2026-09-16T12:11:38Z,ai driven ipos,23,False,True,False,False,1,Wave of AI - driven IPOs expected to accompany Anthropic listing – Oroville Mercury - Register | Wave of AI - driven IPOs expected to accompany Anthropic listing – Orange County Register | Wave of AI - driven IPOs expected to accompany Anthropic listing – thereporteronline,https://www.orovillemr.com/2026/09/10/multiple-ai-ipo-anthropic/ | https://www.ocregister.com/2026/09/10/multiple-ai-ipo-anthropic/ | https://www.thereporteronline.com/2026/09/10/multiple-ai-ipo-anthropic/
2026-09-16T12:11:38Z,driven ipos expected,23,False,True,False,False,1,Wave of AI - driven IPOs expected to accompany Anthropic listing – Oroville Mercury - Register | Wave of AI - driven IPOs expected to accompany Anthropic listing – Orange County Register | Wave of AI - driven IPOs expected to accompany Anthropic listing – thereporteronline,https://www.orovillemr.com/2026/09/10/multiple-ai-ipo-anthropic/ | https://www.ocregister.com/2026/09/10/multiple-ai-ipo-anthropic/ | https://www.thereporteronline.com/2026/09/10/multiple-ai-ipo-anthropic/
2026-09-16T12:11:38Z,ipos expected accompany,23,False,True,False,False,1,Wave of AI - driven IPOs expected to accompany Anthropic listing – Oroville Mercury - Register | Wave of AI - driven IPOs expected to accompany Anthropic listing – Orange County Register | Wave of AI - driven IPOs expected to accompany Anthropic listing – thereporteronline,https://www.orovillemr.com/2026/09/10/multiple-ai-ipo-anthropic/ | https://www.ocregister.com/2026/09/10/multiple-ai-ipo-anthropic/ | https://www.thereporteronline.com/2026/09/10/multiple-ai-ipo-anthropic/
2026-09-16T12:11:38Z,expected accompany anthropic,23,False,True,False,False,1,Wave of AI - driven IPOs expected to accompany Anthropic listing – Oroville Mercury - Register | Wave of AI - driven IPOs expected to accompany Anthropic listing – Orange County Register | Wave of AI - driven IPOs expected to accompany Anthropic listing – thereporteronline,https://www.orovillemr.com/2026/09/10/multiple-ai-ipo-anthropic/ | https://www.ocregister.com/2026/09/10/multiple-ai-ipo-anthropic/ | https://www.thereporteronline.com/2026/09/10/multiple-ai-ipo-anthropic/
2026-09-16T12:11:38Z,modi welcomes,21,False,True,False,False,1,"BRICS Summit 2026 : PM Modi welcomes Ethiopian PM Abiy Ahmed Ali , Brazilian Foreign Minister Mauro Vieira at venue | BRICS Summit 2026 : PM Modi welcomes South African President Cyril Ramaphosa and Egyptian President Abdel Fattah el - Sisi at venue | PM Modi welcomes world leaders , addresses open session on day 2 of 18th BRICS Summit ; to hold bilateral meetings",https://aninews.in/news/world/asia/brics-summit-2026-pm-modi-welcomes-ethiopian-pm-abiy-ahmed-ali-brazilian-foreign-minister-mauro-vieira-at-venue20260912143539/ | https://aninews.in/news/world/asia/brics-summit-2026-pm-modi-welcomes-south-african-president-cyril-ramaphosa-and-egyptian-president-abdel-fattah-el-sisi-at-venue20260912150133/ | https://www.livemint.com/news/india/pm-modi-welcomes-world-leaders-addresses-open-session-on-day-2-of-18th-brics-summit-to-hold-bilateral-meetings-11789280683070.html
2026-09-16T12:11:38Z,summit modi,20,False,True,False,False,1,"BRICS Summit 2026 : PM Modi welcomes Ethiopian PM Abiy Ahmed Ali , Brazilian Foreign Minister Mauro Vieira at venue | BRICS Summit 2026 : PM Modi welcomes South African President Cyril Ramaphosa and Egyptian President Abdel Fattah el - Sisi at venue | BRICS Summit 2026 : PM Modi welcomes Chinese President Xi Jinping at Bharat Mandapam",https://aninews.in/news/world/asia/brics-summit-2026-pm-modi-welcomes-ethiopian-pm-abiy-ahmed-ali-brazilian-foreign-minister-mauro-vieira-at-venue20260912143539/ | https://aninews.in/news/world/asia/brics-summit-2026-pm-modi-welcomes-south-african-president-cyril-ramaphosa-and-egyptian-president-abdel-fattah-el-sisi-at-venue20260912150133/ | http://www.chinanationalnews.com/news/279302924/brics-summit-2026-pm-modi-welcomes-chinese-president-xi-jinping-at-bharat-mandapam
2026-09-16T12:11:38Z,brics summit modi,20,False,True,False,False,1,"BRICS Summit 2026 : PM Modi welcomes Ethiopian PM Abiy Ahmed Ali , Brazilian Foreign Minister Mauro Vieira at venue | BRICS Summit 2026 : PM Modi welcomes South African President Cyril Ramaphosa and Egyptian President Abdel Fattah el - Sisi at venue | BRICS Summit 2026 : PM Modi welcomes Chinese President Xi Jinping at Bharat Mandapam",https://aninews.in/news/world/asia/brics-summit-2026-pm-modi-welcomes-ethiopian-pm-abiy-ahmed-ali-brazilian-foreign-minister-mauro-vieira-at-venue20260912143539/ | https://aninews.in/news/world/asia/brics-summit-2026-pm-modi-welcomes-south-african-president-cyril-ramaphosa-and-egyptian-president-abdel-fattah-el-sisi-at-venue20260912150133/ | http://www.chinanationalnews.com/news/279302924/brics-summit-2026-pm-modi-welcomes-chinese-president-xi-jinping-at-bharat-mandapam
2026-09-16T12:11:38Z,summit modi welcomes,20,False,True,False,False,1,"BRICS Summit 2026 : PM Modi welcomes Ethiopian PM Abiy Ahmed Ali , Brazilian Foreign Minister Mauro Vieira at venue | BRICS Summit 2026 : PM Modi welcomes South African President Cyril Ramaphosa and Egyptian President Abdel Fattah el - Sisi at venue | BRICS Summit 2026 : PM Modi welcomes Chinese President Xi Jinping at Bharat Mandapam",https://aninews.in/news/world/asia/brics-summit-2026-pm-modi-welcomes-ethiopian-pm-abiy-ahmed-ali-brazilian-foreign-minister-mauro-vieira-at-venue20260912143539/ | https://aninews.in/news/world/asia/brics-summit-2026-pm-modi-welcomes-south-african-president-cyril-ramaphosa-and-egyptian-president-abdel-fattah-el-sisi-at-venue20260912150133/ | http://www.chinanationalnews.com/news/279302924/brics-summit-2026-pm-modi-welcomes-chinese-president-xi-jinping-at-bharat-mandapam
2026-09-16T12:11:38Z,bharat mandapam,20,False,True,False,False,1,"PM Modi , Russian President Putin arrive at Bharat Mandapam as BRICS Summit 2026 kickstarts | BRICS Summit 2026 : PM Modi welcomes Chinese President Xi Jinping at Bharat Mandapam | BRICS Summit : PM Modi welcomes Russian President Vladimir Putin at Bharat Mandapam",https://aninews.in/news/world/asia/pm-modi-russian-president-putin-arrive-at-bharat-mandapam-as-brics-summit-2026-kickstarts20260912141840/ | http://www.chinanationalnews.com/news/279302924/brics-summit-2026-pm-modi-welcomes-chinese-president-xi-jinping-at-bharat-mandapam | http://www.asiabulletin.com/news/279302936/brics-summit-pm-modi-welcomes-russian-president-vladimir-putin-at-bharat-mandapam
2026-09-16T12:11:38Z,trump administration,17,False,True,False,False,1,"Trump Administration Loans $100 Million to Africell to Challenge Huawei in Africa , ETTelecom | Trump administration to lend $100 million to Africell , countering Huawei in Africa | Trump administration to lend $100 million to Africell , countering Huawei in Africa",https://telecom.economictimes.indiatimes.com/news/telecom-equipment/trump-administration-to-lend-100-million-to-africell-countering-huawei-in-africa/134046966 | https://www.straitstimes.com/asia/trump-administration-to-lend-100-million-to-africell-countering-huawei-in-africa | https://lufkindailynews.com/news_reuters/business/trump-administration-to-lend-100-million-to-africell-countering-huawei-in-africa/article_7a06463e-487f-55ac-b36c-ff99d92cfbe6.html
2026-09-16T12:11:38Z,ai push,15,False,True,False,False,1,"Strive Masiyiwa Cassava joins Vodafone in $1 billion Egypt data - centre and sovereign AI push | Oracle layoffs : IT giant adds $700 million to restructuring tally amid expensive AI push | Google plans $15 billion Finland AI push , signs nuclear deal",https://www.newzimbabwe.com/strive-masiyiwas-cassava-joins-vodafone-in-1-billion-egypt-data-centre-and-sovereign-ai-push/ | https://www.businesstoday.in/technology/story/oracle-layoffs-it-giant-adds-700-million-to-restructuring-tally-amid-expensive-ai-push-555216-2026-09-13 | http://www.dallassun.com/news/279296760/google-plans-usd15-billion-finland-ai-push-signs-nuclear-deal
2026-09-16T12:11:38Z,finland ai,15,False,True,False,False,1,"Google Commits To Finland AI Infrastructure , Secures Nuclear Power Deal | Google Commits To Finland AI Infrastructure , Secures Nuclear Power Deal | Google plans $15 billion Finland AI push , signs nuclear deal",https://www.finanzen.ch/nachrichten/aktien/google-commits-to-finland-ai-infrastructure-secures-nuclear-power-deal-1036537909 | https://www.rttnews.com/3690161/google-commits-to-finland-ai-infrastructure-secures-nuclear-power-deal.aspx | http://www.dallassun.com/news/279296760/google-plans-usd15-billion-finland-ai-push-signs-nuclear-deal
2026-09-16T12:11:38Z,administration lends,14,False,True,False,False,1,Trump administration lends $100M to US - owned cellphone network in Africa | Trump administration lends $100M to US - owned cellphone network in Africa | Trump administration lends $100M to US - owned cellphone network in Africa,https://www.thetimes-tribune.com/2026/09/11/trump-administration-cellphone-network-africa/ | https://www.dailylocal.com/2026/09/11/trump-administration-cellphone-network-africa/ | https://www.montereyherald.com/2026/09/11/trump-administration-cellphone-network-africa/
2026-09-16T12:56:25Z,google plans,15,False,True,True,False,2,"Google plans for $15B AI build - out in Finland | The Arkansas Democrat - Gazette | Google plans EUR13 billion Finland investment to expand data centers , clean energy | Google plans $15 billion Finland AI push , signs nuclear deal",https://www.arkansasonline.com/news/2026/sep/10/google-plans-for-15b-ai-build-out-in-finland/ | https://www.digitimes.com/news/a20260910PR201/google-finland-investment-data-center-expansion.html | http://www.dallassun.com/news/279296760/google-plans-usd15-billion-finland-ai-push-signs-nuclear-deal
2026-09-16T12:56:25Z,kill all,6,False,True,True,False,2,"AI researchers  earnestly believe  it could kill all humans within the next decade , Anthropic researcher says | The 27 - year - old who warned that AI could  kill us all  faces intense scrutiny | The 27 - year - old who warned that AI could  kill us all  faces intense scrutiny",https://www.cbc.ca/news/business/anthropic-researcher-resigned-9.7337789 | https://www.watoday.com.au/technology/the-27-year-old-who-warned-that-ai-could-kill-us-all-faces-intense-scrutiny-20260911-p60wfi.html | https://www.theage.com.au/technology/the-27-year-old-who-warned-that-ai-could-kill-us-all-faces-intense-scrutiny-20260911-p60wfi.html
2026-09-16T12:56:25Z,ai kill all,5,False,True,True,False,2,The 27 - year - old who warned that AI could  kill us all  faces intense scrutiny | The 27 - year - old who warned that AI could  kill us all  faces intense scrutiny | The 27 - year - old who warned that AI could  kill us all  faces intense scrutiny,https://www.watoday.com.au/technology/the-27-year-old-who-warned-that-ai-could-kill-us-all-faces-intense-scrutiny-20260911-p60wfi.html | https://www.theage.com.au/technology/the-27-year-old-who-warned-that-ai-could-kill-us-all-faces-intense-scrutiny-20260911-p60wfi.html | https://www.smh.com.au/technology/the-27-year-old-who-warned-that-ai-could-kill-us-all-faces-intense-scrutiny-20260911-p60wfi.html
2026-09-16T12:56:25Z,artificial intelligence,4,False,True,True,False,2,"Artificial Intelligence : How tech tools are changing work , school and the stock market | Better Artificial Intelligence Stock : Applied Digital vs . Super Micro Computer | Wall Street Finds Its AI Lifeline : How Artificial Intelligence Offers Fresh Exits for Trapped Private Equity Billions",https://originals.azpm.org/p/navigating/2026/9/8/231120-artificial-intelligence-how-tech-tools-are-changing-work-school-and-the-stock-market/ | https://www.fool.com/coverage/better-buy/2026/09/09/better-artificial-intelligence-stock-applied-digital-vs-super-micro-computer/?source=iedfolrf0000001 | https://www.webpronews.com/wall-street-finds-its-ai-lifeline-how-artificial-intelligence-offers-fresh-exits-for-trapped-private-equity-billions/
2026-09-16T12:56:25Z,nuclear plant,3,False,True,True,False,2,Energy Department loans $1 . 9B to restart Iowa nuclear plant | Energy Department loans $1 . 9B to restart Iowa nuclear plant | Google agrees to buy up to 50 % of Finnish nuclear plant capacity from Fortum,https://www.fairfieldsuntimes.com/news/national/energy-department-loans-1-9b-to-restart-iowa-nuclear-plant/article_08994566-c882-5aa4-b1df-a2faf435b160.html | https://www.hometownregister.com/news/national/energy-department-loans-1-9b-to-restart-iowa-nuclear-plant/article_f3f563d1-5fe9-509e-87d7-35eb05418741.html | https://www.moneycontrol.com/news/business/google-agrees-to-buy-up-to-50-of-finnish-nuclear-plant-capacity-from-fortum-14026489.html
2026-09-16T12:56:25Z,oil gas,2,False,True,True,False,2,"APO Group - Africa Newsroom / Press release | The Dealmakers Are Set to Storm Windhoek : Nigerian Governors and CORAN Bigwigs Set to Storm International African Energy , Oil and Gas Summit ( IAEOGS ) 2026 to Unlock Africa Energy Future | Battalion Oil Corporation Announces Strategic Investment in Collide , the AI - Native Operations System for Oil and Gas",https://www.africa-newsroom.com/press/the-dealmakers-are-set-to-storm-windhoek-nigerian-governors-and-coran-bigwigs-set-to-storm-iaeogs-2026-to-unlock-africas-energy-future | https://www.manilatimes.net/2026/09/09/tmt-newswire/globenewswire/battalion-oil-corporation-announces-strategic-investment-in-collide-the-ai-native-operations-system-for-oil-and-gas/2421103
2026-09-16T12:56:25Z,derivatives trading,2,False,True,True,False,2,"SEBI Likely To Allow FPIs In Commodity Derivatives Trading : Report | Zoomex Stock Brings Tesla 6 % Surge and Nvidia Choppy Session Within Reach Through Fair , Rule - Based Derivatives Trading",https://www.freepressjournal.in/business/sebi-likely-to-allow-fpis-in-commodity-derivatives-trading-report | https://bravenewcoin.com/press-release/zoomex-stock-brings-teslas-6-surge-and-nvidias-choppy-session-within-reach-through-fair-rule-based-derivatives-trading
2026-09-16T12:56:25Z,land use,2,False,True,True,False,2,"Americans are turning against AI data centers as local fears over water , power costs , and land use keep growing nationwide | Opinion : Evaluating data centers as land use application proposals",https://www.techradar.com/pro/69-of-americans-oppose-local-ai-data-centers-in-2026-poll-trump-blasts-blocking-communities-on-truth-social-for-choosing-poverty-over-server-farms-throwing-off-tremendous-amounts-of-money | https://www.morningjournal.com/2026/09/12/opinion-evaluating-data-centers-as-land-use-application-proposals/
2026-09-16T12:56:25Z,trading down,2,False,True,True,False,2,Apple ( NASDAQ : AAPL ) Trading Down 1 . 2 % – What Next ?  | Nebius Group ( NASDAQ : NBIS ) Trading Down 5 . 1 % – Time to Sell ?  | NexMetals Mining ( NASDAQ : NEXM ) Trading Down 0 . 6 % – Here Why,https://www.themarketsdaily.com/2026/09/08/apple-nasdaqaapl-trading-down-1-2-whats-next.html | https://www.dailypolitical.com/2026/09/10/nebius-group-nasdaqnbis-trading-down-5-1-time-to-sell.html | https://www.themarketsdaily.com/2026/09/12/nexmetals-mining-nasdaqnexm-trading-down-0-6-heres-why.html
2026-09-16T12:56:25Z,down next,2,False,True,True,False,2,Apple ( NASDAQ : AAPL ) Trading Down 1 . 2 % – What Next ?  | Cisco Systems ( NASDAQ : CSCO ) Stock Price Down 1 . 8 % – What Next ?  | NVIDIA ( NASDAQ : NVDA ) Shares Down 2 . 4 % – What Next ? ,https://www.themarketsdaily.com/2026/09/08/apple-nasdaqaapl-trading-down-1-2-whats-next.html | https://www.themarketsdaily.com/2026/09/10/cisco-systems-nasdaqcsco-stock-price-down-1-8-whats-next.html | https://www.dailypolitical.com/2026/09/10/nvidia-nasdaqnvda-shares-down-2-4-whats-next.html
2026-09-16T12:56:25Z,lead next,2,False,True,True,False,2,"Opus Origin Taps Greg Topalian to Lead its Next Chapter of North American Growth | India New Industrial Revolution : Chips , Space and Data Centres Lead Next Manufacturing Growth Wave , Says Jefferies",https://www.exhibitoronline.com/news/article.asp?ID=25377 | https://openthemagazine.com/india/chips-space-and-data-centres-jefferies-flags-indias-next-industrial-revolution
2026-09-16T12:56:25Z,price down,2,False,True,True,False,2,Sandisk ( NASDAQ : SNDK ) Stock Price Down 4 . 1 % – Here What Happened | Cisco Systems ( NASDAQ : CSCO ) Stock Price Down 1 . 8 % – What Next ?  | Vistra ( NYSE : VST ) Stock Price Down 2 . 4 % on Insider Selling,https://www.dailypolitical.com/2026/09/10/sandisk-nasdaqsndk-stock-price-down-4-1-heres-what-happened.html | https://www.themarketsdaily.com/2026/09/10/cisco-systems-nasdaqcsco-stock-price-down-1-8-whats-next.html | https://www.themarketsdaily.com/2026/09/10/vistra-nysevst-stock-price-down-2-4-on-insider-selling.html
2026-09-16T12:56:25Z,down selling,2,False,True,True,False,2,Vistra ( NYSE : VST ) Stock Price Down 2 . 4 % on Insider Selling | Arista Networks ( NYSE : ANET ) Stock Price Down 2 % After Insider Selling,https://www.themarketsdaily.com/2026/09/10/vistra-nysevst-stock-price-down-2-4-on-insider-selling.html | https://www.dailypolitical.com/2026/09/12/arista-networks-nyseanet-stock-price-down-2-after-insider-selling.html
2026-09-16T12:56:25Z,price down selling,2,False,True,True,False,2,Vistra ( NYSE : VST ) Stock Price Down 2 . 4 % on Insider Selling | Arista Networks ( NYSE : ANET ) Stock Price Down 2 % After Insider Selling,https://www.themarketsdaily.com/2026/09/10/vistra-nysevst-stock-price-down-2-4-on-insider-selling.html | https://www.dailypolitical.com/2026/09/12/arista-networks-nyseanet-stock-price-down-2-after-insider-selling.html
2026-09-16T12:56:25Z,brics summit,37,False,True,False,False,1,BRICS Summit 2026 : Key likely outcomes as India drives a transformative global agenda in New Delhi | BRICS Summit 2026 : Key likely outcomes as India drives a transformative global agenda in New Delhi | BRICS Summit 2026 : Key likely outcomes as India drives a transformative global agenda in New Delhi,http://www.middleeaststar.com/news/279293033/brics-summit-2026-key-likely-outcomes-as-india-drives-a-transformative-global-agenda-in-new-delhi | https://economictimes.indiatimes.com/news/india/brics-summit-2026-key-likely-outcomes-as-india-drives-a-transformative-global-agenda-in-new-delhi/articleshow/133905594.cms | https://aninews.in/news/world/asia/brics-summit-2026-key-likely-outcomes-as-india-drives-a-transformative-global-agenda-in-new-delhi20260908085217/
2026-09-16T12:56:25Z,growth sectors,26,False,True,False,False,1,Jefferies flags  India New Industrial Revolution  across six high - growth sectors | Jefferies flags  India New Industrial Revolution  across six high - growth sectors | Jefferies flags  India New Industrial Revolution  across six high - growth sectors,http://www.britainnews.net/news/279297968/jefferies-flags-india-new-industrial-revolution-across-six-high-growth-sectors | http://www.myanmarnews.net/news/279297968/jefferies-flags-india-new-industrial-revolution-across-six-high-growth-sectors | http://www.newzealandstar.com/news/279297968/jefferies-flags-india-new-industrial-revolution-across-six-high-growth-sectors
2026-09-16T12:56:25Z,jefferies flags,25,False,True,False,False,1,Jefferies flags  India New Industrial Revolution  across six high - growth sectors | Jefferies flags  India New Industrial Revolution  across six high - growth sectors | Jefferies flags  India New Industrial Revolution  across six high - growth sectors,http://www.britainnews.net/news/279297968/jefferies-flags-india-new-industrial-revolution-across-six-high-growth-sectors | http://www.myanmarnews.net/news/279297968/jefferies-flags-india-new-industrial-revolution-across-six-high-growth-sectors | http://www.newzealandstar.com/news/279297968/jefferies-flags-india-new-industrial-revolution-across-six-high-growth-sectors
2026-09-16T12:56:25Z,across six,25,False,True,False,False,1,Jefferies flags  India New Industrial Revolution  across six high - growth sectors | Jefferies flags  India New Industrial Revolution  across six high - growth sectors | Jefferies flags  India New Industrial Revolution  across six high - growth sectors,http://www.britainnews.net/news/279297968/jefferies-flags-india-new-industrial-revolution-across-six-high-growth-sectors | http://www.myanmarnews.net/news/279297968/jefferies-flags-india-new-industrial-revolution-across-six-high-growth-sectors | http://www.newzealandstar.com/news/279297968/jefferies-flags-india-new-industrial-revolution-across-six-high-growth-sectors
2026-09-16T12:56:25Z,ai driven,24,False,True,False,False,1,AI - Driven IPO Wave Set to Accompany Anthropic Listing | Wave of AI - driven IPOs expected to accompany Anthropic listing – Oroville Mercury - Register | Wave of AI - driven IPOs expected to accompany Anthropic listing – Orange County Register,https://www.livemint.com/market/aidriven-ipo-wave-set-to-accompany-anthropic-listing-11788992244915.html | https://www.orovillemr.com/2026/09/10/multiple-ai-ipo-anthropic/ | https://www.ocregister.com/2026/09/10/multiple-ai-ipo-anthropic/
2026-09-16T12:56:25Z,accompany anthropic,24,False,True,False,False,1,AI - Driven IPO Wave Set to Accompany Anthropic Listing | Wave of AI - driven IPOs expected to accompany Anthropic listing – Oroville Mercury - Register | Wave of AI - driven IPOs expected to accompany Anthropic listing – Orange County Register,https://www.livemint.com/market/aidriven-ipo-wave-set-to-accompany-anthropic-listing-11788992244915.html | https://www.orovillemr.com/2026/09/10/multiple-ai-ipo-anthropic/ | https://www.ocregister.com/2026/09/10/multiple-ai-ipo-anthropic/
2026-09-16T12:56:25Z,anthropic listing,24,False,True,False,False,1,AI - Driven IPO Wave Set to Accompany Anthropic Listing | Wave of AI - driven IPOs expected to accompany Anthropic listing – Oroville Mercury - Register | Wave of AI - driven IPOs expected to accompany Anthropic listing – Orange County Register,https://www.livemint.com/market/aidriven-ipo-wave-set-to-accompany-anthropic-listing-11788992244915.html | https://www.orovillemr.com/2026/09/10/multiple-ai-ipo-anthropic/ | https://www.ocregister.com/2026/09/10/multiple-ai-ipo-anthropic/
2026-09-16T12:56:25Z,accompany anthropic listing,24,False,True,False,False,1,AI - Driven IPO Wave Set to Accompany Anthropic Listing | Wave of AI - driven IPOs expected to accompany Anthropic listing – Oroville Mercury - Register | Wave of AI - driven IPOs expected to accompany Anthropic listing – Orange County Register,https://www.livemint.com/market/aidriven-ipo-wave-set-to-accompany-anthropic-listing-11788992244915.html | https://www.orovillemr.com/2026/09/10/multiple-ai-ipo-anthropic/ | https://www.ocregister.com/2026/09/10/multiple-ai-ipo-anthropic/
2026-09-16T12:56:25Z,wave ai,23,False,True,False,False,1,Wave of AI - driven IPOs expected to accompany Anthropic listing – Oroville Mercury - Register | Wave of AI - driven IPOs expected to accompany Anthropic listing – Orange County Register | Wave of AI - driven IPOs expected to accompany Anthropic listing – thereporteronline,https://www.orovillemr.com/2026/09/10/multiple-ai-ipo-anthropic/ | https://www.ocregister.com/2026/09/10/multiple-ai-ipo-anthropic/ | https://www.thereporteronline.com/2026/09/10/multiple-ai-ipo-anthropic/
2026-09-16T12:56:25Z,driven ipos,23,False,True,False,False,1,Wave of AI - driven IPOs expected to accompany Anthropic listing – Oroville Mercury - Register | Wave of AI - driven IPOs expected to accompany Anthropic listing – Orange County Register | Wave of AI - driven IPOs expected to accompany Anthropic listing – thereporteronline,https://www.orovillemr.com/2026/09/10/multiple-ai-ipo-anthropic/ | https://www.ocregister.com/2026/09/10/multiple-ai-ipo-anthropic/ | https://www.thereporteronline.com/2026/09/10/multiple-ai-ipo-anthropic/
2026-09-16T12:56:25Z,ipos expected,23,False,True,False,False,1,Wave of AI - driven IPOs expected to accompany Anthropic listing – Oroville Mercury - Register | Wave of AI - driven IPOs expected to accompany Anthropic listing – Orange County Register | Wave of AI - driven IPOs expected to accompany Anthropic listing – thereporteronline,https://www.orovillemr.com/2026/09/10/multiple-ai-ipo-anthropic/ | https://www.ocregister.com/2026/09/10/multiple-ai-ipo-anthropic/ | https://www.thereporteronline.com/2026/09/10/multiple-ai-ipo-anthropic/
2026-09-16T12:56:25Z,expected accompany,23,False,True,False,False,1,Wave of AI - driven IPOs expected to accompany Anthropic listing – Oroville Mercury - Register | Wave of AI - driven IPOs expected to accompany Anthropic listing – Orange County Register | Wave of AI - driven IPOs expected to accompany Anthropic listing – thereporteronline,https://www.orovillemr.com/2026/09/10/multiple-ai-ipo-anthropic/ | https://www.ocregister.com/2026/09/10/multiple-ai-ipo-anthropic/ | https://www.thereporteronline.com/2026/09/10/multiple-ai-ipo-anthropic/
2026-09-16T12:56:25Z,wave ai driven,23,False,True,False,False,1,Wave of AI - driven IPOs expected to accompany Anthropic listing – Oroville Mercury - Register | Wave of AI - driven IPOs expected to accompany Anthropic listing – Orange County Register | Wave of AI - driven IPOs expected to accompany Anthropic listing – thereporteronline,https://www.orovillemr.com/2026/09/10/multiple-ai-ipo-anthropic/ | https://www.ocregister.com/2026/09/10/multiple-ai-ipo-anthropic/ | https://www.thereporteronline.com/2026/09/10/multiple-ai-ipo-anthropic/
2026-09-16T12:56:25Z,ai driven ipos,23,False,True,False,False,1,Wave of AI - driven IPOs expected to accompany Anthropic listing – Oroville Mercury - Register | Wave of AI - driven IPOs expected to accompany Anthropic listing – Orange County Register | Wave of AI - driven IPOs expected to accompany Anthropic listing – thereporteronline,https://www.orovillemr.com/2026/09/10/multiple-ai-ipo-anthropic/ | https://www.ocregister.com/2026/09/10/multiple-ai-ipo-anthropic/ | https://www.thereporteronline.com/2026/09/10/multiple-ai-ipo-anthropic/
2026-09-16T12:56:25Z,driven ipos expected,23,False,True,False,False,1,Wave of AI - driven IPOs expected to accompany Anthropic listing – Oroville Mercury - Register | Wave of AI - driven IPOs expected to accompany Anthropic listing – Orange County Register | Wave of AI - driven IPOs expected to accompany Anthropic listing – thereporteronline,https://www.orovillemr.com/2026/09/10/multiple-ai-ipo-anthropic/ | https://www.ocregister.com/2026/09/10/multiple-ai-ipo-anthropic/ | https://www.thereporteronline.com/2026/09/10/multiple-ai-ipo-anthropic/
2026-09-16T12:56:25Z,ipos expected accompany,23,False,True,False,False,1,Wave of AI - driven IPOs expected to accompany Anthropic listing – Oroville Mercury - Register | Wave of AI - driven IPOs expected to accompany Anthropic listing – Orange County Register | Wave of AI - driven IPOs expected to accompany Anthropic listing – thereporteronline,https://www.orovillemr.com/2026/09/10/multiple-ai-ipo-anthropic/ | https://www.ocregister.com/2026/09/10/multiple-ai-ipo-anthropic/ | https://www.thereporteronline.com/2026/09/10/multiple-ai-ipo-anthropic/
2026-09-16T12:56:25Z,expected accompany anthropic,23,False,True,False,False,1,Wave of AI - driven IPOs expected to accompany Anthropic listing – Oroville Mercury - Register | Wave of AI - driven IPOs expected to accompany Anthropic listing – Orange County Register | Wave of AI - driven IPOs expected to accompany Anthropic listing – thereporteronline,https://www.orovillemr.com/2026/09/10/multiple-ai-ipo-anthropic/ | https://www.ocregister.com/2026/09/10/multiple-ai-ipo-anthropic/ | https://www.thereporteronline.com/2026/09/10/multiple-ai-ipo-anthropic/
2026-09-16T12:56:25Z,modi welcomes,21,False,True,False,False,1,"BRICS Summit 2026 : PM Modi welcomes Ethiopian PM Abiy Ahmed Ali , Brazilian Foreign Minister Mauro Vieira at venue | BRICS Summit 2026 : PM Modi welcomes South African President Cyril Ramaphosa and Egyptian President Abdel Fattah el - Sisi at venue | PM Modi welcomes world leaders , addresses open session on day 2 of 18th BRICS Summit ; to hold bilateral meetings",https://aninews.in/news/world/asia/brics-summit-2026-pm-modi-welcomes-ethiopian-pm-abiy-ahmed-ali-brazilian-foreign-minister-mauro-vieira-at-venue20260912143539/ | https://aninews.in/news/world/asia/brics-summit-2026-pm-modi-welcomes-south-african-president-cyril-ramaphosa-and-egyptian-president-abdel-fattah-el-sisi-at-venue20260912150133/ | https://www.livemint.com/news/india/pm-modi-welcomes-world-leaders-addresses-open-session-on-day-2-of-18th-brics-summit-to-hold-bilateral-meetings-11789280683070.html
2026-09-16T12:56:25Z,summit modi,20,False,True,False,False,1,"BRICS Summit 2026 : PM Modi welcomes Ethiopian PM Abiy Ahmed Ali , Brazilian Foreign Minister Mauro Vieira at venue | BRICS Summit 2026 : PM Modi welcomes South African President Cyril Ramaphosa and Egyptian President Abdel Fattah el - Sisi at venue | BRICS Summit 2026 : PM Modi welcomes Chinese President Xi Jinping at Bharat Mandapam",https://aninews.in/news/world/asia/brics-summit-2026-pm-modi-welcomes-ethiopian-pm-abiy-ahmed-ali-brazilian-foreign-minister-mauro-vieira-at-venue20260912143539/ | https://aninews.in/news/world/asia/brics-summit-2026-pm-modi-welcomes-south-african-president-cyril-ramaphosa-and-egyptian-president-abdel-fattah-el-sisi-at-venue20260912150133/ | http://www.chinanationalnews.com/news/279302924/brics-summit-2026-pm-modi-welcomes-chinese-president-xi-jinping-at-bharat-mandapam
2026-09-16T12:56:25Z,brics summit modi,20,False,True,False,False,1,"BRICS Summit 2026 : PM Modi welcomes Ethiopian PM Abiy Ahmed Ali , Brazilian Foreign Minister Mauro Vieira at venue | BRICS Summit 2026 : PM Modi welcomes South African President Cyril Ramaphosa and Egyptian President Abdel Fattah el - Sisi at venue | BRICS Summit 2026 : PM Modi welcomes Chinese President Xi Jinping at Bharat Mandapam",https://aninews.in/news/world/asia/brics-summit-2026-pm-modi-welcomes-ethiopian-pm-abiy-ahmed-ali-brazilian-foreign-minister-mauro-vieira-at-venue20260912143539/ | https://aninews.in/news/world/asia/brics-summit-2026-pm-modi-welcomes-south-african-president-cyril-ramaphosa-and-egyptian-president-abdel-fattah-el-sisi-at-venue20260912150133/ | http://www.chinanationalnews.com/news/279302924/brics-summit-2026-pm-modi-welcomes-chinese-president-xi-jinping-at-bharat-mandapam
2026-09-16T12:56:25Z,summit modi welcomes,20,False,True,False,False,1,"BRICS Summit 2026 : PM Modi welcomes Ethiopian PM Abiy Ahmed Ali , Brazilian Foreign Minister Mauro Vieira at venue | BRICS Summit 2026 : PM Modi welcomes South African President Cyril Ramaphosa and Egyptian President Abdel Fattah el - Sisi at venue | BRICS Summit 2026 : PM Modi welcomes Chinese President Xi Jinping at Bharat Mandapam",https://aninews.in/news/world/asia/brics-summit-2026-pm-modi-welcomes-ethiopian-pm-abiy-ahmed-ali-brazilian-foreign-minister-mauro-vieira-at-venue20260912143539/ | https://aninews.in/news/world/asia/brics-summit-2026-pm-modi-welcomes-south-african-president-cyril-ramaphosa-and-egyptian-president-abdel-fattah-el-sisi-at-venue20260912150133/ | http://www.chinanationalnews.com/news/279302924/brics-summit-2026-pm-modi-welcomes-chinese-president-xi-jinping-at-bharat-mandapam
2026-09-16T12:56:25Z,bharat mandapam,20,False,True,False,False,1,"PM Modi , Russian President Putin arrive at Bharat Mandapam as BRICS Summit 2026 kickstarts | BRICS Summit 2026 : PM Modi welcomes Chinese President Xi Jinping at Bharat Mandapam | BRICS Summit : PM Modi welcomes Russian President Vladimir Putin at Bharat Mandapam",https://aninews.in/news/world/asia/pm-modi-russian-president-putin-arrive-at-bharat-mandapam-as-brics-summit-2026-kickstarts20260912141840/ | http://www.chinanationalnews.com/news/279302924/brics-summit-2026-pm-modi-welcomes-chinese-president-xi-jinping-at-bharat-mandapam | http://www.asiabulletin.com/news/279302936/brics-summit-pm-modi-welcomes-russian-president-vladimir-putin-at-bharat-mandapam
2026-09-16T12:56:25Z,trump administration,17,False,True,False,False,1,"Trump Administration Loans $100 Million to Africell to Challenge Huawei in Africa , ETTelecom | Trump administration to lend $100 million to Africell , countering Huawei in Africa | Trump administration to lend $100 million to Africell , countering Huawei in Africa",https://telecom.economictimes.indiatimes.com/news/telecom-equipment/trump-administration-to-lend-100-million-to-africell-countering-huawei-in-africa/134046966 | https://www.straitstimes.com/asia/trump-administration-to-lend-100-million-to-africell-countering-huawei-in-africa | https://lufkindailynews.com/news_reuters/business/trump-administration-to-lend-100-million-to-africell-countering-huawei-in-africa/article_7a06463e-487f-55ac-b36c-ff99d92cfbe6.html
2026-09-16T12:56:25Z,ai push,15,False,True,False,False,1,"Strive Masiyiwa Cassava joins Vodafone in $1 billion Egypt data - centre and sovereign AI push | Oracle layoffs : IT giant adds $700 million to restructuring tally amid expensive AI push | Google plans $15 billion Finland AI push , signs nuclear deal",https://www.newzimbabwe.com/strive-masiyiwas-cassava-joins-vodafone-in-1-billion-egypt-data-centre-and-sovereign-ai-push/ | https://www.businesstoday.in/technology/story/oracle-layoffs-it-giant-adds-700-million-to-restructuring-tally-amid-expensive-ai-push-555216-2026-09-13 | http://www.dallassun.com/news/279296760/google-plans-usd15-billion-finland-ai-push-signs-nuclear-deal
2026-09-16T12:56:25Z,finland ai,15,False,True,False,False,1,"Google Commits To Finland AI Infrastructure , Secures Nuclear Power Deal | Google Commits To Finland AI Infrastructure , Secures Nuclear Power Deal | Google plans $15 billion Finland AI push , signs nuclear deal",https://www.finanzen.ch/nachrichten/aktien/google-commits-to-finland-ai-infrastructure-secures-nuclear-power-deal-1036537909 | https://www.rttnews.com/3690161/google-commits-to-finland-ai-infrastructure-secures-nuclear-power-deal.aspx | http://www.dallassun.com/news/279296760/google-plans-usd15-billion-finland-ai-push-signs-nuclear-deal
2026-09-16T12:56:25Z,administration lends,14,False,True,False,False,1,Trump administration lends $100M to US - owned cellphone network in Africa | Trump administration lends $100M to US - owned cellphone network in Africa | Trump administration lends $100M to US - owned cellphone network in Africa,https://www.thetimes-tribune.com/2026/09/11/trump-administration-cellphone-network-africa/ | https://www.dailylocal.com/2026/09/11/trump-administration-cellphone-network-africa/ | https://www.montereyherald.com/2026/09/11/trump-administration-cellphone-network-africa/
2026-09-17T12:17:49Z,google plans,15,False,True,True,False,2,"Google plans for $15B AI build - out in Finland | The Arkansas Democrat - Gazette | Google plans EUR13 billion Finland investment to expand data centers , clean energy | Google plans $15 billion Finland AI push , signs nuclear deal",https://www.arkansasonline.com/news/2026/sep/10/google-plans-for-15b-ai-build-out-in-finland/ | https://www.digitimes.com/news/a20260910PR201/google-finland-investment-data-center-expansion.html | http://www.dallassun.com/news/279296760/google-plans-usd15-billion-finland-ai-push-signs-nuclear-deal
2026-09-17T12:17:49Z,kill all,6,False,True,True,False,2,"AI researchers  earnestly believe  it could kill all humans within the next decade , Anthropic researcher says | The 27 - year - old who warned that AI could  kill us all  faces intense scrutiny | The 27 - year - old who warned that AI could  kill us all  faces intense scrutiny",https://www.cbc.ca/news/business/anthropic-researcher-resigned-9.7337789 | https://www.watoday.com.au/technology/the-27-year-old-who-warned-that-ai-could-kill-us-all-faces-intense-scrutiny-20260911-p60wfi.html | https://www.theage.com.au/technology/the-27-year-old-who-warned-that-ai-could-kill-us-all-faces-intense-scrutiny-20260911-p60wfi.html
2026-09-17T12:17:49Z,ai kill all,5,False,True,True,False,2,The 27 - year - old who warned that AI could  kill us all  faces intense scrutiny | The 27 - year - old who warned that AI could  kill us all  faces intense scrutiny | The 27 - year - old who warned that AI could  kill us all  faces intense scrutiny,https://www.watoday.com.au/technology/the-27-year-old-who-warned-that-ai-could-kill-us-all-faces-intense-scrutiny-20260911-p60wfi.html | https://www.theage.com.au/technology/the-27-year-old-who-warned-that-ai-could-kill-us-all-faces-intense-scrutiny-20260911-p60wfi.html | https://www.smh.com.au/technology/the-27-year-old-who-warned-that-ai-could-kill-us-all-faces-intense-scrutiny-20260911-p60wfi.html
2026-09-17T12:17:49Z,artificial intelligence,4,False,True,True,False,2,"Artificial Intelligence : How tech tools are changing work , school and the stock market | Better Artificial Intelligence Stock : Applied Digital vs . Super Micro Computer | Wall Street Finds Its AI Lifeline : How Artificial Intelligence Offers Fresh Exits for Trapped Private Equity Billions",https://originals.azpm.org/p/navigating/2026/9/8/231120-artificial-intelligence-how-tech-tools-are-changing-work-school-and-the-stock-market/ | https://www.fool.com/coverage/better-buy/2026/09/09/better-artificial-intelligence-stock-applied-digital-vs-super-micro-computer/?source=iedfolrf0000001 | https://www.webpronews.com/wall-street-finds-its-ai-lifeline-how-artificial-intelligence-offers-fresh-exits-for-trapped-private-equity-billions/
2026-09-17T12:17:49Z,nuclear plant,3,False,True,True,False,2,Energy Department loans $1 . 9B to restart Iowa nuclear plant | Energy Department loans $1 . 9B to restart Iowa nuclear plant | Google agrees to buy up to 50 % of Finnish nuclear plant capacity from Fortum,https://www.fairfieldsuntimes.com/news/national/energy-department-loans-1-9b-to-restart-iowa-nuclear-plant/article_08994566-c882-5aa4-b1df-a2faf435b160.html | https://www.hometownregister.com/news/national/energy-department-loans-1-9b-to-restart-iowa-nuclear-plant/article_f3f563d1-5fe9-509e-87d7-35eb05418741.html | https://www.moneycontrol.com/news/business/google-agrees-to-buy-up-to-50-of-finnish-nuclear-plant-capacity-from-fortum-14026489.html
2026-09-17T12:17:49Z,oil gas,2,False,True,True,False,2,"APO Group - Africa Newsroom / Press release | The Dealmakers Are Set to Storm Windhoek : Nigerian Governors and CORAN Bigwigs Set to Storm International African Energy , Oil and Gas Summit ( IAEOGS ) 2026 to Unlock Africa Energy Future | Battalion Oil Corporation Announces Strategic Investment in Collide , the AI - Native Operations System for Oil and Gas",https://www.africa-newsroom.com/press/the-dealmakers-are-set-to-storm-windhoek-nigerian-governors-and-coran-bigwigs-set-to-storm-iaeogs-2026-to-unlock-africas-energy-future | https://www.manilatimes.net/2026/09/09/tmt-newswire/globenewswire/battalion-oil-corporation-announces-strategic-investment-in-collide-the-ai-native-operations-system-for-oil-and-gas/2421103
2026-09-17T12:17:49Z,derivatives trading,2,False,True,True,False,2,"SEBI Likely To Allow FPIs In Commodity Derivatives Trading : Report | Zoomex Stock Brings Tesla 6 % Surge and Nvidia Choppy Session Within Reach Through Fair , Rule - Based Derivatives Trading",https://www.freepressjournal.in/business/sebi-likely-to-allow-fpis-in-commodity-derivatives-trading-report | https://bravenewcoin.com/press-release/zoomex-stock-brings-teslas-6-surge-and-nvidias-choppy-session-within-reach-through-fair-rule-based-derivatives-trading
2026-09-17T12:17:49Z,land use,2,False,True,True,False,2,"Americans are turning against AI data centers as local fears over water , power costs , and land use keep growing nationwide | Opinion : Evaluating data centers as land use application proposals",https://www.techradar.com/pro/69-of-americans-oppose-local-ai-data-centers-in-2026-poll-trump-blasts-blocking-communities-on-truth-social-for-choosing-poverty-over-server-farms-throwing-off-tremendous-amounts-of-money | https://www.morningjournal.com/2026/09/12/opinion-evaluating-data-centers-as-land-use-application-proposals/
2026-09-17T12:17:49Z,trading down,2,False,True,True,False,2,Apple ( NASDAQ : AAPL ) Trading Down 1 . 2 % – What Next ?  | Nebius Group ( NASDAQ : NBIS ) Trading Down 5 . 1 % – Time to Sell ?  | NexMetals Mining ( NASDAQ : NEXM ) Trading Down 0 . 6 % – Here Why,https://www.themarketsdaily.com/2026/09/08/apple-nasdaqaapl-trading-down-1-2-whats-next.html | https://www.dailypolitical.com/2026/09/10/nebius-group-nasdaqnbis-trading-down-5-1-time-to-sell.html | https://www.themarketsdaily.com/2026/09/12/nexmetals-mining-nasdaqnexm-trading-down-0-6-heres-why.html
2026-09-17T12:17:49Z,down next,2,False,True,True,False,2,Apple ( NASDAQ : AAPL ) Trading Down 1 . 2 % – What Next ?  | Cisco Systems ( NASDAQ : CSCO ) Stock Price Down 1 . 8 % – What Next ?  | NVIDIA ( NASDAQ : NVDA ) Shares Down 2 . 4 % – What Next ? ,https://www.themarketsdaily.com/2026/09/08/apple-nasdaqaapl-trading-down-1-2-whats-next.html | https://www.themarketsdaily.com/2026/09/10/cisco-systems-nasdaqcsco-stock-price-down-1-8-whats-next.html | https://www.dailypolitical.com/2026/09/10/nvidia-nasdaqnvda-shares-down-2-4-whats-next.html
2026-09-17T12:17:49Z,lead next,2,False,True,True,False,2,"Opus Origin Taps Greg Topalian to Lead its Next Chapter of North American Growth | India New Industrial Revolution : Chips , Space and Data Centres Lead Next Manufacturing Growth Wave , Says Jefferies",https://www.exhibitoronline.com/news/article.asp?ID=25377 | https://openthemagazine.com/india/chips-space-and-data-centres-jefferies-flags-indias-next-industrial-revolution
2026-09-17T12:17:49Z,price down,2,False,True,True,False,2,Sandisk ( NASDAQ : SNDK ) Stock Price Down 4 . 1 % – Here What Happened | Cisco Systems ( NASDAQ : CSCO ) Stock Price Down 1 . 8 % – What Next ?  | Vistra ( NYSE : VST ) Stock Price Down 2 . 4 % on Insider Selling,https://www.dailypolitical.com/2026/09/10/sandisk-nasdaqsndk-stock-price-down-4-1-heres-what-happened.html | https://www.themarketsdaily.com/2026/09/10/cisco-systems-nasdaqcsco-stock-price-down-1-8-whats-next.html | https://www.themarketsdaily.com/2026/09/10/vistra-nysevst-stock-price-down-2-4-on-insider-selling.html
2026-09-17T12:17:49Z,down selling,2,False,True,True,False,2,Vistra ( NYSE : VST ) Stock Price Down 2 . 4 % on Insider Selling | Arista Networks ( NYSE : ANET ) Stock Price Down 2 % After Insider Selling,https://www.themarketsdaily.com/2026/09/10/vistra-nysevst-stock-price-down-2-4-on-insider-selling.html | https://www.dailypolitical.com/2026/09/12/arista-networks-nyseanet-stock-price-down-2-after-insider-selling.html
2026-09-17T12:17:49Z,price down selling,2,False,True,True,False,2,Vistra ( NYSE : VST ) Stock Price Down 2 . 4 % on Insider Selling | Arista Networks ( NYSE : ANET ) Stock Price Down 2 % After Insider Selling,https://www.themarketsdaily.com/2026/09/10/vistra-nysevst-stock-price-down-2-4-on-insider-selling.html | https://www.dailypolitical.com/2026/09/12/arista-networks-nyseanet-stock-price-down-2-after-insider-selling.html
2026-09-17T12:17:49Z,brics summit,37,False,True,False,False,1,BRICS Summit 2026 : Key likely outcomes as India drives a transformative global agenda in New Delhi | BRICS Summit 2026 : Key likely outcomes as India drives a transformative global agenda in New Delhi | BRICS Summit 2026 : Key likely outcomes as India drives a transformative global agenda in New Delhi,http://www.middleeaststar.com/news/279293033/brics-summit-2026-key-likely-outcomes-as-india-drives-a-transformative-global-agenda-in-new-delhi | https://economictimes.indiatimes.com/news/india/brics-summit-2026-key-likely-outcomes-as-india-drives-a-transformative-global-agenda-in-new-delhi/articleshow/133905594.cms | https://aninews.in/news/world/asia/brics-summit-2026-key-likely-outcomes-as-india-drives-a-transformative-global-agenda-in-new-delhi20260908085217/
2026-09-17T12:17:49Z,growth sectors,26,False,True,False,False,1,Jefferies flags  India New Industrial Revolution  across six high - growth sectors | Jefferies flags  India New Industrial Revolution  across six high - growth sectors | Jefferies flags  India New Industrial Revolution  across six high - growth sectors,http://www.britainnews.net/news/279297968/jefferies-flags-india-new-industrial-revolution-across-six-high-growth-sectors | http://www.myanmarnews.net/news/279297968/jefferies-flags-india-new-industrial-revolution-across-six-high-growth-sectors | http://www.newzealandstar.com/news/279297968/jefferies-flags-india-new-industrial-revolution-across-six-high-growth-sectors
2026-09-17T12:17:49Z,jefferies flags,25,False,True,False,False,1,Jefferies flags  India New Industrial Revolution  across six high - growth sectors | Jefferies flags  India New Industrial Revolution  across six high - growth sectors | Jefferies flags  India New Industrial Revolution  across six high - growth sectors,http://www.britainnews.net/news/279297968/jefferies-flags-india-new-industrial-revolution-across-six-high-growth-sectors | http://www.myanmarnews.net/news/279297968/jefferies-flags-india-new-industrial-revolution-across-six-high-growth-sectors | http://www.newzealandstar.com/news/279297968/jefferies-flags-india-new-industrial-revolution-across-six-high-growth-sectors
2026-09-17T12:17:49Z,across six,25,False,True,False,False,1,Jefferies flags  India New Industrial Revolution  across six high - growth sectors | Jefferies flags  India New Industrial Revolution  across six high - growth sectors | Jefferies flags  India New Industrial Revolution  across six high - growth sectors,http://www.britainnews.net/news/279297968/jefferies-flags-india-new-industrial-revolution-across-six-high-growth-sectors | http://www.myanmarnews.net/news/279297968/jefferies-flags-india-new-industrial-revolution-across-six-high-growth-sectors | http://www.newzealandstar.com/news/279297968/jefferies-flags-india-new-industrial-revolution-across-six-high-growth-sectors
2026-09-17T12:17:49Z,ai driven,24,False,True,False,False,1,AI - Driven IPO Wave Set to Accompany Anthropic Listing | Wave of AI - driven IPOs expected to accompany Anthropic listing – Oroville Mercury - Register | Wave of AI - driven IPOs expected to accompany Anthropic listing – Orange County Register,https://www.livemint.com/market/aidriven-ipo-wave-set-to-accompany-anthropic-listing-11788992244915.html | https://www.orovillemr.com/2026/09/10/multiple-ai-ipo-anthropic/ | https://www.ocregister.com/2026/09/10/multiple-ai-ipo-anthropic/
2026-09-17T12:17:49Z,accompany anthropic,24,False,True,False,False,1,AI - Driven IPO Wave Set to Accompany Anthropic Listing | Wave of AI - driven IPOs expected to accompany Anthropic listing – Oroville Mercury - Register | Wave of AI - driven IPOs expected to accompany Anthropic listing – Orange County Register,https://www.livemint.com/market/aidriven-ipo-wave-set-to-accompany-anthropic-listing-11788992244915.html | https://www.orovillemr.com/2026/09/10/multiple-ai-ipo-anthropic/ | https://www.ocregister.com/2026/09/10/multiple-ai-ipo-anthropic/
2026-09-17T12:17:49Z,anthropic listing,24,False,True,False,False,1,AI - Driven IPO Wave Set to Accompany Anthropic Listing | Wave of AI - driven IPOs expected to accompany Anthropic listing – Oroville Mercury - Register | Wave of AI - driven IPOs expected to accompany Anthropic listing – Orange County Register,https://www.livemint.com/market/aidriven-ipo-wave-set-to-accompany-anthropic-listing-11788992244915.html | https://www.orovillemr.com/2026/09/10/multiple-ai-ipo-anthropic/ | https://www.ocregister.com/2026/09/10/multiple-ai-ipo-anthropic/
2026-09-17T12:17:49Z,accompany anthropic listing,24,False,True,False,False,1,AI - Driven IPO Wave Set to Accompany Anthropic Listing | Wave of AI - driven IPOs expected to accompany Anthropic listing – Oroville Mercury - Register | Wave of AI - driven IPOs expected to accompany Anthropic listing – Orange County Register,https://www.livemint.com/market/aidriven-ipo-wave-set-to-accompany-anthropic-listing-11788992244915.html | https://www.orovillemr.com/2026/09/10/multiple-ai-ipo-anthropic/ | https://www.ocregister.com/2026/09/10/multiple-ai-ipo-anthropic/
2026-09-17T12:17:49Z,wave ai,23,False,True,False,False,1,Wave of AI - driven IPOs expected to accompany Anthropic listing – Oroville Mercury - Register | Wave of AI - driven IPOs expected to accompany Anthropic listing – Orange County Register | Wave of AI - driven IPOs expected to accompany Anthropic listing – thereporteronline,https://www.orovillemr.com/2026/09/10/multiple-ai-ipo-anthropic/ | https://www.ocregister.com/2026/09/10/multiple-ai-ipo-anthropic/ | https://www.thereporteronline.com/2026/09/10/multiple-ai-ipo-anthropic/
2026-09-17T12:17:49Z,driven ipos,23,False,True,False,False,1,Wave of AI - driven IPOs expected to accompany Anthropic listing – Oroville Mercury - Register | Wave of AI - driven IPOs expected to accompany Anthropic listing – Orange County Register | Wave of AI - driven IPOs expected to accompany Anthropic listing – thereporteronline,https://www.orovillemr.com/2026/09/10/multiple-ai-ipo-anthropic/ | https://www.ocregister.com/2026/09/10/multiple-ai-ipo-anthropic/ | https://www.thereporteronline.com/2026/09/10/multiple-ai-ipo-anthropic/
2026-09-17T12:17:49Z,ipos expected,23,False,True,False,False,1,Wave of AI - driven IPOs expected to accompany Anthropic listing – Oroville Mercury - Register | Wave of AI - driven IPOs expected to accompany Anthropic listing – Orange County Register | Wave of AI - driven IPOs expected to accompany Anthropic listing – thereporteronline,https://www.orovillemr.com/2026/09/10/multiple-ai-ipo-anthropic/ | https://www.ocregister.com/2026/09/10/multiple-ai-ipo-anthropic/ | https://www.thereporteronline.com/2026/09/10/multiple-ai-ipo-anthropic/
2026-09-17T12:17:49Z,expected accompany,23,False,True,False,False,1,Wave of AI - driven IPOs expected to accompany Anthropic listing – Oroville Mercury - Register | Wave of AI - driven IPOs expected to accompany Anthropic listing – Orange County Register | Wave of AI - driven IPOs expected to accompany Anthropic listing – thereporteronline,https://www.orovillemr.com/2026/09/10/multiple-ai-ipo-anthropic/ | https://www.ocregister.com/2026/09/10/multiple-ai-ipo-anthropic/ | https://www.thereporteronline.com/2026/09/10/multiple-ai-ipo-anthropic/
2026-09-17T12:17:49Z,wave ai driven,23,False,True,False,False,1,Wave of AI - driven IPOs expected to accompany Anthropic listing – Oroville Mercury - Register | Wave of AI - driven IPOs expected to accompany Anthropic listing – Orange County Register | Wave of AI - driven IPOs expected to accompany Anthropic listing – thereporteronline,https://www.orovillemr.com/2026/09/10/multiple-ai-ipo-anthropic/ | https://www.ocregister.com/2026/09/10/multiple-ai-ipo-anthropic/ | https://www.thereporteronline.com/2026/09/10/multiple-ai-ipo-anthropic/
2026-09-17T12:17:49Z,ai driven ipos,23,False,True,False,False,1,Wave of AI - driven IPOs expected to accompany Anthropic listing – Oroville Mercury - Register | Wave of AI - driven IPOs expected to accompany Anthropic listing – Orange County Register | Wave of AI - driven IPOs expected to accompany Anthropic listing – thereporteronline,https://www.orovillemr.com/2026/09/10/multiple-ai-ipo-anthropic/ | https://www.ocregister.com/2026/09/10/multiple-ai-ipo-anthropic/ | https://www.thereporteronline.com/2026/09/10/multiple-ai-ipo-anthropic/
2026-09-17T12:17:49Z,driven ipos expected,23,False,True,False,False,1,Wave of AI - driven IPOs expected to accompany Anthropic listing – Oroville Mercury - Register | Wave of AI - driven IPOs expected to accompany Anthropic listing – Orange County Register | Wave of AI - driven IPOs expected to accompany Anthropic listing – thereporteronline,https://www.orovillemr.com/2026/09/10/multiple-ai-ipo-anthropic/ | https://www.ocregister.com/2026/09/10/multiple-ai-ipo-anthropic/ | https://www.thereporteronline.com/2026/09/10/multiple-ai-ipo-anthropic/
2026-09-17T12:17:49Z,ipos expected accompany,23,False,True,False,False,1,Wave of AI - driven IPOs expected to accompany Anthropic listing – Oroville Mercury - Register | Wave of AI - driven IPOs expected to accompany Anthropic listing – Orange County Register | Wave of AI - driven IPOs expected to accompany Anthropic listing – thereporteronline,https://www.orovillemr.com/2026/09/10/multiple-ai-ipo-anthropic/ | https://www.ocregister.com/2026/09/10/multiple-ai-ipo-anthropic/ | https://www.thereporteronline.com/2026/09/10/multiple-ai-ipo-anthropic/
2026-09-17T12:17:49Z,expected accompany anthropic,23,False,True,False,False,1,Wave of AI - driven IPOs expected to accompany Anthropic listing – Oroville Mercury - Register | Wave of AI - driven IPOs expected to accompany Anthropic listing – Orange County Register | Wave of AI - driven IPOs expected to accompany Anthropic listing – thereporteronline,https://www.orovillemr.com/2026/09/10/multiple-ai-ipo-anthropic/ | https://www.ocregister.com/2026/09/10/multiple-ai-ipo-anthropic/ | https://www.thereporteronline.com/2026/09/10/multiple-ai-ipo-anthropic/
2026-09-17T12:17:49Z,modi welcomes,21,False,True,False,False,1,"BRICS Summit 2026 : PM Modi welcomes Ethiopian PM Abiy Ahmed Ali , Brazilian Foreign Minister Mauro Vieira at venue | BRICS Summit 2026 : PM Modi welcomes South African President Cyril Ramaphosa and Egyptian President Abdel Fattah el - Sisi at venue | PM Modi welcomes world leaders , addresses open session on day 2 of 18th BRICS Summit ; to hold bilateral meetings",https://aninews.in/news/world/asia/brics-summit-2026-pm-modi-welcomes-ethiopian-pm-abiy-ahmed-ali-brazilian-foreign-minister-mauro-vieira-at-venue20260912143539/ | https://aninews.in/news/world/asia/brics-summit-2026-pm-modi-welcomes-south-african-president-cyril-ramaphosa-and-egyptian-president-abdel-fattah-el-sisi-at-venue20260912150133/ | https://www.livemint.com/news/india/pm-modi-welcomes-world-leaders-addresses-open-session-on-day-2-of-18th-brics-summit-to-hold-bilateral-meetings-11789280683070.html
2026-09-17T12:17:49Z,summit modi,20,False,True,False,False,1,"BRICS Summit 2026 : PM Modi welcomes Ethiopian PM Abiy Ahmed Ali , Brazilian Foreign Minister Mauro Vieira at venue | BRICS Summit 2026 : PM Modi welcomes South African President Cyril Ramaphosa and Egyptian President Abdel Fattah el - Sisi at venue | BRICS Summit 2026 : PM Modi welcomes Chinese President Xi Jinping at Bharat Mandapam",https://aninews.in/news/world/asia/brics-summit-2026-pm-modi-welcomes-ethiopian-pm-abiy-ahmed-ali-brazilian-foreign-minister-mauro-vieira-at-venue20260912143539/ | https://aninews.in/news/world/asia/brics-summit-2026-pm-modi-welcomes-south-african-president-cyril-ramaphosa-and-egyptian-president-abdel-fattah-el-sisi-at-venue20260912150133/ | http://www.chinanationalnews.com/news/279302924/brics-summit-2026-pm-modi-welcomes-chinese-president-xi-jinping-at-bharat-mandapam
2026-09-17T12:17:49Z,brics summit modi,20,False,True,False,False,1,"BRICS Summit 2026 : PM Modi welcomes Ethiopian PM Abiy Ahmed Ali , Brazilian Foreign Minister Mauro Vieira at venue | BRICS Summit 2026 : PM Modi welcomes South African President Cyril Ramaphosa and Egyptian President Abdel Fattah el - Sisi at venue | BRICS Summit 2026 : PM Modi welcomes Chinese President Xi Jinping at Bharat Mandapam",https://aninews.in/news/world/asia/brics-summit-2026-pm-modi-welcomes-ethiopian-pm-abiy-ahmed-ali-brazilian-foreign-minister-mauro-vieira-at-venue20260912143539/ | https://aninews.in/news/world/asia/brics-summit-2026-pm-modi-welcomes-south-african-president-cyril-ramaphosa-and-egyptian-president-abdel-fattah-el-sisi-at-venue20260912150133/ | http://www.chinanationalnews.com/news/279302924/brics-summit-2026-pm-modi-welcomes-chinese-president-xi-jinping-at-bharat-mandapam
2026-09-17T12:17:49Z,summit modi welcomes,20,False,True,False,False,1,"BRICS Summit 2026 : PM Modi welcomes Ethiopian PM Abiy Ahmed Ali , Brazilian Foreign Minister Mauro Vieira at venue | BRICS Summit 2026 : PM Modi welcomes South African President Cyril Ramaphosa and Egyptian President Abdel Fattah el - Sisi at venue | BRICS Summit 2026 : PM Modi welcomes Chinese President Xi Jinping at Bharat Mandapam",https://aninews.in/news/world/asia/brics-summit-2026-pm-modi-welcomes-ethiopian-pm-abiy-ahmed-ali-brazilian-foreign-minister-mauro-vieira-at-venue20260912143539/ | https://aninews.in/news/world/asia/brics-summit-2026-pm-modi-welcomes-south-african-president-cyril-ramaphosa-and-egyptian-president-abdel-fattah-el-sisi-at-venue20260912150133/ | http://www.chinanationalnews.com/news/279302924/brics-summit-2026-pm-modi-welcomes-chinese-president-xi-jinping-at-bharat-mandapam
2026-09-17T12:17:49Z,bharat mandapam,20,False,True,False,False,1,"PM Modi , Russian President Putin arrive at Bharat Mandapam as BRICS Summit 2026 kickstarts | BRICS Summit 2026 : PM Modi welcomes Chinese President Xi Jinping at Bharat Mandapam | BRICS Summit : PM Modi welcomes Russian President Vladimir Putin at Bharat Mandapam",https://aninews.in/news/world/asia/pm-modi-russian-president-putin-arrive-at-bharat-mandapam-as-brics-summit-2026-kickstarts20260912141840/ | http://www.chinanationalnews.com/news/279302924/brics-summit-2026-pm-modi-welcomes-chinese-president-xi-jinping-at-bharat-mandapam | http://www.asiabulletin.com/news/279302936/brics-summit-pm-modi-welcomes-russian-president-vladimir-putin-at-bharat-mandapam
2026-09-17T12:17:49Z,trump administration,17,False,True,False,False,1,"Trump Administration Loans $100 Million to Africell to Challenge Huawei in Africa , ETTelecom | Trump administration to lend $100 million to Africell , countering Huawei in Africa | Trump administration to lend $100 million to Africell , countering Huawei in Africa",https://telecom.economictimes.indiatimes.com/news/telecom-equipment/trump-administration-to-lend-100-million-to-africell-countering-huawei-in-africa/134046966 | https://www.straitstimes.com/asia/trump-administration-to-lend-100-million-to-africell-countering-huawei-in-africa | https://lufkindailynews.com/news_reuters/business/trump-administration-to-lend-100-million-to-africell-countering-huawei-in-africa/article_7a06463e-487f-55ac-b36c-ff99d92cfbe6.html
2026-09-17T12:17:49Z,ai push,15,False,True,False,False,1,"Strive Masiyiwa Cassava joins Vodafone in $1 billion Egypt data - centre and sovereign AI push | Oracle layoffs : IT giant adds $700 million to restructuring tally amid expensive AI push | Google plans $15 billion Finland AI push , signs nuclear deal",https://www.newzimbabwe.com/strive-masiyiwas-cassava-joins-vodafone-in-1-billion-egypt-data-centre-and-sovereign-ai-push/ | https://www.businesstoday.in/technology/story/oracle-layoffs-it-giant-adds-700-million-to-restructuring-tally-amid-expensive-ai-push-555216-2026-09-13 | http://www.dallassun.com/news/279296760/google-plans-usd15-billion-finland-ai-push-signs-nuclear-deal
2026-09-17T12:17:49Z,finland ai,15,False,True,False,False,1,"Google Commits To Finland AI Infrastructure , Secures Nuclear Power Deal | Google Commits To Finland AI Infrastructure , Secures Nuclear Power Deal | Google plans $15 billion Finland AI push , signs nuclear deal",https://www.finanzen.ch/nachrichten/aktien/google-commits-to-finland-ai-infrastructure-secures-nuclear-power-deal-1036537909 | https://www.rttnews.com/3690161/google-commits-to-finland-ai-infrastructure-secures-nuclear-power-deal.aspx | http://www.dallassun.com/news/279296760/google-plans-usd15-billion-finland-ai-push-signs-nuclear-deal
2026-09-17T12:17:49Z,administration lends,14,False,True,False,False,1,Trump administration lends $100M to US - owned cellphone network in Africa | Trump administration lends $100M to US - owned cellphone network in Africa | Trump administration lends $100M to US - owned cellphone network in Africa,https://www.thetimes-tribune.com/2026/09/11/trump-administration-cellphone-network-africa/ | https://www.dailylocal.com/2026/09/11/trump-administration-cellphone-network-africa/ | https://www.montereyherald.com/2026/09/11/trump-administration-cellphone-network-africa/
2026-09-17T12:37:06Z,google plans,15,False,True,True,False,2,"Google plans for $15B AI build - out in Finland | The Arkansas Democrat - Gazette | Google plans EUR13 billion Finland investment to expand data centers , clean energy | Google plans $15 billion Finland AI push , signs nuclear deal",https://www.arkansasonline.com/news/2026/sep/10/google-plans-for-15b-ai-build-out-in-finland/ | https://www.digitimes.com/news/a20260910PR201/google-finland-investment-data-center-expansion.html | http://www.dallassun.com/news/279296760/google-plans-usd15-billion-finland-ai-push-signs-nuclear-deal
2026-09-17T12:37:06Z,kill all,6,False,True,True,False,2,"AI researchers  earnestly believe  it could kill all humans within the next decade , Anthropic researcher says | The 27 - year - old who warned that AI could  kill us all  faces intense scrutiny | The 27 - year - old who warned that AI could  kill us all  faces intense scrutiny",https://www.cbc.ca/news/business/anthropic-researcher-resigned-9.7337789 | https://www.watoday.com.au/technology/the-27-year-old-who-warned-that-ai-could-kill-us-all-faces-intense-scrutiny-20260911-p60wfi.html | https://www.theage.com.au/technology/the-27-year-old-who-warned-that-ai-could-kill-us-all-faces-intense-scrutiny-20260911-p60wfi.html
2026-09-17T12:37:06Z,ai kill all,5,False,True,True,False,2,The 27 - year - old who warned that AI could  kill us all  faces intense scrutiny | The 27 - year - old who warned that AI could  kill us all  faces intense scrutiny | The 27 - year - old who warned that AI could  kill us all  faces intense scrutiny,https://www.watoday.com.au/technology/the-27-year-old-who-warned-that-ai-could-kill-us-all-faces-intense-scrutiny-20260911-p60wfi.html | https://www.theage.com.au/technology/the-27-year-old-who-warned-that-ai-could-kill-us-all-faces-intense-scrutiny-20260911-p60wfi.html | https://www.smh.com.au/technology/the-27-year-old-who-warned-that-ai-could-kill-us-all-faces-intense-scrutiny-20260911-p60wfi.html
2026-09-17T12:37:06Z,artificial intelligence,4,False,True,True,False,2,"Artificial Intelligence : How tech tools are changing work , school and the stock market | Better Artificial Intelligence Stock : Applied Digital vs . Super Micro Computer | Wall Street Finds Its AI Lifeline : How Artificial Intelligence Offers Fresh Exits for Trapped Private Equity Billions",https://originals.azpm.org/p/navigating/2026/9/8/231120-artificial-intelligence-how-tech-tools-are-changing-work-school-and-the-stock-market/ | https://www.fool.com/coverage/better-buy/2026/09/09/better-artificial-intelligence-stock-applied-digital-vs-super-micro-computer/?source=iedfolrf0000001 | https://www.webpronews.com/wall-street-finds-its-ai-lifeline-how-artificial-intelligence-offers-fresh-exits-for-trapped-private-equity-billions/
2026-09-17T12:37:06Z,nuclear plant,3,False,True,True,False,2,Energy Department loans $1 . 9B to restart Iowa nuclear plant | Energy Department loans $1 . 9B to restart Iowa nuclear plant | Google agrees to buy up to 50 % of Finnish nuclear plant capacity from Fortum,https://www.fairfieldsuntimes.com/news/national/energy-department-loans-1-9b-to-restart-iowa-nuclear-plant/article_08994566-c882-5aa4-b1df-a2faf435b160.html | https://www.hometownregister.com/news/national/energy-department-loans-1-9b-to-restart-iowa-nuclear-plant/article_f3f563d1-5fe9-509e-87d7-35eb05418741.html | https://www.moneycontrol.com/news/business/google-agrees-to-buy-up-to-50-of-finnish-nuclear-plant-capacity-from-fortum-14026489.html
2026-09-17T12:37:06Z,oil gas,2,False,True,True,False,2,"APO Group - Africa Newsroom / Press release | The Dealmakers Are Set to Storm Windhoek : Nigerian Governors and CORAN Bigwigs Set to Storm International African Energy , Oil and Gas Summit ( IAEOGS ) 2026 to Unlock Africa Energy Future | Battalion Oil Corporation Announces Strategic Investment in Collide , the AI - Native Operations System for Oil and Gas",https://www.africa-newsroom.com/press/the-dealmakers-are-set-to-storm-windhoek-nigerian-governors-and-coran-bigwigs-set-to-storm-iaeogs-2026-to-unlock-africas-energy-future | https://www.manilatimes.net/2026/09/09/tmt-newswire/globenewswire/battalion-oil-corporation-announces-strategic-investment-in-collide-the-ai-native-operations-system-for-oil-and-gas/2421103
2026-09-17T12:37:06Z,derivatives trading,2,False,True,True,False,2,"SEBI Likely To Allow FPIs In Commodity Derivatives Trading : Report | Zoomex Stock Brings Tesla 6 % Surge and Nvidia Choppy Session Within Reach Through Fair , Rule - Based Derivatives Trading",https://www.freepressjournal.in/business/sebi-likely-to-allow-fpis-in-commodity-derivatives-trading-report | https://bravenewcoin.com/press-release/zoomex-stock-brings-teslas-6-surge-and-nvidias-choppy-session-within-reach-through-fair-rule-based-derivatives-trading
2026-09-17T12:37:06Z,land use,2,False,True,True,False,2,"Americans are turning against AI data centers as local fears over water , power costs , and land use keep growing nationwide | Opinion : Evaluating data centers as land use application proposals",https://www.techradar.com/pro/69-of-americans-oppose-local-ai-data-centers-in-2026-poll-trump-blasts-blocking-communities-on-truth-social-for-choosing-poverty-over-server-farms-throwing-off-tremendous-amounts-of-money | https://www.morningjournal.com/2026/09/12/opinion-evaluating-data-centers-as-land-use-application-proposals/
2026-09-17T12:37:06Z,trading down,2,False,True,True,False,2,Apple ( NASDAQ : AAPL ) Trading Down 1 . 2 % – What Next ?  | Nebius Group ( NASDAQ : NBIS ) Trading Down 5 . 1 % – Time to Sell ?  | NexMetals Mining ( NASDAQ : NEXM ) Trading Down 0 . 6 % – Here Why,https://www.themarketsdaily.com/2026/09/08/apple-nasdaqaapl-trading-down-1-2-whats-next.html | https://www.dailypolitical.com/2026/09/10/nebius-group-nasdaqnbis-trading-down-5-1-time-to-sell.html | https://www.themarketsdaily.com/2026/09/12/nexmetals-mining-nasdaqnexm-trading-down-0-6-heres-why.html
2026-09-17T12:37:06Z,down next,2,False,True,True,False,2,Apple ( NASDAQ : AAPL ) Trading Down 1 . 2 % – What Next ?  | Cisco Systems ( NASDAQ : CSCO ) Stock Price Down 1 . 8 % – What Next ?  | NVIDIA ( NASDAQ : NVDA ) Shares Down 2 . 4 % – What Next ? ,https://www.themarketsdaily.com/2026/09/08/apple-nasdaqaapl-trading-down-1-2-whats-next.html | https://www.themarketsdaily.com/2026/09/10/cisco-systems-nasdaqcsco-stock-price-down-1-8-whats-next.html | https://www.dailypolitical.com/2026/09/10/nvidia-nasdaqnvda-shares-down-2-4-whats-next.html
2026-09-17T12:37:06Z,lead next,2,False,True,True,False,2,"Opus Origin Taps Greg Topalian to Lead its Next Chapter of North American Growth | India New Industrial Revolution : Chips , Space and Data Centres Lead Next Manufacturing Growth Wave , Says Jefferies",https://www.exhibitoronline.com/news/article.asp?ID=25377 | https://openthemagazine.com/india/chips-space-and-data-centres-jefferies-flags-indias-next-industrial-revolution
2026-09-17T12:37:06Z,price down,2,False,True,True,False,2,Sandisk ( NASDAQ : SNDK ) Stock Price Down 4 . 1 % – Here What Happened | Cisco Systems ( NASDAQ : CSCO ) Stock Price Down 1 . 8 % – What Next ?  | Vistra ( NYSE : VST ) Stock Price Down 2 . 4 % on Insider Selling,https://www.dailypolitical.com/2026/09/10/sandisk-nasdaqsndk-stock-price-down-4-1-heres-what-happened.html | https://www.themarketsdaily.com/2026/09/10/cisco-systems-nasdaqcsco-stock-price-down-1-8-whats-next.html | https://www.themarketsdaily.com/2026/09/10/vistra-nysevst-stock-price-down-2-4-on-insider-selling.html
2026-09-17T12:37:06Z,down selling,2,False,True,True,False,2,Vistra ( NYSE : VST ) Stock Price Down 2 . 4 % on Insider Selling | Arista Networks ( NYSE : ANET ) Stock Price Down 2 % After Insider Selling,https://www.themarketsdaily.com/2026/09/10/vistra-nysevst-stock-price-down-2-4-on-insider-selling.html | https://www.dailypolitical.com/2026/09/12/arista-networks-nyseanet-stock-price-down-2-after-insider-selling.html
2026-09-17T12:37:06Z,price down selling,2,False,True,True,False,2,Vistra ( NYSE : VST ) Stock Price Down 2 . 4 % on Insider Selling | Arista Networks ( NYSE : ANET ) Stock Price Down 2 % After Insider Selling,https://www.themarketsdaily.com/2026/09/10/vistra-nysevst-stock-price-down-2-4-on-insider-selling.html | https://www.dailypolitical.com/2026/09/12/arista-networks-nyseanet-stock-price-down-2-after-insider-selling.html
2026-09-17T12:37:06Z,brics summit,37,False,True,False,False,1,BRICS Summit 2026 : Key likely outcomes as India drives a transformative global agenda in New Delhi | BRICS Summit 2026 : Key likely outcomes as India drives a transformative global agenda in New Delhi | BRICS Summit 2026 : Key likely outcomes as India drives a transformative global agenda in New Delhi,http://www.middleeaststar.com/news/279293033/brics-summit-2026-key-likely-outcomes-as-india-drives-a-transformative-global-agenda-in-new-delhi | https://economictimes.indiatimes.com/news/india/brics-summit-2026-key-likely-outcomes-as-india-drives-a-transformative-global-agenda-in-new-delhi/articleshow/133905594.cms | https://aninews.in/news/world/asia/brics-summit-2026-key-likely-outcomes-as-india-drives-a-transformative-global-agenda-in-new-delhi20260908085217/
2026-09-17T12:37:06Z,growth sectors,26,False,True,False,False,1,Jefferies flags  India New Industrial Revolution  across six high - growth sectors | Jefferies flags  India New Industrial Revolution  across six high - growth sectors | Jefferies flags  India New Industrial Revolution  across six high - growth sectors,http://www.britainnews.net/news/279297968/jefferies-flags-india-new-industrial-revolution-across-six-high-growth-sectors | http://www.myanmarnews.net/news/279297968/jefferies-flags-india-new-industrial-revolution-across-six-high-growth-sectors | http://www.newzealandstar.com/news/279297968/jefferies-flags-india-new-industrial-revolution-across-six-high-growth-sectors
2026-09-17T12:37:06Z,jefferies flags,25,False,True,False,False,1,Jefferies flags  India New Industrial Revolution  across six high - growth sectors | Jefferies flags  India New Industrial Revolution  across six high - growth sectors | Jefferies flags  India New Industrial Revolution  across six high - growth sectors,http://www.britainnews.net/news/279297968/jefferies-flags-india-new-industrial-revolution-across-six-high-growth-sectors | http://www.myanmarnews.net/news/279297968/jefferies-flags-india-new-industrial-revolution-across-six-high-growth-sectors | http://www.newzealandstar.com/news/279297968/jefferies-flags-india-new-industrial-revolution-across-six-high-growth-sectors
2026-09-17T12:37:06Z,across six,25,False,True,False,False,1,Jefferies flags  India New Industrial Revolution  across six high - growth sectors | Jefferies flags  India New Industrial Revolution  across six high - growth sectors | Jefferies flags  India New Industrial Revolution  across six high - growth sectors,http://www.britainnews.net/news/279297968/jefferies-flags-india-new-industrial-revolution-across-six-high-growth-sectors | http://www.myanmarnews.net/news/279297968/jefferies-flags-india-new-industrial-revolution-across-six-high-growth-sectors | http://www.newzealandstar.com/news/279297968/jefferies-flags-india-new-industrial-revolution-across-six-high-growth-sectors
2026-09-17T12:37:06Z,ai driven,24,False,True,False,False,1,AI - Driven IPO Wave Set to Accompany Anthropic Listing | Wave of AI - driven IPOs expected to accompany Anthropic listing – Oroville Mercury - Register | Wave of AI - driven IPOs expected to accompany Anthropic listing – Orange County Register,https://www.livemint.com/market/aidriven-ipo-wave-set-to-accompany-anthropic-listing-11788992244915.html | https://www.orovillemr.com/2026/09/10/multiple-ai-ipo-anthropic/ | https://www.ocregister.com/2026/09/10/multiple-ai-ipo-anthropic/
2026-09-17T12:37:06Z,accompany anthropic,24,False,True,False,False,1,AI - Driven IPO Wave Set to Accompany Anthropic Listing | Wave of AI - driven IPOs expected to accompany Anthropic listing – Oroville Mercury - Register | Wave of AI - driven IPOs expected to accompany Anthropic listing – Orange County Register,https://www.livemint.com/market/aidriven-ipo-wave-set-to-accompany-anthropic-listing-11788992244915.html | https://www.orovillemr.com/2026/09/10/multiple-ai-ipo-anthropic/ | https://www.ocregister.com/2026/09/10/multiple-ai-ipo-anthropic/
2026-09-17T12:37:06Z,anthropic listing,24,False,True,False,False,1,AI - Driven IPO Wave Set to Accompany Anthropic Listing | Wave of AI - driven IPOs expected to accompany Anthropic listing – Oroville Mercury - Register | Wave of AI - driven IPOs expected to accompany Anthropic listing – Orange County Register,https://www.livemint.com/market/aidriven-ipo-wave-set-to-accompany-anthropic-listing-11788992244915.html | https://www.orovillemr.com/2026/09/10/multiple-ai-ipo-anthropic/ | https://www.ocregister.com/2026/09/10/multiple-ai-ipo-anthropic/
2026-09-17T12:37:06Z,accompany anthropic listing,24,False,True,False,False,1,AI - Driven IPO Wave Set to Accompany Anthropic Listing | Wave of AI - driven IPOs expected to accompany Anthropic listing – Oroville Mercury - Register | Wave of AI - driven IPOs expected to accompany Anthropic listing – Orange County Register,https://www.livemint.com/market/aidriven-ipo-wave-set-to-accompany-anthropic-listing-11788992244915.html | https://www.orovillemr.com/2026/09/10/multiple-ai-ipo-anthropic/ | https://www.ocregister.com/2026/09/10/multiple-ai-ipo-anthropic/
2026-09-17T12:37:06Z,wave ai,23,False,True,False,False,1,Wave of AI - driven IPOs expected to accompany Anthropic listing – Oroville Mercury - Register | Wave of AI - driven IPOs expected to accompany Anthropic listing – Orange County Register | Wave of AI - driven IPOs expected to accompany Anthropic listing – thereporteronline,https://www.orovillemr.com/2026/09/10/multiple-ai-ipo-anthropic/ | https://www.ocregister.com/2026/09/10/multiple-ai-ipo-anthropic/ | https://www.thereporteronline.com/2026/09/10/multiple-ai-ipo-anthropic/
2026-09-17T12:37:06Z,driven ipos,23,False,True,False,False,1,Wave of AI - driven IPOs expected to accompany Anthropic listing – Oroville Mercury - Register | Wave of AI - driven IPOs expected to accompany Anthropic listing – Orange County Register | Wave of AI - driven IPOs expected to accompany Anthropic listing – thereporteronline,https://www.orovillemr.com/2026/09/10/multiple-ai-ipo-anthropic/ | https://www.ocregister.com/2026/09/10/multiple-ai-ipo-anthropic/ | https://www.thereporteronline.com/2026/09/10/multiple-ai-ipo-anthropic/
2026-09-17T12:37:06Z,ipos expected,23,False,True,False,False,1,Wave of AI - driven IPOs expected to accompany Anthropic listing – Oroville Mercury - Register | Wave of AI - driven IPOs expected to accompany Anthropic listing – Orange County Register | Wave of AI - driven IPOs expected to accompany Anthropic listing – thereporteronline,https://www.orovillemr.com/2026/09/10/multiple-ai-ipo-anthropic/ | https://www.ocregister.com/2026/09/10/multiple-ai-ipo-anthropic/ | https://www.thereporteronline.com/2026/09/10/multiple-ai-ipo-anthropic/
2026-09-17T12:37:06Z,expected accompany,23,False,True,False,False,1,Wave of AI - driven IPOs expected to accompany Anthropic listing – Oroville Mercury - Register | Wave of AI - driven IPOs expected to accompany Anthropic listing – Orange County Register | Wave of AI - driven IPOs expected to accompany Anthropic listing – thereporteronline,https://www.orovillemr.com/2026/09/10/multiple-ai-ipo-anthropic/ | https://www.ocregister.com/2026/09/10/multiple-ai-ipo-anthropic/ | https://www.thereporteronline.com/2026/09/10/multiple-ai-ipo-anthropic/
2026-09-17T12:37:06Z,wave ai driven,23,False,True,False,False,1,Wave of AI - driven IPOs expected to accompany Anthropic listing – Oroville Mercury - Register | Wave of AI - driven IPOs expected to accompany Anthropic listing – Orange County Register | Wave of AI - driven IPOs expected to accompany Anthropic listing – thereporteronline,https://www.orovillemr.com/2026/09/10/multiple-ai-ipo-anthropic/ | https://www.ocregister.com/2026/09/10/multiple-ai-ipo-anthropic/ | https://www.thereporteronline.com/2026/09/10/multiple-ai-ipo-anthropic/
2026-09-17T12:37:06Z,ai driven ipos,23,False,True,False,False,1,Wave of AI - driven IPOs expected to accompany Anthropic listing – Oroville Mercury - Register | Wave of AI - driven IPOs expected to accompany Anthropic listing – Orange County Register | Wave of AI - driven IPOs expected to accompany Anthropic listing – thereporteronline,https://www.orovillemr.com/2026/09/10/multiple-ai-ipo-anthropic/ | https://www.ocregister.com/2026/09/10/multiple-ai-ipo-anthropic/ | https://www.thereporteronline.com/2026/09/10/multiple-ai-ipo-anthropic/
2026-09-17T12:37:06Z,driven ipos expected,23,False,True,False,False,1,Wave of AI - driven IPOs expected to accompany Anthropic listing – Oroville Mercury - Register | Wave of AI - driven IPOs expected to accompany Anthropic listing – Orange County Register | Wave of AI - driven IPOs expected to accompany Anthropic listing – thereporteronline,https://www.orovillemr.com/2026/09/10/multiple-ai-ipo-anthropic/ | https://www.ocregister.com/2026/09/10/multiple-ai-ipo-anthropic/ | https://www.thereporteronline.com/2026/09/10/multiple-ai-ipo-anthropic/
2026-09-17T12:37:06Z,ipos expected accompany,23,False,True,False,False,1,Wave of AI - driven IPOs expected to accompany Anthropic listing – Oroville Mercury - Register | Wave of AI - driven IPOs expected to accompany Anthropic listing – Orange County Register | Wave of AI - driven IPOs expected to accompany Anthropic listing – thereporteronline,https://www.orovillemr.com/2026/09/10/multiple-ai-ipo-anthropic/ | https://www.ocregister.com/2026/09/10/multiple-ai-ipo-anthropic/ | https://www.thereporteronline.com/2026/09/10/multiple-ai-ipo-anthropic/
2026-09-17T12:37:06Z,expected accompany anthropic,23,False,True,False,False,1,Wave of AI - driven IPOs expected to accompany Anthropic listing – Oroville Mercury - Register | Wave of AI - driven IPOs expected to accompany Anthropic listing – Orange County Register | Wave of AI - driven IPOs expected to accompany Anthropic listing – thereporteronline,https://www.orovillemr.com/2026/09/10/multiple-ai-ipo-anthropic/ | https://www.ocregister.com/2026/09/10/multiple-ai-ipo-anthropic/ | https://www.thereporteronline.com/2026/09/10/multiple-ai-ipo-anthropic/
2026-09-17T12:37:06Z,modi welcomes,21,False,True,False,False,1,"BRICS Summit 2026 : PM Modi welcomes Ethiopian PM Abiy Ahmed Ali , Brazilian Foreign Minister Mauro Vieira at venue | BRICS Summit 2026 : PM Modi welcomes South African President Cyril Ramaphosa and Egyptian President Abdel Fattah el - Sisi at venue | PM Modi welcomes world leaders , addresses open session on day 2 of 18th BRICS Summit ; to hold bilateral meetings",https://aninews.in/news/world/asia/brics-summit-2026-pm-modi-welcomes-ethiopian-pm-abiy-ahmed-ali-brazilian-foreign-minister-mauro-vieira-at-venue20260912143539/ | https://aninews.in/news/world/asia/brics-summit-2026-pm-modi-welcomes-south-african-president-cyril-ramaphosa-and-egyptian-president-abdel-fattah-el-sisi-at-venue20260912150133/ | https://www.livemint.com/news/india/pm-modi-welcomes-world-leaders-addresses-open-session-on-day-2-of-18th-brics-summit-to-hold-bilateral-meetings-11789280683070.html
2026-09-17T12:37:06Z,summit modi,20,False,True,False,False,1,"BRICS Summit 2026 : PM Modi welcomes Ethiopian PM Abiy Ahmed Ali , Brazilian Foreign Minister Mauro Vieira at venue | BRICS Summit 2026 : PM Modi welcomes South African President Cyril Ramaphosa and Egyptian President Abdel Fattah el - Sisi at venue | BRICS Summit 2026 : PM Modi welcomes Chinese President Xi Jinping at Bharat Mandapam",https://aninews.in/news/world/asia/brics-summit-2026-pm-modi-welcomes-ethiopian-pm-abiy-ahmed-ali-brazilian-foreign-minister-mauro-vieira-at-venue20260912143539/ | https://aninews.in/news/world/asia/brics-summit-2026-pm-modi-welcomes-south-african-president-cyril-ramaphosa-and-egyptian-president-abdel-fattah-el-sisi-at-venue20260912150133/ | http://www.chinanationalnews.com/news/279302924/brics-summit-2026-pm-modi-welcomes-chinese-president-xi-jinping-at-bharat-mandapam
2026-09-17T12:37:06Z,brics summit modi,20,False,True,False,False,1,"BRICS Summit 2026 : PM Modi welcomes Ethiopian PM Abiy Ahmed Ali , Brazilian Foreign Minister Mauro Vieira at venue | BRICS Summit 2026 : PM Modi welcomes South African President Cyril Ramaphosa and Egyptian President Abdel Fattah el - Sisi at venue | BRICS Summit 2026 : PM Modi welcomes Chinese President Xi Jinping at Bharat Mandapam",https://aninews.in/news/world/asia/brics-summit-2026-pm-modi-welcomes-ethiopian-pm-abiy-ahmed-ali-brazilian-foreign-minister-mauro-vieira-at-venue20260912143539/ | https://aninews.in/news/world/asia/brics-summit-2026-pm-modi-welcomes-south-african-president-cyril-ramaphosa-and-egyptian-president-abdel-fattah-el-sisi-at-venue20260912150133/ | http://www.chinanationalnews.com/news/279302924/brics-summit-2026-pm-modi-welcomes-chinese-president-xi-jinping-at-bharat-mandapam
2026-09-17T12:37:06Z,summit modi welcomes,20,False,True,False,False,1,"BRICS Summit 2026 : PM Modi welcomes Ethiopian PM Abiy Ahmed Ali , Brazilian Foreign Minister Mauro Vieira at venue | BRICS Summit 2026 : PM Modi welcomes South African President Cyril Ramaphosa and Egyptian President Abdel Fattah el - Sisi at venue | BRICS Summit 2026 : PM Modi welcomes Chinese President Xi Jinping at Bharat Mandapam",https://aninews.in/news/world/asia/brics-summit-2026-pm-modi-welcomes-ethiopian-pm-abiy-ahmed-ali-brazilian-foreign-minister-mauro-vieira-at-venue20260912143539/ | https://aninews.in/news/world/asia/brics-summit-2026-pm-modi-welcomes-south-african-president-cyril-ramaphosa-and-egyptian-president-abdel-fattah-el-sisi-at-venue20260912150133/ | http://www.chinanationalnews.com/news/279302924/brics-summit-2026-pm-modi-welcomes-chinese-president-xi-jinping-at-bharat-mandapam
2026-09-17T12:37:06Z,bharat mandapam,20,False,True,False,False,1,"PM Modi , Russian President Putin arrive at Bharat Mandapam as BRICS Summit 2026 kickstarts | BRICS Summit 2026 : PM Modi welcomes Chinese President Xi Jinping at Bharat Mandapam | BRICS Summit : PM Modi welcomes Russian President Vladimir Putin at Bharat Mandapam",https://aninews.in/news/world/asia/pm-modi-russian-president-putin-arrive-at-bharat-mandapam-as-brics-summit-2026-kickstarts20260912141840/ | http://www.chinanationalnews.com/news/279302924/brics-summit-2026-pm-modi-welcomes-chinese-president-xi-jinping-at-bharat-mandapam | http://www.asiabulletin.com/news/279302936/brics-summit-pm-modi-welcomes-russian-president-vladimir-putin-at-bharat-mandapam
2026-09-17T12:37:06Z,trump administration,17,False,True,False,False,1,"Trump Administration Loans $100 Million to Africell to Challenge Huawei in Africa , ETTelecom | Trump administration to lend $100 million to Africell , countering Huawei in Africa | Trump administration to lend $100 million to Africell , countering Huawei in Africa",https://telecom.economictimes.indiatimes.com/news/telecom-equipment/trump-administration-to-lend-100-million-to-africell-countering-huawei-in-africa/134046966 | https://www.straitstimes.com/asia/trump-administration-to-lend-100-million-to-africell-countering-huawei-in-africa | https://lufkindailynews.com/news_reuters/business/trump-administration-to-lend-100-million-to-africell-countering-huawei-in-africa/article_7a06463e-487f-55ac-b36c-ff99d92cfbe6.html
2026-09-17T12:37:06Z,ai push,15,False,True,False,False,1,"Strive Masiyiwa Cassava joins Vodafone in $1 billion Egypt data - centre and sovereign AI push | Oracle layoffs : IT giant adds $700 million to restructuring tally amid expensive AI push | Google plans $15 billion Finland AI push , signs nuclear deal",https://www.newzimbabwe.com/strive-masiyiwas-cassava-joins-vodafone-in-1-billion-egypt-data-centre-and-sovereign-ai-push/ | https://www.businesstoday.in/technology/story/oracle-layoffs-it-giant-adds-700-million-to-restructuring-tally-amid-expensive-ai-push-555216-2026-09-13 | http://www.dallassun.com/news/279296760/google-plans-usd15-billion-finland-ai-push-signs-nuclear-deal
2026-09-17T12:37:06Z,finland ai,15,False,True,False,False,1,"Google Commits To Finland AI Infrastructure , Secures Nuclear Power Deal | Google Commits To Finland AI Infrastructure , Secures Nuclear Power Deal | Google plans $15 billion Finland AI push , signs nuclear deal",https://www.finanzen.ch/nachrichten/aktien/google-commits-to-finland-ai-infrastructure-secures-nuclear-power-deal-1036537909 | https://www.rttnews.com/3690161/google-commits-to-finland-ai-infrastructure-secures-nuclear-power-deal.aspx | http://www.dallassun.com/news/279296760/google-plans-usd15-billion-finland-ai-push-signs-nuclear-deal
2026-09-17T12:37:06Z,administration lends,14,False,True,False,False,1,Trump administration lends $100M to US - owned cellphone network in Africa | Trump administration lends $100M to US - owned cellphone network in Africa | Trump administration lends $100M to US - owned cellphone network in Africa,https://www.thetimes-tribune.com/2026/09/11/trump-administration-cellphone-network-africa/ | https://www.dailylocal.com/2026/09/11/trump-administration-cellphone-network-africa/ | https://www.montereyherald.com/2026/09/11/trump-administration-cellphone-network-africa/
2026-09-18T11:55:03Z,google plans,15,False,True,True,False,2,"Google plans for $15B AI build - out in Finland | The Arkansas Democrat - Gazette | Google plans EUR13 billion Finland investment to expand data centers , clean energy | Google plans $15 billion Finland AI push , signs nuclear deal",https://www.arkansasonline.com/news/2026/sep/10/google-plans-for-15b-ai-build-out-in-finland/ | https://www.digitimes.com/news/a20260910PR201/google-finland-investment-data-center-expansion.html | http://www.dallassun.com/news/279296760/google-plans-usd15-billion-finland-ai-push-signs-nuclear-deal
2026-09-18T11:55:03Z,kill all,6,False,True,True,False,2,"AI researchers  earnestly believe  it could kill all humans within the next decade , Anthropic researcher says | The 27 - year - old who warned that AI could  kill us all  faces intense scrutiny | The 27 - year - old who warned that AI could  kill us all  faces intense scrutiny",https://www.cbc.ca/news/business/anthropic-researcher-resigned-9.7337789 | https://www.watoday.com.au/technology/the-27-year-old-who-warned-that-ai-could-kill-us-all-faces-intense-scrutiny-20260911-p60wfi.html | https://www.theage.com.au/technology/the-27-year-old-who-warned-that-ai-could-kill-us-all-faces-intense-scrutiny-20260911-p60wfi.html
2026-09-18T11:55:03Z,ai kill all,5,False,True,True,False,2,The 27 - year - old who warned that AI could  kill us all  faces intense scrutiny | The 27 - year - old who warned that AI could  kill us all  faces intense scrutiny | The 27 - year - old who warned that AI could  kill us all  faces intense scrutiny,https://www.watoday.com.au/technology/the-27-year-old-who-warned-that-ai-could-kill-us-all-faces-intense-scrutiny-20260911-p60wfi.html | https://www.theage.com.au/technology/the-27-year-old-who-warned-that-ai-could-kill-us-all-faces-intense-scrutiny-20260911-p60wfi.html | https://www.smh.com.au/technology/the-27-year-old-who-warned-that-ai-could-kill-us-all-faces-intense-scrutiny-20260911-p60wfi.html
2026-09-18T11:55:03Z,artificial intelligence,4,False,True,True,False,2,"Artificial Intelligence : How tech tools are changing work , school and the stock market | Better Artificial Intelligence Stock : Applied Digital vs . Super Micro Computer | Wall Street Finds Its AI Lifeline : How Artificial Intelligence Offers Fresh Exits for Trapped Private Equity Billions",https://originals.azpm.org/p/navigating/2026/9/8/231120-artificial-intelligence-how-tech-tools-are-changing-work-school-and-the-stock-market/ | https://www.fool.com/coverage/better-buy/2026/09/09/better-artificial-intelligence-stock-applied-digital-vs-super-micro-computer/?source=iedfolrf0000001 | https://www.webpronews.com/wall-street-finds-its-ai-lifeline-how-artificial-intelligence-offers-fresh-exits-for-trapped-private-equity-billions/
2026-09-18T11:55:03Z,nuclear plant,3,False,True,True,False,2,Energy Department loans $1 . 9B to restart Iowa nuclear plant | Energy Department loans $1 . 9B to restart Iowa nuclear plant | Google agrees to buy up to 50 % of Finnish nuclear plant capacity from Fortum,https://www.fairfieldsuntimes.com/news/national/energy-department-loans-1-9b-to-restart-iowa-nuclear-plant/article_08994566-c882-5aa4-b1df-a2faf435b160.html | https://www.hometownregister.com/news/national/energy-department-loans-1-9b-to-restart-iowa-nuclear-plant/article_f3f563d1-5fe9-509e-87d7-35eb05418741.html | https://www.moneycontrol.com/news/business/google-agrees-to-buy-up-to-50-of-finnish-nuclear-plant-capacity-from-fortum-14026489.html
2026-09-18T11:55:03Z,oil gas,2,False,True,True,False,2,"APO Group - Africa Newsroom / Press release | The Dealmakers Are Set to Storm Windhoek : Nigerian Governors and CORAN Bigwigs Set to Storm International African Energy , Oil and Gas Summit ( IAEOGS ) 2026 to Unlock Africa Energy Future | Battalion Oil Corporation Announces Strategic Investment in Collide , the AI - Native Operations System for Oil and Gas",https://www.africa-newsroom.com/press/the-dealmakers-are-set-to-storm-windhoek-nigerian-governors-and-coran-bigwigs-set-to-storm-iaeogs-2026-to-unlock-africas-energy-future | https://www.manilatimes.net/2026/09/09/tmt-newswire/globenewswire/battalion-oil-corporation-announces-strategic-investment-in-collide-the-ai-native-operations-system-for-oil-and-gas/2421103
2026-09-18T11:55:03Z,derivatives trading,2,False,True,True,False,2,"SEBI Likely To Allow FPIs In Commodity Derivatives Trading : Report | Zoomex Stock Brings Tesla 6 % Surge and Nvidia Choppy Session Within Reach Through Fair , Rule - Based Derivatives Trading",https://www.freepressjournal.in/business/sebi-likely-to-allow-fpis-in-commodity-derivatives-trading-report | https://bravenewcoin.com/press-release/zoomex-stock-brings-teslas-6-surge-and-nvidias-choppy-session-within-reach-through-fair-rule-based-derivatives-trading
2026-09-18T11:55:03Z,land use,2,False,True,True,False,2,"Americans are turning against AI data centers as local fears over water , power costs , and land use keep growing nationwide | Opinion : Evaluating data centers as land use application proposals",https://www.techradar.com/pro/69-of-americans-oppose-local-ai-data-centers-in-2026-poll-trump-blasts-blocking-communities-on-truth-social-for-choosing-poverty-over-server-farms-throwing-off-tremendous-amounts-of-money | https://www.morningjournal.com/2026/09/12/opinion-evaluating-data-centers-as-land-use-application-proposals/
2026-09-18T11:55:03Z,trading down,2,False,True,True,False,2,Apple ( NASDAQ : AAPL ) Trading Down 1 . 2 % – What Next ?  | Nebius Group ( NASDAQ : NBIS ) Trading Down 5 . 1 % – Time to Sell ?  | NexMetals Mining ( NASDAQ : NEXM ) Trading Down 0 . 6 % – Here Why,https://www.themarketsdaily.com/2026/09/08/apple-nasdaqaapl-trading-down-1-2-whats-next.html | https://www.dailypolitical.com/2026/09/10/nebius-group-nasdaqnbis-trading-down-5-1-time-to-sell.html | https://www.themarketsdaily.com/2026/09/12/nexmetals-mining-nasdaqnexm-trading-down-0-6-heres-why.html
2026-09-18T11:55:03Z,down next,2,False,True,True,False,2,Apple ( NASDAQ : AAPL ) Trading Down 1 . 2 % – What Next ?  | Cisco Systems ( NASDAQ : CSCO ) Stock Price Down 1 . 8 % – What Next ?  | NVIDIA ( NASDAQ : NVDA ) Shares Down 2 . 4 % – What Next ? ,https://www.themarketsdaily.com/2026/09/08/apple-nasdaqaapl-trading-down-1-2-whats-next.html | https://www.themarketsdaily.com/2026/09/10/cisco-systems-nasdaqcsco-stock-price-down-1-8-whats-next.html | https://www.dailypolitical.com/2026/09/10/nvidia-nasdaqnvda-shares-down-2-4-whats-next.html
2026-09-18T11:55:03Z,lead next,2,False,True,True,False,2,"Opus Origin Taps Greg Topalian to Lead its Next Chapter of North American Growth | India New Industrial Revolution : Chips , Space and Data Centres Lead Next Manufacturing Growth Wave , Says Jefferies",https://www.exhibitoronline.com/news/article.asp?ID=25377 | https://openthemagazine.com/india/chips-space-and-data-centres-jefferies-flags-indias-next-industrial-revolution
2026-09-18T11:55:03Z,price down,2,False,True,True,False,2,Sandisk ( NASDAQ : SNDK ) Stock Price Down 4 . 1 % – Here What Happened | Cisco Systems ( NASDAQ : CSCO ) Stock Price Down 1 . 8 % – What Next ?  | Vistra ( NYSE : VST ) Stock Price Down 2 . 4 % on Insider Selling,https://www.dailypolitical.com/2026/09/10/sandisk-nasdaqsndk-stock-price-down-4-1-heres-what-happened.html | https://www.themarketsdaily.com/2026/09/10/cisco-systems-nasdaqcsco-stock-price-down-1-8-whats-next.html | https://www.themarketsdaily.com/2026/09/10/vistra-nysevst-stock-price-down-2-4-on-insider-selling.html
2026-09-18T11:55:03Z,down selling,2,False,True,True,False,2,Vistra ( NYSE : VST ) Stock Price Down 2 . 4 % on Insider Selling | Arista Networks ( NYSE : ANET ) Stock Price Down 2 % After Insider Selling,https://www.themarketsdaily.com/2026/09/10/vistra-nysevst-stock-price-down-2-4-on-insider-selling.html | https://www.dailypolitical.com/2026/09/12/arista-networks-nyseanet-stock-price-down-2-after-insider-selling.html
2026-09-18T11:55:03Z,price down selling,2,False,True,True,False,2,Vistra ( NYSE : VST ) Stock Price Down 2 . 4 % on Insider Selling | Arista Networks ( NYSE : ANET ) Stock Price Down 2 % After Insider Selling,https://www.themarketsdaily.com/2026/09/10/vistra-nysevst-stock-price-down-2-4-on-insider-selling.html | https://www.dailypolitical.com/2026/09/12/arista-networks-nyseanet-stock-price-down-2-after-insider-selling.html
2026-09-18T11:55:03Z,brics summit,37,False,True,False,False,1,BRICS Summit 2026 : Key likely outcomes as India drives a transformative global agenda in New Delhi | BRICS Summit 2026 : Key likely outcomes as India drives a transformative global agenda in New Delhi | BRICS Summit 2026 : Key likely outcomes as India drives a transformative global agenda in New Delhi,http://www.middleeaststar.com/news/279293033/brics-summit-2026-key-likely-outcomes-as-india-drives-a-transformative-global-agenda-in-new-delhi | https://economictimes.indiatimes.com/news/india/brics-summit-2026-key-likely-outcomes-as-india-drives-a-transformative-global-agenda-in-new-delhi/articleshow/133905594.cms | https://aninews.in/news/world/asia/brics-summit-2026-key-likely-outcomes-as-india-drives-a-transformative-global-agenda-in-new-delhi20260908085217/
2026-09-18T11:55:03Z,growth sectors,26,False,True,False,False,1,Jefferies flags  India New Industrial Revolution  across six high - growth sectors | Jefferies flags  India New Industrial Revolution  across six high - growth sectors | Jefferies flags  India New Industrial Revolution  across six high - growth sectors,http://www.britainnews.net/news/279297968/jefferies-flags-india-new-industrial-revolution-across-six-high-growth-sectors | http://www.myanmarnews.net/news/279297968/jefferies-flags-india-new-industrial-revolution-across-six-high-growth-sectors | http://www.newzealandstar.com/news/279297968/jefferies-flags-india-new-industrial-revolution-across-six-high-growth-sectors
2026-09-18T11:55:03Z,jefferies flags,25,False,True,False,False,1,Jefferies flags  India New Industrial Revolution  across six high - growth sectors | Jefferies flags  India New Industrial Revolution  across six high - growth sectors | Jefferies flags  India New Industrial Revolution  across six high - growth sectors,http://www.britainnews.net/news/279297968/jefferies-flags-india-new-industrial-revolution-across-six-high-growth-sectors | http://www.myanmarnews.net/news/279297968/jefferies-flags-india-new-industrial-revolution-across-six-high-growth-sectors | http://www.newzealandstar.com/news/279297968/jefferies-flags-india-new-industrial-revolution-across-six-high-growth-sectors
2026-09-18T11:55:03Z,across six,25,False,True,False,False,1,Jefferies flags  India New Industrial Revolution  across six high - growth sectors | Jefferies flags  India New Industrial Revolution  across six high - growth sectors | Jefferies flags  India New Industrial Revolution  across six high - growth sectors,http://www.britainnews.net/news/279297968/jefferies-flags-india-new-industrial-revolution-across-six-high-growth-sectors | http://www.myanmarnews.net/news/279297968/jefferies-flags-india-new-industrial-revolution-across-six-high-growth-sectors | http://www.newzealandstar.com/news/279297968/jefferies-flags-india-new-industrial-revolution-across-six-high-growth-sectors
2026-09-18T11:55:03Z,ai driven,24,False,True,False,False,1,AI - Driven IPO Wave Set to Accompany Anthropic Listing | Wave of AI - driven IPOs expected to accompany Anthropic listing – Oroville Mercury - Register | Wave of AI - driven IPOs expected to accompany Anthropic listing – Orange County Register,https://www.livemint.com/market/aidriven-ipo-wave-set-to-accompany-anthropic-listing-11788992244915.html | https://www.orovillemr.com/2026/09/10/multiple-ai-ipo-anthropic/ | https://www.ocregister.com/2026/09/10/multiple-ai-ipo-anthropic/
2026-09-18T11:55:03Z,accompany anthropic,24,False,True,False,False,1,AI - Driven IPO Wave Set to Accompany Anthropic Listing | Wave of AI - driven IPOs expected to accompany Anthropic listing – Oroville Mercury - Register | Wave of AI - driven IPOs expected to accompany Anthropic listing – Orange County Register,https://www.livemint.com/market/aidriven-ipo-wave-set-to-accompany-anthropic-listing-11788992244915.html | https://www.orovillemr.com/2026/09/10/multiple-ai-ipo-anthropic/ | https://www.ocregister.com/2026/09/10/multiple-ai-ipo-anthropic/
2026-09-18T11:55:03Z,anthropic listing,24,False,True,False,False,1,AI - Driven IPO Wave Set to Accompany Anthropic Listing | Wave of AI - driven IPOs expected to accompany Anthropic listing – Oroville Mercury - Register | Wave of AI - driven IPOs expected to accompany Anthropic listing – Orange County Register,https://www.livemint.com/market/aidriven-ipo-wave-set-to-accompany-anthropic-listing-11788992244915.html | https://www.orovillemr.com/2026/09/10/multiple-ai-ipo-anthropic/ | https://www.ocregister.com/2026/09/10/multiple-ai-ipo-anthropic/
2026-09-18T11:55:03Z,accompany anthropic listing,24,False,True,False,False,1,AI - Driven IPO Wave Set to Accompany Anthropic Listing | Wave of AI - driven IPOs expected to accompany Anthropic listing – Oroville Mercury - Register | Wave of AI - driven IPOs expected to accompany Anthropic listing – Orange County Register,https://www.livemint.com/market/aidriven-ipo-wave-set-to-accompany-anthropic-listing-11788992244915.html | https://www.orovillemr.com/2026/09/10/multiple-ai-ipo-anthropic/ | https://www.ocregister.com/2026/09/10/multiple-ai-ipo-anthropic/
2026-09-18T11:55:03Z,wave ai,23,False,True,False,False,1,Wave of AI - driven IPOs expected to accompany Anthropic listing – Oroville Mercury - Register | Wave of AI - driven IPOs expected to accompany Anthropic listing – Orange County Register | Wave of AI - driven IPOs expected to accompany Anthropic listing – thereporteronline,https://www.orovillemr.com/2026/09/10/multiple-ai-ipo-anthropic/ | https://www.ocregister.com/2026/09/10/multiple-ai-ipo-anthropic/ | https://www.thereporteronline.com/2026/09/10/multiple-ai-ipo-anthropic/
2026-09-18T11:55:03Z,driven ipos,23,False,True,False,False,1,Wave of AI - driven IPOs expected to accompany Anthropic listing – Oroville Mercury - Register | Wave of AI - driven IPOs expected to accompany Anthropic listing – Orange County Register | Wave of AI - driven IPOs expected to accompany Anthropic listing – thereporteronline,https://www.orovillemr.com/2026/09/10/multiple-ai-ipo-anthropic/ | https://www.ocregister.com/2026/09/10/multiple-ai-ipo-anthropic/ | https://www.thereporteronline.com/2026/09/10/multiple-ai-ipo-anthropic/
2026-09-18T11:55:03Z,ipos expected,23,False,True,False,False,1,Wave of AI - driven IPOs expected to accompany Anthropic listing – Oroville Mercury - Register | Wave of AI - driven IPOs expected to accompany Anthropic listing – Orange County Register | Wave of AI - driven IPOs expected to accompany Anthropic listing – thereporteronline,https://www.orovillemr.com/2026/09/10/multiple-ai-ipo-anthropic/ | https://www.ocregister.com/2026/09/10/multiple-ai-ipo-anthropic/ | https://www.thereporteronline.com/2026/09/10/multiple-ai-ipo-anthropic/
2026-09-18T11:55:03Z,expected accompany,23,False,True,False,False,1,Wave of AI - driven IPOs expected to accompany Anthropic listing – Oroville Mercury - Register | Wave of AI - driven IPOs expected to accompany Anthropic listing – Orange County Register | Wave of AI - driven IPOs expected to accompany Anthropic listing – thereporteronline,https://www.orovillemr.com/2026/09/10/multiple-ai-ipo-anthropic/ | https://www.ocregister.com/2026/09/10/multiple-ai-ipo-anthropic/ | https://www.thereporteronline.com/2026/09/10/multiple-ai-ipo-anthropic/
2026-09-18T11:55:03Z,wave ai driven,23,False,True,False,False,1,Wave of AI - driven IPOs expected to accompany Anthropic listing – Oroville Mercury - Register | Wave of AI - driven IPOs expected to accompany Anthropic listing – Orange County Register | Wave of AI - driven IPOs expected to accompany Anthropic listing – thereporteronline,https://www.orovillemr.com/2026/09/10/multiple-ai-ipo-anthropic/ | https://www.ocregister.com/2026/09/10/multiple-ai-ipo-anthropic/ | https://www.thereporteronline.com/2026/09/10/multiple-ai-ipo-anthropic/
2026-09-18T11:55:03Z,ai driven ipos,23,False,True,False,False,1,Wave of AI - driven IPOs expected to accompany Anthropic listing – Oroville Mercury - Register | Wave of AI - driven IPOs expected to accompany Anthropic listing – Orange County Register | Wave of AI - driven IPOs expected to accompany Anthropic listing – thereporteronline,https://www.orovillemr.com/2026/09/10/multiple-ai-ipo-anthropic/ | https://www.ocregister.com/2026/09/10/multiple-ai-ipo-anthropic/ | https://www.thereporteronline.com/2026/09/10/multiple-ai-ipo-anthropic/
2026-09-18T11:55:03Z,driven ipos expected,23,False,True,False,False,1,Wave of AI - driven IPOs expected to accompany Anthropic listing – Oroville Mercury - Register | Wave of AI - driven IPOs expected to accompany Anthropic listing – Orange County Register | Wave of AI - driven IPOs expected to accompany Anthropic listing – thereporteronline,https://www.orovillemr.com/2026/09/10/multiple-ai-ipo-anthropic/ | https://www.ocregister.com/2026/09/10/multiple-ai-ipo-anthropic/ | https://www.thereporteronline.com/2026/09/10/multiple-ai-ipo-anthropic/
2026-09-18T11:55:03Z,ipos expected accompany,23,False,True,False,False,1,Wave of AI - driven IPOs expected to accompany Anthropic listing – Oroville Mercury - Register | Wave of AI - driven IPOs expected to accompany Anthropic listing – Orange County Register | Wave of AI - driven IPOs expected to accompany Anthropic listing – thereporteronline,https://www.orovillemr.com/2026/09/10/multiple-ai-ipo-anthropic/ | https://www.ocregister.com/2026/09/10/multiple-ai-ipo-anthropic/ | https://www.thereporteronline.com/2026/09/10/multiple-ai-ipo-anthropic/
2026-09-18T11:55:03Z,expected accompany anthropic,23,False,True,False,False,1,Wave of AI - driven IPOs expected to accompany Anthropic listing – Oroville Mercury - Register | Wave of AI - driven IPOs expected to accompany Anthropic listing – Orange County Register | Wave of AI - driven IPOs expected to accompany Anthropic listing – thereporteronline,https://www.orovillemr.com/2026/09/10/multiple-ai-ipo-anthropic/ | https://www.ocregister.com/2026/09/10/multiple-ai-ipo-anthropic/ | https://www.thereporteronline.com/2026/09/10/multiple-ai-ipo-anthropic/
2026-09-18T11:55:03Z,modi welcomes,21,False,True,False,False,1,"BRICS Summit 2026 : PM Modi welcomes Ethiopian PM Abiy Ahmed Ali , Brazilian Foreign Minister Mauro Vieira at venue | BRICS Summit 2026 : PM Modi welcomes South African President Cyril Ramaphosa and Egyptian President Abdel Fattah el - Sisi at venue | PM Modi welcomes world leaders , addresses open session on day 2 of 18th BRICS Summit ; to hold bilateral meetings",https://aninews.in/news/world/asia/brics-summit-2026-pm-modi-welcomes-ethiopian-pm-abiy-ahmed-ali-brazilian-foreign-minister-mauro-vieira-at-venue20260912143539/ | https://aninews.in/news/world/asia/brics-summit-2026-pm-modi-welcomes-south-african-president-cyril-ramaphosa-and-egyptian-president-abdel-fattah-el-sisi-at-venue20260912150133/ | https://www.livemint.com/news/india/pm-modi-welcomes-world-leaders-addresses-open-session-on-day-2-of-18th-brics-summit-to-hold-bilateral-meetings-11789280683070.html
2026-09-18T11:55:03Z,summit modi,20,False,True,False,False,1,"BRICS Summit 2026 : PM Modi welcomes Ethiopian PM Abiy Ahmed Ali , Brazilian Foreign Minister Mauro Vieira at venue | BRICS Summit 2026 : PM Modi welcomes South African President Cyril Ramaphosa and Egyptian President Abdel Fattah el - Sisi at venue | BRICS Summit 2026 : PM Modi welcomes Chinese President Xi Jinping at Bharat Mandapam",https://aninews.in/news/world/asia/brics-summit-2026-pm-modi-welcomes-ethiopian-pm-abiy-ahmed-ali-brazilian-foreign-minister-mauro-vieira-at-venue20260912143539/ | https://aninews.in/news/world/asia/brics-summit-2026-pm-modi-welcomes-south-african-president-cyril-ramaphosa-and-egyptian-president-abdel-fattah-el-sisi-at-venue20260912150133/ | http://www.chinanationalnews.com/news/279302924/brics-summit-2026-pm-modi-welcomes-chinese-president-xi-jinping-at-bharat-mandapam
2026-09-18T11:55:03Z,brics summit modi,20,False,True,False,False,1,"BRICS Summit 2026 : PM Modi welcomes Ethiopian PM Abiy Ahmed Ali , Brazilian Foreign Minister Mauro Vieira at venue | BRICS Summit 2026 : PM Modi welcomes South African President Cyril Ramaphosa and Egyptian President Abdel Fattah el - Sisi at venue | BRICS Summit 2026 : PM Modi welcomes Chinese President Xi Jinping at Bharat Mandapam",https://aninews.in/news/world/asia/brics-summit-2026-pm-modi-welcomes-ethiopian-pm-abiy-ahmed-ali-brazilian-foreign-minister-mauro-vieira-at-venue20260912143539/ | https://aninews.in/news/world/asia/brics-summit-2026-pm-modi-welcomes-south-african-president-cyril-ramaphosa-and-egyptian-president-abdel-fattah-el-sisi-at-venue20260912150133/ | http://www.chinanationalnews.com/news/279302924/brics-summit-2026-pm-modi-welcomes-chinese-president-xi-jinping-at-bharat-mandapam
2026-09-18T11:55:03Z,summit modi welcomes,20,False,True,False,False,1,"BRICS Summit 2026 : PM Modi welcomes Ethiopian PM Abiy Ahmed Ali , Brazilian Foreign Minister Mauro Vieira at venue | BRICS Summit 2026 : PM Modi welcomes South African President Cyril Ramaphosa and Egyptian President Abdel Fattah el - Sisi at venue | BRICS Summit 2026 : PM Modi welcomes Chinese President Xi Jinping at Bharat Mandapam",https://aninews.in/news/world/asia/brics-summit-2026-pm-modi-welcomes-ethiopian-pm-abiy-ahmed-ali-brazilian-foreign-minister-mauro-vieira-at-venue20260912143539/ | https://aninews.in/news/world/asia/brics-summit-2026-pm-modi-welcomes-south-african-president-cyril-ramaphosa-and-egyptian-president-abdel-fattah-el-sisi-at-venue20260912150133/ | http://www.chinanationalnews.com/news/279302924/brics-summit-2026-pm-modi-welcomes-chinese-president-xi-jinping-at-bharat-mandapam
2026-09-18T11:55:03Z,bharat mandapam,20,False,True,False,False,1,"PM Modi , Russian President Putin arrive at Bharat Mandapam as BRICS Summit 2026 kickstarts | BRICS Summit 2026 : PM Modi welcomes Chinese President Xi Jinping at Bharat Mandapam | BRICS Summit : PM Modi welcomes Russian President Vladimir Putin at Bharat Mandapam",https://aninews.in/news/world/asia/pm-modi-russian-president-putin-arrive-at-bharat-mandapam-as-brics-summit-2026-kickstarts20260912141840/ | http://www.chinanationalnews.com/news/279302924/brics-summit-2026-pm-modi-welcomes-chinese-president-xi-jinping-at-bharat-mandapam | http://www.asiabulletin.com/news/279302936/brics-summit-pm-modi-welcomes-russian-president-vladimir-putin-at-bharat-mandapam
2026-09-18T11:55:03Z,trump administration,17,False,True,False,False,1,"Trump Administration Loans $100 Million to Africell to Challenge Huawei in Africa , ETTelecom | Trump administration to lend $100 million to Africell , countering Huawei in Africa | Trump administration to lend $100 million to Africell , countering Huawei in Africa",https://telecom.economictimes.indiatimes.com/news/telecom-equipment/trump-administration-to-lend-100-million-to-africell-countering-huawei-in-africa/134046966 | https://www.straitstimes.com/asia/trump-administration-to-lend-100-million-to-africell-countering-huawei-in-africa | https://lufkindailynews.com/news_reuters/business/trump-administration-to-lend-100-million-to-africell-countering-huawei-in-africa/article_7a06463e-487f-55ac-b36c-ff99d92cfbe6.html
2026-09-18T11:55:03Z,ai push,15,False,True,False,False,1,"Strive Masiyiwa Cassava joins Vodafone in $1 billion Egypt data - centre and sovereign AI push | Oracle layoffs : IT giant adds $700 million to restructuring tally amid expensive AI push | Google plans $15 billion Finland AI push , signs nuclear deal",https://www.newzimbabwe.com/strive-masiyiwas-cassava-joins-vodafone-in-1-billion-egypt-data-centre-and-sovereign-ai-push/ | https://www.businesstoday.in/technology/story/oracle-layoffs-it-giant-adds-700-million-to-restructuring-tally-amid-expensive-ai-push-555216-2026-09-13 | http://www.dallassun.com/news/279296760/google-plans-usd15-billion-finland-ai-push-signs-nuclear-deal
2026-09-18T11:55:03Z,finland ai,15,False,True,False,False,1,"Google Commits To Finland AI Infrastructure , Secures Nuclear Power Deal | Google Commits To Finland AI Infrastructure , Secures Nuclear Power Deal | Google plans $15 billion Finland AI push , signs nuclear deal",https://www.finanzen.ch/nachrichten/aktien/google-commits-to-finland-ai-infrastructure-secures-nuclear-power-deal-1036537909 | https://www.rttnews.com/3690161/google-commits-to-finland-ai-infrastructure-secures-nuclear-power-deal.aspx | http://www.dallassun.com/news/279296760/google-plans-usd15-billion-finland-ai-push-signs-nuclear-deal
2026-09-18T11:55:03Z,administration lends,14,False,True,False,False,1,Trump administration lends $100M to US - owned cellphone network in Africa | Trump administration lends $100M to US - owned cellphone network in Africa | Trump administration lends $100M to US - owned cellphone network in Africa,https://www.thetimes-tribune.com/2026/09/11/trump-administration-cellphone-network-africa/ | https://www.dailylocal.com/2026/09/11/trump-administration-cellphone-network-africa/ | https://www.montereyherald.com/2026/09/11/trump-administration-cellphone-network-africa/
2026-09-18T12:24:44Z,google plans,15,False,True,True,False,2,"Google plans for $15B AI build - out in Finland | The Arkansas Democrat - Gazette | Google plans EUR13 billion Finland investment to expand data centers , clean energy | Google plans $15 billion Finland AI push , signs nuclear deal",https://www.arkansasonline.com/news/2026/sep/10/google-plans-for-15b-ai-build-out-in-finland/ | https://www.digitimes.com/news/a20260910PR201/google-finland-investment-data-center-expansion.html | http://www.dallassun.com/news/279296760/google-plans-usd15-billion-finland-ai-push-signs-nuclear-deal
2026-09-18T12:24:44Z,kill all,6,False,True,True,False,2,"AI researchers  earnestly believe  it could kill all humans within the next decade , Anthropic researcher says | The 27 - year - old who warned that AI could  kill us all  faces intense scrutiny | The 27 - year - old who warned that AI could  kill us all  faces intense scrutiny",https://www.cbc.ca/news/business/anthropic-researcher-resigned-9.7337789 | https://www.watoday.com.au/technology/the-27-year-old-who-warned-that-ai-could-kill-us-all-faces-intense-scrutiny-20260911-p60wfi.html | https://www.theage.com.au/technology/the-27-year-old-who-warned-that-ai-could-kill-us-all-faces-intense-scrutiny-20260911-p60wfi.html
2026-09-18T12:24:44Z,ai kill all,5,False,True,True,False,2,The 27 - year - old who warned that AI could  kill us all  faces intense scrutiny | The 27 - year - old who warned that AI could  kill us all  faces intense scrutiny | The 27 - year - old who warned that AI could  kill us all  faces intense scrutiny,https://www.watoday.com.au/technology/the-27-year-old-who-warned-that-ai-could-kill-us-all-faces-intense-scrutiny-20260911-p60wfi.html | https://www.theage.com.au/technology/the-27-year-old-who-warned-that-ai-could-kill-us-all-faces-intense-scrutiny-20260911-p60wfi.html | https://www.smh.com.au/technology/the-27-year-old-who-warned-that-ai-could-kill-us-all-faces-intense-scrutiny-20260911-p60wfi.html
2026-09-18T12:24:44Z,artificial intelligence,4,False,True,True,False,2,"Artificial Intelligence : How tech tools are changing work , school and the stock market | Better Artificial Intelligence Stock : Applied Digital vs . Super Micro Computer | Wall Street Finds Its AI Lifeline : How Artificial Intelligence Offers Fresh Exits for Trapped Private Equity Billions",https://originals.azpm.org/p/navigating/2026/9/8/231120-artificial-intelligence-how-tech-tools-are-changing-work-school-and-the-stock-market/ | https://www.fool.com/coverage/better-buy/2026/09/09/better-artificial-intelligence-stock-applied-digital-vs-super-micro-computer/?source=iedfolrf0000001 | https://www.webpronews.com/wall-street-finds-its-ai-lifeline-how-artificial-intelligence-offers-fresh-exits-for-trapped-private-equity-billions/
2026-09-18T12:24:44Z,nuclear plant,3,False,True,True,False,2,Energy Department loans $1 . 9B to restart Iowa nuclear plant | Energy Department loans $1 . 9B to restart Iowa nuclear plant | Google agrees to buy up to 50 % of Finnish nuclear plant capacity from Fortum,https://www.fairfieldsuntimes.com/news/national/energy-department-loans-1-9b-to-restart-iowa-nuclear-plant/article_08994566-c882-5aa4-b1df-a2faf435b160.html | https://www.hometownregister.com/news/national/energy-department-loans-1-9b-to-restart-iowa-nuclear-plant/article_f3f563d1-5fe9-509e-87d7-35eb05418741.html | https://www.moneycontrol.com/news/business/google-agrees-to-buy-up-to-50-of-finnish-nuclear-plant-capacity-from-fortum-14026489.html
2026-09-18T12:24:44Z,oil gas,2,False,True,True,False,2,"APO Group - Africa Newsroom / Press release | The Dealmakers Are Set to Storm Windhoek : Nigerian Governors and CORAN Bigwigs Set to Storm International African Energy , Oil and Gas Summit ( IAEOGS ) 2026 to Unlock Africa Energy Future | Battalion Oil Corporation Announces Strategic Investment in Collide , the AI - Native Operations System for Oil and Gas",https://www.africa-newsroom.com/press/the-dealmakers-are-set-to-storm-windhoek-nigerian-governors-and-coran-bigwigs-set-to-storm-iaeogs-2026-to-unlock-africas-energy-future | https://www.manilatimes.net/2026/09/09/tmt-newswire/globenewswire/battalion-oil-corporation-announces-strategic-investment-in-collide-the-ai-native-operations-system-for-oil-and-gas/2421103
2026-09-18T12:24:44Z,derivatives trading,2,False,True,True,False,2,"SEBI Likely To Allow FPIs In Commodity Derivatives Trading : Report | Zoomex Stock Brings Tesla 6 % Surge and Nvidia Choppy Session Within Reach Through Fair , Rule - Based Derivatives Trading",https://www.freepressjournal.in/business/sebi-likely-to-allow-fpis-in-commodity-derivatives-trading-report | https://bravenewcoin.com/press-release/zoomex-stock-brings-teslas-6-surge-and-nvidias-choppy-session-within-reach-through-fair-rule-based-derivatives-trading
2026-09-18T12:24:44Z,land use,2,False,True,True,False,2,"Americans are turning against AI data centers as local fears over water , power costs , and land use keep growing nationwide | Opinion : Evaluating data centers as land use application proposals",https://www.techradar.com/pro/69-of-americans-oppose-local-ai-data-centers-in-2026-poll-trump-blasts-blocking-communities-on-truth-social-for-choosing-poverty-over-server-farms-throwing-off-tremendous-amounts-of-money | https://www.morningjournal.com/2026/09/12/opinion-evaluating-data-centers-as-land-use-application-proposals/
2026-09-18T12:24:44Z,trading down,2,False,True,True,False,2,Apple ( NASDAQ : AAPL ) Trading Down 1 . 2 % – What Next ?  | Nebius Group ( NASDAQ : NBIS ) Trading Down 5 . 1 % – Time to Sell ?  | NexMetals Mining ( NASDAQ : NEXM ) Trading Down 0 . 6 % – Here Why,https://www.themarketsdaily.com/2026/09/08/apple-nasdaqaapl-trading-down-1-2-whats-next.html | https://www.dailypolitical.com/2026/09/10/nebius-group-nasdaqnbis-trading-down-5-1-time-to-sell.html | https://www.themarketsdaily.com/2026/09/12/nexmetals-mining-nasdaqnexm-trading-down-0-6-heres-why.html
2026-09-18T12:24:44Z,down next,2,False,True,True,False,2,Apple ( NASDAQ : AAPL ) Trading Down 1 . 2 % – What Next ?  | Cisco Systems ( NASDAQ : CSCO ) Stock Price Down 1 . 8 % – What Next ?  | NVIDIA ( NASDAQ : NVDA ) Shares Down 2 . 4 % – What Next ? ,https://www.themarketsdaily.com/2026/09/08/apple-nasdaqaapl-trading-down-1-2-whats-next.html | https://www.themarketsdaily.com/2026/09/10/cisco-systems-nasdaqcsco-stock-price-down-1-8-whats-next.html | https://www.dailypolitical.com/2026/09/10/nvidia-nasdaqnvda-shares-down-2-4-whats-next.html
2026-09-18T12:24:44Z,lead next,2,False,True,True,False,2,"Opus Origin Taps Greg Topalian to Lead its Next Chapter of North American Growth | India New Industrial Revolution : Chips , Space and Data Centres Lead Next Manufacturing Growth Wave , Says Jefferies",https://www.exhibitoronline.com/news/article.asp?ID=25377 | https://openthemagazine.com/india/chips-space-and-data-centres-jefferies-flags-indias-next-industrial-revolution
2026-09-18T12:24:44Z,price down,2,False,True,True,False,2,Sandisk ( NASDAQ : SNDK ) Stock Price Down 4 . 1 % – Here What Happened | Cisco Systems ( NASDAQ : CSCO ) Stock Price Down 1 . 8 % – What Next ?  | Vistra ( NYSE : VST ) Stock Price Down 2 . 4 % on Insider Selling,https://www.dailypolitical.com/2026/09/10/sandisk-nasdaqsndk-stock-price-down-4-1-heres-what-happened.html | https://www.themarketsdaily.com/2026/09/10/cisco-systems-nasdaqcsco-stock-price-down-1-8-whats-next.html | https://www.themarketsdaily.com/2026/09/10/vistra-nysevst-stock-price-down-2-4-on-insider-selling.html
2026-09-18T12:24:44Z,down selling,2,False,True,True,False,2,Vistra ( NYSE : VST ) Stock Price Down 2 . 4 % on Insider Selling | Arista Networks ( NYSE : ANET ) Stock Price Down 2 % After Insider Selling,https://www.themarketsdaily.com/2026/09/10/vistra-nysevst-stock-price-down-2-4-on-insider-selling.html | https://www.dailypolitical.com/2026/09/12/arista-networks-nyseanet-stock-price-down-2-after-insider-selling.html
2026-09-18T12:24:44Z,price down selling,2,False,True,True,False,2,Vistra ( NYSE : VST ) Stock Price Down 2 . 4 % on Insider Selling | Arista Networks ( NYSE : ANET ) Stock Price Down 2 % After Insider Selling,https://www.themarketsdaily.com/2026/09/10/vistra-nysevst-stock-price-down-2-4-on-insider-selling.html | https://www.dailypolitical.com/2026/09/12/arista-networks-nyseanet-stock-price-down-2-after-insider-selling.html
2026-09-18T12:24:44Z,brics summit,37,False,True,False,False,1,BRICS Summit 2026 : Key likely outcomes as India drives a transformative global agenda in New Delhi | BRICS Summit 2026 : Key likely outcomes as India drives a transformative global agenda in New Delhi | BRICS Summit 2026 : Key likely outcomes as India drives a transformative global agenda in New Delhi,http://www.middleeaststar.com/news/279293033/brics-summit-2026-key-likely-outcomes-as-india-drives-a-transformative-global-agenda-in-new-delhi | https://economictimes.indiatimes.com/news/india/brics-summit-2026-key-likely-outcomes-as-india-drives-a-transformative-global-agenda-in-new-delhi/articleshow/133905594.cms | https://aninews.in/news/world/asia/brics-summit-2026-key-likely-outcomes-as-india-drives-a-transformative-global-agenda-in-new-delhi20260908085217/
2026-09-18T12:24:44Z,growth sectors,26,False,True,False,False,1,Jefferies flags  India New Industrial Revolution  across six high - growth sectors | Jefferies flags  India New Industrial Revolution  across six high - growth sectors | Jefferies flags  India New Industrial Revolution  across six high - growth sectors,http://www.britainnews.net/news/279297968/jefferies-flags-india-new-industrial-revolution-across-six-high-growth-sectors | http://www.myanmarnews.net/news/279297968/jefferies-flags-india-new-industrial-revolution-across-six-high-growth-sectors | http://www.newzealandstar.com/news/279297968/jefferies-flags-india-new-industrial-revolution-across-six-high-growth-sectors
2026-09-18T12:24:44Z,jefferies flags,25,False,True,False,False,1,Jefferies flags  India New Industrial Revolution  across six high - growth sectors | Jefferies flags  India New Industrial Revolution  across six high - growth sectors | Jefferies flags  India New Industrial Revolution  across six high - growth sectors,http://www.britainnews.net/news/279297968/jefferies-flags-india-new-industrial-revolution-across-six-high-growth-sectors | http://www.myanmarnews.net/news/279297968/jefferies-flags-india-new-industrial-revolution-across-six-high-growth-sectors | http://www.newzealandstar.com/news/279297968/jefferies-flags-india-new-industrial-revolution-across-six-high-growth-sectors
2026-09-18T12:24:44Z,across six,25,False,True,False,False,1,Jefferies flags  India New Industrial Revolution  across six high - growth sectors | Jefferies flags  India New Industrial Revolution  across six high - growth sectors | Jefferies flags  India New Industrial Revolution  across six high - growth sectors,http://www.britainnews.net/news/279297968/jefferies-flags-india-new-industrial-revolution-across-six-high-growth-sectors | http://www.myanmarnews.net/news/279297968/jefferies-flags-india-new-industrial-revolution-across-six-high-growth-sectors | http://www.newzealandstar.com/news/279297968/jefferies-flags-india-new-industrial-revolution-across-six-high-growth-sectors
2026-09-18T12:24:44Z,ai driven,24,False,True,False,False,1,AI - Driven IPO Wave Set to Accompany Anthropic Listing | Wave of AI - driven IPOs expected to accompany Anthropic listing – Oroville Mercury - Register | Wave of AI - driven IPOs expected to accompany Anthropic listing – Orange County Register,https://www.livemint.com/market/aidriven-ipo-wave-set-to-accompany-anthropic-listing-11788992244915.html | https://www.orovillemr.com/2026/09/10/multiple-ai-ipo-anthropic/ | https://www.ocregister.com/2026/09/10/multiple-ai-ipo-anthropic/
2026-09-18T12:24:44Z,accompany anthropic,24,False,True,False,False,1,AI - Driven IPO Wave Set to Accompany Anthropic Listing | Wave of AI - driven IPOs expected to accompany Anthropic listing – Oroville Mercury - Register | Wave of AI - driven IPOs expected to accompany Anthropic listing – Orange County Register,https://www.livemint.com/market/aidriven-ipo-wave-set-to-accompany-anthropic-listing-11788992244915.html | https://www.orovillemr.com/2026/09/10/multiple-ai-ipo-anthropic/ | https://www.ocregister.com/2026/09/10/multiple-ai-ipo-anthropic/
2026-09-18T12:24:44Z,anthropic listing,24,False,True,False,False,1,AI - Driven IPO Wave Set to Accompany Anthropic Listing | Wave of AI - driven IPOs expected to accompany Anthropic listing – Oroville Mercury - Register | Wave of AI - driven IPOs expected to accompany Anthropic listing – Orange County Register,https://www.livemint.com/market/aidriven-ipo-wave-set-to-accompany-anthropic-listing-11788992244915.html | https://www.orovillemr.com/2026/09/10/multiple-ai-ipo-anthropic/ | https://www.ocregister.com/2026/09/10/multiple-ai-ipo-anthropic/
2026-09-18T12:24:44Z,accompany anthropic listing,24,False,True,False,False,1,AI - Driven IPO Wave Set to Accompany Anthropic Listing | Wave of AI - driven IPOs expected to accompany Anthropic listing – Oroville Mercury - Register | Wave of AI - driven IPOs expected to accompany Anthropic listing – Orange County Register,https://www.livemint.com/market/aidriven-ipo-wave-set-to-accompany-anthropic-listing-11788992244915.html | https://www.orovillemr.com/2026/09/10/multiple-ai-ipo-anthropic/ | https://www.ocregister.com/2026/09/10/multiple-ai-ipo-anthropic/
2026-09-18T12:24:44Z,wave ai,23,False,True,False,False,1,Wave of AI - driven IPOs expected to accompany Anthropic listing – Oroville Mercury - Register | Wave of AI - driven IPOs expected to accompany Anthropic listing – Orange County Register | Wave of AI - driven IPOs expected to accompany Anthropic listing – thereporteronline,https://www.orovillemr.com/2026/09/10/multiple-ai-ipo-anthropic/ | https://www.ocregister.com/2026/09/10/multiple-ai-ipo-anthropic/ | https://www.thereporteronline.com/2026/09/10/multiple-ai-ipo-anthropic/
2026-09-18T12:24:44Z,driven ipos,23,False,True,False,False,1,Wave of AI - driven IPOs expected to accompany Anthropic listing – Oroville Mercury - Register | Wave of AI - driven IPOs expected to accompany Anthropic listing – Orange County Register | Wave of AI - driven IPOs expected to accompany Anthropic listing – thereporteronline,https://www.orovillemr.com/2026/09/10/multiple-ai-ipo-anthropic/ | https://www.ocregister.com/2026/09/10/multiple-ai-ipo-anthropic/ | https://www.thereporteronline.com/2026/09/10/multiple-ai-ipo-anthropic/
2026-09-18T12:24:44Z,ipos expected,23,False,True,False,False,1,Wave of AI - driven IPOs expected to accompany Anthropic listing – Oroville Mercury - Register | Wave of AI - driven IPOs expected to accompany Anthropic listing – Orange County Register | Wave of AI - driven IPOs expected to accompany Anthropic listing – thereporteronline,https://www.orovillemr.com/2026/09/10/multiple-ai-ipo-anthropic/ | https://www.ocregister.com/2026/09/10/multiple-ai-ipo-anthropic/ | https://www.thereporteronline.com/2026/09/10/multiple-ai-ipo-anthropic/
2026-09-18T12:24:44Z,expected accompany,23,False,True,False,False,1,Wave of AI - driven IPOs expected to accompany Anthropic listing – Oroville Mercury - Register | Wave of AI - driven IPOs expected to accompany Anthropic listing – Orange County Register | Wave of AI - driven IPOs expected to accompany Anthropic listing – thereporteronline,https://www.orovillemr.com/2026/09/10/multiple-ai-ipo-anthropic/ | https://www.ocregister.com/2026/09/10/multiple-ai-ipo-anthropic/ | https://www.thereporteronline.com/2026/09/10/multiple-ai-ipo-anthropic/
2026-09-18T12:24:44Z,wave ai driven,23,False,True,False,False,1,Wave of AI - driven IPOs expected to accompany Anthropic listing – Oroville Mercury - Register | Wave of AI - driven IPOs expected to accompany Anthropic listing – Orange County Register | Wave of AI - driven IPOs expected to accompany Anthropic listing – thereporteronline,https://www.orovillemr.com/2026/09/10/multiple-ai-ipo-anthropic/ | https://www.ocregister.com/2026/09/10/multiple-ai-ipo-anthropic/ | https://www.thereporteronline.com/2026/09/10/multiple-ai-ipo-anthropic/
2026-09-18T12:24:44Z,ai driven ipos,23,False,True,False,False,1,Wave of AI - driven IPOs expected to accompany Anthropic listing – Oroville Mercury - Register | Wave of AI - driven IPOs expected to accompany Anthropic listing – Orange County Register | Wave of AI - driven IPOs expected to accompany Anthropic listing – thereporteronline,https://www.orovillemr.com/2026/09/10/multiple-ai-ipo-anthropic/ | https://www.ocregister.com/2026/09/10/multiple-ai-ipo-anthropic/ | https://www.thereporteronline.com/2026/09/10/multiple-ai-ipo-anthropic/
2026-09-18T12:24:44Z,driven ipos expected,23,False,True,False,False,1,Wave of AI - driven IPOs expected to accompany Anthropic listing – Oroville Mercury - Register | Wave of AI - driven IPOs expected to accompany Anthropic listing – Orange County Register | Wave of AI - driven IPOs expected to accompany Anthropic listing – thereporteronline,https://www.orovillemr.com/2026/09/10/multiple-ai-ipo-anthropic/ | https://www.ocregister.com/2026/09/10/multiple-ai-ipo-anthropic/ | https://www.thereporteronline.com/2026/09/10/multiple-ai-ipo-anthropic/
2026-09-18T12:24:44Z,ipos expected accompany,23,False,True,False,False,1,Wave of AI - driven IPOs expected to accompany Anthropic listing – Oroville Mercury - Register | Wave of AI - driven IPOs expected to accompany Anthropic listing – Orange County Register | Wave of AI - driven IPOs expected to accompany Anthropic listing – thereporteronline,https://www.orovillemr.com/2026/09/10/multiple-ai-ipo-anthropic/ | https://www.ocregister.com/2026/09/10/multiple-ai-ipo-anthropic/ | https://www.thereporteronline.com/2026/09/10/multiple-ai-ipo-anthropic/
2026-09-18T12:24:44Z,expected accompany anthropic,23,False,True,False,False,1,Wave of AI - driven IPOs expected to accompany Anthropic listing – Oroville Mercury - Register | Wave of AI - driven IPOs expected to accompany Anthropic listing – Orange County Register | Wave of AI - driven IPOs expected to accompany Anthropic listing – thereporteronline,https://www.orovillemr.com/2026/09/10/multiple-ai-ipo-anthropic/ | https://www.ocregister.com/2026/09/10/multiple-ai-ipo-anthropic/ | https://www.thereporteronline.com/2026/09/10/multiple-ai-ipo-anthropic/
2026-09-18T12:24:44Z,modi welcomes,21,False,True,False,False,1,"BRICS Summit 2026 : PM Modi welcomes Ethiopian PM Abiy Ahmed Ali , Brazilian Foreign Minister Mauro Vieira at venue | BRICS Summit 2026 : PM Modi welcomes South African President Cyril Ramaphosa and Egyptian President Abdel Fattah el - Sisi at venue | PM Modi welcomes world leaders , addresses open session on day 2 of 18th BRICS Summit ; to hold bilateral meetings",https://aninews.in/news/world/asia/brics-summit-2026-pm-modi-welcomes-ethiopian-pm-abiy-ahmed-ali-brazilian-foreign-minister-mauro-vieira-at-venue20260912143539/ | https://aninews.in/news/world/asia/brics-summit-2026-pm-modi-welcomes-south-african-president-cyril-ramaphosa-and-egyptian-president-abdel-fattah-el-sisi-at-venue20260912150133/ | https://www.livemint.com/news/india/pm-modi-welcomes-world-leaders-addresses-open-session-on-day-2-of-18th-brics-summit-to-hold-bilateral-meetings-11789280683070.html
2026-09-18T12:24:44Z,summit modi,20,False,True,False,False,1,"BRICS Summit 2026 : PM Modi welcomes Ethiopian PM Abiy Ahmed Ali , Brazilian Foreign Minister Mauro Vieira at venue | BRICS Summit 2026 : PM Modi welcomes South African President Cyril Ramaphosa and Egyptian President Abdel Fattah el - Sisi at venue | BRICS Summit 2026 : PM Modi welcomes Chinese President Xi Jinping at Bharat Mandapam",https://aninews.in/news/world/asia/brics-summit-2026-pm-modi-welcomes-ethiopian-pm-abiy-ahmed-ali-brazilian-foreign-minister-mauro-vieira-at-venue20260912143539/ | https://aninews.in/news/world/asia/brics-summit-2026-pm-modi-welcomes-south-african-president-cyril-ramaphosa-and-egyptian-president-abdel-fattah-el-sisi-at-venue20260912150133/ | http://www.chinanationalnews.com/news/279302924/brics-summit-2026-pm-modi-welcomes-chinese-president-xi-jinping-at-bharat-mandapam
2026-09-18T12:24:44Z,brics summit modi,20,False,True,False,False,1,"BRICS Summit 2026 : PM Modi welcomes Ethiopian PM Abiy Ahmed Ali , Brazilian Foreign Minister Mauro Vieira at venue | BRICS Summit 2026 : PM Modi welcomes South African President Cyril Ramaphosa and Egyptian President Abdel Fattah el - Sisi at venue | BRICS Summit 2026 : PM Modi welcomes Chinese President Xi Jinping at Bharat Mandapam",https://aninews.in/news/world/asia/brics-summit-2026-pm-modi-welcomes-ethiopian-pm-abiy-ahmed-ali-brazilian-foreign-minister-mauro-vieira-at-venue20260912143539/ | https://aninews.in/news/world/asia/brics-summit-2026-pm-modi-welcomes-south-african-president-cyril-ramaphosa-and-egyptian-president-abdel-fattah-el-sisi-at-venue20260912150133/ | http://www.chinanationalnews.com/news/279302924/brics-summit-2026-pm-modi-welcomes-chinese-president-xi-jinping-at-bharat-mandapam
2026-09-18T12:24:44Z,summit modi welcomes,20,False,True,False,False,1,"BRICS Summit 2026 : PM Modi welcomes Ethiopian PM Abiy Ahmed Ali , Brazilian Foreign Minister Mauro Vieira at venue | BRICS Summit 2026 : PM Modi welcomes South African President Cyril Ramaphosa and Egyptian President Abdel Fattah el - Sisi at venue | BRICS Summit 2026 : PM Modi welcomes Chinese President Xi Jinping at Bharat Mandapam",https://aninews.in/news/world/asia/brics-summit-2026-pm-modi-welcomes-ethiopian-pm-abiy-ahmed-ali-brazilian-foreign-minister-mauro-vieira-at-venue20260912143539/ | https://aninews.in/news/world/asia/brics-summit-2026-pm-modi-welcomes-south-african-president-cyril-ramaphosa-and-egyptian-president-abdel-fattah-el-sisi-at-venue20260912150133/ | http://www.chinanationalnews.com/news/279302924/brics-summit-2026-pm-modi-welcomes-chinese-president-xi-jinping-at-bharat-mandapam
2026-09-18T12:24:44Z,bharat mandapam,20,False,True,False,False,1,"PM Modi , Russian President Putin arrive at Bharat Mandapam as BRICS Summit 2026 kickstarts | BRICS Summit 2026 : PM Modi welcomes Chinese President Xi Jinping at Bharat Mandapam | BRICS Summit : PM Modi welcomes Russian President Vladimir Putin at Bharat Mandapam",https://aninews.in/news/world/asia/pm-modi-russian-president-putin-arrive-at-bharat-mandapam-as-brics-summit-2026-kickstarts20260912141840/ | http://www.chinanationalnews.com/news/279302924/brics-summit-2026-pm-modi-welcomes-chinese-president-xi-jinping-at-bharat-mandapam | http://www.asiabulletin.com/news/279302936/brics-summit-pm-modi-welcomes-russian-president-vladimir-putin-at-bharat-mandapam
2026-09-18T12:24:44Z,trump administration,17,False,True,False,False,1,"Trump Administration Loans $100 Million to Africell to Challenge Huawei in Africa , ETTelecom | Trump administration to lend $100 million to Africell , countering Huawei in Africa | Trump administration to lend $100 million to Africell , countering Huawei in Africa",https://telecom.economictimes.indiatimes.com/news/telecom-equipment/trump-administration-to-lend-100-million-to-africell-countering-huawei-in-africa/134046966 | https://www.straitstimes.com/asia/trump-administration-to-lend-100-million-to-africell-countering-huawei-in-africa | https://lufkindailynews.com/news_reuters/business/trump-administration-to-lend-100-million-to-africell-countering-huawei-in-africa/article_7a06463e-487f-55ac-b36c-ff99d92cfbe6.html
2026-09-18T12:24:44Z,ai push,15,False,True,False,False,1,"Strive Masiyiwa Cassava joins Vodafone in $1 billion Egypt data - centre and sovereign AI push | Oracle layoffs : IT giant adds $700 million to restructuring tally amid expensive AI push | Google plans $15 billion Finland AI push , signs nuclear deal",https://www.newzimbabwe.com/strive-masiyiwas-cassava-joins-vodafone-in-1-billion-egypt-data-centre-and-sovereign-ai-push/ | https://www.businesstoday.in/technology/story/oracle-layoffs-it-giant-adds-700-million-to-restructuring-tally-amid-expensive-ai-push-555216-2026-09-13 | http://www.dallassun.com/news/279296760/google-plans-usd15-billion-finland-ai-push-signs-nuclear-deal
2026-09-18T12:24:44Z,finland ai,15,False,True,False,False,1,"Google Commits To Finland AI Infrastructure , Secures Nuclear Power Deal | Google Commits To Finland AI Infrastructure , Secures Nuclear Power Deal | Google plans $15 billion Finland AI push , signs nuclear deal",https://www.finanzen.ch/nachrichten/aktien/google-commits-to-finland-ai-infrastructure-secures-nuclear-power-deal-1036537909 | https://www.rttnews.com/3690161/google-commits-to-finland-ai-infrastructure-secures-nuclear-power-deal.aspx | http://www.dallassun.com/news/279296760/google-plans-usd15-billion-finland-ai-push-signs-nuclear-deal
2026-09-18T12:24:44Z,administration lends,14,False,True,False,False,1,Trump administration lends $100M to US - owned cellphone network in Africa | Trump administration lends $100M to US - owned cellphone network in Africa | Trump administration lends $100M to US - owned cellphone network in Africa,https://www.thetimes-tribune.com/2026/09/11/trump-administration-cellphone-network-africa/ | https://www.dailylocal.com/2026/09/11/trump-administration-cellphone-network-africa/ | https://www.montereyherald.com/2026/09/11/trump-administration-cellphone-network-africa/
