pulled_at,document_number,title,document_type,publication_date,agency_names,abstract,html_url
2026-09-10T07:58:14Z,2026-17997,Millennium Challenge Corporation Candidate Country Report for Fiscal Year 2027,Notice,2026-09-03,Millennium Challenge Corporation,"The Millennium Challenge Act of 2003, as amended, requires the Millennium Challenge Corporation to publish a report that identifies countries that are ""candidate countries"" for Millennium Challenge Account assistance during Fiscal Year 2027. The report is set forth in full below.",https://www.federalregister.gov/documents/2026/09/03/2026-17997/millennium-challenge-corporation-candidate-country-report-for-fiscal-year-2027
2026-09-10T07:58:14Z,2026-17324,Fee for Certain H-1B Petitions,Proposed Rule,2026-08-25,Homeland Security Department,"The Department of Homeland Security (DHS) proposes to establish a $103,265 fee, payable at the time of filing, for all H-1B cap-subject petitions, including those eligible for the advanced degree exemption, which would be imposed in addition to all other applicable fees or payments. This fee would serve as a dedicated revenue mechanism to help recover a portion of the federal government's costs of administering the lawful immigration system, including activities carried out by DHS, the U.S. Department of Justice (DOJ), the U.S. Department of State (DOS), and the U.S. Department of Labor (DOL).",https://www.federalregister.gov/documents/2026/08/25/2026-17324/fee-for-certain-h-1b-petitions
2026-09-10T07:58:14Z,2026-17114,Rescission of Executive Order 11246 Implementing Regulations,Rule,2026-08-21,Labor Department;Federal Contract Compliance Programs Office,"On January 21, 2025, President Trump issued Executive Order 14173, ""Ending Illegal Discrimination and Restoring Merit-Based Opportunity,"" which revoked Executive Order 11246. Accordingly, the U.S. Department of Labor publishes this final rule to rescind the implementing regulations for Executive Order 11246.",https://www.federalregister.gov/documents/2026/08/21/2026-17114/rescission-of-executive-order-11246-implementing-regulations
2026-09-10T07:58:14Z,2026-16706,Order Under Sections 362 and 365 of the Public Health Service Act Continuing the Suspension of the Right To Introduce Certain Persons From Countries Where a Quarantinable Communicable Disease Exists,Notice,2026-08-17,Health and Human Services Department;Centers for Disease Control and Prevention,"The Centers for Disease Control and Prevention (CDC), a component of the Department of Health and Human Services (HHS), announces it is issuing an Order under Section 362 and 365 of the Public Health Service Act, and associated implementing regulations, continuing the suspension of the right to introduce certain persons from countries where an outbreak of a quarantinable communicable disease exists. This Order was issued on August 12, 2026, and shall remain in effect through 4:59 p.m. Eastern Daylight Time (EDT) on Friday, September 11, 2026. This Order may be amended or rescinded prior to that time at the discretion of the Director.",https://www.federalregister.gov/documents/2026/08/17/2026-16706/order-under-sections-362-and-365-of-the-public-health-service-act-continuing-the-suspension-of-the
2026-09-10T07:58:14Z,2026-14365,Order Under Sections 362 and 365 of the Public Health Service Act Continuing the Suspension of the Right To Introduce Certain Persons From Countries Where a Quarantinable Communicable Disease Exists,Notice,2026-07-16,Health and Human Services Department;Centers for Disease Control and Prevention,"The Centers for Disease Control and Prevention (CDC), a component of the Department of Health and Human Services (HHS), announces it is issuing an Order under Section 362 and 365 of the Public Health Service Act, and associated implementing regulations, continuing the suspension of the right to introduce certain persons from countries where an outbreak of a quarantinable communicable disease exists. This Order was issued on July 13, 2026, and shall remain in effect through 4:59 p.m. Eastern Daylight Time (EDT) on Wednesday, August 12, 2026. This Order may be amended or rescinded prior to that time at the discretion of the Director.",https://www.federalregister.gov/documents/2026/07/16/2026-14365/order-under-sections-362-and-365-of-the-public-health-service-act-continuing-the-suspension-of-the
2026-09-10T07:58:14Z,2026-14201,"Self-Regulatory Organizations; Cboe Exchange, Inc.; Notice of Filing of a Proposed Rule Change To Amend its Rules To Permit the Listing of Binary Options Overlying Key Performance Indicators (“KPIs”) Reported by Certain Issuers of Stock (“Binary KPI Options”)",Notice,2026-07-15,Securities and Exchange Commission,,https://www.federalregister.gov/documents/2026/07/15/2026-14201/self-regulatory-organizations-cboe-exchange-inc-notice-of-filing-of-a-proposed-rule-change-to-amend
2026-09-10T07:58:14Z,2026-13654,"Self-Regulatory Organizations; NYSE American LLC and NYSE Arca, Inc.; Notice of Filing and Order Granting Accelerated Approval of Proposed Rule Changes Concerning the Single Component Concentration Limit of the MSCI Emerging Markets Index",Notice,2026-07-07,Securities and Exchange Commission,,https://www.federalregister.gov/documents/2026/07/07/2026-13654/self-regulatory-organizations-nyse-american-llc-and-nyse-arca-inc-notice-of-filing-and-order
2026-09-10T07:58:14Z,2026-13177,Request for Comments and Notice of Public Hearing Concerning the Annual Review of Country Eligibility for Benefits Under the African Growth and Opportunity Act for Calendar Year 2027,Notice,2026-06-30,"Trade Representative, Office of United States","USTR is announcing the initiation of its 26th annual review of the eligibility of sub-Saharan African countries to receive the benefits of the current African Growth and Opportunity Act (AGOA), if reauthorized, for calendar year 2027. USTR is requesting written comments for this review and will conduct a public hearing on this matter. In developing its recommendations on AGOA country eligibility for calendar year 2027, USTR, in coordination with the AGOA Implementation Subcommittee of the Trade Policy Staff Committee (AGOA TPSC Subcommittee), will consider written comments, written testimony, and oral testimony.",https://www.federalregister.gov/documents/2026/06/30/2026-13177/request-for-comments-and-notice-of-public-hearing-concerning-the-annual-review-of-country
2026-09-10T07:58:14Z,2026-13057,Alien Registration Form and Evidence of Registration,Rule,2026-06-29,Homeland Security Department,"On March 12, 2025, DHS issued an interim final rule (IFR) with request for comments amending DHS regulations to designate a new registration form for aliens to comply with statutory alien registration and fingerprinting provisions. Unregistered aliens may use this general registration form to satisfy their statutory obligations. This final rule responds to public comments, amends DHS regulations to adjust the lists of forms and processes that may serve as registration forms and evidence of alien registration, and seeks comments on other potential changes to the regulations relating to alien registration and fingerprinting.",https://www.federalregister.gov/documents/2026/06/29/2026-13057/alien-registration-form-and-evidence-of-registration
2026-09-10T07:58:14Z,2026-12790,Order Under Sections 362 and 365 of the Public Health Service Act Continuing the Suspension of the Right To Introduce Certain Persons From Countries Where a Quarantinable Communicable Disease Exists,Notice,2026-06-25,Health and Human Services Department;Centers for Disease Control and Prevention,"The Centers for Disease Control and Prevention (CDC), a component of the Department of Health and Human Services (HHS), announces it is issuing an Order under Section 362 and 365 of the Public Health Service Act, and associated implementing regulations, continuing the suspension of the right to introduce certain persons from countries where an outbreak of a quarantinable communicable disease exists. This Order was issued on June 21, 2026, and shall remain in effect through 4:59 p.m. Eastern Daylight Time (EDT) on Tuesday, July 21, 2026. This Order may be amended or rescinded prior to that time at the discretion of the Director.",https://www.federalregister.gov/documents/2026/06/25/2026-12790/order-under-sections-362-and-365-of-the-public-health-service-act-continuing-the-suspension-of-the
2026-09-10T07:58:14Z,2026-12242,Notice of Intent To Prepare a Programmatic Environmental Impact Statement; Grasshopper and Mormon Cricket Suppression Program,Notice,2026-06-18,Agriculture Department;Animal and Plant Health Inspection Service,"We are advising the public that the Animal and Plant Health Inspection Service (APHIS), U.S. Department of Agriculture, plans to prepare a programmatic environmental impact statement (PEIS) to analyze the effects of a program to suppress populations of grasshoppers and Mormon crickets from rangeland in seventeen states of the western United States (Arizona, California, Colorado, Idaho, Kansas, Montana, Nebraska, Nevada, New Mexico, North Dakota, Oklahoma, Oregon, South Dakota, Texas, Utah, Washington, and Wyoming). This notice of intent (NOI) identifies potential issues and reasonable action alternatives that will be evaluated in the PEIS. This NOI invites public comments that further define the scope of the alternatives, potential impacts on the human environment, consistent with the National Environmental Policy Act, and issues for APHIS to consider, relevant information, studies, or analyses with respect to APHIS' proposed action. The proposed PEIS would replace the previous PEIS published in 2019. APHIS expects to publish the final PEIS by August 2027.",https://www.federalregister.gov/documents/2026/06/18/2026-12242/notice-of-intent-to-prepare-a-programmatic-environmental-impact-statement-grasshopper-and-mormon
2026-09-10T07:58:14Z,2026-10890,Medicare Program; Alternative Payment Model Updates and the Increasing Organ Transplant Access (IOTA) Model,Rule,2026-06-01,Health and Human Services Department;Centers for Medicare & Medicaid Services,This final rule will update and revise the Increasing Organ Transplant Access (IOTA) Model for Performance Year (PY) 2. This final rule also includes a technical correction to the regulatory text.,https://www.federalregister.gov/documents/2026/06/01/2026-10890/medicare-program-alternative-payment-model-updates-and-the-increasing-organ-transplant-access-iota
2026-09-10T07:58:14Z,2026-10817,Regulation for Federal Financial Assistance,Proposed Rule,2026-05-29,Management and Budget Office;Health and Human Services Department;Agriculture Department;State Department;Agency for International Development;Veterans Affairs Department;Energy Department;Treasury Department;Defense Department;Transportation Department;Commerce Department;Interior Department;Environmental Protection Agency;U.S. International Development Finance Corporation;National Aeronautics and Space Administration;United States Agency for Global Media;Nuclear Regulatory Commission;Corporation for National and Community Service;Social Security Administration;Housing and Urban Development Department;National Science Foundation;National Archives and Records Administration;Small Business Administration;Justice Department;Labor Department;Homeland Security Department;National Foundation on the Arts and the Humanities;Institute of Museum and Library Services;National Endowment for the Arts;National Endowment for the Humanities;Education Department;Export-Import Bank;Executive Office of the President;Office of National Drug Control Policy;Peace Corps;Election Assistance Commission;Gulf Coast Ecosystem Restoration Council;Federal Communications Commission;Consumer Product Safety Commission;Delta Regional Authority;Appraisal Subcommittee of the Federal Financial Institutions Examination Council;Marine Mammal Commission;Millennium Challenge Corporation;National Credit Union Administration,"The Office of Management and Budget (OMB) proposes to revise the Guidance for Federal Financial Assistance to improve government- wide policies and requirements related to the management of grants, cooperative agreements, and other forms of assistance. OMB is proposing revisions that would improve transparency, accountability, and oversight for Federal awards across the Federal Government. This includes ensuring that American tax dollars are not wasted or misused, activities performed under Federal awards are consistent with law and policy, and recipients are held accountable when they fail to meet relevant standards. The revisions also aim to ensure that basic American principles of equality and equal opportunity are upheld throughout all stages of the award making process and that unlawful discrimination is no longer permitted. Proposed changes also include providing further clarification on the regulatory status of the OMB requirements and on the process for future updates to the government- wide requirements. Finally, OMB also proposes changes to reduce recipient burden. The listed Federal grant-making agencies propose conforming changes to their respective adopting regulations, or, in the case of some agencies and other entities, establishing new adopting regulations or policies. The proposed changes reflect the administration's commitment to transparency, accountability, and proper oversight for the Federal grantmaking process. The proposed regulations seek to ensure that American tax dollars are ultimately used to serve the needs of the American public.",https://www.federalregister.gov/documents/2026/05/29/2026-10817/regulation-for-federal-financial-assistance
2026-09-10T07:58:14Z,2026-10448,"Self-Regulatory Organizations; NYSE American LLC; Notice of Filing and Immediate Effectiveness of a Proposed Rule Change To Amend the NYSE American Options Fee Schedule To Adopt Fees Applicable to Trading Options on MXWLD, MXACW, and MXUSA",Notice,2026-05-27,Securities and Exchange Commission,,https://www.federalregister.gov/documents/2026/05/27/2026-10448/self-regulatory-organizations-nyse-american-llc-notice-of-filing-and-immediate-effectiveness-of-a
2026-09-10T07:58:14Z,2026-10398,"To Implement Certain Provisions in the Consolidated Appropriations Act, 2026, and for Other Purposes",Presidential Document,2026-05-22,Executive Office of the President,,https://www.federalregister.gov/documents/2026/05/22/2026-10398/to-implement-certain-provisions-in-the-consolidated-appropriations-act-2026-and-for-other-purposes
2026-09-10T07:58:14Z,2026-08976,Agency Information Collection Activities; Extension; African Growth and Opportunity Act (AGOA) Textile Certificate of Origin,Notice,2026-05-06,Homeland Security Department;U.S. Customs and Border Protection,"The Department of Homeland Security, U.S. Customs and Border Protection (CBP) will be submitting the following information collection request to the Office of Management and Budget (OMB) for review and approval in accordance with the Paperwork Reduction Act of 1995 (PRA). The information collection is published in the Federal Register to obtain comments from the public and affected agencies.",https://www.federalregister.gov/documents/2026/05/06/2026-08976/agency-information-collection-activities-extension-african-growth-and-opportunity-act-agoa-textile
2026-09-10T07:58:14Z,2026-08494,Small Business Lending Under the Equal Credit Opportunity Act (Regulation B),Rule,2026-05-01,Consumer Financial Protection Bureau,"The Consumer Financial Protection Bureau (Bureau or CFPB) is revising certain provisions of Regulation B, subpart B, which implements changes to the Equal Credit Opportunity Act made by section 1071 of the Dodd-Frank Wall Street Reform and Consumer Protection Act. The Bureau is amending coverage of certain credit transactions and financial institutions; the small business definition; inclusion of certain data points and how others are collected; and the compliance date. The Bureau believes these changes will streamline the rule, reduce complexity for lenders, improve data quality, and advance the purposes of section 1071.",https://www.federalregister.gov/documents/2026/05/01/2026-08494/small-business-lending-under-the-equal-credit-opportunity-act-regulation-b
2026-09-10T07:58:14Z,2026-08347,Request for Comments on the Modernization of the African Growth and Opportunity Act (AGOA),Notice,2026-04-29,"Trade Representative, Office of United States","The Office of the United States Trade Representative (USTR) invites comments from interested parties to inform the development of trade policy recommendations on the modernization of the African Growth and Opportunity Act (AGOA), which is authorized through December 31, 2026. As part of forthcoming Congressional consideration of AGOA reauthorization, USTR will provide recommendations to Congress on reforms and modernizations to AGOA to ensure the program meets the needs of American workers and businesses, advances U.S. national security and economic security goals, optimizes balanced bilateral trade flows with beneficiary countries, and provides a path for reciprocal trade agreements with the more advanced countries as they develop and graduate from the program.",https://www.federalregister.gov/documents/2026/04/29/2026-08347/request-for-comments-on-the-modernization-of-the-african-growth-and-opportunity-act-agoa
2026-09-10T07:58:14Z,2026-07294,Endangered and Threatened Species; Notice of 12-Month Findings on a Petition To List the Tope Shark as Threatened or Endangered Under the Endangered Species Act and Proposed Listing of Two Distinct Population Segments of Tope Shark as Threatened,Proposed Rule,2026-04-15,Commerce Department;National Oceanic and Atmospheric Administration,"We, NMFS, have completed a comprehensive status review of the tope shark (Galeorhinus galeus) in response to a petition to list the species as threatened or endangered under the Endangered Species Act (ESA) of 1973. After reviewing the best scientific and commercial data available, we have determined that this species is comprised of six distinct population segments (DPSs) and that two, the Southern (So.) Africa and Southwest (SW) Atlantic DPSs, are likely to become in danger of extinction throughout all or a significant portion of their ranges in the foreseeable future. Therefore, we propose to list the So. Africa and SW Atlantic DPSs as threatened species under the ESA. We have also determined that the remaining four DPSs--the Northeast (NE) Atlantic, NE Pacific, SW Pacific, and Southeast (SE) Pacific DPSs--do not meet the definition of a threatened or endangered species under section 4(a) of the ESA and therefore do not warrant listing under the ESA. We solicit information to inform the final listing determinations.",https://www.federalregister.gov/documents/2026/04/15/2026-07294/endangered-and-threatened-species-notice-of-12-month-findings-on-a-petition-to-list-the-tope-shark
2026-09-10T07:58:14Z,2026-05959,"Regulatory Capital Rule: Category I and II Banking Organizations, Banking Organizations With Significant Trading Activity, and Optional Adoption for Other Banking Organizations",Proposed Rule,2026-03-27,Treasury Department;Comptroller of the Currency;Federal Reserve System;Federal Deposit Insurance Corporation,"The Office of the Comptroller of the Currency, the Board of Governors of the Federal Reserve System, and the Federal Deposit Insurance Corporation are proposing to modernize the capital requirements applicable to Category I and II depository institution holding companies and depository institutions, as well as revise the market risk capital framework for banking organizations with significant trading activity (the proposal). The proposal would improve the regulatory capital framework for covered banking organizations by enhancing its risk sensitivity and consistency and by simplifying core components of its design. The agencies expect the proposal would support the safety and soundness of covered banking organizations and U.S. financial stability while promoting lending and other financial intermediation activities in the banking system over a range of economic conditions.",https://www.federalregister.gov/documents/2026/03/27/2026-05959/regulatory-capital-rule-category-i-and-ii-banking-organizations-banking-organizations-with
2026-09-10T07:58:14Z,2026-05678,Endangered and Threatened Wildlife and Plants; Designation of Critical Habitat for 22 Species in the Commonwealth of the Northern Mariana Islands and the Territory of Guam,Proposed Rule,2026-03-24,Interior Department;Fish and Wildlife Service,"We, the U.S. Fish and Wildlife Service (Service), propose to designate critical habitat for 9 animal species and 13 plant species from the Mariana Islands (the U.S. Territory of Guam and the Commonwealth of Northern Mariana Islands) under the Endangered Species Act (Act). In total across both the Territory and Commonwealth, approximately 59,886 acres (24,235 hectares) on the islands of Aguiguan, Alamagan, Asunci[oacute]n, Guam (including the island of Cocos), Pagan, Rota, Saipan, Sarigan, and Tinian fall within the boundaries of the proposed critical habitat designation. We also announce the availability of an economic analysis of the proposed designation of critical habitat for these species.",https://www.federalregister.gov/documents/2026/03/24/2026-05678/endangered-and-threatened-wildlife-and-plants-designation-of-critical-habitat-for-22-species-in-the
2026-09-10T07:58:14Z,2026-04276,Fair Housing Home Loan Data System,Rule,2026-03-04,Treasury Department;Comptroller of the Currency,"The Office of the Comptroller of the Currency (OCC) is rescinding its Fair Housing Home Loan Data System regulation. The OCC has determined that the regulation is obsolete and largely duplicative of and inconsistent with other legal authorities that require national banks to collect and retain certain information on applications for home loans. Moreover, it imposed asymmetrical data collection requirements on national banks compared to their other depository institution counterparts, and the data collected had limited utility. For these reasons, rescinding the regulation eliminates the regulatory burden for national banks without having a material impact on the availability of data necessary for the OCC to conduct its fair housing- related supervisory activities.",https://www.federalregister.gov/documents/2026/03/04/2026-04276/fair-housing-home-loan-data-system
2026-09-10T07:58:14Z,2026-04243,Notice of Continuation and Request for Nominations for the Trade Advisory Committee on Africa,Notice,2026-03-04,"Trade Representative, Office of United States",The Office of the United States Trade Representative (USTR) expects to establish a new four-year charter term and is accepting applications from qualified individuals interested in serving as a member of the Trade Advisory Committee on Africa (TACA). The TACA is a trade advisory committee that provides general policy advice and guidance to the U.S. Trade Representative on trade policy and development matters that have a significant impact on the countries of sub-Saharan Africa.,https://www.federalregister.gov/documents/2026/03/04/2026-04243/notice-of-continuation-and-request-for-nominations-for-the-trade-advisory-committee-on-africa
2026-09-10T07:58:14Z,2026-02852,Limitations of Duty-Free Imports of Apparel Articles Assembled in Beneficiary Sub-Saharan African Countries From Regional and Third-Country Fabric,Notice,2026-02-12,Committee for the Implementation of Textile Agreements,,https://www.federalregister.gov/documents/2026/02/12/2026-02852/limitations-of-duty-free-imports-of-apparel-articles-assembled-in-beneficiary-sub-saharan-african
2026-09-10T07:58:14Z,2026-02662,Electronic Export Manifest for Vessel Cargo,Proposed Rule,2026-02-10,Homeland Security Department;U.S. Customs and Border Protection,"U.S. Customs and Border Protection (CBP) proposes to amend its regulations to require the advance submission of electronic export manifest (EEM) information to CBP for cargo transported by vessel departing the United States. The proposed rule identifies the parties that would be eligible to transmit vessel EEM information and their responsibilities, and the time frames for transmission of the information prior to cargo loading or conveyance departure. Requiring advance transmission of EEM data would significantly improve cargo safety and security while minimizing disruption to the flow of commerce for exports in the sea environment.",https://www.federalregister.gov/documents/2026/02/10/2026-02662/electronic-export-manifest-for-vessel-cargo
2026-09-10T07:58:14Z,2026-00596,Termination of the Designation of Somalia for Temporary Protected Status,Notice,2026-01-14,Homeland Security Department;U.S. Citizenship and Immigration Services,"Through this notice, the Department of Homeland Security (DHS) announces that the Secretary of Homeland Security (Secretary) is terminating the designation of Somalia for Temporary Protected Status. The designation of Somalia is set to expire on March 17, 2026. After reviewing country conditions and consulting with appropriate U.S. Government agencies, the Secretary determined that Somalia no longer continues to meet the conditions for designation for Temporary Protected Status. The Secretary, therefore, is terminating the Temporary Protected Status designation of Somalia as required by statute. This termination is effective March 17, 2026. After March 17, 2026, nationals of Somalia (and aliens having no nationality who last habitually resided in Somalia) who have been granted Temporary Protected Status under Somalia's designation will no longer have Temporary Protected Status.",https://www.federalregister.gov/documents/2026/01/14/2026-00596/termination-of-the-designation-of-somalia-for-temporary-protected-status
2026-09-10T07:58:14Z,2026-00245,To Implement the United States-Israel Agreement on Trade in Agricultural Products and for Other Purposes,Presidential Document,2026-01-08,Executive Office of the President,,https://www.federalregister.gov/documents/2026/01/08/2026-00245/to-implement-the-united-states-israel-agreement-on-trade-in-agricultural-products-and-for-other
2026-09-10T07:58:14Z,2026-00021,National Primary Drinking Water Regulation for Perchlorate,Proposed Rule,2026-01-06,Environmental Protection Agency,"The U.S. Environmental Protection Agency (""EPA"" or the ""Agency"") is proposing a National Primary Drinking Water Regulation (NPDWR) for perchlorate and a health-based Maximum Contaminant Level Goal (MCLG) under the Safe Drinking Water Act (SDWA). In this action, the EPA is proposing to set the perchlorate MCLG at 0.02 mg/L (20 [micro]g/L). The EPA is also proposing and taking comment on setting an enforceable Maximum Contaminant Level (MCL) for perchlorate at 0.02 mg/ L (20 [micro]g/L), 0.04 mg/L (40 [micro]g/L), or 0.08 mg/L (80 [micro]g/L). The EPA is also proposing requirements for water systems to conduct monitoring for perchlorate in drinking water, take mitigation actions if the level exceeds the MCL, provide information about perchlorate to their consumers through public notification and consumer confidence reports, and report to their respective primacy agency. The Administrator has determined that the benefits of this regulation would not justify the costs; however, the EPA is required to issue an NPDWR and MCLG for perchlorate in response to the D.C. Circuit's decision in NRDC v. Regan.",https://www.federalregister.gov/documents/2026/01/06/2026-00021/national-primary-drinking-water-regulation-for-perchlorate
2026-09-10T07:58:14Z,2025-23702,Global Benchmark for Efficient Drug Pricing (GLOBE) Model,Proposed Rule,2025-12-23,Health and Human Services Department;Centers for Medicare & Medicaid Services,"This proposed rule proposes to implement the Global Benchmark for Efficient Drug Pricing Model (""GLOBE Model""), a new Medicare payment model under section 1115A of the Social Security Act (the Act). The GLOBE Model would test whether a payment model that uses an alternative method for calculating Part B inflation rebate amounts for certain separately payable Part B drugs and biologicals products reduces costs for Medicare fee-for-service (FFS) beneficiaries and the Medicare program while preserving quality of care.",https://www.federalregister.gov/documents/2025/12/23/2025-23702/global-benchmark-for-efficient-drug-pricing-globe-model
2026-09-10T07:58:14Z,2025-22543,Medicare Program; Alternative Payment Model Updates and the Increasing Organ Transplant Access (IOTA) Model,Proposed Rule,2025-12-11,Health and Human Services Department;Centers for Medicare & Medicaid Services,This proposed rule would update and revise the Increasing Organ Transplant Access (IOTA) Model for Performance Year (PY) 2.,https://www.federalregister.gov/documents/2025/12/11/2025-22543/medicare-program-alternative-payment-model-updates-and-the-increasing-organ-transplant-access-iota
2026-09-10T07:58:14Z,2025-20202,Fair Housing Home Loan Data System,Proposed Rule,2025-11-18,Treasury Department;Comptroller of the Currency,"The Office of the Comptroller of the Currency (OCC) invites public comment on a notice of proposed rulemaking (proposed rule) to rescind its Fair Housing Home Loan Data System regulation codified at 12 CFR part 27. The OCC has determined that the regulation is obsolete and largely duplicative of and inconsistent with other legal authorities that require national banks to collect and retain certain information on applications for home loans. Moreover, part 27 imposes asymmetrical data collection requirements on national banks compared to their other depository institution counterparts, and the data collected has limited utility. For these reasons, rescinding the regulation would eliminate the regulatory burden attributable to part 27 for national banks without having a material impact on the availability of data necessary for the OCC to conduct its fair housing-related supervisory activities.",https://www.federalregister.gov/documents/2025/11/18/2025-20202/fair-housing-home-loan-data-system
2026-09-10T07:58:14Z,2025-19865,Small Business Lending Under the Equal Credit Opportunity Act (Regulation B),Proposed Rule,2025-11-13,Consumer Financial Protection Bureau,"The Consumer Financial Protection Bureau (CFPB or Bureau) proposes revisions to certain provisions of Regulation B, subpart B, implementing changes to the Equal Credit Opportunity Act made by section 1071 of the Dodd-Frank Wall Street Reform and Consumer Protection Act. The Bureau is reconsidering coverage of certain credit transactions and financial institutions; the small business definition; inclusion of certain data points and how others are collected; and the compliance date. The CFPB believes these proposed changes would streamline the rule, reduce complexity for lenders, and improve data quality, advancing the purposes of section 1071 and complying with recent executive directives.",https://www.federalregister.gov/documents/2025/11/13/2025-19865/small-business-lending-under-the-equal-credit-opportunity-act-regulation-b
2026-09-10T07:58:14Z,2025-19507,Millennium Challenge Corporation Selection Criteria and Methodology Report for Fiscal Year 2026,Notice,2025-10-09,Millennium Challenge Corporation,"The Millennium Challenge Act of 2003, as amended, requires the Millennium Challenge Corporation to publish a report that identifies the criteria and methodology that MCC intends to use to determine which candidate countries may be eligible to be considered for assistance under the Millennium Challenge Act for fiscal year 2026. The report is set forth in full below.",https://www.federalregister.gov/documents/2025/10/09/2025-19507/millennium-challenge-corporation-selection-criteria-and-methodology-report-for-fiscal-year-2026
2026-09-10T07:58:14Z,2025-18924,Revisions to Business Conduct and Swap Documentation Requirements for Swap Dealers and Major Swap Participants,Proposed Rule,2025-09-30,Commodity Futures Trading Commission,"The Commodity Futures Trading Commission (""CFTC"" or ""Commission"") is proposing amendments to certain of the Commission's business conduct and documentation requirements applicable to swap dealers and major swap participants. These amendments would provide exceptions to compliance with such requirements when executing swaps that are: intended by the parties to be cleared contemporaneously with execution; or subject to prime broker arrangements that meet certain qualifying conditions. The proposed amendments would also make certain other changes discussed herein. The proposed amendments, if adopted, would supersede certain no-action positions issued by the Commission's Market Participants Division (""MPD"").",https://www.federalregister.gov/documents/2025/09/30/2025-18924/revisions-to-business-conduct-and-swap-documentation-requirements-for-swap-dealers-and-major-swap
2026-09-10T07:58:14Z,2025-18851,Agency Information Collection Activities; Extension; African Growth and Opportunity Act (AGOA) Textile Certificate of Origin,Notice,2025-09-29,Homeland Security Department;U.S. Customs and Border Protection,"The Department of Homeland Security, U.S. Customs and Border Protection (CBP) will be submitting the following information collection request to the Office of Management and Budget (OMB) for review and approval in accordance with the Paperwork Reduction Act of 1995 (PRA). The information collection is published in the Federal Register to obtain comments from the public and affected agencies.",https://www.federalregister.gov/documents/2025/09/29/2025-18851/agency-information-collection-activities-extension-african-growth-and-opportunity-act-agoa-textile
2026-09-10T07:58:14Z,2025-18565,Notice of Entering Into a Compact With the Republic of Côte d'Ivoire,Notice,2025-09-25,Millennium Challenge Corporation,"In accordance with the provisions of the Millennium Challenge Act of 2003, as amended, the Millennium Challenge Corporation (MCC) is publishing a summary of the Millennium Challenge Compact (Compact) between the United States of America and the Republic of C[ocirc]te d'Ivoire. Representatives of the United States of America and the Republic of C[ocirc]te d'Ivoire executed the Compact on September 10 and September 16, 2025, respectively. The complete text of the Compact has been posted at: https://assets.mcc.gov/content/uploads/compact- cote-divoire-regional-energy.pdf.",https://www.federalregister.gov/documents/2025/09/25/2025-18565/notice-of-entering-into-a-compact-with-the-republic-of-cte-divoire
2026-09-10T07:58:14Z,2025-16827,Millennium Challenge Corporation Candidate Country Report for Fiscal Year 2026,Notice,2025-09-03,Millennium Challenge Corporation,"The Millennium Challenge Act of 2003, as amended, requires the Millennium Challenge Corporation to publish a report that identifies countries that are ""candidate countries"" for Millennium Challenge Account assistance during Fiscal Year 2026. The report is set forth in full below.",https://www.federalregister.gov/documents/2025/09/03/2025-16827/millennium-challenge-corporation-candidate-country-report-for-fiscal-year-2026
2026-09-10T07:58:14Z,2025-14992,Normalizing Unmanned Aircraft Systems Beyond Visual Line of Sight Operations,Proposed Rule,2025-08-07,Transportation Department;Federal Aviation Administration;Homeland Security Department;Transportation Security Administration,"This action proposes performance-based regulations to enable the design and operation of unmanned aircraft systems (UAS) at low altitudes beyond visual line of sight (BVLOS) and for third-party services, including UAS Traffic Management (UTM), that support these operations. The FAA Reauthorization Act of 2024 directs the development of this proposed rule. This proposed rule is necessary to support the integration of UAS into the national airspace system (NAS). This proposed rule is intended to provide a predictable and clear pathway for safe, routine, and scalable UAS operations that include package delivery, agriculture, aerial surveying, civic interest, operations training, demonstration, recreation, and flight testing. TSA proposes to make complementary changes to its regulations to ensure it can continue to impose security measures on these operations under its current regulatory structure for civil aviation.",https://www.federalregister.gov/documents/2025/08/07/2025-14992/normalizing-unmanned-aircraft-systems-beyond-visual-line-of-sight-operations
2026-09-10T07:58:14Z,2025-14183,"Fair Lending, Fair Housing, and Equitable Housing Finance Plans",Proposed Rule,2025-07-28,Federal Housing Finance Agency,"The Federal Housing Finance Agency (""FHFA"" or the ""Agency"") is requesting comment on the notice of proposed rulemaking repealing the Fair Lending, Fair Housing, and Equitable Housing Finance Plans regulation.",https://www.federalregister.gov/documents/2025/07/28/2025-14183/fair-lending-fair-housing-and-equitable-housing-finance-plans
2026-09-10T07:58:14Z,2025-10377,Rescissions Proposals Pursuant to the Congressional Budget and Impoundment Control Act of 1974,Notice,2025-06-09,Management and Budget Office,"Pursuant to section 1014(d) of the Congressional Budget and Impoundment Control Act of 1974, enclosed for publication in the Federal Register is a special message from the President reflecting the proposals for rescission under section 1012 of that Act that were transmitted to the Congress for consideration on June 3, 2025. In total, these proposals would rescind $9.4 billion in budget authority. These proposed rescissions affect programs of the Department of State, as well as the Corporation for Public Broadcasting (CPB), the U.S. Agency for International Development (USAID), the U.S. Institute of Peace, and other International Assistance Programs. If enacted, these rescissions would decrease Federal outlays in the affected accounts by the same amount; this would have a commensurate effect on the Federal budget deficit and the national economy, and would result in less borrowing from the Federal Treasury.",https://www.federalregister.gov/documents/2025/06/09/2025-10377/rescissions-proposals-pursuant-to-the-congressional-budget-and-impoundment-control-act-of-1974
2026-09-10T07:58:14Z,2025-09795,Request for Comments and Notice of Public Hearing Concerning the Annual Review of Country Eligibility for Benefits Under the African Growth and Opportunity Act for Calendar Year 2026,Notice,2025-05-30,"Trade Representative, Office of United States","The Office of the United States Trade Representative (USTR) is announcing the initiation of the annual review of the eligibility of sub-Saharan African countries to receive the benefits of the African Growth and Opportunity Act (AGOA). The AGOA Implementation Subcommittee of the Trade Policy Staff Committee (AGOA TPSC Subcommittee) is requesting written comments for this review and will conduct a public hearing on this matter. In developing its recommendations on AGOA country eligibility for calendar year 2026, the AGOA TPSC Subcommittee will consider written comments, written testimony, and oral testimony.",https://www.federalregister.gov/documents/2025/05/30/2025-09795/request-for-comments-and-notice-of-public-hearing-concerning-the-annual-review-of-country
2026-09-10T07:58:14Z,2025-01101,Air Plan Disapproval; West Virginia; Regional Haze State Implementation Plan for the Second Implementation Period,Proposed Rule,2025-01-21,Environmental Protection Agency,"The Environmental Protection Agency (EPA) is proposing to disapprove a revision to West Virginia's State Implementation Plan (SIP) submitted by the West Virginia Department of Environmental Protection (WV DEP) on August 12, 2022. The SIP was submitted to satisfy applicable requirements under the Clean Air Act (CAA) and EPA's Regional Haze Rule (RHR) for the program's second planning period. If finalized, disapproval does not start a mandatory sanctions clock. The EPA is taking this action pursuant to sections 110 and 169A of the Clean Air Act.",https://www.federalregister.gov/documents/2025/01/21/2025-01101/air-plan-disapproval-west-virginia-regional-haze-state-implementation-plan-for-the-second
2026-09-10T07:58:14Z,2025-01441,Establishment of the Chuckwalla National Monument,Presidential Document,2025-01-17,Executive Office of the President,,https://www.federalregister.gov/documents/2025/01/17/2025-01441/establishment-of-the-chuckwalla-national-monument
2026-09-10T07:58:14Z,2025-01323,Notice of Funds Availability,Notice,2025-01-17,Treasury Department;Community Development Financial Institutions Fund,"Through the NACA Program, the Community Development Financial Institutions (CDFI) Fund provides (i) FA awards to Certified Community Development Financial Institutions (CDFIs) serving Native American, Alaska Native, or Native Hawaiian populations or Native American areas defined as federally-designated reservations, Hawaiian homelands, Alaska Native Villages and U.S. Census Bureau- designated Tribal Statistical Areas (collectively, ""Native Communities"") to build their financial capacity to lend to Eligible Markets and/or their Target Markets, and (ii) TA awards to build Certified, and Emerging CDFIs' organizational capacity to serve Eligible Markets and/or their Target Markets, and Sponsoring Entities' ability to create Certified CDFIs that serve Native Communities. All awards provided through this NOFA are subject to funding availability. ---------------------------------------------------------------------------",https://www.federalregister.gov/documents/2025/01/17/2025-01323/notice-of-funds-availability
2026-09-10T07:58:14Z,2025-01322,Notice of Funds Availability,Notice,2025-01-17,Treasury Department;Community Development Financial Institutions Fund,"Through the CDFI Program, the CDFI Fund provides (i) FA awards to Certified Community Development Financial Institutions (CDFIs) to build their financial capacity to lend to Eligible Markets and/or their Target Markets, and (ii) TA awards to build Certified and Emerging CDFIs' organizational capacity to serve Eligible Markets and/ or their Target Markets. All awards provided through this NOFA are subject to funding availability.",https://www.federalregister.gov/documents/2025/01/17/2025-01322/notice-of-funds-availability
2026-09-10T07:58:14Z,2025-01275,Applications for New Awards; Supporting Effective Educator Development Program,Notice,2025-01-17,Education Department,The Department of Education (Department) is issuing a notice inviting applications for fiscal year (FY) 2025 for the Supporting Effective Educator Development (SEED) program.,https://www.federalregister.gov/documents/2025/01/17/2025-01275/applications-for-new-awards-supporting-effective-educator-development-program
2026-09-10T07:58:14Z,2025-00550,"Agreement Between the United States of America, the United Mexican States, and Canada (USMCA) Implementing Regulations Related to Textile and Apparel Goods, Automotive Goods, and Other USMCA Provisions",Rule,2025-01-17,Homeland Security Department;U.S. Customs and Border Protection;Treasury Department,"This interim final rule amends the U.S. Customs and Border Protection (CBP) regulations to add implementing regulations for the preferential tariff treatment and related customs provisions of the Agreement Between the United States of America, the United Mexican States, and Canada (USMCA) with respect to general definitions, drawback and duty-deferral programs, textile and apparel goods, and automotive goods. This document also amends the regulations to implement the temporary admission of goods, to delineate recordkeeping and protest requirements, to clarify the fee provisions, and to make conforming amendments, including technical corrections to other laws as required by statute.",https://www.federalregister.gov/documents/2025/01/17/2025-00550/agreement-between-the-united-states-of-america-the-united-mexican-states-and-canada-usmca
2026-09-10T07:58:14Z,2025-00778,Food Labeling: Front-of-Package Nutrition Information,Proposed Rule,2025-01-16,Health and Human Services Department;Food and Drug Administration,"The Food and Drug Administration (FDA or we) proposes to require front-of-package nutrition labels on most foods that must bear a Nutrition Facts label. This action, if finalized, would require the display of a compact informational box containing certain nutrient information on the principal display panel. The box would provide consumers, including those who have lower nutrition knowledge, with standardized, interpretive nutrition information that can help them quickly and easily identify how foods can be part of a healthy diet. We also propose to amend certain nutrient content claim regulations to align with current nutrition science and avoid within-label inconsistencies.",https://www.federalregister.gov/documents/2025/01/16/2025-00778/food-labeling-front-of-package-nutrition-information
2026-09-10T07:58:14Z,2025-00592,Securing the Information and Communications Technology and Services Supply Chain: Connected Vehicles,Rule,2025-01-16,Commerce Department;Industry and Security Bureau,"This final rule, published by the Department of Commerce's (Department) Bureau of Industry and Security (BIS), sets forth regulations and procedures to address undue or unacceptable risks to national security and U.S. persons posed by classes of transactions involving information and communications technology and services (ICTS) that are designed, developed, manufactured, or supplied by persons owned by, controlled by, or subject to the jurisdiction or direction of certain foreign adversaries and that are integral to connected vehicles as defined herein.",https://www.federalregister.gov/documents/2025/01/16/2025-00592/securing-the-information-and-communications-technology-and-services-supply-chain-connected-vehicles
2026-09-10T07:58:14Z,2025-00397,Tobacco Product Standard for Nicotine Yield of Cigarettes and Certain Other Combusted Tobacco Products,Proposed Rule,2025-01-16,Health and Human Services Department;Food and Drug Administration,"The Food and Drug Administration (FDA, the Agency, or we) is proposing a tobacco product standard that would regulate nicotine yield by establishing a maximum nicotine level in cigarettes and certain other combusted tobacco products. FDA is proposing this action to reduce the addictiveness of these products, thus giving people who are addicted and wish to quit the ability to do so more easily. The proposed product standard is anticipated to benefit the population as a whole. For example, it would help to prevent people who experiment with cigarettes and cigars from developing addiction and using combusted tobacco products regularly.",https://www.federalregister.gov/documents/2025/01/16/2025-00397/tobacco-product-standard-for-nicotine-yield-of-cigarettes-and-certain-other-combusted-tobacco
2026-09-10T07:58:14Z,2025-00284,Guidance Under Section 2801 Regarding the Imposition of Tax on Certain Gifts and Bequests From Covered Expatriates,Rule,2025-01-14,Treasury Department;Internal Revenue Service,"This document contains final regulations that provide guidance on the application of a tax on United States citizens and residents, as well as certain trusts, that receive, directly or indirectly, gifts or bequests from certain individuals who relinquished United States citizenship or ceased to be lawful permanent residents of the United States. The final regulations also provide guidance on the method of reporting and paying this tax. The final regulations primarily affect United States citizens and residents, as well as certain trusts, that receive one or more such gifts or bequests.",https://www.federalregister.gov/documents/2025/01/14/2025-00284/guidance-under-section-2801-regarding-the-imposition-of-tax-on-certain-gifts-and-bequests-from
2026-09-10T07:58:14Z,2024-31203,Injurious Wildlife Species; Listing Salamanders Due to Risk of Salamander Chytrid Fungus,Rule,2025-01-10,Interior Department;Fish and Wildlife Service,"The U.S. Fish and Wildlife Service is affirming as final the 2016 interim rule that added all species of salamanders from 20 genera to the list of injurious amphibians. Under the injurious wildlife prohibitions of the Lacey Act, this final rule prohibits the importation into the United States and shipment between the continental United States, District of Columbia, Hawaii, Commonwealth of Puerto Rico, or any territory or possession of the United States of any live or dead specimen, including hybrids and parts, of those 20 genera of salamanders, except by permit for certain purposes or by Federal agencies solely for their own use. In addition to finalizing the listing of those 20 genera, we are publishing a new interim rule to add to the injurious amphibian list 16 genera that recent studies determined are also carriers of the fungus and to clarify some provisions from the final rule. This interim rule includes any live or dead specimen, hybrid, or parts of the 16 genera and opens a public comment period. We take these actions to protect U.S. ecosystems from the introduction, establishment, and spread of the lethal chytrid fungus Batrachochytrium salamandrivorans, which infects and is carried by salamanders, and which is not yet known to be found in the United States.",https://www.federalregister.gov/documents/2025/01/10/2024-31203/injurious-wildlife-species-listing-salamanders-due-to-risk-of-salamander-chytrid-fungus
2026-09-10T07:58:14Z,2024-31353,To Implement the United States-Israel Agreement on Trade in Agricultural Products and for Other Purposes,Presidential Document,2024-12-27,Executive Office of the President,,https://www.federalregister.gov/documents/2024/12/27/2024-31353/to-implement-the-united-states-israel-agreement-on-trade-in-agricultural-products-and-for-other
2026-09-10T07:58:14Z,2024-29059,Removal of Racial and Ethnic Presumptions in Response to Court Ruling,Rule,2024-12-16,Commerce Department;Minority Business Development Agency,"The Minority Business Development Agency (MBDA) amends their regulations to remove the list of racial and ethnic presumptions in order to comply with the Court's decision in Nuziard et al v. Minority Business Development Agency et al., which struck down those racial and ethnic presumptions.",https://www.federalregister.gov/documents/2024/12/16/2024-29059/removal-of-racial-and-ethnic-presumptions-in-response-to-court-ruling
2026-09-10T07:58:14Z,2024-29050,Open Meeting of the President's Advisory Council on Doing Business in Africa,Notice,2024-12-11,Commerce Department;International Trade Administration,"The President's Advisory Council on Doing Business in Africa (PAC-DBIA or Council) will hold a meeting to deliberate and adopt a report commemorating the 10-year anniversary of the establishment of the PAC-DBIA. The PAC-DBIA will present summaries of past recommendations across twelve key topics: Infrastructure, Financing, Technology & Digital Economy, Energy & Environment, Health, Agribusiness & Food-Water Security, Trade Facilitation & Supply-Value Chains, Bilateral Engagement Mechanisms, Public Procurement, Workforce & Skills Development, SMEs & Women Entrepreneurs, and the African Growth and Opportunity Act (AGOA). U.S. Government principals will provide feedback summarizing actions taken by departments, agencies, and programs that have address the PAC-DBIA's recommendations. The PAC- DBIA will also present a review of key fact-finding activities conducted and analytical reports produced over the 10 years of the PAC- DBIA's existence. Finally, the PAC-DBIA will present forward-looking recommendations regarding utilization of the PAC-DBIA and U.S.-Africa commercial engagement in general. The final agenda for the meeting will be posted prior to the meeting on the Council's website at http:// trade.gov/pac-dbia.",https://www.federalregister.gov/documents/2024/12/11/2024-29050/open-meeting-of-the-presidents-advisory-council-on-doing-business-in-africa
2026-09-10T07:58:14Z,2024-28142,Public Company Accounting Oversight Board; Notice of Filing of Proposed Rules on Firm and Engagement Metrics and Related Amendments to PCAOB Standards,Notice,2024-12-11,Securities and Exchange Commission,,https://www.federalregister.gov/documents/2024/12/11/2024-28142/public-company-accounting-oversight-board-notice-of-filing-of-proposed-rules-on-firm-and-engagement
2026-09-10T07:58:14Z,2024-27939,"Medicare and Medicaid Programs; Contract Year 2026 Policy and Technical Changes to the Medicare Advantage Program, Medicare Prescription Drug Benefit Program, Medicare Cost Plan Program, and Programs of All-Inclusive Care for the Elderly",Proposed Rule,2024-12-10,Health and Human Services Department;Centers for Medicare & Medicaid Services,"This proposed rule would revise the Medicare Advantage (Part C), Medicare Prescription Drug Benefit (Part D), Medicaid, Medicare cost plan, and Programs of All-Inclusive Care for the Elderly (PACE) regulations to implement changes related to Star Ratings, marketing and communications, agent/broker compensation, health equity, drug coverage, dual eligible special needs plans (D-SNPs), utilization management, network adequacy, and other programmatic areas, including the Medicare Drug Price Negotiation Program. This proposed rule also includes proposals to codify existing subregulatory guidance in the Part C and Part D programs.",https://www.federalregister.gov/documents/2024/12/10/2024-27939/medicare-and-medicaid-programs-contract-year-2026-policy-and-technical-changes-to-the-medicare
2026-09-10T07:58:14Z,2024-25382,Medicare and Medicaid Programs; CY 2025 Payment Policies Under the Physician Fee Schedule and Other Changes to Part B Payment and Coverage Policies; Medicare Shared Savings Program Requirements; Medicare Prescription Drug Inflation Rebate Program; and Medicare Overpayments,Rule,2024-12-09,Health and Human Services Department;Centers for Medicare & Medicaid Services,"This final rule addresses: changes to the physician fee schedule (PFS); other changes to Medicare Part B payment policies to ensure that payment systems are updated to reflect changes in medical practice, relative value of services, and changes in the statute; codification of establishment of new policies for, the Medicare Prescription Drug Inflation Rebate Program under the Inflation Reduction Act of 2022; updates to the Medicare Diabetes Prevention Program expanded model; payment for dental services inextricably linked to specific covered medical services; updates to drugs and biological products paid under Part B including immunosuppressive drugs and clotting factors; Medicare Shared Savings Program requirements; updates to the Quality Payment Program; Medicare coverage of opioid use disorder services furnished by opioid treatment programs; updates to policies for Rural Health Clinics and Federally Qualified Health Centers; electronic prescribing for controlled substances for a covered Part D drug under a prescription drug plan or a Medicare Advantage Prescription Drug (MA-PD) plan under the Substance Use-Disorder Prevention that Promotes Opioid Recovery and Treatment for Patients and Communities Act (SUPPORT Act); update to the Ambulance Fee Schedule regulations; codification of the Inflation Reduction Act and Consolidated Appropriations Act, 2023 provisions; updates to Clinical Laboratory Fee Schedule regulations; updates to the diabetes payment structure and PHE flexibilities; expansion of colorectal cancer screening and Hepatitis B vaccine coverage and payment; establishing payment for drugs covered as additional preventive services; Medicare Parts A and B Overpayment Provisions of the Affordable Care Act and Medicare Parts C and D Overpayment Provisions of the Affordable Care Act.",https://www.federalregister.gov/documents/2024/12/09/2024-25382/medicare-and-medicaid-programs-cy-2025-payment-policies-under-the-physician-fee-schedule-and-other
2026-09-10T07:58:14Z,2024-27880,Employment of Workers With Disabilities Under Section 14(c) of the Fair Labor Standards Act,Proposed Rule,2024-12-04,Labor Department;Wage and Hour Division,"The Fair Labor Standards Act (FLSA or Act) authorizes the Secretary of Labor to issue certificates allowing employers to pay productivity-based subminimum wages to workers with disabilities, but only where such certificates are necessary to prevent the curtailment of opportunities for employment. Employment opportunities for individuals with disabilities have vastly expanded in recent decades, in part due to significant legal and policy developments. Based on that evidence, the Department has tentatively concluded that subminimum wages are no longer necessary to prevent the curtailment of employment opportunities for individuals with disabilities and thus proposes to phase out the issuance of section 14(c) certificates.",https://www.federalregister.gov/documents/2024/12/04/2024-27880/employment-of-workers-with-disabilities-under-section-14c-of-the-fair-labor-standards-act
2026-09-10T07:58:14Z,2024-27841,Medicare Program; Alternative Payment Model Updates and the Increasing Organ Transplant Access (IOTA) Model,Rule,2024-12-04,Health and Human Services Department;Centers for Medicare & Medicaid Services,"This final rule describes a new mandatory alternative payment model, the Increasing Organ Transplant Access Model (IOTA Model), that will test whether performance-based upside risk payments or downside risk payments paid to or owed by participating kidney transplant hospitals increase access to kidney transplants for patients with end- stage renal disease (ESRD) while preserving or enhancing the quality of care and reducing Medicare expenditures. This final rule also adopts standard provisions that will apply to the Radiation Oncology Model, the End-Stage Renal Disease (ESRD) Treatment Choices Model, and mandatory Innovation Center models, including the IOTA Model, whose first performance period begins on or after January 1, 2025. The finalized standard provisions relate to beneficiary protections; cooperation in model evaluation and monitoring; audits and records retention; rights in data and intellectual property; monitoring and compliance; remedial action; model termination by CMS; limitations on review; miscellaneous provisions on bankruptcy and other notifications; and the reconsideration review process.",https://www.federalregister.gov/documents/2024/12/04/2024-27841/medicare-program-alternative-payment-model-updates-and-the-increasing-organ-transplant-access-iota
2026-09-10T07:58:14Z,2024-26395,Endangered and Threatened Wildlife and Plants; Listing the Giraffe,Proposed Rule,2024-11-21,Interior Department;Fish and Wildlife Service,"We, the U.S. Fish and Wildlife Service (Service), announce our 12-month finding on a petition to list the giraffe (including its subspecies) as endangered or threatened under the Endangered Species Act of 1973, as amended (Act or ESA). After a review of the best available scientific and commercial information, we find that the following listing actions are warranted: We propose to list all three subspecies of the northern giraffe (Giraffa camelopardalis)--the West African giraffe (Giraffa camelopardalis peralta), the Kordofan giraffe (Giraffa camelopardalis antiquorum), and the Nubian giraffe (Giraffa camelopardalis camelopardalis)--as endangered species under Act. We also propose to list the reticulated giraffe (Giraffa reticulata) and the Masai giraffe (Giraffa tippelskirchi), both from east Africa, as threatened species with protective regulations issued under section 4(d) of the Act (""4(d) rule""). After a thorough review of the best scientific and commercial data available, we find that, based on the Act's section 4(a)(1) factors, it is not warranted at this time to list either subspecies of the southern giraffe (Giraffa giraffa)--the Angolan giraffe (Giraffa giraffa angolensis) and the South African giraffe (Giraffa giraffa giraffa)--but we are proposing, under the authority of section 4(e) of the Act, to treat both of these subspecies as threatened species based on their similarity of appearance to the West African giraffe, Kordofan giraffe, Nubian giraffe, reticulated giraffe, and Masai giraffe. If we finalize this rule as proposed, it would add all giraffes to the List of Endangered and Threatened Wildlife, under the authority of either section 4(a)(1) or 4(e) of the Act, and extend the Act's protections to these taxa.",https://www.federalregister.gov/documents/2024/11/21/2024-26395/endangered-and-threatened-wildlife-and-plants-listing-the-giraffe
2026-09-10T07:58:14Z,2024-26845,Supplemental Nutrition Assistance Program: Standardization of State Heating and Cooling Standard Utility Allowances,Rule,2024-11-18,Agriculture Department;Food and Nutrition Service,"This rule finalizes changes proposed October 3, 2019, by the Department to revise Supplemental Nutrition Assistance Program (SNAP) regulations for calculating standard utility allowances (SUAs) and expand allowable shelter expenses to include basic internet costs. It requires State agencies to submit for FNS approval their SUA methodologies at least every five years, and methodology submissions must incorporate any revisions necessary to demonstrate that the baseline expenditure data and underlying methodology reflect recent trends and changes. This rule also provides State agencies with the flexibility necessary to ensure that they meet households' needs while also aligning SUAs with data on low-income household utility costs in a more consistent manner. This rule also finalizes updates proposed April 20, 2016, regarding the treatment of Low Income Home Energy Assistance Program or other similar energy assistance program payments, in accordance with amendments made to the Food and Nutrition Act of 2008 by the Agricultural Act of 2014. The intent of this final rule is to ensure consistency and integrity of SUAs across the country, which the Department believes is good governance.",https://www.federalregister.gov/documents/2024/11/18/2024-26845/supplemental-nutrition-assistance-program-standardization-of-state-heating-and-cooling-standard
2026-09-10T07:58:14Z,2024-25486,"Medicare Program; End-Stage Renal Disease Prospective Payment System, Payment for Renal Dialysis Services Furnished to Individuals With Acute Kidney Injury, Conditions for Coverage for End-Stage Renal Disease Facilities, End-Stage Renal Disease Quality Incentive Program, and End-Stage Renal Disease Treatment Choices Model",Rule,2024-11-12,Health and Human Services Department;Centers for Medicare & Medicaid Services,"This final rule updates and revises the End-Stage Renal Disease (ESRD) Prospective Payment System for calendar year 2025. This rule also updates the payment rate for renal dialysis services furnished by an ESRD facility to individuals with acute kidney injury. In addition, this rule updates requirements for the Conditions for Coverage for ESRD Facilities, ESRD Quality Incentive Program, and ESRD Treatment Choices Model.",https://www.federalregister.gov/documents/2024/11/12/2024-25486/medicare-program-end-stage-renal-disease-prospective-payment-system-payment-for-renal-dialysis
2026-09-10T07:58:14Z,2024-25441,Medicare Program; Calendar Year (CY) 2025 Home Health Prospective Payment System (HH PPS) Rate Update; HH Quality Reporting Program Requirements; HH Value-Based Purchasing Expanded Model Requirements; Home Intravenous Immune Globulin (IVIG) Items and Services Rate Update; and Other Medicare Policies,Rule,2024-11-07,Health and Human Services Department;Centers for Medicare & Medicaid Services,"This final rule will set forth routine updates to the Medicare home health payment rates; the payment rate for the disposable negative pressure wound therapy (dNPWT) devices; and the intravenous immune globulin (IVIG) items and services payment rate for CY 2025 in accordance with existing statutory and regulatory requirements. In addition, it finalizes changes to the Home Health Quality Reporting Program (HH QRP) requirements and provides an update on potential approaches for integrating health equity in the Expanded Health Value Based Purchasing (HHVBP) Model. It also finalizes a new standard for an acceptance-to-service policy in the HH conditions of participation (CoPs). Lastly, it updates provider and supplier enrollment requirements and changes to the long-term care reporting requirements for acute respiratory illnesses.",https://www.federalregister.gov/documents/2024/11/07/2024-25441/medicare-program-calendar-year-cy-2025-home-health-prospective-payment-system-hh-pps-rate-update-hh
2026-09-10T07:58:14Z,2024-25798,"Critical Infrastructure Security and Resilience Month, 2024",Presidential Document,2024-11-05,Executive Office of the President,,https://www.federalregister.gov/documents/2024/11/05/2024-25798/critical-infrastructure-security-and-resilience-month-2024
2026-09-10T07:58:14Z,2024-23549,National Primary Drinking Water Regulations for Lead and Copper: Improvements (LCRI),Rule,2024-10-30,Environmental Protection Agency,"In December 2023, the U.S. Environmental Protection Agency (EPA) requested comment on the proposed the Lead and Copper Rule Improvements (LCRI), which informed the revisions to the National Primary Drinking Water Regulation (NPDWR) for lead and copper. After consideration of public comment on the LCRI, and consistent with the provisions set forth under the Safe Drinking Water Act (SDWA), the EPA is finalizing revisions to the NPDWR for lead and copper. In this rule, the agency is finalizing requirements for drinking water systems to replace lead and certain galvanized service lines. The final rule also removes the lead trigger level, reduces the lead action level to 0.010 mg/L, and strengthens tap sampling procedures to improve public health protection and simplify implementation relative to the 2021 Lead and Copper Rule Revisions (LCRR). Further, this final rule strengthens corrosion control treatment, public education and consumer awareness, requirements for small systems, and sampling in schools and child care facilities. The final rule will significantly reduce the adverse human health impacts of exposure to toxic lead in drinking water.",https://www.federalregister.gov/documents/2024/10/30/2024-23549/national-primary-drinking-water-regulations-for-lead-and-copper-improvements-lcri
2026-09-10T07:58:14Z,2024-24582,Provisions Pertaining to Preventing Access to U.S. Sensitive Personal Data and Government-Related Data by Countries of Concern or Covered Persons,Proposed Rule,2024-10-29,Justice Department,"The Department of Justice proposes a rule to implement Executive Order 14117 of February 28, 2024 (Preventing Access to Americans' Bulk Sensitive Personal Data and United States Government- Related Data by Countries of Concern), by prohibiting and restricting certain data transactions with certain countries or persons.",https://www.federalregister.gov/documents/2024/10/29/2024-24582/provisions-pertaining-to-preventing-access-to-us-sensitive-personal-data-and-government-related-data
2026-09-10T07:58:14Z,2024-22013,Vessel Incidental Discharge National Standards of Performance,Rule,2024-10-09,Environmental Protection Agency,"The U.S. Environmental Protection Agency (EPA) is promulgating a regulation under the Vessel Incidental Discharge Act that establishes Federal standards of performance for marine pollution control devices for discharges incidental to the normal operation of primarily non- Armed Forces and non-recreational vessels 79 feet in length and above into the waters of the United States or the waters of the contiguous zone. The Federal standards of performance were developed in coordination with the U.S. Coast Guard (USCG) and in consultation with interested Governors. The final standards, once made final, effective, and enforceable through corresponding USCG regulations addressing implementation, compliance, and enforcement, will control the discharge of pollutants from vessels described above and repeal certain existing Federal, State, and local vessel discharge requirements, thus streamlining regulation of such vessel incidental discharges. EPA is also promulgating procedures states must follow if they choose to petition EPA to require the use of an emergency best management practice to address aquatic nuisance species (ANS) or water quality concerns (""emergency order""), to review any standard of performance, regulation, or policy, to request additional requirements with respect to discharges in the Great Lakes, or to apply to EPA to prohibit one or more types of vessel discharges regulated by this rule into specified waters to provide greater environmental protection.",https://www.federalregister.gov/documents/2024/10/09/2024-22013/vessel-incidental-discharge-national-standards-of-performance
2026-09-10T07:58:14Z,2024-22602,Securing the Border,Rule,2024-10-07,Homeland Security Department;Justice Department;Executive Office for Immigration Review,"On June 3, 2024, the President signed a Proclamation under sections 212(f) and 215(a) of the Immigration and Nationality Act (""INA"") suspending and limiting the entry of certain noncitizens into the United States during emergency border circumstances. DHS and DOJ (""the Departments"") issued a complementary interim final rule (""IFR"") shortly thereafter. This final rule responds to public comments received on the IFR, makes certain revisions to the regulatory text, and seeks comment on potential changes to the Circumvention of Lawful Pathways rule as well as changes that parallel modifications made by the subsequent Proclamation.",https://www.federalregister.gov/documents/2024/10/07/2024-22602/securing-the-border
2026-09-10T07:58:14Z,2024-22724,Takes of Marine Mammals Incidental to Specified Activities; Taking Marine Mammals Incidental to a Marine Geophysical Survey of the Chain Transform Fault in the Equatorial Atlantic Ocean,Notice,2024-10-02,Commerce Department;National Oceanic and Atmospheric Administration,"In accordance with the regulations implementing the Marine Mammal Protection Act (MMPA) as amended, notification is hereby given that NMFS has issued an incidental harassment authorization (IHA) to the Lamont-Doherty Earth Observatory of Columbia University (L-DEO) to incidentally harass marine mammals during survey activities associated with a marine geophysical survey at the Chain Transform Fault in the equatorial Atlantic Ocean.",https://www.federalregister.gov/documents/2024/10/02/2024-22724/takes-of-marine-mammals-incidental-to-specified-activities-taking-marine-mammals-incidental-to-a
2026-09-10T07:58:14Z,2024-22397,Limitations of Duty- and Quota-Free Imports of Apparel Articles Assembled in Beneficiary Sub-Saharan African Countries From Regional and Third-Country Fabric,Notice,2024-09-30,Committee for the Implementation of Textile Agreements,,https://www.federalregister.gov/documents/2024/09/30/2024-22397/limitations-of-duty--and-quota-free-imports-of-apparel-articles-assembled-in-beneficiary-sub-saharan
2026-09-10T07:58:14Z,2024-21903,Securing the Information and Communications Technology and Services Supply Chain: Connected Vehicles,Proposed Rule,2024-09-26,Commerce Department;Industry and Security Bureau,"In this notice of proposed rulemaking (NPRM), the Department of Commerce's (Department) Bureau of Industry and Security (BIS) proposes a rule to address undue or unacceptable risks to national security and U.S. persons posed by classes of transactions involving information and communications technology and services (ICTS) that are designed, developed, manufactured, or supplied by persons owned by, controlled by, or subject to the jurisdiction or direction of certain foreign adversaries, and which are integral to connected vehicles, as defined herein. BIS is soliciting comment on this proposed rule, which builds on the advance notice of proposed rulemaking (ANPRM) issued by BIS on March 1, 2024.",https://www.federalregister.gov/documents/2024/09/26/2024-21903/securing-the-information-and-communications-technology-and-services-supply-chain-connected-vehicles
2026-09-10T07:58:14Z,2024-20612,Requirements Related to the Mental Health Parity and Addiction Equity Act,Rule,2024-09-23,Treasury Department;Internal Revenue Service;Labor Department;Employee Benefits Security Administration;Health and Human Services Department,"This document sets forth final rules amending regulations implementing the Paul Wellstone and Pete Domenici Mental Health Parity and Addiction Equity Act of 2008 (MHPAEA) and adding new regulations implementing the nonquantitative treatment limitation (NQTL) comparative analyses requirements under MHPAEA, as amended by the Consolidated Appropriations Act, 2021 (CAA, 2021). Specifically, these final rules amend the existing NQTL standard to prohibit group health plans and health insurance issuers offering group or individual health insurance coverage from using NQTLs that place greater restrictions on access to mental health and substance use disorder benefits as compared to medical/surgical benefits. As part of these changes, these final rules require plans and issuers to collect and evaluate relevant data in a manner reasonably designed to assess the impact of NQTLs on relevant outcomes related to access to mental health and substance use disorder benefits and medical/surgical benefits and to take reasonable action, as necessary, to address material differences in access to mental health or substance use disorder benefits as compared to medical/surgical benefits. These final rules also amend existing examples and add new examples on the application of the rules for NQTLs to clarify and illustrate the requirements of MHPAEA. Additionally, these final rules set forth the content requirements for NQTL comparative analyses and specify how plans and issuers must make these comparative analyses available to the Department of the Treasury (Treasury), the Department of Labor (DOL), and the Department of Health and Human Services (HHS) (collectively, the Departments), as well as to an applicable State authority, and to participants, beneficiaries, and enrollees. Finally, HHS finalizes regulatory amendments to implement the sunset provision for self-funded non-Federal governmental plan elections to opt out of compliance with MHPAEA, as adopted in the Consolidated Appropriations Act, 2023 (CAA, 2023).",https://www.federalregister.gov/documents/2024/09/23/2024-20612/requirements-related-to-the-mental-health-parity-and-addiction-equity-act
2026-09-10T07:58:14Z,2024-20375,Agency Information Collection Activities: Comment Request; NSF Non-Academic Research Internships for Graduate Students (INTERN) Program,Notice,2024-09-10,National Science Foundation,The National Science Foundation (NSF) has submitted the following information collection requirement to OMB for review and clearance under the Paperwork Reduction Act of 1995. This is the second notice for public comment; the first was published in the Federal Register and no comments were received. NSF is forwarding the proposed renewal submission to the Office of Management and Budget (OMB) for clearance simultaneously with the publication of this second notice.,https://www.federalregister.gov/documents/2024/09/10/2024-20375/agency-information-collection-activities-comment-request-nsf-non-academic-research-internships-for
2026-09-10T07:58:14Z,2024-20132,Millennium Challenge Corporation Candidate Country Report for Fiscal Year 2025,Notice,2024-09-09,Millennium Challenge Corporation,"The Millennium Challenge Act of 2003, as amended, requires the Millennium Challenge Corporation to publish a report that identifies countries that are ""candidate countries"" for Millennium Challenge Account assistance during Fiscal Year 2025. The report is set forth in full below.",https://www.federalregister.gov/documents/2024/09/09/2024-20132/millennium-challenge-corporation-candidate-country-report-for-fiscal-year-2025
2026-09-10T07:58:14Z,2024-14824,Heat Injury and Illness Prevention in Outdoor and Indoor Work Settings,Proposed Rule,2024-08-30,Labor Department;Occupational Safety and Health Administration,"OSHA is proposing to issue a new standard, titled Heat Injury and Illness Prevention in Outdoor and Indoor Work Settings. The standard would apply to all employers conducting outdoor and indoor work in all general industry, construction, maritime, and agriculture sectors where OSHA has jurisdiction, with some exceptions. It would be a programmatic standard that would require employers to create a plan to evaluate and control heat hazards in their workplace. It would more clearly set forth employer obligations and the measures necessary to effectively protect employees from hazardous heat. OSHA requests comments on all aspects of the proposed rule.",https://www.federalregister.gov/documents/2024/08/30/2024-14824/heat-injury-and-illness-prevention-in-outdoor-and-indoor-work-settings
2026-09-10T07:58:14Z,2024-17021,Medicare and Medicaid Programs and the Children's Health Insurance Program; Hospital Inpatient Prospective Payment Systems for Acute Care Hospitals and the Long-Term Care Hospital Prospective Payment System and Policy Changes and Fiscal Year 2025 Rates; Quality Programs Requirements; and Other Policy Changes,Rule,2024-08-28,Health and Human Services Department;Centers for Medicare & Medicaid Services,This final rule revises the Medicare hospital inpatient prospective payment systems (IPPS) for operating and capital-related costs of acute care hospitals; makes changes relating to Medicare graduate medical education (GME) for teaching hospitals; updates the payment policies and the annual payment rates for the Medicare prospective payment system (PPS) for inpatient hospital services provided by long-term care hospitals (LTCHs); and makes other policy- related changes.,https://www.federalregister.gov/documents/2024/08/28/2024-17021/medicare-and-medicaid-programs-and-the-childrens-health-insurance-program-hospital-inpatient
2026-09-10T07:58:14Z,2024-18856,National Resource Centers Program and Foreign Language and Area Studies Fellowships Program,Rule,2024-08-27,Education Department,"The U.S. Department of Education (Department) amends the regulations that govern the National Resource Centers (NRC) Program, Assistance Listing Number 84.015A, and the Foreign Language and Area Studies (FLAS) Fellowships Program, Assistance Listing Number 84.015B. These regulations clarify interpretations of statutory language, redesign the selection criteria, and make necessary updates based upon program management experience. These regulations remove ambiguity and redundancy in the selection criteria and definitions of key terms, improve the application process, and align the administration of these programs with developments in modern foreign language and area studies education.",https://www.federalregister.gov/documents/2024/08/27/2024-18856/national-resource-centers-program-and-foreign-language-and-area-studies-fellowships-program
2026-09-10T07:58:14Z,2024-16911,Medicare Program; Inpatient Rehabilitation Facility Prospective Payment System for Federal Fiscal Year 2025 and Updates to the IRF Quality Reporting Program,Rule,2024-08-06,Health and Human Services Department;Centers for Medicare & Medicaid Services,"This final action updates the prospective payment rates for inpatient rehabilitation facilities (IRFs) for Federal fiscal year (FY) 2025. As required by statute, this final action includes the classification and weighting factors for the IRF prospective payment system's case-mix groups and a description of the methodologies and data used in computing the prospective payment rates for FY 2025. We are updating the Office of Management and Budget (OMB) market area delineations for the IRF prospective payment system (PPS) wage index and applying a 3-year phase-out of the rural adjustment. This rule also includes updates for the IRF Quality Reporting Program (QRP).",https://www.federalregister.gov/documents/2024/08/06/2024-16911/medicare-program-inpatient-rehabilitation-facility-prospective-payment-system-for-federal-fiscal
2026-09-10T07:58:14Z,2024-16910,"Medicare Program; FY 2025 Hospice Wage Index and Payment Rate Update, Hospice Conditions of Participation Updates, and Hospice Quality Reporting Program Requirements",Rule,2024-08-06,Health and Human Services Department;Centers for Medicare & Medicaid Services,"This final rule updates the hospice wage index, payment rates, and aggregate cap amount for Fiscal Year (FY) 2025. This rule also adopts the most recent Office of Management and Budget statistical area delineations, which will impact the hospice wage index. This rule clarifies current policy related to the ""election statement"" and the ""notice of election"", as well as adds clarifying language regarding hospice certification and includes a technical regulation text change to the Conditions of Participation (CoPs). This rule finalizes changes to the Hospice Quality Reporting Program. Finally, this rule summarizes comments received regarding potential implementation of a separate payment mechanism to account for high intensity palliative care services.",https://www.federalregister.gov/documents/2024/08/06/2024-16910/medicare-program-fy-2025-hospice-wage-index-and-payment-rate-update-hospice-conditions-of
2026-09-10T07:58:14Z,2024-16907,Medicare Program; Prospective Payment System and Consolidated Billing for Skilled Nursing Facilities; Updates to the Quality Reporting Program and Value-Based Purchasing Program for Federal Fiscal Year 2025,Rule,2024-08-06,Health and Human Services Department;Centers for Medicare & Medicaid Services,"This final rule finalizes changes and updates to the policies and payment rates used under the Skilled Nursing Facility (SNF) Prospective Payment System (PPS) for fiscal year (FY) 2025. First, we are rebasing and revising the SNF market basket to reflect a 2022 base year. Next, we update the wage index used under the SNF PPS to reflect data collected during the most recent decennial census. Additionally, we finalize several technical revisions to the code mappings used to classify patients under the Patient Driven Payment Model (PDPM) to improve payment and coding accuracy. This final rule also updates the requirements for the SNF Quality Reporting Program and the SNF Value- Based Purchasing Program. Finally, we also are revising CMS' enforcement authority for imposing civil money penalties (CMPs) and including revisions to strengthen nursing home enforcement regulations.",https://www.federalregister.gov/documents/2024/08/06/2024-16907/medicare-program-prospective-payment-system-and-consolidated-billing-for-skilled-nursing-facilities
2026-09-10T07:58:14Z,2024-16716,Banned Hazardous Substances: Aerosol Duster Products Containing More Than 18 mg in Any Combination of HFC-152a and/or HFC-134a,Proposed Rule,2024-07-31,Consumer Product Safety Commission,"The U.S. Consumer Product Safety Commission (Commission or CPSC) is proposing to declare that any aerosol duster products that contain more than 18 mg in any combination of HFC-152a and/or HFC-134a are banned hazardous substances under the Federal Hazardous Substances Act (FHSA). For the ten-year period from 2012 to 2021, CPSC is aware of more than 1,000 deaths, and estimates 21,700 treated injuries involving the inhalation of aerosol duster products. The proposed rule addresses deaths and injuries associated with the propellants HFC- 152a and HFC-134a used in aerosol duster products. The Commission is providing an opportunity for interested parties to submit written comments on this notice of proposed rulemaking (NPR).",https://www.federalregister.gov/documents/2024/07/31/2024-16716/banned-hazardous-substances-aerosol-duster-products-containing-more-than-18-mg-in-any-combination-of
2026-09-10T07:58:14Z,2024-14828,Medicare and Medicaid Programs; CY 2025 Payment Policies Under the Physician Fee Schedule and Other Changes to Part B Payment and Coverage Policies; Medicare Shared Savings Program Requirements; Medicare Prescription Drug Inflation Rebate Program; and Medicare Overpayments,Proposed Rule,2024-07-31,Health and Human Services Department;Centers for Medicare & Medicaid Services,"This major proposed rule addresses: changes to the physician fee schedule (PFS); other changes to Medicare Part B payment policies to ensure that payment systems are updated to reflect changes in medical practice, relative value of services, and changes in the statute; codification of, and proposing policies for, the Medicare Prescription Drug Inflation Rebate Program under the Inflation Reduction Act of 2022; updates to the Medicare Diabetes Prevention Program expanded model; payment for dental services inextricably linked to specific covered medical services; updates to drugs and biological products paid under Part B including immunosuppressive drugs and clotting factors; Medicare Shared Savings Program requirements; updates to the Quality Payment Program; Medicare coverage of opioid use disorder services furnished by opioid treatment programs; updates to policies for Rural Health Clinics and Federally Qualified Health Centers; electronic prescribing for controlled substances for a covered Part D drug under a prescription drug plan or a Medicare Advantage Prescription Drug (MA-PD) plan under the Substance Use-Disorder Prevention that Promotes Opioid Recovery and Treatment for Patients and Communities Act (SUPPORT Act); update to the Ambulance Fee Schedule regulations; codification of the Inflation Reduction Act and Consolidated Appropriations Act, 2023 provisions; updates to Clinical Laboratory Fee Schedule regulations; updates to the diabetes payment structure and PHE flexibilities; expansion of colorectal cancer screening and Hepatitis B vaccine coverage and payment; establishing payment for drugs covered as additional preventive services; Medicare Parts A and B Overpayment Provisions of the Affordable Care Act.",https://www.federalregister.gov/documents/2024/07/31/2024-14828/medicare-and-medicaid-programs-cy-2025-payment-policies-under-the-physician-fee-schedule-and-other
2026-09-10T07:58:14Z,2024-16724,"Excepted Service; Consolidated Listing of Schedules A, B, and C Exceptions",Notice,2024-07-30,Personnel Management Office,"This notice provides the consolidated list of all agency- specific excepted authorities, approved by the Office of Personnel Management (OPM), under Schedules A, B, and C, as of June 30, 2023, as required by Civil Service Rule VI, Exceptions from the Competitive Service.",https://www.federalregister.gov/documents/2024/07/30/2024-16724/excepted-service-consolidated-listing-of-schedules-a-b-and-c-exceptions
2026-09-10T07:58:14Z,2024-16723,"Excepted Service; Consolidated Listing of Schedules A, B, and C Exceptions",Notice,2024-07-30,Personnel Management Office,"This notice provides the consolidated list of all agency- specific excepted authorities, approved by the Office of Personnel Management (OPM), under Schedules A, B, and C, as of June 30, 2022, as required by Civil Service Rule VI, Exceptions from the Competitive Service.",https://www.federalregister.gov/documents/2024/07/30/2024-16723/excepted-service-consolidated-listing-of-schedules-a-b-and-c-exceptions
2026-09-10T07:58:14Z,2024-15620,Ophthalmic Practice Rules (Eyeglass Rule),Rule,2024-07-26,Federal Trade Commission,"The Federal Trade Commission (""FTC"" or ""Commission"") is publishing a final rule to implement amendments to the Ophthalmic Practice Rules (""Eyeglass Rule"" or ""Rule""). These amendments require that prescribing eye care practitioners obtain a signed confirmation after releasing an eyeglass prescription to a patient and maintain each such confirmation for a period of not less than three years. The Commission is permitting prescribers to comply with automatic prescription release via electronic delivery if they first obtain verifiable affirmative consent from the patient and maintain a record of such consent for a period of not less than three years. The amendments further clarify that the presentation of proof of insurance coverage shall be deemed to be a payment for the purpose of determining when a prescription must be provided. Finally, the Commission amends the term ""eye examination"" to ""refractive eye examination"" throughout the Rule.",https://www.federalregister.gov/documents/2024/07/26/2024-15620/ophthalmic-practice-rules-eyeglass-rule
2026-09-10T07:58:14Z,2024-14970,Endangered and Threatened Wildlife and Plants; Proposed Listing Determinations for Ten Species of Giant Clams Under the Endangered Species Act,Proposed Rule,2024-07-25,Commerce Department;National Oceanic and Atmospheric Administration,"We, NMFS, have completed a comprehensive status review of seven species of giant clams (Hippopus hippopus, H. porcellanus, Tridacna derasa, T. gigas, T. mbalavuana, T. squamosa, and T. squamosina) in response to a petition to list these species as threatened or endangered under the Endangered Species Act (ESA). Based on the best scientific and commercial data available, including the Status Review Report, and after taking into account efforts being made to protect these species, we have determined that H. porcellanus, T. mbalavuana, and T. squamosina are in danger of extinction throughout the entirety of their respective ranges, T. derasa and T. gigas are in danger of extinction in a significant portion of their respective ranges, and H. hippopus is likely to become an endangered species within the foreseeable future throughout a significant portion of its range. Therefore, we propose to list H. porcellanus, T. mbalavuana, T. squamosina, T. derasa, and T. gigas as endangered species and H. hippopus as a threatened species under the ESA. We have determined that the fluted clam, T. squamosa, is not currently in danger of extinction throughout all or a significant portion of its range and is not likely to become so within the foreseeable future. Therefore, we find that T. squamosa does not meet the definition of a threatened or an endangered species under section 4(a) of the ESA. Further, we propose to exercise the discretionary authority of section 4(d) to extend the prohibitions of section 9 of the ESA to the proposed threatened species, H. hippopus. At this time, we do not propose to designate critical habitat for the three species proposed to be listed that occur within U.S. jurisdiction (H. hippopus, T. derasa, and T. gigas) because critical habitat for these species is not yet determinable. Using the authority of section 4(e) of the ESA, we also propose to list T. crocea, T. maxima, T. noae, and T. squamosa as threatened species due to the similarity of appearance of products derived from these species (e.g., meat, worked shell products, and pearls) to those derived from the six aforementioned species proposed to be listed based on their extinction risk. We propose a special rule to define activities that would and would not be prohibited with respect to these four species in order to mitigate the substantial enforcement challenge associated with this similarity of appearance concern. We solicit information to inform the final listing determination and to inform a future proposal for any determinable critical habitat.",https://www.federalregister.gov/documents/2024/07/25/2024-14970/endangered-and-threatened-wildlife-and-plants-proposed-listing-determinations-for-ten-species-of
2026-09-10T07:58:14Z,2024-15926,President's Advisory Council on Doing Business in Africa,Notice,2024-07-19,Commerce Department;International Trade Administration,"The President's Advisory Council on Doing Business in Africa will hold a meeting to deliberate and adopt recommendations on the reauthorization and modernization of the Africa Growth and Opportunity Act (AGOA). The PAC-DBIA will present recommendations focused on proposed duration of a renewal of AGOA, eligibility criteria for African nations, opportunities for greater utilization of AGOA benefits by eligible countries, coverage of specific key sectors under AGOA, and priorities for growing U.S.-Africa trade and investment relationships outside of the AGOA program. The final agenda for the meeting will be posted prior to the meeting on the Council's website at http:// trade.gov/pac-dbia.",https://www.federalregister.gov/documents/2024/07/19/2024-15926/presidents-advisory-council-on-doing-business-in-africa
2026-09-10T07:58:14Z,2024-14737,Takes of Marine Mammals Incidental to Specified Activities; Taking Marine Mammals Incidental to a Marine Geophysical Survey of the Chain Transform Fault in the Equatorial Atlantic Ocean,Notice,2024-07-08,Commerce Department;National Oceanic and Atmospheric Administration,"NMFS received a request from the Lamont-Doherty Earth Observatory of Columbia University (L-DEO) for authorization to take marine mammals incidental to a marine geophysical survey at the Chain Transform Fault in the equatorial Atlantic Ocean. Pursuant to the Marine Mammal Protection Act (MMPA), NMFS is requesting comments on its proposal to issue an incidental harassment authorization (IHA) to incidentally take marine mammals during the specified activities. NMFS is also requesting comments on a possible one-time, 1-year renewal that could be issued under certain circumstances and if all requirements are met, as described in Request for Public Comments at the end of this notice. NMFS will consider public comments prior to making any final decision on the issuance of the requested MMPA authorization and agency responses will be summarized in the final notice of our decision.",https://www.federalregister.gov/documents/2024/07/08/2024-14737/takes-of-marine-mammals-incidental-to-specified-activities-taking-marine-mammals-incidental-to-a
2026-09-10T07:58:14Z,2024-14359,"Medicare Program; End-Stage Renal Disease Prospective Payment System, Payment for Renal Dialysis Services Furnished to Individuals With Acute Kidney Injury, Conditions for Coverage for End-Stage Renal Disease Facilities, End-Stage Renal Disease Quality Incentive Program, and End-Stage Renal Disease Treatment Choices Model",Proposed Rule,2024-07-05,Health and Human Services Department;Centers for Medicare & Medicaid Services,"This proposed rule would update and revise the End-Stage Renal Disease (ESRD) Prospective Payment System for calendar year 2025. This rule also proposes to update the payment rate for renal dialysis services furnished by an ESRD facility to individuals with acute kidney injury. In addition, this proposed rule would update requirements for the Conditions for Coverage for ESRD Facilities, ESRD Quality Incentive Program, and ESRD Treatment Choices Model.",https://www.federalregister.gov/documents/2024/07/05/2024-14359/medicare-program-end-stage-renal-disease-prospective-payment-system-payment-for-renal-dialysis
2026-09-10T07:58:14Z,2024-14254,Medicare Program; Calendar Year (CY) 2025 Home Health Prospective Payment System (HH PPS) Rate Update; HH Quality Reporting Program Requirements; HH Value-Based Purchasing Expanded Model Requirements; Home Intravenous Immune Globulin (IVIG) Items and Services Rate Update; and Other Medicare Policies,Proposed Rule,2024-07-03,Health and Human Services Department;Centers for Medicare & Medicaid Services,"This proposed rule would set forth routine updates to the Medicare home health payment rates; the payment rate for the disposable negative pressure wound therapy (dNPWT) devices; and the intravenous immune globulin (IVIG) items and services payment rate for CY 2025 in accordance with existing statutory and regulatory requirements. In addition, it proposes changes to the Home Health Quality Reporting Program (HH QRP) requirements and provides an update on potential approaches for integrating health equity in the Expanded Health Value Based Purchasing (HHVBP) Model. It also proposes a new standard for acceptance to service policy in the HH conditions of participation (CoPs) and includes requests for information (RFIs) soliciting input on permitting rehabilitative therapists to conduct the initial and comprehensive assessment and the factors that may influence the patient referral and intake processes. Lastly, it proposes updates to provider and supplier enrollment requirements and changes to the long-term care reporting requirements for acute respiratory illnesses.",https://www.federalregister.gov/documents/2024/07/03/2024-14254/medicare-program-calendar-year-cy-2025-home-health-prospective-payment-system-hh-pps-rate-update-hh
2026-09-10T07:58:14Z,2024-14578,Takes of Marine Mammals Incidental to Specified Activities; Taking Marine Mammals Incidental to a Marine Geophysical Survey of the Reykjanes Ridge in the North Atlantic Ocean,Notice,2024-07-02,Commerce Department;National Oceanic and Atmospheric Administration,"In accordance with the regulations implementing the Marine Mammal Protection Act (MMPA) as amended, notification is hereby given that NMFS has issued an incidental harassment authorization (IHA) to the Lamont-Doherty Earth Observatory of Columbia University (L-DEO) to incidentally harass marine mammals during survey activities associated with a marine geophysical survey at the Reykjanes Ridge in the North Atlantic Ocean.",https://www.federalregister.gov/documents/2024/07/02/2024-14578/takes-of-marine-mammals-incidental-to-specified-activities-taking-marine-mammals-incidental-to-a
2026-09-10T07:58:14Z,2024-14042,Fair and Competitive Livestock and Poultry Markets,Proposed Rule,2024-06-28,Agriculture Department;Agricultural Marketing Service,"The United States Department of Agriculture's (USDA or Department) Agricultural Marketing Service (AMS) proposes to amend the regulations under the Packers and Stockyards Act of 1921 (the P&S Act or the Act) to clarify the unfair practices that the P&S Act prohibits. The proposed rule would define unfair practices as conduct that harms market participants and conduct that harms the market. Combined, these comprehensively define the contours of ""unfair practices"" under the P&S Act. The purpose of this proposed rule is to promote fair and competitive markets in the livestock, meats, poultry, and live poultry markets.",https://www.federalregister.gov/documents/2024/06/28/2024-14042/fair-and-competitive-livestock-and-poultry-markets
2026-09-10T07:58:14Z,2024-13501,"Submission for OMB Review, Comment Request, Proposed Collection: 2025-2027 IMLS Museum Grants for African American History and Culture Program and IMLS Native American/Native Hawaiian Museum Services Program Notices of Funding Opportunity",Notice,2024-06-20,National Foundation on the Arts and the Humanities;Institute of Museum and Library Services,"The Institute of Museum and Library Services (IMLS) announces the following information collection has been submitted to the Office of Management and Budget (OMB) for review and approval in accordance with the Paperwork Reduction Act. This program helps to ensure that requested data can be provided in the desired format, reporting burden (time and financial resources) is minimized, collection instruments are clearly understood, and the impact of collection requirements on respondents can be properly assessed. The purpose of this Notice is to solicit comments concerning two grant programs targeting the needs of specific museums and their communities nationwide: IMLS Museum Grants for African American History and Culture Program and IMLS Native American/Native Hawaiian Museum Services Program. A copy of the proposed information collection request can be obtained by contacting the individual listed below in the FOR FURTHER INFORMATION CONTACT section of this notice.",https://www.federalregister.gov/documents/2024/06/20/2024-13501/submission-for-omb-review-comment-request-proposed-collection-2025-2027-imls-museum-grants-for
2026-09-10T07:58:14Z,2024-09989,Medicare Program; Alternative Payment Model Updates and the Increasing Organ Transplant Access (IOTA) Model,Proposed Rule,2024-05-17,Health and Human Services Department;Centers for Medicare & Medicaid Services,"This proposed rule describes a new mandatory Medicare payment model, the Increasing Organ Transplant Access Model (IOTA Model), that would test whether performance-based incentive payments paid to or owed by participating kidney transplant hospitals increase access to kidney transplants for patients with end-stage renal disease (ESRD) while preserving or enhancing the quality of care and reducing Medicare expenditures. This proposed rule also includes standard provisions that would apply to Innovation Center models whose first performance period begins on or after January 1, 2025, and also would apply, in whole or part, to any Innovation Center model whose first performance period begins prior to January 1, 2025 should such model's governing documentation incorporate the provisions by reference in whole or in part. The proposed standard provisions relate to beneficiary protections; cooperation in model evaluation and monitoring; audits and records retention; rights in data and intellectual property; monitoring and compliance; remedial action; model termination by CMS; limitations on review; miscellaneous provisions on bankruptcy and other notifications; and the reconsideration review process.",https://www.federalregister.gov/documents/2024/05/17/2024-09989/medicare-program-alternative-payment-model-updates-and-the-increasing-organ-transplant-access-iota
2026-09-10T07:58:14Z,2024-07002,New Source Performance Standards for the Synthetic Organic Chemical Manufacturing Industry and National Emission Standards for Hazardous Air Pollutants for the Synthetic Organic Chemical Manufacturing Industry and Group I & II Polymers and Resins Industry,Rule,2024-05-16,Environmental Protection Agency,"This action finalizes amendments to the New Source Performance Standards (NSPS) that apply to the Synthetic Organic Chemical Manufacturing Industry (SOCMI) and amendments to the National Emission Standards for Hazardous Air Pollutants (NESHAP) that apply to the SOCMI (more commonly referred to as the Hazardous Organic NESHAP or HON) and Group I and II Polymers and Resins (P&R I and P&R II, respectively) Industries. The EPA is finalizing decisions resulting from the Agency's technology review of the HON and the P&R I and P&R II NESHAP, and its review of the NSPS that apply to the SOCMI. The EPA is also finalizing amendments to the NSPS for equipment leaks of volatile organic compounds (VOC) in SOCMI based on its reconsideration of certain issues raised in an administrative petition for reconsideration. Furthermore, the EPA is finalizing emission standards for ethylene oxide (EtO) emissions and chloroprene emissions after considering the results of a risk assessment for the HON and for Neoprene Production processes subject to the P&R I NESHAP, and is finalizing a fenceline monitoring work practice standard for certain hazardous air pollutants (HAP). Lastly, the EPA is finalizing the removal of exemptions from standards for periods of startup, shutdown, and malfunction (SSM), adding work practice standards for such periods where appropriate, finalizing standards for previously unregulated HAP, and adding provisions for electronic reporting of performance test reports and periodic reports.",https://www.federalregister.gov/documents/2024/05/16/2024-07002/new-source-performance-standards-for-the-synthetic-organic-chemical-manufacturing-industry-and
2026-09-10T07:58:14Z,2024-10482,Request for Comments and Notice of Public Hearing Concerning the Annual Review of Country Eligibility for Benefits Under the African Growth and Opportunity Act for Calendar Year 2025,Notice,2024-05-14,"Trade Representative, Office of United States","The Office of the United States Trade Representative (USTR) is announcing the initiation of the annual review of the eligibility of sub-Saharan African countries to receive the benefits of the African Growth and Opportunity Act (AGOA). The AGOA Implementation Subcommittee of the Trade Policy Staff Committee (AGOA TPSC Subcommittee) is requesting written public comments for this review and will conduct a virtual public hearing on this matter. In developing its recommendations on AGOA country eligibility for calendar year 2025, the AGOA TPSC Subcommittee will consider written comments, written testimony, and oral testimony.",https://www.federalregister.gov/documents/2024/05/14/2024-10482/request-for-comments-and-notice-of-public-hearing-concerning-the-annual-review-of-country
2026-09-10T07:58:14Z,2024-10304,Takes of Marine Mammals Incidental to Specified Activities; Taking Marine Mammals Incidental to a Marine Geophysical Survey of the Reykjanes Ridge in the North Atlantic Ocean,Notice,2024-05-13,Commerce Department;National Oceanic and Atmospheric Administration,"NMFS received a request from the Lamont-Doherty Earth Observatory of Columbia University (L-DEO) for authorization to take marine mammals incidental to a marine geophysical survey at the Reykjanes Ridge in the North Atlantic Ocean. Pursuant to the Marine Mammal Protection Act (MMPA), NMFS is requesting comments on its proposal to issue an incidental harassment authorization (IHA) to incidentally take marine mammals during the specified activities. NMFS is also requesting comments on a possible one-time, 1-year renewal that could be issued under certain circumstances and if all requirements are met, as described in Request for Public Comments at the end of this notice. NMFS will consider public comments prior to making any final decision on the issuance of the requested MMPA authorization and agency responses will be summarized in the final notice of our decision.",https://www.federalregister.gov/documents/2024/05/13/2024-10304/takes-of-marine-mammals-incidental-to-specified-activities-taking-marine-mammals-incidental-to-a
2026-09-10T07:58:14Z,2024-09676,Control of Communicable Diseases; Foreign Quarantine: Importation of Dogs and Cats,Rule,2024-05-13,Health and Human Services Department,"The Centers for Disease Control and Prevention (CDC), in the Department of Health and Human Services (HHS), issues this final rule to provide clarity and safeguards that address the public health risk of dog-maintained rabies virus variant (DMRVV) associated with the importation of dogs into the United States. This final rule addresses the importation of cats as part of overall changes to the regulations affecting both dogs and cats, but the final rule does not require that imported cats be accompanied by proof of rabies vaccination and does not substantively change how cats are imported into the United States.",https://www.federalregister.gov/documents/2024/05/13/2024-09676/control-of-communicable-diseases-foreign-quarantine-importation-of-dogs-and-cats
2026-09-10T07:58:14Z,2024-09663,Foster Care Legal Representation,Rule,2024-05-10,Health and Human Services Department;Children and Families Administration,"This rule allows title IV-E agencies to claim Federal financial participation (FFP) for the administrative costs of: legal representation in foster care proceedings provided by an attorney representing the title IV-E agency or any other public agency (including an Indian tribe) which has an agreement in effect under which the other agency has placement and care responsibility of a title IV-E eligible child; independent legal representation provided by an attorney representing a child in title IV-E foster care, a child who is a candidate for title IV-E foster care (hereafter, referred to as a child ""who is eligible for title IV-E foster care""), the child's parent(s), the child's relative caregiver(s), and the child's Indian custodian(s) in foster care and other civil legal proceedings as necessary to carry out the requirements in the title IV-E agency's title IV-E foster care plan; and legal representation provided by an attorney representing an Indian child's tribe, or representation of an Indian child's tribe provided by a non-attorney, when the child's tribe participates or intervenes in any state court proceeding for the foster care placement or termination of parental rights (TPR) of an Indian child who is in title IV-E foster care or an Indian child who is a candidate for title IV-E foster care.",https://www.federalregister.gov/documents/2024/05/10/2024-09663/foster-care-legal-representation
2026-09-10T07:58:14Z,2024-09233,"New Source Performance Standards for Greenhouse Gas Emissions From New, Modified, and Reconstructed Fossil Fuel-Fired Electric Generating Units; Emission Guidelines for Greenhouse Gas Emissions From Existing Fossil Fuel-Fired Electric Generating Units; and Repeal of the Affordable Clean Energy Rule",Rule,2024-05-09,Environmental Protection Agency,"The Environmental Protection Agency (EPA) is finalizing multiple actions under section 111 of the Clean Air Act (CAA) addressing greenhouse gas (GHG) emissions from fossil fuel-fired electric generating units (EGUs). First, the EPA is finalizing the repeal of the Affordable Clean Energy (ACE) Rule. Second, the EPA is finalizing emission guidelines for GHG emissions from existing fossil fuel-fired steam generating EGUs, which include both coal-fired and oil/gas-fired steam generating EGUs. Third, the EPA is finalizing revisions to the New Source Performance Standards (NSPS) for GHG emissions from new and reconstructed fossil fuel-fired stationary combustion turbine EGUs. Fourth, the EPA is finalizing revisions to the NSPS for GHG emissions from fossil fuel-fired steam generating units that undertake a large modification, based upon the 8-year review required by the CAA. The EPA is not finalizing emission guidelines for GHG emissions from existing fossil fuel-fired stationary combustion turbines at this time; instead, the EPA intends to take further action on the proposed emission guidelines at a later date.",https://www.federalregister.gov/documents/2024/05/09/2024-09233/new-source-performance-standards-for-greenhouse-gas-emissions-from-new-modified-and-reconstructed
2026-09-10T07:58:14Z,2024-09185,Supplemental Effluent Limitations Guidelines and Standards for the Steam Electric Power Generating Point Source Category,Rule,2024-05-09,Environmental Protection Agency,"The Environmental Protection Agency (EPA or the Agency) is finalizing a Clean Water Act regulation to revise the technology-based effluent limitations guidelines and standards (ELGs) for the steam electric power generating point source category applicable to flue gas desulfurization (FGD) wastewater, bottom ash (BA) transport water and legacy wastewater at existing sources, and combustion residual leachate (CRL) at new and existing sources. Last updated in 2015 and 2020, this regulation is estimated to cost an additional $536 million to $1.1 billion dollars annually in social costs and reduce pollutant discharges by an additional approximately 660 to 672 million pounds per year.",https://www.federalregister.gov/documents/2024/05/09/2024-09185/supplemental-effluent-limitations-guidelines-and-standards-for-the-steam-electric-power-generating
2026-09-10T07:58:14Z,2024-08547,Designation of Perfluorooctanoic Acid (PFOA) and Perfluorooctanesulfonic Acid (PFOS) as CERCLA Hazardous Substances,Rule,2024-05-08,Environmental Protection Agency,"Pursuant to the Comprehensive Environmental Response, Compensation, and Liability Act (""CERCLA"" or ""Superfund""), the Environmental Protection Agency (EPA) is designating two per- and polyfluoroalkyl substances (PFAS)--perfluorooctanoic acid (PFOA) and perfluorooctanesulfonic acid (PFOS), including their salts and structural isomers--as hazardous substances. The Agency reached this decision after evaluating the available scientific and technical information about PFOA and PFOS and determining that they may present a substantial danger to the public health or welfare or the environment when released. The Agency also determined that designation is warranted based on a totality of the circumstances analysis, including an analysis of the advantages and disadvantages of designation.",https://www.federalregister.gov/documents/2024/05/08/2024-08547/designation-of-perfluorooctanoic-acid-pfoa-and-perfluorooctanesulfonic-acid-pfos-as-cercla-hazardous
2026-09-10T07:58:14Z,2024-08935,Medical Devices; Laboratory Developed Tests,Rule,2024-05-06,Health and Human Services Department;Food and Drug Administration,"The Food and Drug Administration is issuing a final rule to amend its regulations to make explicit that in vitro diagnostic products (IVDs) are devices under the Federal Food, Drug, and Cosmetic Act (FD&C Act) including when the manufacturer of the IVD is a laboratory. In conjunction with this amendment, the Food and Drug Administration is phasing out its general enforcement discretion approach for laboratory developed tests (LDTs) so that IVDs manufactured by a laboratory will generally fall under the same enforcement approach as other IVDs. This phaseout policy includes enforcement discretion policies for specific categories of IVDs manufactured by a laboratory, including currently marketed IVDs offered as LDTs and LDTs for unmet needs. This phaseout policy is intended to better protect the public health by helping to assure the safety and effectiveness of IVDs offered as LDTs, while also accounting for other important public health considerations such as patient access and reliance.",https://www.federalregister.gov/documents/2024/05/06/2024-08935/medical-devices-laboratory-developed-tests
2026-09-10T07:58:14Z,2024-08711,Nondiscrimination in Health Programs and Activities,Rule,2024-05-06,Health and Human Services Department;Centers for Medicare & Medicaid Services;,"The Department of Health and Human Services (HHS or the Department) is issuing this final rule regarding section 1557 of the Affordable Care Act (ACA) (section 1557). Section 1557 prohibits discrimination on the basis of race, color, national origin, sex, age, or disability in certain health programs and activities. Section 1557(c) of the ACA authorizes the Secretary of the Department to promulgate regulations to implement the nondiscrimination requirements of section 1557. The Department is also revising its interpretation regarding whether Medicare Part B constitutes Federal financial assistance for purposes of civil rights enforcement. Additionally, the Department is revising provisions prohibiting discrimination on the basis of sex in regulations issued by the Centers for Medicare & Medicaid Services (CMS) governing Medicaid and the Children's Health Insurance Program (CHIP); Programs of All-Inclusive Care for the Elderly (PACE); health insurance issuers and their officials, employees, agents, and representatives; States and the Exchanges carrying out Exchange requirements; agents, brokers, or web-brokers that assist with or facilitate enrollment of qualified individuals, qualified employers, or qualified employees; issuers providing essential health benefits (EHB); and qualified health plan issuers.",https://www.federalregister.gov/documents/2024/05/06/2024-08711/nondiscrimination-in-health-programs-and-activities
2026-09-10T07:58:14Z,2024-07567,Medicare and Medicaid Programs and the Children's Health Insurance Program; Hospital Inpatient Prospective Payment Systems for Acute Care Hospitals and the Long-Term Care Hospital Prospective Payment System and Policy Changes and Fiscal Year 2025 Rates; Quality Programs Requirements; and Other Policy Changes,Proposed Rule,2024-05-02,Health and Human Services Department;Centers for Medicare & Medicaid Services,This proposed rule would revise the Medicare hospital inpatient prospective payment systems (IPPS) for operating and capital- related costs of acute care hospitals; make changes relating to Medicare graduate medical education (GME) for teaching hospitals; update the payment policies and the annual payment rates for the Medicare prospective payment system (PPS) for inpatient hospital services provided by long-term care hospitals (LTCHs); and make other policy-related changes.,https://www.federalregister.gov/documents/2024/05/02/2024-07567/medicare-and-medicaid-programs-and-the-childrens-health-insurance-program-hospital-inpatient
2026-09-10T07:58:14Z,2024-07773,PFAS National Primary Drinking Water Regulation,Rule,2024-04-26,Environmental Protection Agency,"In March 2023, the U.S. Environmental Protection Agency (EPA) proposed and requested comment on the National Primary Drinking Water Regulation (NPDWR) and health-based Maximum Contaminant Level Goals (MCLGs) for six per- and polyfluoroalkyl substances (PFAS): perfluorooctanoic acid (PFOA), perfluorooctane sulfonic acid (PFOS), perfluorohexane sulfonic acid (PFHxS), perfluorononanoic acid (PFNA), hexafluoropropylene oxide dimer acid (HFPO-DA, commonly known as GenX Chemicals), and perfluorobutane sulfonic acid (PFBS). After consideration of public comment and consistent with the provisions set forth under the Safe Drinking Water Act (SDWA), the EPA is finalizing NPDWRs for these six PFAS. Through this action, the EPA is finalizing MCLGs for PFOA and PFOS at zero. Considering feasibility, the EPA is promulgating individual Maximum Contaminant Levels (MCLs) for PFOA and PFOS at 4.0 nanograms per liter (ng/L) or parts per trillion (ppt). The EPA is also finalizing individual MCLGs and is promulgating individual MCLs for PFHxS, PFNA, and HFPO-DA at 10 ng/L. In addition to the individual MCLs for PFHxS, PFNA, and HFPO-DA, in consideration of the known toxic effects, dose additive health concerns and occurrence and likely co-occurrence in drinking water of these three PFAS, as well as PFBS, the EPA is finalizing a Hazard Index (HI) of 1 (unitless) as the MCLG and MCL for any mixture containing two or more of PFHxS, PFNA, HFPO-DA, and PFBS. Once fully implemented, the EPA estimates that the rule will prevent thousands of deaths and reduce tens of thousands of serious PFAS-attributable illnesses.",https://www.federalregister.gov/documents/2024/04/26/2024-07773/pfas-national-primary-drinking-water-regulation
2026-09-10T07:58:14Z,2024-06809,Greenhouse Gas Emissions Standards for Heavy-Duty Vehicles-Phase 3,Rule,2024-04-22,Environmental Protection Agency,"The Environmental Protection Agency (EPA) is promulgating new greenhouse gas (GHG) emissions standards for model year (MY) 2032 and later heavy-duty highway vehicles that phase in starting as early MY 2027 for certain vehicle categories. The phase in revises certain MY 2027 GHG standards that were established previously under EPA's Greenhouse Gas Emissions and Fuel Efficiency Standards for Medium- and Heavy-Duty Engines and Vehicles--Phase 2 rule (""HD GHG Phase 2""). This document also updates discrete elements of the Averaging Banking and Trading program, including providing additional flexibilities for manufacturers to support the implementation of the Phase 3 program balanced by limiting the availability of certain advanced technology credits initially established under the HD GHG Phase 2 rule. EPA is also adding warranty requirements for batteries and other components of zero-emission vehicles and requiring customer-facing battery state-of- health monitors for plug-in hybrid and battery electric vehicles. In this action, we are also finalizing additional revisions, including clarifying and editorial amendments to certain highway heavy-duty vehicle provisions and certain test procedures for heavy-duty engines.",https://www.federalregister.gov/documents/2024/04/22/2024-06809/greenhouse-gas-emissions-standards-for-heavy-duty-vehicles-phase-3
2026-09-10T07:58:14Z,2024-07831,Energy Conservation Program: Energy Conservation Standards for General Service Lamps,Rule,2024-04-19,Energy Department,"The Energy Policy and Conservation Act, as amended (""EPCA""), prescribes energy conservation standards for various consumer products and certain commercial and industrial equipment, including general service lamps (""GSLs""). EPCA also requires the U.S. Department of Energy (""DOE"") to periodically determine whether more stringent standards would be technologically feasible and economically justified and would result in significant energy savings. In this final rule, DOE is adopting amended energy conservation standards for GSLs. DOE has determined that the amended energy conservation standards for these products would result in significant conservation of energy and are technologically feasible and economically justified.",https://www.federalregister.gov/documents/2024/04/19/2024-07831/energy-conservation-program-energy-conservation-standards-for-general-service-lamps
2026-09-10T07:58:14Z,2024-06920,Lowering Miners' Exposure to Respirable Crystalline Silica and Improving Respiratory Protection,Rule,2024-04-18,Labor Department;Mine Safety and Health Administration,"The Mine Safety and Health Administration (MSHA) is amending its existing standards to better protect miners against occupational exposure to respirable crystalline silica, a significant health hazard, and to improve respiratory protection for miners from exposure to airborne contaminants. MSHA's final rule also includes other requirements to protect miner health, such as exposure sampling, corrective actions to be taken when a miner's exposure exceeds the permissible exposure limit, and medical surveillance for metal and nonmetal mines.",https://www.federalregister.gov/documents/2024/04/18/2024-06920/lowering-miners-exposure-to-respirable-crystalline-silica-and-improving-respiratory-protection
2026-09-10T07:58:14Z,2024-06214,Multi-Pollutant Emissions Standards for Model Years 2027 and Later Light-Duty and Medium-Duty Vehicles,Rule,2024-04-18,Environmental Protection Agency,"Under the Clean Air Act, the Environmental Protection Agency (EPA) is establishing new, more protective emissions standards for criteria pollutants and greenhouse gases (GHG) for light-duty vehicles and Class 2b and 3 (""medium-duty"") vehicles that will phase-in over model years 2027 through 2032. In addition, EPA is finalizing GHG program revisions in several areas, including off-cycle and air conditioning credits, the treatment of upstream emissions associated with zero-emission vehicles and plug-in hybrid electric vehicles in compliance calculations, medium-duty vehicle incentive multipliers, and vehicle certification and compliance. EPA is also establishing new standards to control refueling emissions from incomplete medium-duty vehicles, and battery durability and warranty requirements for light- duty and medium-duty electric and plug-in hybrid electric vehicles. EPA is also finalizing minor amendments to update program requirements related to aftermarket fuel conversions, importing vehicles and engines, evaporative emission test procedures, and test fuel specifications for measuring fuel economy.",https://www.federalregister.gov/documents/2024/04/18/2024-06214/multi-pollutant-emissions-standards-for-model-years-2027-and-later-light-duty-and-medium-duty
2026-09-10T07:58:14Z,2024-05583,Disadvantaged Business Enterprise and Airport Concession Disadvantaged Business Enterprise Program Implementation Modifications,Rule,2024-04-09,Transportation Department;,"The U.S. Department of Transportation (DOT or Department) is amending its Disadvantaged Business Enterprise (DBE) and Airport Concession Disadvantaged Business Enterprise (ACDBE) program regulations. The DBE and ACDBE programs are designed to allow small businesses owned and controlled by socially and economically disadvantaged individuals to compete fairly for DOT funded contracts let by State and local transportation agencies and in airport concession opportunities. The final rule improves program implementation in major areas, including by updating the personal net worth and program size thresholds for inflation; modernizing rules for counting of material suppliers; incorporating procedural flexibilities enacted during the coronavirus (COVID-19) pandemic; adding elements to foster greater usage of DBEs and ACDBEs with concurrent, proactive monitoring and oversight; updating certification provisions with less prescriptive rules that give certifiers flexibility when determining eligibility; revising the interstate certification process to provide for reciprocity among certifiers; and making technical corrections to commonly misinterpreted rules.",https://www.federalregister.gov/documents/2024/04/09/2024-05583/disadvantaged-business-enterprise-and-airport-concession-disadvantaged-business-enterprise-program
2026-09-10T07:58:14Z,2024-06526,Cyber Incident Reporting for Critical Infrastructure Act (CIRCIA) Reporting Requirements,Proposed Rule,2024-04-04,Homeland Security Department,"The Cyber Incident Reporting for Critical Infrastructure Act of 2022 (CIRCIA), as amended, requires the Cybersecurity and Infrastructure Security Agency (CISA) to promulgate regulations implementing the statute's covered cyber incident and ransom payment reporting requirements for covered entities. CISA seeks comment on the proposed rule to implement CIRCIA's requirements and on several practical and policy issues related to the implementation of these new reporting requirements.",https://www.federalregister.gov/documents/2024/04/04/2024-06526/cyber-incident-reporting-for-critical-infrastructure-act-circia-reporting-requirements
2026-09-10T07:58:14Z,2024-06812,Medicare Program; Prospective Payment System and Consolidated Billing for Skilled Nursing Facilities; Updates to the Quality Reporting Program and Value-Based Purchasing Program for Federal Fiscal Year 2025,Proposed Rule,2024-04-03,Health and Human Services Department;Centers for Medicare & Medicaid Services,"This rule proposes changes and updates to the policies and payment rates used under the Skilled Nursing Facility (SNF) Prospective Payment System (PPS) for FY 2025. First, we are proposing to rebase and revise the SNF market basket to reflect a 2022 base year. Next, we are proposing to update the wage index used under the SNF PPS to reflect data collected during the most recent decennial census. Additionally, we are proposing several technical revisions to the code mappings used to classify patients under the Patient Driven Payment Model (PDPM) to improve payment and coding accuracy. Finally, this proposed rule includes a Request for Information (RFI) on potential updates to the Non-Therapy Ancillary (NTA) component of PDPM. This rulemaking also proposes to update the requirements for the SNF Quality Reporting Program and the SNF Value-Based Purchasing Program. We are also proposing to expand CMS' enforcement authority for imposing civil money penalties (CMPs). Finally, this proposed rule includes proposals to strengthen nursing home enforcement requirements.",https://www.federalregister.gov/documents/2024/04/03/2024-06812/medicare-program-prospective-payment-system-and-consolidated-billing-for-skilled-nursing-facilities
2026-09-10T07:58:14Z,2024-06970,Agency Information Collection Activities: Comment Request; NSF Non-Academic Research Internships for Graduate Students (INTERN) Program,Notice,2024-04-02,National Science Foundation,"The National Science Foundation (NSF) is announcing plans to establish this collection. In accordance with the requirements of the Paperwork Reduction Act of 1995, we are providing opportunity for public comment on this action. After obtaining and considering public comment, NSF will prepare the submission requesting Office of Management and Budget (OMB) clearance of this collection for no longer than 3 years.",https://www.federalregister.gov/documents/2024/04/02/2024-06970/agency-information-collection-activities-comment-request-nsf-non-academic-research-internships-for
2026-09-10T07:58:14Z,2024-06550,Medicare Program; Inpatient Rehabilitation Facility Prospective Payment System for Federal Fiscal Year 2025 and Updates to the IRF Quality Reporting Program,Proposed Rule,2024-03-29,Health and Human Services Department;Centers for Medicare & Medicaid Services,"This rule proposes updates to the prospective payment rates for inpatient rehabilitation facilities (IRFs) for Federal fiscal year (FY) 2025. As required by statute, this proposed rule includes the classification and weighting factors for the IRF prospective payment system's case-mix groups and a description of the methodologies and data used in computing the prospective payment rates for FY 2025. We are proposing updates to the Office of Management and Budget (OMB) market area delineations for the IRF prospective payment system (PPS) wage index and proposing to apply a 3-year phase-out of the rural adjustment. This rule also includes proposals for the IRF Quality Reporting Program (QRP).",https://www.federalregister.gov/documents/2024/03/29/2024-06550/medicare-program-inpatient-rehabilitation-facility-prospective-payment-system-for-federal-fiscal
2026-09-10T07:58:14Z,2024-06588,"Self-Regulatory Organizations; Cboe Exchange, Inc.; Notice of Filing and Immediate Effectiveness of a Proposed Rule Change To Update Its Fees Schedule in Connection With the Exchange's Plans To List and Trade Options That Overlie a Reduced Value of the MSCI World Index, the Full Value of the MSCI ACWI Index, and a Reduced Value of the MSCI USA Index",Notice,2024-03-28,Securities and Exchange Commission,,https://www.federalregister.gov/documents/2024/03/28/2024-06588/self-regulatory-organizations-cboe-exchange-inc-notice-of-filing-and-immediate-effectiveness-of-a
2026-09-10T07:58:14Z,2024-05972,Asbestos Part 1; Chrysotile Asbestos; Regulation of Certain Conditions of Use Under the Toxic Substances Control Act (TSCA),Rule,2024-03-28,Environmental Protection Agency,"The Environmental Protection Agency (EPA or the Agency) is issuing this final rule under the Toxic Substances Control Act (TSCA) to address to the extent necessary the unreasonable risk of injury to health presented by chrysotile asbestos based on the risks posed by certain conditions of use. The injuries to human health include mesothelioma and lung, ovarian, and laryngeal cancers resulting from chronic inhalation exposure to chrysotile asbestos.",https://www.federalregister.gov/documents/2024/03/28/2024-05972/asbestos-part-1-chrysotile-asbestos-regulation-of-certain-conditions-of-use-under-the-toxic
2026-09-10T07:58:14Z,2024-05923,Notice of Proposed Information Collection Requests: 2025-2027 IMLS Museum Grants for African American History and Culture Program and IMLS Native American/Native Hawaiian Museum Services Program Notices of Funding Opportunity,Notice,2024-03-20,National Foundation on the Arts and the Humanities;Institute of Museum and Library Services,"The Institute of Museum and Library Services (IMLS), as part of its continuing effort to reduce paperwork and respondent burden, conducts a pre-clearance consultation program to provide the general public and Federal agencies with an opportunity to comment on proposed and/or continuing collections of information in accordance with the Paperwork Reduction Act. This pre-clearance consultation program helps to ensure that requested data can be provided in the desired format, reporting burden (time and financial resources) is minimized, collection instruments are clearly understood, and the impact of collection requirements on respondents can be properly assessed. By this Notice, IMLS is soliciting comments concerning the Notices of Opportunity for two grant programs targeting the needs of specific museums and their communities nationwide: IMLS Museum Grants for African American History and Culture Program and IMLS Native American/ Native Hawaiian Museum Services Program. A copy of the proposed information collection request can be obtained by contacting the individual listed below in the ADDRESSES section of this Notice.",https://www.federalregister.gov/documents/2024/03/20/2024-05923/notice-of-proposed-information-collection-requests-2025-2027-imls-museum-grants-for-african-american
2026-09-10T07:58:14Z,2024-05420,Applications for New Awards; Magnet Schools Assistance Program,Notice,2024-03-14,Education Department,"The Department of Education (Department) is issuing a notice inviting applications for fiscal year (FY) 2024 for the Magnet Schools Assistance Program (MSAP), Assistance Listing Number 84.165A. This notice relates to the approved information collection under OMB control number 1855-0011.",https://www.federalregister.gov/documents/2024/03/14/2024-05420/applications-for-new-awards-magnet-schools-assistance-program
2026-09-10T07:58:14Z,2024-04588,Endangered and Threatened Wildlife and Plants; Designation of Critical Habitat for 12 Species on Hawai`i Island,Rule,2024-03-12,Interior Department;Fish and Wildlife Service,"We, the U.S. Fish and Wildlife Service (Service), designate critical habitat for 12 federally endangered species on the island of Hawai`i under the Endangered Species Act of 1973 (Act), as amended. In total, approximately 119,326 acres (48,289 hectares) on the island of Hawai`i, in the State of Hawaii, fall within the boundaries of the critical habitat designation. This rule extends the Act's protections to these species' designated critical habitats.",https://www.federalregister.gov/documents/2024/03/12/2024-04588/endangered-and-threatened-wildlife-and-plants-designation-of-critical-habitat-for-12-species-on
2026-09-10T07:58:14Z,2024-00366,"Standards of Performance for New, Reconstructed, and Modified Sources and Emissions Guidelines for Existing Sources: Oil and Natural Gas Sector Climate Review",Rule,2024-03-08,Environmental Protection Agency,"The Environmental Protection Agency (EPA) is finalizing multiple actions to reduce air pollution emissions from the Crude Oil and Natural Gas source category. First, the EPA is finalizing revisions to the new source performance standards (NSPS) regulating greenhouse gases (GHGs) and volatile organic compounds (VOCs) emissions for the Crude Oil and Natural Gas source category pursuant to the Clean Air Act (CAA). Second, the EPA is finalizing emission guidelines (EG) under the CAA for states to follow in developing, submitting, and implementing state plans to establish performance standards to limit GHG emissions from existing sources (designated facilities) in the Crude Oil and Natural Gas source category. Third, the EPA is finalizing several related actions stemming from the joint resolution of Congress, adopted on June 30, 2021, under the Congressional Review Act (CRA), disapproving the EPA's final rule titled, ""Oil and Natural Gas Sector: Emission Standards for New, Reconstructed, and Modified Sources Review,"" September 14, 2020 (""2020 Policy Rule""). Fourth, the EPA is finalizing a protocol under the general provisions for optical gas imaging (OGI).",https://www.federalregister.gov/documents/2024/03/08/2024-00366/standards-of-performance-for-new-reconstructed-and-modified-sources-and-emissions-guidelines-for
2026-09-10T07:58:14Z,2024-04419,Inclusive Competition and Market Integrity Under the Packers and Stockyards Act,Rule,2024-03-06,Agriculture Department;Agricultural Marketing Service,"The U.S. Department of Agriculture's (USDA or Department) Agricultural Marketing Service (AMS or the Agency) amends its Packers and Stockyards Act, 1921, regulations to prohibit undue prejudice and unjust discrimination against individuals on a prohibited basis unrelated to the quality of the service or product provided. The rule also identifies retaliatory practices that interfere with lawful communications, assertion of rights, and associated participation, among other protected activities, as unjust discrimination prohibited by the law. Finally, the rule identifies deceptive practices that violate the Packers and Stockyards Act with respect to contract formation, contract performance, contract termination, and contract refusal. The purpose of this rule is to promote inclusive competition and market integrity in the livestock, meats, poultry, and live poultry markets.",https://www.federalregister.gov/documents/2024/03/06/2024-04419/inclusive-competition-and-market-integrity-under-the-packers-and-stockyards-act
2026-09-10T07:58:14Z,2024-02637,Reconsideration of the National Ambient Air Quality Standards for Particulate Matter,Rule,2024-03-06,Environmental Protection Agency,"Based on the Environmental Protection Agency's (EPA's) reconsideration of the air quality criteria and the national ambient air quality standards (NAAQS) for particulate matter (PM), the EPA is revising the primary annual PM<INF>2.5</INF> standard by lowering the level from 12.0 [micro]g/m\3\ to 9.0 [micro]g/m\3\. The Agency is retaining the current primary 24-hour PM<INF>2.5</INF> standard and the primary 24-hour PM<INF>10</INF> standard. The Agency also is not changing the secondary 24-hour PM<INF>2.5</INF> standard, secondary annual PM<INF>2.5</INF> standard, and secondary 24-hour PM<INF>10</INF> standard at this time. The EPA is also finalizing revisions to other key aspects related to the PM NAAQS, including revisions to the Air Quality Index (AQI) and monitoring requirements for the PM NAAQS.",https://www.federalregister.gov/documents/2024/03/06/2024-02637/reconsideration-of-the-national-ambient-air-quality-standards-for-particulate-matter
2026-09-10T07:58:14Z,2024-04301,Notice of Meeting of the President's Advisory Council on African Diaspora Engagement,Notice,2024-03-01,State Department,"Pursuant to the Federal Advisory Committee Act, the Department of State hereby provides notice of the next meeting of the President's Advisory Council on African Diaspora Engagement (""the Advisory Council"").",https://www.federalregister.gov/documents/2024/03/01/2024-04301/notice-of-meeting-of-the-presidents-advisory-council-on-african-diaspora-engagement
2026-09-10T07:58:14Z,2024-02837,Further Definition of “As a Part of a Regular Business” in the Definition of Dealer and Government Securities Dealer in Connection With Certain Liquidity Providers,Rule,2024-02-29,Securities and Exchange Commission,"The Securities and Exchange Commission (""SEC"" or ""Commission"") is adopting new rules to further define the phrase ""as a part of a regular business"" as used in the statutory definitions of ""dealer"" and ""government securities dealer"" under sections 3(a)(5) and 3(a)(44), respectively, of the Securities Exchange Act of 1934 (""Exchange Act"").",https://www.federalregister.gov/documents/2024/02/29/2024-02837/further-definition-of-as-a-part-of-a-regular-business-in-the-definition-of-dealer-and-government
2026-09-10T07:58:14Z,2024-03162,Endangered and Threatened Wildlife and Plants; Final Rule To List the Atlantic Humpback Dolphin as an Endangered Species Under the Endangered Species Act,Rule,2024-02-21,Commerce Department;National Oceanic and Atmospheric Administration,"We, NMFS, are issuing a final rule to list the Atlantic humpback dolphin (Sousa teuszii) as endangered under the Endangered Species Act (ESA), in response to a petition from the Animal Welfare Institute, the Center for Biological Diversity, and VIVA Vaquita. We have reviewed the status of the Atlantic humpback dolphin, including efforts being made to protect the species, and considered public comments submitted on the proposed listing rule as well as new information received since publication of the proposed rule. Based on all of this information, we have determined that the Atlantic humpback dolphin warrants listing as an endangered species. We will not designate critical habitat for this species, because the geographical areas occupied by this species are entirely outside U.S. jurisdiction.",https://www.federalregister.gov/documents/2024/02/21/2024-03162/endangered-and-threatened-wildlife-and-plants-final-rule-to-list-the-atlantic-humpback-dolphin-as-an
2026-09-10T07:58:14Z,2024-02565,Anti-Money Laundering Regulations for Residential Real Estate Transfers,Proposed Rule,2024-02-16,Treasury Department;Financial Crimes Enforcement Network,"FinCEN is issuing a proposed rule to require certain persons involved in real estate closings and settlements to submit reports and keep records on identified non-financed transfers of residential real property to specified legal entities and trusts on a nationwide basis. Transfers made directly to an individual would not be covered by this proposed rule. The proposed rule describes the circumstances in which a report must be filed, who must file a report, what information must be provided, and when a report is due. These reports are expected to assist the U.S. Department of the Treasury; Federal, State, and local law enforcement; and national security agencies in addressing illicit finance vulnerabilities in the U.S. residential real estate sector and to curtail the ability of illicit actors to anonymously launder illicit proceeds through the purchase of residential real property, which threatens U.S. economic and national security.",https://www.federalregister.gov/documents/2024/02/16/2024-02565/anti-money-laundering-regulations-for-residential-real-estate-transfers
2026-09-10T07:58:14Z,2024-01064,Supplemental Air Plan Actions: Interstate Transport of Air Pollution for the 2015 8-Hour Ozone National Ambient Air Quality Standards and Supplemental Federal “Good Neighbor Plan” Requirements for the 2015 8-Hour Ozone National Ambient Air Quality Standards,Proposed Rule,2024-02-16,Environmental Protection Agency,"Pursuant to the Federal Clean Air Act (CAA or the Act), the Environmental Protection Agency (EPA) is proposing to partially disapprove and partially approve State Implementation Plan (SIP) submissions from Arizona, Iowa, Kansas, New Mexico, and Tennessee regarding interstate transport for the 2015 8-hour ozone national ambient air quality standards (NAAQS). This action also proposes a Federal Implementation Plan (FIP) for Arizona, Iowa, Kansas, New Mexico, and Tennessee to address these States' obligations to eliminate significant contribution to nonattainment, or interference with maintenance, of the 2015 ozone NAAQS in other states. The FIP would require fossil fuel-fired power plants in the five states to participate in an allowance-based ozone season nitrogen oxides emissions trading program beginning in 2025. The Agency is also proposing to establish nitrogen oxides emissions limitations applicable to certain other industrial stationary sources in Arizona with a compliance year no earlier than 2027. Finally, this action also includes proposed technical corrections to the regulatory text previously promulgated to establish comparable FIP requirements for emissions sources in other states.",https://www.federalregister.gov/documents/2024/02/16/2024-01064/supplemental-air-plan-actions-interstate-transport-of-air-pollution-for-the-2015-8-hour-ozone
2026-09-10T07:58:14Z,2024-01220,Defense Federal Acquisition Regulation Supplement: DFARS Buy American Act Requirements (DFARS Case 2022-D019),Rule,2024-02-15,Defense Department;Defense Acquisition Regulations System,DoD is issuing a final rule amending the Defense Federal Acquisition Regulation Supplement (DFARS) to implement an Executive order addressing domestic preferences in DoD procurement.,https://www.federalregister.gov/documents/2024/02/15/2024-01220/defense-federal-acquisition-regulation-supplement-dfars-buy-american-act-requirements-dfars-case
2026-09-10T07:58:14Z,2024-01913,"Older Americans Act: Grants to State and Community Programs on Aging; Grants to Indian Tribes and Native Hawaiian Grantees for Supportive, Nutrition, and Caregiver Services; Grants for Supportive and Nutritional Services to Older Hawaiian Natives; and Allotments for Vulnerable Elder Rights Protection Activities",Rule,2024-02-14,Health and Human Services Department;Community Living Administration,"ACL is issuing this final rule to modernize the implementing regulations of the Older Americans Act of 1965 (""the Act"" or OAA). These changes advance the policy goals of the Act as articulated by Congress, including equity in service delivery, accountability for funds expended, and clarity of administration for ACL and its grantees. This final rule ultimately facilitates improved service delivery and enhanced benefits for OAA participants, particularly those in greatest economic need and greatest social need consistent with the statute.",https://www.federalregister.gov/documents/2024/02/14/2024-01913/older-americans-act-grants-to-state-and-community-programs-on-aging-grants-to-indian-tribes-and
2026-09-10T07:58:14Z,2024-00476,Introduction to the Unified Agenda of Federal Regulatory and Deregulatory Actions-Fall 2023,Proposed Rule,2024-02-09,Regulatory Information Service Center,"Publication of the Fall 2023 Unified Agenda of Federal Regulatory and Deregulatory Actions represents a key component of the regulatory planning mechanism prescribed in Executive Order (""E.O."") 12866, ""Regulatory Planning and Review,"" (58 FR 51735, as amended) and reaffirmed in E.O. 13563, ""Improving Regulation and Regulatory Review,"" (76 FR 3821) and E.O. 14094, ""Modernizing Regulatory Review,"" (88 FR 21879). The Regulatory Flexibility Act requires that agencies publish semiannual regulatory agendas in the Federal Register describing regulatory actions they are developing that may have a significant economic impact on a substantial number of small entities (5 U.S.C. 602). The Unified Agenda of Federal Regulatory and Deregulatory Actions (Unified Agenda), published in the fall and spring, helps agencies fulfill all of these requirements. All Federal regulatory agencies have chosen to publish their regulatory agendas as part of this publication. The complete publication of the Fall 2023 Unified Agenda contains the Regulatory Plans of 29 Federal agencies and 69 Federal agency regulatory agendas available to the public at www.reginfo.gov. The Fall 2023 Unified Agenda publication appearing in the Federal Register includes the Regulatory Plan and agency Regulatory Flexibility Agendas, in accordance with the publication requirements of the Regulatory Flexibility Act. Agency Regulatory Flexibility Agendas contain only those Agenda entries for rules that are likely to have a significant economic impact on a substantial number of small entities and entries that have been selected for periodic review under section 610 of the Regulatory Flexibility Act.",https://www.federalregister.gov/documents/2024/02/09/2024-00476/introduction-to-the-unified-agenda-of-federal-regulatory-and-deregulatory-actions-fall-2023
2026-09-10T07:58:14Z,2024-01427,U.S. Citizenship and Immigration Services Fee Schedule and Changes to Certain Other Immigration Benefit Request Requirements,Rule,2024-01-31,Homeland Security Department,"This final rule adjusts certain immigration and naturalization benefit request fees charged by USCIS. This rule also provides additional fee exemptions for certain humanitarian categories and makes changes to certain other immigration benefit request requirements. USCIS conducted a comprehensive biennial fee review and determined that current fees do not recover the full cost of providing adjudication and naturalization services. DHS is adjusting the fee schedule to fully recover costs and maintain adequate service. This final rule also responds to public comments received on the USCIS proposed fee schedule published on January 4, 2023.",https://www.federalregister.gov/documents/2024/01/31/2024-01427/us-citizenship-and-immigration-services-fee-schedule-and-changes-to-certain-other-immigration
2026-09-10T07:58:14Z,2024-01452,Privacy Act of 1974; System of Records,Notice,2024-01-25,Agency for International Development,"Pursuant to the provisions of the Privacy Act of 1974 (section 522a of title 5 of the United States Code [U.S.C.]), the United States Agency for International Development (USAID) proposes to establish a new System of Records titled, ""USAID 36: Private Sector Engagement Records."" The purpose of the system is to administer USAID's Private Sector Engagement Policy and enhance the risk management activities in support of its trade and investment support services. This System of Records includes a Customer Relationship Management (CRM) tool that will function as a data warehouse that maintains information on business entities and their representatives that express interest in supporting or potentially supporting USAID's mission in foreign development. This information will be used by USAID to enhance transparency, improve coordination, as well as for monitoring and evaluation by USAID program offices.",https://www.federalregister.gov/documents/2024/01/25/2024-01452/privacy-act-of-1974-system-of-records
2026-09-10T07:58:14Z,2023-28498,Clean Water Act Effluent Limitations Guidelines and Standards for the Meat and Poultry Products Point Source Category,Proposed Rule,2024-01-23,Environmental Protection Agency,"The Environmental Protection Agency (EPA or the Agency) is proposing a regulation to revise the technology-based effluent limitations guidelines and standards (ELGs) for the meat and poultry products (MPP) point source category. The proposed rule would improve water quality and protect human health and the environment by reducing the discharge of nutrients and other pollutants to the nation's surface waters. EPA is proposing several regulatory options, including the preferred option discussed in this notice. The preferred option is estimated to cost $232 million annually and reduce pollutant discharges by approximately 100 million pounds per year.",https://www.federalregister.gov/documents/2024/01/23/2023-28498/clean-water-act-effluent-limitations-guidelines-and-standards-for-the-meat-and-poultry-products
2026-09-10T07:58:14Z,2023-27851,National Apprenticeship System Enhancements,Proposed Rule,2024-01-17,Labor Department;Employment and Training Administration,"The Department of Labor (DOL or the Department) is proposing issuing this notice of proposed rulemaking (NPRM or proposed rule) to revise the regulations for registered apprenticeship by enhancing worker protections and equity, improving the quality of registered apprenticeship programs, revising the State governance provisions, and more clearly establishing critical pipelines to registered apprenticeship programs, such as registered career and technical education (CTE) apprenticeships. The proposed rule would improve the capacity of the National Apprenticeship System to respond to evolving employer needs, provide workers equitable pathways to good jobs, and increase the system's long-term resilience.",https://www.federalregister.gov/documents/2024/01/17/2023-27851/national-apprenticeship-system-enhancements
2026-09-10T07:58:14Z,2023-27860,Standards for Covered Clearing Agencies for U.S. Treasury Securities and Application of the Broker-Dealer Customer Protection Rule With Respect to U.S. Treasury Securities,Rule,2024-01-16,Securities and Exchange Commission,"The Securities and Exchange Commission (""Commission"") is adopting rules under the Securities Exchange Act of 1934 (""Exchange Act"") to amend the standards applicable to covered clearing agencies for U.S. Treasury securities to require that such covered clearing agencies have written policies and procedures reasonably designed to require that every direct participant of the covered clearing agency submit for clearance and settlement all eligible secondary market transactions in U.S. Treasury securities to which it is a counterparty. In addition, the Commission is adopting additional amendments to the Covered Clearing Agency Standards with respect to risk management. These requirements are designed to protect investors, reduce risk, and increase operational efficiency. Finally, the Commission is amending the broker-dealer customer protection rule to permit margin required and on deposit with covered clearing agencies for U.S. Treasury securities to be included as a debit in the reserve formulas for accounts of customers and proprietary accounts of broker-dealers (""PAB""), subject to certain conditions.",https://www.federalregister.gov/documents/2024/01/16/2023-27860/standards-for-covered-clearing-agencies-for-us-treasury-securities-and-application-of-the
2026-09-10T07:58:14Z,2024-00051,To Take Certain Actions Under the African Growth and Opportunity Act and for Other Purposes,Presidential Document,2024-01-04,Executive Office of the President,,https://www.federalregister.gov/documents/2024/01/04/2024-00051/to-take-certain-actions-under-the-african-growth-and-opportunity-act-and-for-other-purposes
2026-09-10T07:58:14Z,2023-28601,30-Day Notice of Proposed Information Collection: I2U2 Project Proposal Submission Template,Notice,2023-12-28,State Department,"The Department of State has submitted the information collection described below to the Office of Management and Budget (OMB) for approval. In accordance with the Paperwork Reduction Act of 1995, we are requesting comments on this collection from all interested individuals and organizations. The purpose of this Notice is to allow 30 days for public comment.",https://www.federalregister.gov/documents/2023/12/28/2023-28601/30-day-notice-of-proposed-information-collection-i2u2-project-proposal-submission-template
2026-09-10T07:58:14Z,2023-27938,"Labor Certification for Permanent Employment of Foreign Workers in the United States; Modernizing Schedule A To Include Consideration of Additional Occupations in Science, Technology, Engineering, and Mathematics (STEM) and Non-STEM Occupations",Proposed Rule,2023-12-21,Labor Department;Employment and Training Administration,"The Department of Labor's (Department or DOL) Employment and Training Administration (ETA) is considering revisions to Schedule A of the permanent labor certification process to include occupations in Science, Technology, Engineering and Mathematics (STEM) and other non- STEM occupations and invites employers and other interested parties to comment on this Request for Information (RFI). ETA's Office of Foreign Labor Certification developed this RFI and is publishing it for comment so that the public may provide input, including data, statistical metrics or models, studies, and other relevant information, on how the Department may establish a reliable, objective, and transparent methodology for revising Schedule A to include STEM and other non-STEM occupations that are experiencing labor shortages, consistent with requirements of the Immigration and Nationality Act (INA). The Department wants to ensure that it is striking an appropriate balance between the need to provide U.S. workers notice of available permanent job opportunities and the opportunity to apply for those job opportunities, and, where insufficient U.S. workers are available to satisfy an employer's need for permanent labor, the need to provide employers access to foreign labor through effective administration of the permanent labor certification program. Information received from the public will help inform decisions regarding whether or how to improve Schedule A and ensure that its purpose in responding to national labor shortages is more effectively met.",https://www.federalregister.gov/documents/2023/12/21/2023-27938/labor-certification-for-permanent-employment-of-foreign-workers-in-the-united-states-modernizing
2026-09-10T07:58:14Z,2023-27758,Water Quality Standards To Protect Aquatic Life in the Delaware River,Proposed Rule,2023-12-21,Environmental Protection Agency,"On December 1, 2022, the U.S. Environmental Protection Agency (EPA) determined that revised water quality standards are necessary to protect aquatic life in certain water quality management zones of the Delaware River. Specifically, the EPA issued an Administrator's Determination, pursuant to the Clean Water Act (CWA), finding that a revised designated use to protect aquatic life propagation and corresponding dissolved oxygen criteria to protect that use are necessary in Zone 3, Zone 4, and the upper portion of Zone 5 (in total, river miles 108.4 to 70.0) of the Delaware River. The CWA requires the EPA to publish proposed water quality standards following an Administrator's Determination. Thus, the EPA is proposing to promulgate an aquatic life designated use that includes propagation and protective water quality criteria for dissolved oxygen for Zone 3, Zone 4, and upper Zone 5 of the Delaware River.",https://www.federalregister.gov/documents/2023/12/21/2023-27758/water-quality-standards-to-protect-aquatic-life-in-the-delaware-river
2026-09-10T07:58:14Z,2023-28044,Report on the Selection of Eligible Countries for Fiscal Year 2024,Notice,2023-12-20,Millennium Challenge Corporation,"This report is provided in accordance with the Millennium Challenge Act of 2003, as amended. The report is set forth in full below.",https://www.federalregister.gov/documents/2023/12/20/2023-28044/report-on-the-selection-of-eligible-countries-for-fiscal-year-2024
2026-09-10T07:58:14Z,2023-27139,Notice of Funds Availability,Notice,2023-12-11,Treasury Department;Community Development Financial Institutions Fund,"Through the NACA Program, the Community Development Financial Institutions (CDFI) Fund provides (i) FA awards of up to $2 million to Certified Community Development Financial Institutions (CDFIs) serving Native American, Alaska Native, or Native Hawaiian populations or Native American areas defined as federally- designated reservations, Hawaiian homelands, Alaska Native Villages and U.S. Census Bureau-designated Tribal Statistical Areas (collectively, ""Native Communities"") to build their financial capacity to lend to Eligible Markets and/or their Target Markets, and (ii) TA awards of up to $300,000 to build Certified, and Emerging CDFIs' organizational capacity to serve Eligible Markets and/or their Target Markets, and Sponsoring Entities' ability to create Certified CDFIs that serve Native Communities. All awards provided through this NOFA are subject to funding availability. ---------------------------------------------------------------------------",https://www.federalregister.gov/documents/2023/12/11/2023-27139/notice-of-funds-availability
2026-09-10T07:58:14Z,2023-27138,Notice of Funds Availability,Notice,2023-12-11,Treasury Department;Community Development Financial Institutions Fund,"Through the CDFI Program, the CDFI Fund provides (i) FA awards of up to $2 million to Certified Community Development Financial Institutions (CDFIs) to build their financial capacity to lend to Eligible Markets and/or their Target Markets, and (ii) TA awards of up to $250,000 to build Certified and Emerging CDFIs' organizational capacity to serve Eligible Markets and/or their Target Markets. All awards provided through this NOFA are subject to funding availability. ---------------------------------------------------------------------------",https://www.federalregister.gov/documents/2023/12/11/2023-27138/notice-of-funds-availability
2026-09-10T07:58:14Z,2023-26148,National Primary Drinking Water Regulations for Lead and Copper: Improvements (LCRI),Proposed Rule,2023-12-06,Environmental Protection Agency,"The U.S. Environmental Protection Agency (EPA) is proposing revisions to the National Primary Drinking Water Regulation (NPDWR) for lead and copper under the authority of the Safe Drinking Water Act (SDWA). In this document, EPA is proposing to require water systems to replace lead service lines, remove the lead trigger level, reduce the lead action level to 0.010 mg/L, and strengthen tap sampling procedures, among other changes that would improve public health protection and simplify the rule relative to the 2021 Lead and Copper Rule Revisions (LCRR). This proposed rule provides improvements in the additional following areas: corrosion control treatment, public education and consumer awareness, requirements for small systems, and sampling in schools and child care facilities. EPA's proposed rule aims to address potential disproportionate impacts of lead in drinking water in communities, including through proposed lead service line replacement and public education, among other areas of the proposed rule.",https://www.federalregister.gov/documents/2023/12/06/2023-26148/national-primary-drinking-water-regulations-for-lead-and-copper-improvements-lcri
2026-09-10T07:58:14Z,2023-24293,"Medicare Program: Hospital Outpatient Prospective Payment and Ambulatory Surgical Center Payment Systems; Quality Reporting Programs; Payment for Intensive Outpatient Services in Hospital Outpatient Departments, Community Mental Health Centers, Rural Health Clinics, Federally Qualified Health Centers, and Opioid Treatment Programs; Hospital Price Transparency; Changes to Community Mental Health Centers Conditions of Participation, Changes to the Inpatient Prospective Payment System Medicare Code Editor; Rural Emergency Hospital Conditions of Participation Technical Correction",Rule,2023-11-22,Health and Human Services Department;Centers for Medicare & Medicaid Services;,"This final rule with comment period revises the Medicare hospital outpatient prospective payment system (OPPS) and the Medicare ambulatory surgical center (ASC) payment system for calendar year 2024 based on our continuing experience with these systems. In this final rule, we describe the changes to the amounts and factors used to determine the payment rates for Medicare services paid under the OPPS and those paid under the ASC payment system. Also, this final rule updates and refines the requirements for the Hospital Outpatient Quality Reporting (OQR) Program, the ASC Quality Reporting (ASCQR) Program, and the Rural Emergency Hospital Quality Reporting (REHQR) Program. In this final rule, we are also establishing a payment for certain intensive outpatient services under Medicare, beginning January 1, 2024. In addition, this final rule updates and refines requirements for hospitals to make public their standard charge information and enforcement of hospital price transparency. We are finalizing changes to the community mental health center (CMHC) Conditions of Participation (CoPs) to provide requirements for furnishing intensive outpatient (IOP) services, and we are finalizing the proposed personnel qualifications for mental health counselors (MHCs) and marriage and family therapists (MFTs). Additionally, we are finalizing the removal of discussion of the inpatient prospective payment system (IPPS) Medicare Code Editor (MCE) from the annual IPPS rulemakings, beginning with the fiscal year (FY) 2025 rulemaking. Finally, we are finalizing a technical correction to the Rural Emergency Hospital (REH) CoPs under the standard for the designation and certification of REHs.",https://www.federalregister.gov/documents/2023/11/22/2023-24293/medicare-program-hospital-outpatient-prospective-payment-and-ambulatory-surgical-center-payment
2026-09-10T07:58:14Z,2023-25038,Supporting the Head Start Workforce and Consistent Quality Programming,Proposed Rule,2023-11-20,Health and Human Services Department;Children and Families Administration,"We propose to add new requirements to the Head Start Program Performance Standards (HSPPS) to support and stabilize the Head Start workforce, including requirements for wages and benefits, breaks for staff, and enhanced supports for staff health and wellness. We also propose to enhance several existing requirements and add new requirements to promote consistent quality of services across Head Start programs. This includes proposed enhancements to requirements for mental health services to better integrate these services into every aspect of programs as well as elevate the role of mental health consultation to support the well-being of children, families, and staff. Enhancements are also proposed in the areas of family service, worker family assignments, identifying and meeting community needs, ensuring child safety, services for pregnant women and people, and alignment with State early childhood systems. Finally, we propose minor clarifications to existing standards to promote better transparency and clarity of understanding for grant recipients.",https://www.federalregister.gov/documents/2023/11/20/2023-25038/supporting-the-head-start-workforce-and-consistent-quality-programming
2026-09-10T07:58:14Z,2023-24184,Medicare and Medicaid Programs; CY 2024 Payment Policies Under the Physician Fee Schedule and Other Changes to Part B Payment and Coverage Policies; Medicare Shared Savings Program Requirements; Medicare Advantage; Medicare and Medicaid Provider and Supplier Enrollment Policies; and Basic Health Program,Rule,2023-11-16,Health and Human Services Department;Centers for Medicare & Medicaid Services,"This major final rule addresses: changes to the physician fee schedule (PFS); other changes to Medicare Part B payment policies to ensure that payment systems are updated to reflect changes in medical practice, relative value of services, and changes in the statute; payment for dental services inextricably linked to specific covered medical services; Medicare Shared Savings Program requirements; updates to the Quality Payment Program; Medicare coverage of opioid use disorder services furnished by opioid treatment programs; updates to certain Medicare and Medicaid provider and supplier enrollment policies, electronic prescribing for controlled substances for a covered Part D drug under a prescription drug plan or an MA-PD plan under the Substance Use-Disorder Prevention that Promotes Opioid Recovery and Treatment for Patients and Communities Act (SUPPORT Act); updates to the Ambulance Fee Schedule regulations and the Medicare Ground Ambulance Data Collection System; codification of the Inflation Reduction Act and Consolidated Appropriations Act, 2023 provisions; expansion of the diabetes screening and diabetes definitions; pulmonary rehabilitation, cardiac rehabilitation and intensive cardiac rehabilitation expansion of supervising practitioners; appropriate use criteria for advanced diagnostic imaging; early release of Medicare Advantage risk adjustment data; a social determinants of health risk assessment in the annual wellness visit and Basic Health Program.",https://www.federalregister.gov/documents/2023/11/16/2023-24184/medicare-and-medicaid-programs-cy-2024-payment-policies-under-the-physician-fee-schedule-and-other
2026-09-10T07:58:14Z,2023-24782,Importation of Fresh Beef From Paraguay,Rule,2023-11-14,Agriculture Department;Animal and Plant Health Inspection Service,"We are amending the regulations governing the importation of certain animals, meat, and other animal products by allowing, under certain conditions, the importation of fresh (chilled or frozen) beef from Paraguay. Based on the evidence from a risk analysis, we have determined that fresh beef can safely be imported from Paraguay, provided certain conditions are met. This final rule will provide for the importation of fresh beef from Paraguay into the United States, while continuing to protect the United States against the introduction of foot-and-mouth disease.",https://www.federalregister.gov/documents/2023/11/14/2023-24782/importation-of-fresh-beef-from-paraguay
2026-09-10T07:58:14Z,2023-24455,"Medicare Program; Calendar Year (CY) 2024 Home Health (HH) Prospective Payment System Rate Update; HH Quality Reporting Program Requirements; HH Value-Based Purchasing Expanded Model Requirements; Home Intravenous Immune Globulin Items and Services; Hospice Informal Dispute Resolution and Special Focus Program Requirements, Certain Requirements for Durable Medical Equipment Prosthetics and Orthotics Supplies; and Provider and Supplier Enrollment Requirements",Rule,2023-11-13,Health and Human Services Department;Centers for Medicare & Medicaid Services,"This final rule sets forth routine updates to the Medicare home health payment rates for calendar year (CY) 2024 in accordance with existing statutory and regulatory requirements. This rule-- discusses comments received regarding access to home health aide services; implements home health payment-related changes; rebases and revises the home health market basket and revises the labor-related share; codifies statutory requirements for disposable negative pressure wound therapy (dNPWT); and implements the new items and services payment for the home intravenous immune globulin (IVIG) benefit. In addition, it--finalizes changes to the Home Health Quality Reporting Program (HH QRP) requirements and the expanded Home Health Value-Based Purchasing (HHVBP) Model; implements the new Part B benefit for lymphedema compression treatment items, codifies the Medicare definition of brace, and makes other codification changes based on recent legislation; adds an informal dispute resolution (IDR) and special focus program (SFP) for hospice programs; codifies DMEPOS refill policy; and finalizes proposed revisions for Medicare provider and supplier enrollment requirements.",https://www.federalregister.gov/documents/2023/11/13/2023-24455/medicare-program-calendar-year-cy-2024-home-health-hh-prospective-payment-system-rate-update-hh
2026-09-10T07:58:14Z,2023-23915,"Medicare Program; End-Stage Renal Disease Prospective Payment System, Payment for Renal Dialysis Services Furnished to Individuals With Acute Kidney Injury, End-Stage Renal Disease Quality Incentive Program, and End-Stage Renal Disease Treatment Choices Model",Rule,2023-11-06,Health and Human Services Department;Centers for Medicare & Medicaid Services,"This final rule updates and revises the End-Stage Renal Disease (ESRD) Prospective Payment System (PPS) for calendar year (CY) 2024. This rule also updates the payment rate for renal dialysis services furnished by an ESRD facility to individuals with acute kidney injury (AKI). In addition, this final rule updates requirements for the ESRD Quality Incentive Program and the ESRD Treatment Choices Model.",https://www.federalregister.gov/documents/2023/11/06/2023-23915/medicare-program-end-stage-renal-disease-prospective-payment-system-payment-for-renal-dialysis
2026-09-10T07:58:14Z,2023-24059,Endangered and Threatened Wildlife and Plants; Reclassifying Mitracarpus Polycladus From Endangered to Threatened With a Section 4(d) Rule,Rule,2023-11-01,Interior Department;Fish and Wildlife Service,"We, the U.S. Fish and Wildlife Service (Service), are reclassifying Mitracarpus polycladus (a plant, no common name) from endangered to threatened (downlist) under the Endangered Species Act of 1973, as amended (Act). This action is based on our evaluation of the best available scientific and commercial information, which indicates that the species' status has improved such that it is not currently in danger of extinction throughout all or a significant portion of its range, but that it is still likely to become so in the foreseeable future. We are also finalizing a rule issued under section 4(d) of the Act that provides for the conservation of the species.",https://www.federalregister.gov/documents/2023/11/01/2023-24059/endangered-and-threatened-wildlife-and-plants-reclassifying-mitracarpus-polycladus-from-endangered
2026-09-10T07:58:14Z,2023-22529,Phasedown of Hydrofluorocarbons: Restrictions on the Use of Certain Hydrofluorocarbons Under the American Innovation and Manufacturing Act of 2020,Rule,2023-10-24,Environmental Protection Agency,"The U.S. Environmental Protection Agency is issuing regulations to implement certain provisions of the American Innovation and Manufacturing Act, as enacted on December 27, 2020. This rulemaking restricts the use of hydrofluorocarbons in specific sectors or subsectors in which they are used; establishes a process for submitting technology transitions petitions; establishes recordkeeping and reporting requirements; and addresses certain other elements related to the effective implementation of the American Innovation and Manufacturing Act. These restrictions on the use of hydrofluorocarbons address petitions granted on October 7, 2021, and September 19, 2022.",https://www.federalregister.gov/documents/2023/10/24/2023-22529/phasedown-of-hydrofluorocarbons-restrictions-on-the-use-of-certain-hydrofluorocarbons-under-the
2026-09-10T07:58:14Z,2023-22950,60-Day Notice of Proposed Information Collection: I2U2 Project Proposal Submission Template,Notice,2023-10-18,State Department,"The Department of State is seeking Office of Management and Budget (OMB) approval for the information collection described below. In accordance with the Paperwork Reduction Act of 1995, we are requesting comments on this collection from all interested individuals and organizations. The purpose of this notice is to allow 60 days for public comment preceding submission of the collection to OMB.",https://www.federalregister.gov/documents/2023/10/18/2023-22950/60-day-notice-of-proposed-information-collection-i2u2-project-proposal-submission-template
2026-09-10T07:58:14Z,2023-22684,President's Advisory Council on African Diaspora Engagement,Notice,2023-10-13,State Department,"Pursuant to the Federal Advisory Committee Act, 5 U.S.C. 1001 et seq., and 41 CFR 102-3.65, the Department of State hereby provides notice of the inaugural plenary session meeting and swearing-in ceremony of the President's Advisory Council on African Diaspora Engagement (""the Advisory Council"").",https://www.federalregister.gov/documents/2023/10/13/2023-22684/presidents-advisory-council-on-african-diaspora-engagement
2026-09-10T07:58:14Z,2023-21662,Medical Devices; Laboratory Developed Tests,Proposed Rule,2023-10-03,Health and Human Services Department;Food and Drug Administration,"The Food and Drug Administration (FDA, the Agency, or we) is proposing to amend its regulations to make explicit that in vitro diagnostic products (IVDs) are devices under the Federal Food, Drug, and Cosmetic Act (FD&C Act) including when the manufacturer of the IVD is a laboratory. In conjunction with this amendment, FDA is proposing a policy under which FDA intends to phase out its general enforcement discretion approach for laboratory developed tests (LDTs) so that IVDs manufactured by a laboratory would generally fall under the same enforcement approach as other IVDs. FDA is proposing this phaseout to better protect the public health by helping to assure the safety and effectiveness of LDTs. If finalized, this phaseout may also foster the manufacturing of innovative IVDs for which FDA has determined there is a reasonable assurance of safety and effectiveness.",https://www.federalregister.gov/documents/2023/10/03/2023-21662/medical-devices-laboratory-developed-tests
2026-09-10T07:58:14Z,2023-21499,Taking and Importing Marine Mammals; Taking Marine Mammals Incidental to the U.S. Navy Training and Testing Activities in the Hawaii-Southern California Training and Testing Study Area,Proposed Rule,2023-10-03,Commerce Department;National Oceanic and Atmospheric Administration,"NMFS has received a request from the U.S. Navy (Navy) to modify the regulations and Letters of Authorization (LOAs) authorizing the take of marine mammals incidental to Navy training and testing activities conducted in the Hawaii-Southern California Training and Testing (HSTT) Study Area between 2018 and 2025. In 2021, two separate U.S. Navy vessels struck unidentified large whales on two separate occasions, one whale in June 2021 and one whale in July 2021, in waters off Southern California. The takes by vessel strike of the two whales by the U.S. Navy were covered by the existing regulations and LOAs, which authorize the U.S. Navy to take up to three large whales by serious injury or mortality by vessel strike between 2018 and 2025. The Navy reanalyzed the potential of vessel strike in the HSTT Study Area, including the recent strikes and as a result, requested two additional takes of large whales by serious injury or mortality by vessel strike for the remainder of the current regulatory period. In May 2023, a U.S. Navy vessel struck a large whale in waters off Southern California. NMFS reanalyzed the potential for vessel strike following the May 2023 strike and proposes to authorize two additional takes of large whales by serious injury or mortality by vessel strike for the remainder of the current regulatory period (two takes in addition to the three takes authorized in the current regulations). Pursuant to the Marine Mammal Protection Act (MMPA), NMFS is requesting comments on the proposed promulgation of modified regulations and associated LOAs for the Navy governing this additional incidental taking of marine mammals. NMFS will consider public comments prior to issuing any final rule and making final decisions on the issuance of the requested LOAs. Agency responses to public comments will be provided in the notice of the final decision. The Navy's activities qualify as military readiness activities pursuant to the MMPA, as amended by the National Defense Authorization Act for Fiscal Year 2004 (2004 NDAA).",https://www.federalregister.gov/documents/2023/10/03/2023-21499/taking-and-importing-marine-mammals-taking-marine-mammals-incidental-to-the-us-navy-training-and
2026-09-10T07:58:14Z,2023-21081,Separate Licensing or Approval Standards for Relative or Kinship Foster Family Homes,Rule,2023-09-28,Health and Human Services Department;Children and Families Administration,"This rule finalizes revisions to the definition of ""foster family home"" proposed on February 14, 2023 (here after referred to as the February 2023 NPRM). Title IV-E agencies may choose to claim title IV-E federal financial participation (FFP) for the cost of foster care maintenance payments (FCMP) on behalf of an otherwise eligible child who is placed in a relative or kinship licensed or approved foster family home when the agency uses different licensing or approval standards for relative or kinship foster family homes and non-relative/ non-kinship foster family homes. In addition, the final rule requires title IV-E agencies to periodically review the amount of FCMPs to also ensure that the agency provides a licensed or approved relative or kinship foster family home the same amount of FCMP that would have been made if the child was placed in a non-related/non-kinship foster family home.",https://www.federalregister.gov/documents/2023/09/28/2023-21081/separate-licensing-or-approval-standards-for-relative-or-kinship-foster-family-homes
2026-09-10T07:58:14Z,2023-21088,Notice of Funds Availability; 2021 Emergency Livestock Relief Program (ELRP) Phase 2,Notice,2023-09-27,Agriculture Department;Farm Service Agency,"The Farm Service Agency (FSA) is issuing this notice announcing ELRP Phase 2. This document provides the eligibility requirements and payment calculation for the second phase of ELRP assistance. ELRP Phase 2 will provide assistance to eligible livestock producers for the loss of the value of winter forage from the deterioration of grazing cover due to a qualifying drought or wildfire during the 2021 normal grazing period, which has been exacerbated by a continued lack of precipitation. This document also makes a correction and amendment to ELRP Phase 1.",https://www.federalregister.gov/documents/2023/09/27/2023-21088/notice-of-funds-availability-2021-emergency-livestock-relief-program-elrp-phase-2
2026-09-10T07:58:14Z,2023-20795,Limitations of Duty- and Quota-Free Imports of Apparel Articles Assembled in Beneficiary Sub-Saharan African Countries From Regional and Third-Country Fabric,Notice,2023-09-26,Committee for the Implementation of Textile Agreements,,https://www.federalregister.gov/documents/2023/09/26/2023-20795/limitations-of-duty--and-quota-free-imports-of-apparel-articles-assembled-in-beneficiary-sub-saharan
2026-09-10T07:58:14Z,2023-20709,Agency Information Collection Activities; Submission to the Office of Management and Budget; CITES Master's Course,Notice,2023-09-25,Interior Department;Fish and Wildlife Service,"In accordance with the Paperwork Reduction Act of 1995, we, the U.S. Fish and Wildlife Service (Service), are proposing a new information collection in use without Office of Management and Budget (OMB) approval.",https://www.federalregister.gov/documents/2023/09/25/2023-20709/agency-information-collection-activities-submission-to-the-office-of-management-and-budget-cites
2026-09-10T07:58:14Z,2023-20163,Millennium Challenge Corporation Selection Criteria and Methodology Report for Fiscal Year 2024,Notice,2023-09-19,Millennium Challenge Corporation,"The Millennium Challenge Act of 2003, as amended, requires the Millennium Challenge Corporation to publish a report that identifies the criteria and methodology that MCC intends to use to determine which candidate countries may be eligible to be considered for assistance under the Millennium Challenge Act for fiscal year 2024. The report is set forth in full below.",https://www.federalregister.gov/documents/2023/09/19/2023-20163/millennium-challenge-corporation-selection-criteria-and-methodology-report-for-fiscal-year-2024
2026-09-10T07:58:14Z,2023-19200,Regulatory Capital Rule: Large Banking Organizations and Banking Organizations With Significant Trading Activity,Proposed Rule,2023-09-18,Treasury Department;Comptroller of the Currency;Federal Reserve System;Federal Deposit Insurance Corporation,"The Office of the Comptroller of the Currency, the Board of Governors of the Federal Reserve System, and the Federal Deposit Insurance Corporation are inviting public comment on a notice of proposed rulemaking (proposal) that would substantially revise the capital requirements applicable to large banking organizations and to banking organizations with significant trading activity. The revisions set forth in the proposal would improve the calculation of risk-based capital requirements to better reflect the risks of these banking organizations' exposures, reduce the complexity of the framework, enhance the consistency of requirements across these banking organizations, and facilitate more effective supervisory and market assessments of capital adequacy. The revisions would include replacing current requirements that include the use of banking organizations' internal models for credit risk and operational risk with standardized approaches and replacing the current market risk and credit valuation adjustment risk requirements with revised approaches. The proposed revisions would be generally consistent with recent changes to international capital standards issued by the Basel Committee on Banking Supervision. The proposal would not amend the capital requirements applicable to smaller, less complex banking organizations.",https://www.federalregister.gov/documents/2023/09/18/2023-19200/regulatory-capital-rule-large-banking-organizations-and-banking-organizations-with-significant
2026-09-10T07:58:14Z,2023-18891,Millennium Challenge Corporation Candidate Country Report for Fiscal Year 2024,Notice,2023-09-01,Millennium Challenge Corporation,"The Millennium Challenge Act of 2003, as amended, requires the Millennium Challenge Corporation to publish a report that identifies countries that are ""candidate countries"" for Millennium Challenge Account assistance during Fiscal Year 2024. The report is set forth in full below.",https://www.federalregister.gov/documents/2023/09/01/2023-18891/millennium-challenge-corporation-candidate-country-report-for-fiscal-year-2024
2026-09-10T07:58:14Z,2023-16252,Medicare Program; Hospital Inpatient Prospective Payment Systems for Acute Care Hospitals and the Long-Term Care Hospital Prospective Payment System and Policy Changes and Fiscal Year 2024 Rates; Quality Programs and Medicare Promoting Interoperability Program Requirements for Eligible Hospitals and Critical Access Hospitals; Rural Emergency Hospital and Physician-Owned Hospital Requirements; and Provider and Supplier Disclosure of Ownership; and Medicare Disproportionate Share Hospital (DSH) Payments: Counting Certain Days Associated With Section 1115 Demonstrations in the Medicaid Fraction,Rule,2023-08-28,Health and Human Services Department;Centers for Medicare & Medicaid Services,This final rule will: revise the Medicare hospital inpatient prospective payment systems (IPPS) for operating and capital-related costs of acute care hospitals; make changes relating to Medicare graduate medical education (GME) for teaching hospitals; update the payment policies and the annual payment rates for the Medicare prospective payment system (PPS) for inpatient hospital services provided by long-term care hospitals (LTCHs); and make other policy- related changes. This final rule also revises our regulations on the counting of days associated with individuals eligible for certain benefits provided by section 1115 demonstrations in the Medicaid fraction of a hospital's disproportionate patient percentage (DPP) used in the disproportionate share hospital (DSH) calculation.,https://www.federalregister.gov/documents/2023/08/28/2023-16252/medicare-program-hospital-inpatient-prospective-payment-systems-for-acute-care-hospitals-and-the
2026-09-10T07:58:14Z,2023-16747,New Source Performance Standards Review for Steel Plants: Electric Arc Furnaces and Argon-Oxygen Decarburization Vessels,Rule,2023-08-25,Environmental Protection Agency,The Environmental Protection Agency (EPA) is finalizing amendments to the new source performance standards (NSPS) for electric arc furnaces (EAF) and argon-oxygen decarburization (AOD) vessels in the steel industry pursuant to the review required by the Clean Air Act.,https://www.federalregister.gov/documents/2023/08/25/2023-16747/new-source-performance-standards-review-for-steel-plants-electric-arc-furnaces-and-argon-oxygen
2026-09-10T07:58:14Z,2023-17221,Updating the Davis-Bacon and Related Acts Regulations,Rule,2023-08-23,Labor Department;,"In this final rule, the Department of Labor (Department or DOL) updates regulations issued under the Davis-Bacon and Related Acts. As the first comprehensive regulatory review in nearly 40 years, revisions to these regulations will promote compliance, provide appropriate and updated guidance, and enhance their usefulness in the modern economy.",https://www.federalregister.gov/documents/2023/08/23/2023-17221/updating-the-davis-bacon-and-related-acts-regulations
2026-09-10T07:58:14Z,2023-17045,User Fees for Agricultural Quarantine and Inspection Services,Proposed Rule,2023-08-11,Agriculture Department;Animal and Plant Health Inspection Service,"We are proposing to update and amend the user fee regulations associated with the agricultural quarantine and inspection (AQI) program. Specifically, we propose to adjust the fees for certain AQI services that are provided in connection with certain commercial vessels, commercial trucks, commercial railroad cars, commercial aircraft, and international passengers arriving at ports in the customs territory of the United States; adjust the caps on prepaid fees associated with commercial trucks and commercial railroad cars; remove certain fee exemptions that are no longer justifiable based upon pathway analyses of risk; and restructure the treatment monitoring fee. We would also revise requirements pertaining to remittances and statements. Specifically, we would require monthly rather than quarterly remittances for the commercial aircraft fee, international air passenger fee, and international cruise passenger fee to make our revenue stream more stable, clarify our requirements, and provide for electronic payments and statements. We would also include in the regulations information on agents responsible for ensuring compliance with paying the user fees and the requirement for entities to notify APHIS in the event they have a change in personnel responsible for fee payments. These proposed changes are necessary to recover the costs of the current level of AQI activity, to account for actual and projected increases in the cost of doing business, to increase fee payer accountability, and to more accurately align fees with the costs associated with each fee service.",https://www.federalregister.gov/documents/2023/08/11/2023-17045/user-fees-for-agricultural-quarantine-and-inspection-services
2026-09-10T07:58:14Z,2023-14624,Medicare and Medicaid Programs; CY 2024 Payment Policies Under the Physician Fee Schedule and Other Changes to Part B Payment and Coverage Policies; Medicare Shared Savings Program Requirements; Medicare Advantage; Medicare and Medicaid Provider and Supplier Enrollment Policies; and Basic Health Program,Proposed Rule,2023-08-07,Health and Human Services Department;Centers for Medicare & Medicaid Services,"This major proposed rule addresses: changes to the physician fee schedule (PFS); other changes to Medicare Part B payment policies to ensure that payment systems are updated to reflect changes in medical practice, relative value of services, and changes in the statute; payment for dental services inextricably linked to specific covered medical services; Medicare Shared Savings Program requirements; updates to the Quality Payment Program; Medicare coverage of opioid use disorder services furnished by opioid treatment programs; updates to certain Medicare and Medicaid provider and supplier enrollment policies, electronic prescribing for controlled substances for a covered Part D drug under a prescription drug plan or an MA-PD plan under the Substance Use-Disorder Prevention that Promotes Opioid Recovery and Treatment for Patients and Communities Act (SUPPORT Act); updates to the Ambulance Fee Schedule regulations and the Medicare Ground Ambulance Data Collection System; codification of the Inflation Reduction Act and Consolidated Appropriations Act, 2023 provisions; expansion of the diabetes screening and diabetes definitions; pulmonary rehabilitation, cardiac rehabilitation and intensive cardiac rehabilitation expansion of supervising practitioners; appropriate use criteria for advanced diagnostic imaging; early release of Medicare Advantage risk adjustment data; a social determinants of health risk assessment in the annual wellness visit and Basic Health Program.",https://www.federalregister.gov/documents/2023/08/07/2023-14624/medicare-and-medicaid-programs-cy-2024-payment-policies-under-the-physician-fee-schedule-and-other
2026-09-10T07:58:14Z,2023-15945,Requirements Related to the Mental Health Parity and Addiction Equity Act,Proposed Rule,2023-08-03,Treasury Department;Internal Revenue Service;Labor Department;Employee Benefits Security Administration;Health and Human Services Department,"This document proposes amendments to regulations implementing the Paul Wellstone and Pete Domenici Mental Health Parity and Addiction Equity Act of 2008 (MHPAEA) and proposes new regulations implementing the nonquantitative treatment limitation (NQTL) comparative analyses requirements under MHPAEA, as amended by the Consolidated Appropriations Act, 2021 (CAA, 2021). Specifically, these proposed rules would amend the existing NQTL standard to prevent plans and issuers from using NQTLs to place greater limits on access to mental health and substance use disorder benefits as compared to medical/ surgical benefits. As part of these changes, these proposed rules would require plans and issuers to collect and evaluate relevant data in a manner reasonably designed to assess the impact of NQTLs on access to mental health and substance use disorder benefits and medical/surgical benefits, and would set forth a special rule with regard to network composition. These proposed rules would also amend existing examples and add new examples on the application of the rules for NQTLs to clarify and illustrate the protections of MHPAEA. Additionally, these proposed rules would set forth the content requirements for NQTL comparative analyses and specify how plans and issuers must make these comparative analyses available to the Department of the Treasury (Treasury), the Department of Labor (DOL), and the Department of Health and Human Services (HHS) (collectively, the Departments), as well as to an applicable State authority, and participants, beneficiaries, and enrollees. The Departments also solicit comments on whether there are ways to improve the coverage of mental health and substance use disorder benefits through other provisions of Federal law. Finally, HHS proposes regulatory amendments to implement the sunset provision for self-funded, non-Federal governmental plan elections to opt out of compliance with MHPAEA, as adopted in the Consolidated Appropriations Act, 2023 (CAA, 2023).",https://www.federalregister.gov/documents/2023/08/03/2023-15945/requirements-related-to-the-mental-health-parity-and-addiction-equity-act
2026-09-10T07:58:14Z,2023-16083,Medicare Program; FY 2024 Inpatient Psychiatric Facilities Prospective Payment System-Rate Update,Rule,2023-08-02,Health and Human Services Department;Centers for Medicare & Medicaid Services,"This final rule updates the prospective payment rates, the outlier threshold, and the wage index for Medicare inpatient hospital services provided by Inpatient Psychiatric Facilities (IPF), which include psychiatric hospitals and excluded psychiatric units of an acute care hospital or critical access hospital. Additionally, this final rule rebases and revises the IPF market basket to reflect a 2021 base year. These changes will be effective for IPF discharges occurring during the Fiscal Year (FY) beginning October 1, 2023 through September 30, 2024 (FY 2024). In addition, this final rule discusses quality measures and reporting requirements under the Inpatient Psychiatric Facilities Quality Reporting (IPFQR) Program with changes beginning with the FY 2025 payment determination through changes beginning with the FY 2028 payment determination.",https://www.federalregister.gov/documents/2023/08/02/2023-16083/medicare-program-fy-2024-inpatient-psychiatric-facilities-prospective-payment-system-rate-update
2026-09-10T07:58:14Z,2023-14768,"Medicare Program: Hospital Outpatient Prospective Payment and Ambulatory Surgical Center Payment Systems; Quality Reporting Programs; Payment for Intensive Outpatient Services in Rural Health Clinics, Federally Qualified Health Centers, and Opioid Treatment Programs; Hospital Price Transparency; Changes to Community Mental Health Centers Conditions of Participation, Proposed Changes to the Inpatient Prospective Payment System Medicare Code Editor; Rural Emergency Hospital Conditions of Participation Technical Correction",Proposed Rule,2023-07-31,Health and Human Services Department;Centers for Medicare & Medicaid Services;,"This proposed rule would revise the Medicare hospital outpatient prospective payment system (OPPS) and the Medicare ambulatory surgical center (ASC) payment system for calendar year 2024 based on our continuing experience with these systems. In this proposed rule, we describe the changes to the amounts and factors used to determine the payment rates for Medicare services paid under the OPPS and those paid under the ASC payment system. This proposed rule also would update and refine the requirements for the Hospital Outpatient Quality Reporting (OQR) Program, the ASC Quality Reporting (ASCQR) Program, and the Rural Emergency Hospital Quality Reporting (REHQR) Program. This proposed rule would also establish payment for certain intensive outpatient services under Medicare, beginning January 1, 2024. In addition, this proposed rule would update and refine requirements for hospitals to make public their standard charge information and enforcement of hospital price transparency. We also propose to codify provisions of the Consolidated Appropriations Act, 2023, in Community Mental Health Centers Conditions of Participation (CoPs). We propose to revise the personnel qualifications of Mental Health Counselors and add personnel qualifications for Marriage and Family Therapists in the CMHC CoPs. We also seek comment on separate payment under the Inpatient Prospective Payment System (IPPS) for establishing and maintaining access to a buffer stock of essential medicines to foster a more reliable, resilient supply of these medicines. Finally, we propose to address any future revisions to the IPPS Medicare Code Editor (MCE), including any additions or deletions of claims edits, as well as the addition or deletion of ICD-10 diagnosis and procedure codes to the applicable MCE edit code lists, outside of the annual IPPS rulemakings. Additionally, we propose a technical correction to the Rural Emergency Hospital Conditions of Participation.",https://www.federalregister.gov/documents/2023/07/31/2023-14768/medicare-program-hospital-outpatient-prospective-payment-and-ambulatory-surgical-center-payment
2026-09-10T07:58:14Z,2023-16027,Submission of Post-Hearing Comments: Annual Review of Country Eligibility for Benefits Under the African Growth and Opportunity Act for Calendar Year 2024,Notice,2023-07-28,"Trade Representative, Office of United States","On July 24, 2023, the Office of the United States Trade Representative (USTR) held a virtual public hearing to receive oral testimony related to the annual review of the eligibility of sub- Saharan African countries to receive the benefits of the African Growth and Opportunity Act (AGOA). USTR is accepting post-hearing comments until August 8, 2023.",https://www.federalregister.gov/documents/2023/07/28/2023-16027/submission-of-post-hearing-comments-annual-review-of-country-eligibility-for-benefits-under-the
2026-09-10T07:58:14Z,2023-15187,Endangered and Threatened Species; Designation of Critical Habitat for the Rice's Whale,Proposed Rule,2023-07-24,Commerce Department;National Oceanic and Atmospheric Administration,"We, NMFS, propose to designate critical habitat for the Rice's whale (Balaenoptera ricei) by designating waters from the 100 meter (m) isobath to the 400 m isobath in the Gulf of Mexico (GOMx), pursuant to section 4 of the Endangered Species Act (ESA). We have considered economic, national security, and other relevant impacts of the proposed designation. We are not excluding any particular area from the critical habitat designation. We seek comments on all aspects of the proposed critical habitat designation and will consider information received before issuing a final designation.",https://www.federalregister.gov/documents/2023/07/24/2023-15187/endangered-and-threatened-species-designation-of-critical-habitat-for-the-rices-whale
2026-09-10T07:58:14Z,2023-14312,Phasedown of Hydrofluorocarbons: Allowance Allocation Methodology for 2024 and Later Years,Rule,2023-07-20,Environmental Protection Agency,"The U.S. Environmental Protection Agency (EPA) is amending existing regulations to implement certain provisions of the American Innovation and Manufacturing Act. This rule establishes the methodology for allocating hydrofluorocarbon production and consumption allowances for the calendar years of 2024 through 2028. EPA is also amending the consumption baseline to reflect updated data and to make other adjustments based on lessons learned from implementation of the hydrofluorocarbon phasedown program thus far, including to: codify the existing approach of how allowances must be expended for import of regulated substances, revise recordkeeping and reporting requirements, and implement other modifications to the existing regulations.",https://www.federalregister.gov/documents/2023/07/20/2023-14312/phasedown-of-hydrofluorocarbons-allowance-allocation-methodology-for-2024-and-later-years
2026-09-10T07:58:14Z,2023-14225,Endangered and Threatened Wildlife and Plants; Designation of Critical Habitat for Green Sea Turtle,Proposed Rule,2023-07-19,Interior Department;Fish and Wildlife Service,"We, the U.S. Fish and Wildlife Service (Service or USFWS), propose to designate critical habitat for five distinct population segments (DPSs) of the green sea turtle (Chelonia mydas) under the Endangered Species Act of 1973, as amended (ESA or Act). The five DPSs include the federally threatened North Atlantic, South Atlantic, and Central North Pacific DPSs and the federally endangered Central South Pacific and Central West Pacific DPSs. In total, approximately 8,870 acres (ac) (3,590 hectares (ha)) are proposed across 101 units in the States of Florida and Hawai[revaps]i; the territories of the U.S. Virgin Islands, American Samoa, and Guam; the commonwealths of Puerto Rico and the Northern Mariana Islands, and two USFWS-managed areas (Midway Islands and Palmyra Atoll). We also announce five public informational meetings and public hearings and the availability of a draft economic analysis of the proposed critical habitat designation for the terrestrial areas included in this proposed rule. Elsewhere in today's Federal Register, the National Marine Fisheries Service (NMFS) is also proposing to designate specific areas in the marine environment as critical habitat for DPSs of the green sea turtle.",https://www.federalregister.gov/documents/2023/07/19/2023-14225/endangered-and-threatened-wildlife-and-plants-designation-of-critical-habitat-for-green-sea-turtle
2026-09-10T07:58:14Z,2023-14290,"Improving Child Care Access, Affordability, and Stability in the Child Care and Development Fund (CCDF)",Proposed Rule,2023-07-13,Health and Human Services Department,"The Department of Health and Human Services, Administration for Children and Families proposes to amend the Child Care and Development Fund (CCDF) regulations. This notice of proposed rulemaking (NPRM) proposes changes to lower families' child care costs, which can be a significant financial strain for families and disincentivize work, training, and education. It proposes changes to improve child care provider payment rates and practices to increase parent choice for child care arrangements and help stabilize operations for participating providers. It also proposes ways for CCDF Lead Agencies to streamline eligibility and enrollment processes so families can receive child care assistance faster and so program bureaucracy is less likely to disrupt parent employment, training, and education and impede access to child care. The NPRM also includes technical and other changes to improve clarity and program implementation.",https://www.federalregister.gov/documents/2023/07/13/2023-14290/improving-child-care-access-affordability-and-stability-in-the-child-care-and-development-fund-ccdf
2026-09-10T07:58:14Z,2023-14199,Lowering Miners' Exposure to Respirable Crystalline Silica and Improving Respiratory Protection,Proposed Rule,2023-07-13,Labor Department;Mine Safety and Health Administration,"The Mine Safety and Health Administration (MSHA) proposes to amend its existing standards to better protect miners against occupational exposure to respirable crystalline silica, a carcinogenic hazard, and to improve respiratory protection for all airborne hazards. MSHA has preliminarily determined that under the Agency's existing standards, miners at metal and nonmetal mines and coal mines face a risk of material impairment of health or functional capacity from exposure to respirable crystalline silica. MSHA proposes to set the permissible exposure limit of respirable crystalline silica at 50 micrograms per cubic meter of air ([micro]g/m\3\) for a full shift exposure, calculated as an 8-hour time-weighted average, for all miners. MSHA's proposal would also include other requirements to protect miner health, such as exposure sampling, corrective actions to be taken when miner exposure exceeds the permissible exposure limit, and medical surveillance for metal and nonmetal miners. Furthermore, the proposal would replace existing requirements for respiratory protection and incorporate by reference ASTM F3387-19 Standard Practice for Respiratory Protection. The proposed uniform approach to respirable crystalline silica occupational exposure and improved respiratory protection for all airborne hazards would significantly improve health protections for all miners and lower the risk of material impairment of health or functional capacity.",https://www.federalregister.gov/documents/2023/07/13/2023-14199/lowering-miners-exposure-to-respirable-crystalline-silica-and-improving-respiratory-protection
2026-09-10T07:58:14Z,2023-14343,Control of Communicable Diseases; Foreign Quarantine: Importation of Dogs and Cats,Proposed Rule,2023-07-10,Health and Human Services Department,"The Centers for Disease Control and Prevention (CDC), in the Department of Health and Human Services (HHS), proposes to amend its foreign quarantine regulation to provide additional clarity and safeguards to address the public health risk of dog-maintained rabies virus variant (DMRVV) associated with the importation of dogs into the United States. The United States has been DMRVV-free since 2007, and reintroduction poses significant risk to human and animal health. The close relationship between dogs and people means there is a direct public health risk to individuals that interact with inadequately vaccinated dogs imported from countries at high risk of DMRVV (high- risk countries). The notice of proposed rulemaking (NPRM) also addresses the importation of cats because both dogs and cats are included in the current regulation. Cats are not required to have proof of rabies vaccination and CDC is not proposing new substantive changes relating to the importation of cats.",https://www.federalregister.gov/documents/2023/07/10/2023-14343/control-of-communicable-diseases-foreign-quarantine-importation-of-dogs-and-cats
2026-09-10T07:58:14Z,2023-13748,"Medicare Program; End-Stage Renal Disease Prospective Payment System, Payment for Renal Dialysis Services Furnished to Individuals With Acute Kidney Injury, End-Stage Renal Disease Quality Incentive Program, and End-Stage Renal Disease Treatment Choices Model",Proposed Rule,2023-06-30,Health and Human Services Department;Centers for Medicare & Medicaid Services,"This proposed rule would update and revise the End-Stage Renal Disease (ESRD) Prospective Payment System (PPS) for calendar year 2024. This rule also proposes to update the payment rate for renal dialysis services furnished by an ESRD facility to individuals with acute kidney injury. This rule also includes requests for information regarding potential changes to the low-volume payment adjustment under the ESRD PPS. In addition, this proposed rule would update requirements for the ESRD Quality Incentive Program and the ESRD Treatment Choices Model.",https://www.federalregister.gov/documents/2023/06/30/2023-13748/medicare-program-end-stage-renal-disease-prospective-payment-system-payment-for-renal-dialysis
2026-09-10T07:58:14Z,2023-12921,Continuing Education for Licensed Customs Brokers,Rule,2023-06-23,Homeland Security Department;U.S. Customs and Border Protection,"This document adopts as final, with changes, proposed amendments to the U.S. Customs and Border Protection (CBP) regulations requiring continuing education for individual customs broker license holders (individual brokers) and the framework for administering this requirement. By requiring individual brokers to remain knowledgeable about recent developments in customs and related laws as well as international trade and supply chains, CBP's framework will enhance professionalism and competency within the customs broker community. CBP has determined that this framework will contribute to increased trade compliance and better protection of the revenue of the United States.",https://www.federalregister.gov/documents/2023/06/23/2023-12921/continuing-education-for-licensed-customs-brokers
2026-09-10T07:58:14Z,2023-12019,Defense Federal Acquisition Regulation Supplement: DFARS Buy American Act Requirements (DFARS Case 2022-D019),Proposed Rule,2023-06-09,Defense Department;Defense Acquisition Regulations System,DoD is proposing to amend the Defense Federal Acquisition Regulation Supplement (DFARS) to supplement the Federal Acquisition Regulation implementation of an Executive order addressing domestic preferences in DoD procurement.,https://www.federalregister.gov/documents/2023/06/09/2023-12019/defense-federal-acquisition-regulation-supplement-dfars-buy-american-act-requirements-dfars-case
2026-09-10T07:58:14Z,2023-05744,Federal “Good Neighbor Plan” for the 2015 Ozone National Ambient Air Quality Standards,Rule,2023-06-05,Environmental Protection Agency,"This action finalizes Federal Implementation Plan (FIP) requirements to address 23 states' obligations to eliminate significant contribution to nonattainment, or interference with maintenance, of the 2015 ozone National Ambient Air Quality Standards (NAAQS) in other states. The U.S. Environmental Protection Agency (EPA) is taking this action under the ""good neighbor"" or ""interstate transport"" provision of the Clean Air Act (CAA or Act). The Agency is defining the amount of ozone-precursor emissions (specifically, nitrogen oxides) that constitute significant contribution to nonattainment and interference with maintenance from these 23 states. With respect to fossil fuel-fired power plants in 22 states, this action will prohibit those emissions by implementing an allowance-based trading program beginning in the 2023 ozone season. With respect to certain other industrial stationary sources in 20 states, this action will prohibit those emissions through emissions limitations and associated requirements beginning in the 2026 ozone season. These industrial source types are: reciprocating internal combustion engines in Pipeline Transportation of Natural Gas; kilns in Cement and Cement Product Manufacturing; reheat furnaces in Iron and Steel Mills and Ferroalloy Manufacturing; furnaces in Glass and Glass Product Manufacturing; boilers in Iron and Steel Mills and Ferroalloy Manufacturing, Metal Ore Mining, Basic Chemical Manufacturing, Petroleum and Coal Products Manufacturing, and Pulp, Paper, and Paperboard Mills; and combustors and incinerators in Solid Waste Combustors and Incinerators.",https://www.federalregister.gov/documents/2023/06/05/2023-05744/federal-good-neighbor-plan-for-the-2015-ozone-national-ambient-air-quality-standards
2026-09-10T07:58:14Z,2023-07230,Small Business Lending Under the Equal Credit Opportunity Act (Regulation B),Rule,2023-05-31,Consumer Financial Protection Bureau,"The Consumer Financial Protection Bureau (CFPB or Bureau) is amending Regulation B to implement changes to the Equal Credit Opportunity Act (ECOA) made by section 1071 of the Dodd-Frank Wall Street Reform and Consumer Protection Act (Dodd-Frank Act). Consistent with section 1071, covered financial institutions are required to collect and report to the CFPB data on applications for credit for small businesses, including those that are owned by women or minorities. The final rule also addresses the CFPB's approach to privacy interests and the publication of data; shielding certain demographic data from underwriters and other persons; recordkeeping requirements; enforcement provisions; and the rule's effective and compliance dates.",https://www.federalregister.gov/documents/2023/05/31/2023-07230/small-business-lending-under-the-equal-credit-opportunity-act-regulation-b
2026-09-10T07:58:14Z,2023-11083,Applications for New Awards; Teacher and School Leader Incentive Program,Notice,2023-05-24,Education Department,"The Department of Education (Department) is issuing a notice inviting applications for fiscal year (FY) 2023 for the Teacher and School Leader Incentive Program (TSL), Assistance Listing Number 84.374A. This notice relates to the approved information collection under OMB control number 1810-0758.",https://www.federalregister.gov/documents/2023/05/24/2023-11083/applications-for-new-awards-teacher-and-school-leader-incentive-program
2026-09-10T07:58:14Z,2023-10141,"New Source Performance Standards for Greenhouse Gas Emissions From New, Modified, and Reconstructed Fossil Fuel-Fired Electric Generating Units; Emission Guidelines for Greenhouse Gas Emissions From Existing Fossil Fuel-Fired Electric Generating Units; and Repeal of the Affordable Clean Energy Rule",Proposed Rule,2023-05-23,Environmental Protection Agency,"In this document, the Environmental Protection Agency (EPA) is proposing five separate actions under section 111 of the Clean Air Act (CAA) addressing greenhouse gas (GHG) emissions from fossil fuel-fired electric generating units (EGUs). The EPA is proposing revised new source performance standards (NSPS), first for GHG emissions from new fossil fuel-fired stationary combustion turbine EGUs and second for GHG emissions from fossil fuel-fired steam generating units that undertake a large modification, based upon the 8-year review required by the CAA. Third, the EPA is proposing emission guidelines for GHG emissions from existing fossil fuel-fired steam generating EGUs, which include both coal-fired and oil/gas-fired steam generating EGUs. Fourth, the EPA is proposing emission guidelines for GHG emissions from the largest, most frequently operated existing stationary combustion turbines and is soliciting comment on approaches for emission guidelines for GHG emissions for the remainder of the existing combustion turbine category. Finally, the EPA is proposing to repeal the Affordable Clean Energy (ACE) Rule.",https://www.federalregister.gov/documents/2023/05/23/2023-10141/new-source-performance-standards-for-greenhouse-gas-emissions-from-new-modified-and-reconstructed
2026-09-10T07:58:14Z,2023-10480,Annual Review of Country Eligibility for Benefits Under the African Growth and Opportunity Act for Calendar Year 2024,Notice,2023-05-17,"Trade Representative, Office of United States","The Office of the United States Trade Representative (USTR) is announcing the initiation of the annual review of the eligibility of sub-Saharan African countries to receive the benefits of the African Growth and Opportunity Act (AGOA). The AGOA Implementation Subcommittee of the Trade Policy Staff Committee (AGOA Subcommittee) is requesting written public comments for this review and will conduct a virtual public hearing on this matter. In developing its recommendations for the President on AGOA country eligibility for calendar year 2024, the AGOA Subcommittee will consider the written comments, written testimony, and oral testimony.",https://www.federalregister.gov/documents/2023/05/17/2023-10480/annual-review-of-country-eligibility-for-benefits-under-the-african-growth-and-opportunity-act-for
2026-09-10T07:58:14Z,2023-10146,Circumvention of Lawful Pathways,Rule,2023-05-16,Homeland Security Department;Justice Department;Executive Office for Immigration Review,"The Department of Homeland Security (""DHS"") and the Department of Justice (""DOJ"") are issuing a final rule in anticipation of a potential surge of migration at the southwest border (""SWB"") of the United States following the termination of the Centers for Disease Control and Prevention's (""CDC"") public health Order. The rule encourages migrants to avail themselves of lawful, safe, and orderly pathways into the United States, or otherwise to seek asylum or other protection in another country through which they travel, thereby reducing reliance on human smuggling networks that exploit migrants for financial gain. The rule does so by introducing a rebuttable presumption of asylum ineligibility for certain noncitizens who neither avail themselves of a lawful, safe, and orderly pathway to the United States nor seek asylum or other protection in a country through which they travel. In the absence of such a measure, which would apply only to those who enter at the southwest land border or adjacent coastal borders during a limited, specified date range, the number of migrants expected to travel without authorization to the United States would be expected to increase significantly, to a level that risks undermining the Departments' continued ability to safely, effectively, and humanely enforce and administer U.S. immigration law, including the asylum system, in the face of exceptionally challenging circumstances. Coupled with an expansion of lawful, safe, and orderly pathways into the United States, the Departments expect the rule to lead to a reduction in the number of migrants who seek to cross the SWB without authorization to enter, thereby reducing the reliance by migrants on dangerous human smuggling networks, protecting against extreme overcrowding in border facilities, and helping to ensure that the processing of migrants seeking protection in the United States is done in an effective, humane, and efficient manner. In addition, the Departments are requesting comment on whether applicability of the rebuttable presumption should be extended to noncitizens who enter the United States without documents sufficient for lawful admission during the same temporary time period at a maritime border.",https://www.federalregister.gov/documents/2023/05/16/2023-10146/circumvention-of-lawful-pathways
2026-09-10T07:58:14Z,2023-09587,Review of Standards of Performance for Automobile and Light Duty Truck Surface Coating Operations,Rule,2023-05-09,Environmental Protection Agency,"The Environmental Protection Agency (EPA) is finalizing amendments to the new source performance standards for Automobile and Light Duty Truck Surface Coating Operations pursuant to the review required by the Clean Air Act. The EPA determined that revisions to the NSPS were needed to reflect the degree of emission limitation achievable through the application of the best system of emission reduction (BSER). The EPA is therefore finalizing, as proposed, in a new NSPS subpart MMa, revised volatile organic compound (VOC) emission limits for prime coat, guide coat, and topcoat operations for affected facilities that commence construction, modification, or reconstruction after May 18, 2022. In addition, in the new NSPS subpart, the EPA is finalizing the proposed amendments: the addition of work practices to minimize VOC emissions; revision of the plastic parts provision; updates to the capture and control devices and the associated testing and monitoring requirements; revision of the transfer efficiency provisions; new test methods and alternative test methods; revision of the recordkeeping and reporting requirements, including the addition of electronic reporting; removing exemptions for periods of startup, shutdown, and malfunction; and other amendments to harmonize the new NSPS subpart and Automobile and Light Duty Truck Surface Coating National Emission Standards for Hazardous Air Pollutants (NESHAP) requirements. The EPA is also finalizing the proposed electronic reporting requirements in the NSPS subpart MM, applicable to sources that commence construction, reconstruction, or modification after October 5, 1979, and on or before May 18, 2022.",https://www.federalregister.gov/documents/2023/05/09/2023-09587/review-of-standards-of-performance-for-automobile-and-light-duty-truck-surface-coating-operations
2026-09-10T07:58:14Z,2023-07974,Multi-Pollutant Emissions Standards for Model Years 2027 and Later Light-Duty and Medium-Duty Vehicles,Proposed Rule,2023-05-05,Environmental Protection Agency,"Under its Clean Air Act authority, the Environmental Protection Agency (EPA) is proposing new, more stringent emissions standards for criteria pollutants and greenhouse gases (GHG) for light- duty vehicles and Class 2b and 3 (""medium-duty"") vehicles that would phase-in over model years 2027 through 2032. In addition, EPA is proposing GHG program revisions in several areas, including off-cycle and air conditioning credits, the treatment of upstream emissions associated with zero-emission vehicles and plug-in hybrid electric vehicles in compliance calculations, medium-duty vehicle incentive multipliers, and vehicle certification and compliance. EPA is also proposing new standards to control refueling emissions from incomplete medium-duty vehicles, and battery durability and warranty requirements for light-duty and medium-duty plug-in vehicles. EPA is also proposing minor amendments to update program requirements related to aftermarket fuel conversions, importing vehicles and engines, evaporative emission test procedures, and test fuel specifications for measuring fuel economy.",https://www.federalregister.gov/documents/2023/05/05/2023-07974/multi-pollutant-emissions-standards-for-model-years-2027-and-later-light-duty-and-medium-duty
2026-09-10T07:58:14Z,2023-07389,Medicare Program; Proposed Hospital Inpatient Prospective Payment Systems for Acute Care Hospitals and the Long-Term Care Hospital Prospective Payment System and Policy Changes and Fiscal Year 2024 Rates; Quality Programs and Medicare Promoting Interoperability Program Requirements for Eligible Hospitals and Critical Access Hospitals; Rural Emergency Hospital and Physician-Owned Hospital Requirements; and Provider and Supplier Disclosure of Ownership,Proposed Rule,2023-05-01,Health and Human Services Department;Centers for Medicare & Medicaid Services,This proposed rule would: revise the Medicare hospital inpatient prospective payment systems (IPPS) for operating and capital- related costs of acute care hospitals; make changes relating to Medicare graduate medical education (GME) for teaching hospitals; update the payment policies and the annual payment rates for the Medicare prospective payment system (PPS) for inpatient hospital services provided by long-term care hospitals (LTCHs); and make other policy-related changes.,https://www.federalregister.gov/documents/2023/05/01/2023-07389/medicare-program-proposed-hospital-inpatient-prospective-payment-systems-for-acute-care-hospitals
2026-09-10T07:58:14Z,2023-08368,"Patient Protection and Affordable Care Act, HHS Notice of Benefit and Payment Parameters for 2024",Rule,2023-04-27,Health and Human Services Department,"This final rule includes payment parameters and provisions related to the HHS-operated risk adjustment and risk adjustment data validation programs, as well as 2024 user fee rates for issuers offering qualified health plans (QHPs) through Federally-facilitated Exchanges (FFEs) and State-based Exchanges on the Federal platform (SBE-FPs). This final rule also has requirements related to updating standardized plan options and reducing plan choice overload; the automatic re-enrollment hierarchy; plan and plan variation marketing name requirements for QHPs; essential community providers (ECPs) and network adequacy; failure to file and reconcile; special enrollment periods (SEPs); the annual household income verification; the deadline for QHP issuers to report enrollment and payment inaccuracies; requirements related to the State Exchange improper payment measurement program; and requirements for agents, brokers, and web-brokers assisting FFE and SBE-FP consumers.",https://www.federalregister.gov/documents/2023/04/27/2023-08368/patient-protection-and-affordable-care-act-hhs-notice-of-benefit-and-payment-parameters-for-2024
2026-09-10T07:58:14Z,2023-07955,Greenhouse Gas Emissions Standards for Heavy-Duty Vehicles-Phase 3,Proposed Rule,2023-04-27,Environmental Protection Agency,"The Environmental Protection Agency (EPA) is proposing to promulgate new GHG standards for heavy-duty highway vehicles starting in model year (MY) 2028 through MY 2032 and to revise certain GHG standards for MY 2027 that were established previously under EPA's Greenhouse Gas Emissions and Fuel Efficiency Standards for Medium- and Heavy-Duty Engines and Vehicles--Phase 2 rule (``HD GHG Phase 2''). This document proposes updates to discrete elements of the Averaging Banking and Trading program, including a proposal to eliminate the last MY year of the HD GHG Phase 2 advanced technology incentive program for certain types of electric highway heavy-duty vehicles. EPA is proposing to add warranty requirements for batteries and other components of zero-emission vehicles and to require customer-facing battery state-of- health monitors for plug-in hybrid and battery electric vehicles. In this document, we are also proposing additional revisions and clarifying and editorial amendments to certain highway heavy-duty vehicle provisions and certain test procedures for heavy-duty engines. Finally, as part of this action, EPA is proposing to revise its regulations addressing preemption of state regulation of new locomotives and new engines used in locomotives.",https://www.federalregister.gov/documents/2023/04/27/2023-07955/greenhouse-gas-emissions-standards-for-heavy-duty-vehicles-phase-3
2026-09-10T07:58:14Z,2023-07188,New Source Performance Standards for the Synthetic Organic Chemical Manufacturing Industry and National Emission Standards for Hazardous Air Pollutants for the Synthetic Organic Chemical Manufacturing Industry and Group I & II Polymers and Resins Industry,Proposed Rule,2023-04-25,Environmental Protection Agency,"The U.S. Environmental Protection Agency (EPA) is proposing amendments to the New Source Performance Standards (NSPS) that apply to the Synthetic Organic Chemical Manufacturing Industry (SOCMI) and to the National Emission Standards for Hazardous Air Pollutants (NESHAP) that apply to the SOCMI (more commonly referred to as the Hazardous Organic NESHAP or HON) and Group I and II Polymers and Resins Industries (P&R I and P&R II). The EPA is proposing decisions resulting from the Agency's technology review of the HON, P&R I, and P&R II, and its eight-year review of the NSPS that apply to the SOCMI. The EPA is also proposing amendments to the NSPS for equipment leaks of volatile organic compounds (VOC) in SOCMI based on its reconsideration of certain issues raised in an administrative petition for reconsideration. Furthermore, the EPA is proposing to strengthen the emission standards for ethylene oxide (EtO) emissions and chloroprene emissions after considering the results of a risk assessment for the HON and Neoprene Production processes subject to P&R I. Lastly, the EPA is proposing to remove exemptions from standards for periods of startup, shutdown, and malfunction (SSM), to add work practice standards for such periods where appropriate, and to add provisions for electronic reporting. We estimate that the proposed amendments to the NESHAP would reduce hazardous air pollutants (HAP) emissions (excluding EtO and chloroprene) from the SOCMI, P&R I, and P&R II sources by approximately 1,123 tons per year (tpy), reduce EtO emissions from HON processes by approximately 58 tpy, and reduce chloroprene emissions from Neoprene Production processes in P&R I by approximately 14 tpy. We also estimate that these proposed amendments to the NESHAP will reduce excess emissions of HAP from flares in the SOCMI and P&R I source categories by an additional 4,858 tpy. Lastly, we estimate that the proposed amendments to the NSPS would reduce VOC emissions from the SOCMI source category by approximately 1,609 tpy.",https://www.federalregister.gov/documents/2023/04/25/2023-07188/new-source-performance-standards-for-the-synthetic-organic-chemical-manufacturing-industry-and
2026-09-10T07:58:14Z,2023-07699,Study of the Patent Pro Bono Programs; Notice of Public Listening Sessions and Request for Comments,Notice,2023-04-12,Commerce Department;Patent and Trademark Office,"The United States Patent and Trademark Office (USPTO) seeks public comments on areas related to the study of the patent pro bono programs identified in the Unleashing American Innovators Act of 2022. This study builds upon the work the USPTO has conducted for over a decade and has scaled during the Biden Administration, to bring more people in America into the innovation ecosystem to create more jobs, foster economic prosperity, and solve world problems. The USPTO is announcing two public listening sessions on June 5 and 7, 2023, titled ""Inventor Listening Session for Patent Pro Bono Programs"" and ""Patent Practitioner Listening Session for Patent Pro Bono Program,"" respectively, to provide further opportunity for the public to provide input on these subject areas.",https://www.federalregister.gov/documents/2023/04/12/2023-07699/study-of-the-patent-pro-bono-programs-notice-of-public-listening-sessions-and-request-for-comments
2026-09-10T07:58:14Z,2023-07122,Medicare Program; FY 2024 Inpatient Psychiatric Facilities Prospective Payment System-Rate Update,Proposed Rule,2023-04-10,Health and Human Services Department;Centers for Medicare & Medicaid Services,"This proposed rule would update the prospective payment rates, the outlier threshold, and the wage index for Medicare inpatient hospital services provided by Inpatient Psychiatric Facilities (IPF), which include psychiatric hospitals and excluded psychiatric units of an acute care hospital or critical access hospital. These proposed changes would be effective for IPF discharges occurring during the Fiscal Year (FY) beginning October 1, 2023 through September 30, 2024 (FY 2024). In addition, this proposed rule discusses proposals on quality measures and reporting requirements under the Inpatient Psychiatric Facilities Quality Reporting (IPFQR) Program with proposed changes beginning with the FY 2024 payment determination through changes beginning with the FY 2028 payment determination.",https://www.federalregister.gov/documents/2023/04/10/2023-07122/medicare-program-fy-2024-inpatient-psychiatric-facilities-prospective-payment-system-rate-update
2026-09-10T07:58:14Z,2023-07286,Endangered and Threatened Wildlife and Plants; Listing the Atlantic Humpback Dolphin as an Endangered Species Under the Endangered Species Act,Proposed Rule,2023-04-07,Commerce Department;National Oceanic and Atmospheric Administration,"We, NMFS, have completed a comprehensive status review under the Endangered Species Act (ESA) for the Atlantic humpback dolphin (Sousa teuszii) in response to a petition from the Animal Welfare Institute, the Center for Biological Diversity, and VIVA Vaquita to list the species. Based on the best scientific and commercial information available, including the draft status review report, and taking into account efforts being made to protect the species, we have determined that the Atlantic humpback dolphin has a high risk of extinction throughout its range and warrants listing as an endangered species. This species occurs only in coastal Atlantic waters of western Africa. We are authorized to designate critical habitat within U.S. jurisdiction only, and we are not aware of any areas within U.S jurisdiction that may meet the definition of critical habitat under the ESA. Therefore, we are not proposing to designate critical habitat. We are soliciting public comments on our draft status review report and proposal to list this species.",https://www.federalregister.gov/documents/2023/04/07/2023-07286/endangered-and-threatened-wildlife-and-plants-listing-the-atlantic-humpback-dolphin-as-an-endangered
2026-09-10T07:58:14Z,2023-05836,Reinstatement of HUD's Discriminatory Effects Standard,Rule,2023-03-31,Housing and Urban Development Department,"The Fair Housing Act prohibits discrimination in the sale, rental, or financing of dwellings and in other housing-related activities. This prohibition extends to practices with an unjustified discriminatory effect, regardless of whether there was an intent to discriminate. In 2013, HUD published a rule which formalized a burden- shifting test for determining whether a given practice has an unjustified discriminatory effect. In 2020, HUD published a rule that would have altered the standards set forth in the 2013 rule. However, a preliminary injunction prevented the 2020 rule from ever going into effect. On June 25, 2021, HUD published a proposed rule to recodify the 2013 rule. After considering public comments, HUD in this final rule reinstates and maintains the 2013 rule and rescinds the 2020 rule.",https://www.federalregister.gov/documents/2023/03/31/2023-05836/reinstatement-of-huds-discriminatory-effects-standard
2026-09-10T07:58:14Z,2023-04984,Supplemental Effluent Limitations Guidelines and Standards for the Steam Electric Power Generating Point Source Category,Proposed Rule,2023-03-29,Environmental Protection Agency,"The Environmental Protection Agency (EPA or the Agency) is proposing a regulation to revise the technology-based effluent limitations guidelines and standards (ELGs) for the steam electric power generating point source category applicable to flue gas desulfurization (FGD) wastewater, bottom ash (BA) transport water, and combustion residual leachate (CRL) at existing sources. EPA is also soliciting comment on ELGs for legacy wastewater. This proposal is estimated to cost $200 million dollars annually in social costs and reduce pollutant discharges by approximately 584 million pounds per year.",https://www.federalregister.gov/documents/2023/03/29/2023-04984/supplemental-effluent-limitations-guidelines-and-standards-for-the-steam-electric-power-generating
2026-09-10T07:58:14Z,2023-04088,"Endangered and Threatened Wildlife and Plants; Designation of Critical Habitat for 12 Species, and Not Prudent Determination for 2 Species, on Hawai'i Island",Proposed Rule,2023-03-29,Interior Department;Fish and Wildlife Service,"We, the U.S. Fish and Wildlife Service (Service), propose to designate critical habitat for 12 federally endangered species on the island of Hawai[revaps]i under the Endangered Species Act of 1973 (Act), as amended. In total, approximately 122,277 acres (49,484 hectares) on the island of Hawai[revaps]i, in the State of Hawaii, fall within the boundaries of the proposed critical habitat designation. We announce a public informational meeting and public hearing on, and the availability of a draft economic analysis for, this proposed designation. In addition, we announce our determination that designation of critical habitat is not prudent for two federally endangered species on the island of Hawai[revaps]i under the Act.",https://www.federalregister.gov/documents/2023/03/29/2023-04088/endangered-and-threatened-wildlife-and-plants-designation-of-critical-habitat-for-12-species-and-not
