pulled_at,reporter,reporter_code,flow,partner,cmd_code,cmd_desc,year,trade_value_usd
2026-09-03T12:28:28Z,Botswana,72,Import,World,23,"Food industries, residues and wastes thereof; prepared animal fodder",2018,42594336.147
2026-09-03T12:28:28Z,Botswana,72,Import,World,38,Chemical products n.e.c.,2018,47534091.614
2026-09-03T12:28:28Z,Botswana,72,Import,World,33,"Essential oils and resinoids; perfumery, cosmetic or toilet preparations",2018,69923786.749
2026-09-03T12:28:28Z,Botswana,72,Import,World,09,"Coffee, tea, mate and spices",2018,30172614.103
2026-09-03T12:28:28Z,Botswana,72,Import,World,21,Miscellaneous edible preparations,2018,58161478.4
2026-09-03T12:28:28Z,Botswana,72,Import,World,29,Organic chemicals,2018,5574048.698
2026-09-03T12:28:28Z,Botswana,72,Import,World,67,"Feathers and down, prepared; and articles made of feather or of down; artificial flowers; articles of human hair",2018,2384504.846
2026-09-03T12:28:28Z,Botswana,72,Import,World,08,"Fruit and nuts, edible; peel of citrus fruit or melons",2018,28719161.662
2026-09-03T12:28:28Z,Botswana,72,Import,World,16,"Meat, fish or crustaceans, molluscs or other aquatic invertebrates; preparations thereof",2018,17225848.483
2026-09-03T12:28:28Z,Botswana,72,Import,World,81,"Metals; n.e.c., cermets and articles thereof",2018,582458.719
2026-09-03T12:28:28Z,Botswana,72,Import,World,40,Rubber and articles thereof,2018,66882022.463
2026-09-03T12:28:28Z,Botswana,72,Import,World,13,"Lac; gums, resins and other vegetable saps and extracts",2018,214943.382
2026-09-03T12:28:28Z,Botswana,72,Import,World,45,Cork and articles of cork,2018,98631.429
2026-09-03T12:28:28Z,Botswana,72,Import,World,75,Nickel and articles thereof,2018,2534242.475
2026-09-03T12:28:28Z,Botswana,72,Import,World,03,"Fish and crustaceans, molluscs and other aquatic invertebrates",2018,3639482.339
2026-09-03T12:28:28Z,Botswana,72,Import,World,76,Aluminium and articles thereof,2018,19569837.243
2026-09-03T12:28:28Z,Botswana,72,Import,World,72,Iron and steel,2018,69872045.038
2026-09-03T12:28:28Z,Botswana,72,Import,World,65,Headgear and parts thereof,2018,3662165.734
2026-09-03T12:28:28Z,Botswana,72,Import,World,14,Vegetable plaiting materials; vegetable products not elsewhere specified or included,2018,4306.957
2026-09-03T12:28:28Z,Botswana,72,Import,World,93,Arms and ammunition; parts and accessories thereof,2018,55771166.666
2026-09-03T12:28:28Z,Botswana,72,Import,World,79,Zinc and articles thereof,2018,65157.716
2026-09-03T12:28:28Z,Botswana,72,Import,World,87,"Vehicles; other than railway or tramway rolling stock, and parts and accessories thereof",2018,454532881.948
2026-09-03T12:28:28Z,Botswana,72,Import,World,71,"Natural, cultured pearls; precious, semi-precious stones; precious metals, metals clad with precious metal, and articles thereof; imitation jewellery; coin",2018,1839479001.987
2026-09-03T12:28:28Z,Botswana,72,Import,World,37,Photographic or cinematographic goods,2018,1798230.466
2026-09-03T12:28:28Z,Botswana,72,Import,World,73,Iron or steel articles,2018,123818909.695
2026-09-03T12:28:28Z,Botswana,72,Import,World,01,Animals; live,2018,5453217.04
2026-09-03T12:28:28Z,Botswana,72,Import,World,36,Explosives; pyrotechnic products; matches; pyrophoric alloys; certain combustible preparations,2018,7500341.714
2026-09-03T12:28:28Z,Botswana,72,Import,World,92,Musical instruments; parts and accessories of such articles,2018,1247972.984
2026-09-03T12:28:28Z,Botswana,72,Import,World,46,"Manufactures of straw, esparto or other plaiting materials; basketware and wickerwork",2018,92327.824
2026-09-03T12:28:28Z,Botswana,72,Import,World,54,Man-made filaments; strip and the like of man-made textile materials,2018,2110049.024
2026-09-03T12:28:28Z,Botswana,72,Import,World,95,"Toys, games and sports requisites; parts and accessories thereof",2018,6425956.704
2026-09-03T12:28:28Z,Botswana,72,Import,World,28,"Inorganic chemicals; organic and inorganic compounds of precious metals; of rare earth metals, of radio-active elements and of isotopes",2018,12709472.146
2026-09-03T12:28:28Z,Botswana,72,Import,World,10,Cereals,2018,102787678.838
2026-09-03T12:28:28Z,Botswana,72,Import,World,88,"Aircraft, spacecraft and parts thereof",2018,72384200.251
2026-09-03T12:28:28Z,Botswana,72,Import,World,80,Tin; articles thereof,2018,20587.197
2026-09-03T12:28:28Z,Botswana,72,Import,World,51,"Wool, fine or coarse animal hair; horsehair yarn and woven fabric",2018,151462.62
2026-09-03T12:28:28Z,Botswana,72,Import,World,58,"Fabrics; special woven fabrics, tufted textile fabrics, lace, tapestries, trimmings, embroidery",2018,3137329.462
2026-09-03T12:28:28Z,Botswana,72,Import,World,42,"Articles of leather; saddlery and harness; travel goods, handbags and similar containers; articles of animal gut (other than silk-worm gut)",2018,13506561.645
2026-09-03T12:28:28Z,Botswana,72,Import,World,66,"Umbrellas, sun umbrellas, walking-sticks, seat sticks, whips, riding crops; and parts thereof",2018,470303.756
2026-09-03T12:28:28Z,Botswana,72,Import,World,48,"Paper and paperboard; articles of paper pulp, of paper or paperboard",2018,65823072.555
2026-09-03T12:28:28Z,Botswana,72,Import,World,57,Carpets and other textile floor coverings,2018,2661462.281
2026-09-03T12:28:28Z,Botswana,72,Import,World,39,Plastics and articles thereof,2018,122879725.789
2026-09-03T12:28:28Z,Botswana,72,Import,World,34,"Soap, organic surface-active agents; washing, lubricating, polishing or scouring preparations; artificial or prepared waxes, candles and similar articles, modelling pastes, dental waxes and dental preparations with a basis of plaster",2018,65824715.721
2026-09-03T12:28:28Z,Botswana,72,Import,World,55,Man-made staple fibres,2018,3781152.561
2026-09-03T12:28:28Z,Botswana,72,Import,World,49,"Printed books, newspapers, pictures and other products of the printing industry; manuscripts, typescripts and plans",2018,16657699.247
2026-09-03T12:28:28Z,Botswana,72,Import,World,56,"Wadding, felt and nonwovens, special yarns; twine, cordage, ropes and cables and articles thereof",2018,1679928.155
2026-09-03T12:28:28Z,Botswana,72,Import,World,85,"Electrical machinery and equipment and parts thereof; sound recorders and reproducers; television image and sound recorders and reproducers, parts and accessories of such articles",2018,353304708.832
2026-09-03T12:28:28Z,Botswana,72,Import,World,86,"Railway, tramway locomotives, rolling-stock and parts thereof; railway or tramway track fixtures and fittings and parts thereof; mechanical (including electro-mechanical) traffic signalling equipment of all kinds",2018,3215427.828
2026-09-03T12:28:28Z,Botswana,72,Import,World,24,Tobacco and manufactured tobacco substitutes,2018,16342605.196
2026-09-03T12:28:28Z,Botswana,72,Import,World,52,Cotton,2018,10836072.101
2026-09-03T12:28:28Z,Botswana,72,Import,World,96,Miscellaneous manufactured articles,2018,27468958.015
2026-09-03T12:28:28Z,Botswana,72,Import,World,11,"Products of the milling industry; malt, starches, inulin, wheat gluten",2018,16526909.313
2026-09-03T12:28:28Z,Botswana,72,Import,World,74,Copper and articles thereof,2018,25902293.439
2026-09-03T12:28:28Z,Botswana,72,Import,World,62,Apparel and clothing accessories; not knitted or crocheted,2018,33552089.437
2026-09-03T12:28:28Z,Botswana,72,Import,World,99,Commodities not specified according to kind,2018,12803441.381
2026-09-03T12:28:28Z,Botswana,72,Import,World,02,Meat and edible meat offal,2018,12966582.616
2026-09-03T12:28:28Z,Botswana,72,Import,World,91,Clocks and watches and parts thereof,2018,1126547.535
2026-09-03T12:28:28Z,Botswana,72,Import,World,89,"Ships, boats and floating structures",2018,1741543.415
2026-09-03T12:28:28Z,Botswana,72,Import,World,97,Works of art; collectors' pieces and antiques,2018,232792.439
2026-09-03T12:28:28Z,Botswana,72,Import,World,64,Footwear; gaiters and the like; parts of such articles,2018,42841258.027
2026-09-03T12:28:28Z,Botswana,72,Import,World,59,"Textile fabrics; impregnated, coated, covered or laminated; textile articles of a kind suitable for industrial use",2018,3390878.744
2026-09-03T12:28:28Z,Botswana,72,Import,World,19,"Preparations of cereals, flour, starch or milk; pastrycooks' products",2018,54170797.08
2026-09-03T12:28:28Z,Botswana,72,Import,World,15,Animal or vegetable fats and oils and their cleavage products; prepared animal fats; animal or vegetable waxes,2018,38530233.465
2026-09-03T12:28:28Z,Botswana,72,Import,World,70,Glass and glassware,2018,14290852.926
2026-09-03T12:28:28Z,Botswana,72,Import,World,30,Pharmaceutical products,2018,114914741.735
2026-09-03T12:28:28Z,Botswana,72,Import,World,68,"Stone, plaster, cement, asbestos, mica or similar materials; articles thereof",2018,20286311.012
2026-09-03T12:28:28Z,Botswana,72,Import,World,53,Vegetable textile fibres; paper yarn and woven fabrics of paper yarn,2018,77442.739
2026-09-03T12:28:28Z,Botswana,72,Import,World,18,Cocoa and cocoa preparations,2018,7237941.465
2026-09-03T12:28:28Z,Botswana,72,Import,World,44,Wood and articles of wood; wood charcoal,2018,73157452.399
2026-09-03T12:28:28Z,Botswana,72,Import,World,60,Fabrics; knitted or crocheted,2018,540516.773
2026-09-03T12:28:28Z,Botswana,72,Import,World,43,Furskins and artificial fur; manufactures thereof,2018,222037.013
2026-09-03T12:28:28Z,Botswana,72,Import,World,82,"Tools, implements, cutlery, spoons and forks, of base metal; parts thereof, of base metal",2018,22047681.672
2026-09-03T12:28:28Z,Botswana,72,Import,World,20,"Preparations of vegetables, fruit, nuts or other parts of plants",2018,68707972.019
2026-09-03T12:28:28Z,Botswana,72,Import,World,35,Albuminoidal substances; modified starches; glues; enzymes,2018,4944350.604
2026-09-03T12:28:28Z,Botswana,72,Import,World,83,Metal; miscellaneous products of base metal,2018,21431151.739
2026-09-03T12:28:28Z,Botswana,72,Import,World,25,"Salt; sulphur; earths, stone; plastering materials, lime and cement",2018,58561303.449
2026-09-03T12:28:28Z,Botswana,72,Import,World,12,"Oil seeds and oleaginous fruits; miscellaneous grains, seeds and fruit, industrial or medicinal plants; straw and fodder",2018,5417143.859
2026-09-03T12:28:28Z,Botswana,72,Import,World,50,Silk,2018,761891.183
2026-09-03T12:28:28Z,Botswana,72,Import,World,47,Pulp of wood or other fibrous cellulosic material; recovered (waste and scrap) paper or paperboard,2018,2301246.029
2026-09-03T12:28:28Z,Botswana,72,Import,World,78,Lead and articles thereof,2018,6780748.05
2026-09-03T12:28:28Z,Botswana,72,Import,World,31,Fertilizers,2018,20723887.383
2026-09-03T12:28:28Z,Botswana,72,Import,World,22,"Beverages, spirits and vinegar",2018,124034234.613
2026-09-03T12:28:28Z,Botswana,72,Import,World,07,Vegetables and certain roots and tubers; edible,2018,34848313.83
2026-09-03T12:28:28Z,Botswana,72,Import,World,84,"Nuclear reactors, boilers, machinery and mechanical appliances; parts thereof",2018,490851737.735
2026-09-03T12:28:28Z,Botswana,72,Import,World,61,Apparel and clothing accessories; knitted or crocheted,2018,47555226.603
2026-09-03T12:28:28Z,Botswana,72,Import,World,90,"Optical, photographic, cinematographic, measuring, checking, medical or surgical instruments and apparatus; parts and accessories",2018,84834636.694
2026-09-03T12:28:28Z,Botswana,72,Import,World,05,Animal originated products; not elsewhere specified or included,2018,1239738.02
2026-09-03T12:28:28Z,Botswana,72,Import,World,41,Raw hides and skins (other than furskins) and leather,2018,122630.519
2026-09-03T12:28:28Z,Botswana,72,Import,World,94,"Furniture; bedding, mattresses, mattress supports, cushions and similar stuffed furnishings; lamps and lighting fittings, n.e.c.; illuminated signs, illuminated name-plates and the like; prefabricated buildings",2018,76932463.13
2026-09-03T12:28:28Z,Botswana,72,Import,World,04,"Dairy produce; birds' eggs; natural honey; edible products of animal origin, not elsewhere specified or included",2018,55198523.104
2026-09-03T12:28:28Z,Botswana,72,Import,World,06,"Trees and other plants, live; bulbs, roots and the like; cut flowers and ornamental foliage",2018,1634642.384
2026-09-03T12:28:28Z,Botswana,72,Import,World,26,"Ores, slag and ash",2018,286296.565
2026-09-03T12:28:28Z,Botswana,72,Import,World,32,"Tanning or dyeing extracts; tannins and their derivatives; dyes, pigments and other colouring matter; paints, varnishes; putty, other mastics; inks",2018,31315196.049
2026-09-03T12:28:28Z,Botswana,72,Import,World,63,"Textiles, made up articles; sets; worn clothing and worn textile articles; rags",2018,25404376.256
2026-09-03T12:28:28Z,Botswana,72,Import,World,69,Ceramic products,2018,18532142.965
2026-09-03T12:28:28Z,Botswana,72,Import,World,17,Sugars and sugar confectionery,2018,67194883.348
2026-09-03T12:28:28Z,Botswana,72,Import,World,27,"Mineral fuels, mineral oils and products of their distillation; bituminous substances; mineral waxes",2018,851077157.27
2026-09-03T12:28:28Z,Lesotho,426,Import,World,41,Raw hides and skins (other than furskins) and leather,2018,6406958.205
2026-09-03T12:28:28Z,Lesotho,426,Import,World,94,"Furniture; bedding, mattresses, mattress supports, cushions and similar stuffed furnishings; lamps and lighting fittings, n.e.c.; illuminated signs, illuminated name-plates and the like; prefabricated buildings",2018,20462248.154
2026-09-03T12:28:28Z,Lesotho,426,Import,World,62,Apparel and clothing accessories; not knitted or crocheted,2018,32050859.071
2026-09-03T12:28:28Z,Lesotho,426,Import,World,24,Tobacco and manufactured tobacco substitutes,2018,22635970.937
2026-09-03T12:28:28Z,Lesotho,426,Import,World,86,"Railway, tramway locomotives, rolling-stock and parts thereof; railway or tramway track fixtures and fittings and parts thereof; mechanical (including electro-mechanical) traffic signalling equipment of all kinds",2018,232589.37
2026-09-03T12:28:28Z,Lesotho,426,Import,World,49,"Printed books, newspapers, pictures and other products of the printing industry; manuscripts, typescripts and plans",2018,10717446.61
2026-09-03T12:28:28Z,Lesotho,426,Import,World,85,"Electrical machinery and equipment and parts thereof; sound recorders and reproducers; television image and sound recorders and reproducers, parts and accessories of such articles",2018,113158559.337
2026-09-03T12:28:28Z,Lesotho,426,Import,World,16,"Meat, fish or crustaceans, molluscs or other aquatic invertebrates; preparations thereof",2018,17593635.232
2026-09-03T12:28:28Z,Lesotho,426,Import,World,08,"Fruit and nuts, edible; peel of citrus fruit or melons",2018,6560056.672
2026-09-03T12:28:28Z,Lesotho,426,Import,World,40,Rubber and articles thereof,2018,12748623.435
2026-09-03T12:28:28Z,Lesotho,426,Import,World,13,"Lac; gums, resins and other vegetable saps and extracts",2018,42024.902
2026-09-03T12:28:28Z,Lesotho,426,Import,World,81,"Metals; n.e.c., cermets and articles thereof",2018,374.837
2026-09-03T12:28:28Z,Lesotho,426,Import,World,51,"Wool, fine or coarse animal hair; horsehair yarn and woven fabric",2018,191550.802
2026-09-03T12:28:28Z,Lesotho,426,Import,World,80,Tin; articles thereof,2018,9217.627
2026-09-03T12:28:28Z,Lesotho,426,Import,World,28,"Inorganic chemicals; organic and inorganic compounds of precious metals; of rare earth metals, of radio-active elements and of isotopes",2018,3071776.587
2026-09-03T12:28:28Z,Lesotho,426,Import,World,46,"Manufactures of straw, esparto or other plaiting materials; basketware and wickerwork",2018,42119.992
2026-09-03T12:28:28Z,Lesotho,426,Import,World,95,"Toys, games and sports requisites; parts and accessories thereof",2018,1861982.285
2026-09-03T12:28:28Z,Lesotho,426,Import,World,54,Man-made filaments; strip and the like of man-made textile materials,2018,49918844.297
2026-09-03T12:28:28Z,Lesotho,426,Import,World,47,Pulp of wood or other fibrous cellulosic material; recovered (waste and scrap) paper or paperboard,2018,85422.672
2026-09-03T12:28:28Z,Lesotho,426,Import,World,78,Lead and articles thereof,2018,1630.478
2026-09-03T12:28:28Z,Lesotho,426,Import,World,19,"Preparations of cereals, flour, starch or milk; pastrycooks' products",2018,19475344.656
2026-09-03T12:28:28Z,Lesotho,426,Import,World,83,Metal; miscellaneous products of base metal,2018,5363119.971
2026-09-03T12:28:28Z,Lesotho,426,Import,World,25,"Salt; sulphur; earths, stone; plastering materials, lime and cement",2018,12165975.002
2026-09-03T12:28:28Z,Lesotho,426,Import,World,12,"Oil seeds and oleaginous fruits; miscellaneous grains, seeds and fruit, industrial or medicinal plants; straw and fodder",2018,10243808.015
2026-09-03T12:28:28Z,Lesotho,426,Import,World,82,"Tools, implements, cutlery, spoons and forks, of base metal; parts thereof, of base metal",2018,4440890.338
2026-09-03T12:28:28Z,Lesotho,426,Import,World,20,"Preparations of vegetables, fruit, nuts or other parts of plants",2018,15783063.584
2026-09-03T12:28:28Z,Lesotho,426,Import,World,35,Albuminoidal substances; modified starches; glues; enzymes,2018,2495607.41
2026-09-03T12:28:28Z,Lesotho,426,Import,World,43,Furskins and artificial fur; manufactures thereof,2018,33842.265
2026-09-03T12:28:28Z,Lesotho,426,Import,World,60,Fabrics; knitted or crocheted,2018,104350458.979
2026-09-03T12:28:28Z,Lesotho,426,Import,World,18,Cocoa and cocoa preparations,2018,1295094.258
2026-09-03T12:28:28Z,Lesotho,426,Import,World,44,Wood and articles of wood; wood charcoal,2018,22657750.825
2026-09-03T12:28:28Z,Lesotho,426,Import,World,58,"Fabrics; special woven fabrics, tufted textile fabrics, lace, tapestries, trimmings, embroidery",2018,7318903.572
2026-09-03T12:28:28Z,Lesotho,426,Import,World,42,"Articles of leather; saddlery and harness; travel goods, handbags and similar containers; articles of animal gut (other than silk-worm gut)",2018,2547069.569
2026-09-03T12:28:28Z,Lesotho,426,Import,World,69,Ceramic products,2018,4844342.729
2026-09-03T12:28:28Z,Lesotho,426,Import,World,63,"Textiles, made up articles; sets; worn clothing and worn textile articles; rags",2018,10689369.846
2026-09-03T12:28:28Z,Lesotho,426,Import,World,06,"Trees and other plants, live; bulbs, roots and the like; cut flowers and ornamental foliage",2018,174020.459
2026-09-03T12:28:28Z,Lesotho,426,Import,World,26,"Ores, slag and ash",2018,355014.271
2026-09-03T12:28:28Z,Lesotho,426,Import,World,07,Vegetables and certain roots and tubers; edible,2018,14273026.857
2026-09-03T12:28:28Z,Lesotho,426,Import,World,61,Apparel and clothing accessories; knitted or crocheted,2018,23896296.805
2026-09-03T12:28:28Z,Lesotho,426,Import,World,84,"Nuclear reactors, boilers, machinery and mechanical appliances; parts thereof",2018,114363883.429
2026-09-03T12:28:28Z,Lesotho,426,Import,World,22,"Beverages, spirits and vinegar",2018,34037548.196
2026-09-03T12:28:28Z,Lesotho,426,Import,World,05,Animal originated products; not elsewhere specified or included,2018,635164.136
2026-09-03T12:28:28Z,Lesotho,426,Import,World,90,"Optical, photographic, cinematographic, measuring, checking, medical or surgical instruments and apparatus; parts and accessories",2018,12875056.186
2026-09-03T12:28:28Z,Lesotho,426,Import,World,70,Glass and glassware,2018,3173532.683
2026-09-03T12:28:28Z,Lesotho,426,Import,World,68,"Stone, plaster, cement, asbestos, mica or similar materials; articles thereof",2018,6136094.133
2026-09-03T12:28:28Z,Lesotho,426,Import,World,55,Man-made staple fibres,2018,7111773.837
2026-09-03T12:28:28Z,Lesotho,426,Import,World,56,"Wadding, felt and nonwovens, special yarns; twine, cordage, ropes and cables and articles thereof",2018,1842524.945
2026-09-03T12:28:28Z,Lesotho,426,Import,World,11,"Products of the milling industry; malt, starches, inulin, wheat gluten",2018,29619809.596
2026-09-03T12:28:28Z,Lesotho,426,Import,World,74,Copper and articles thereof,2018,1410980.358
2026-09-03T12:28:28Z,Lesotho,426,Import,World,53,Vegetable textile fibres; paper yarn and woven fabrics of paper yarn,2018,10708.686
2026-09-03T12:28:28Z,Lesotho,426,Import,World,93,Arms and ammunition; parts and accessories thereof,2018,54872.692
2026-09-03T12:28:28Z,Lesotho,426,Import,World,14,Vegetable plaiting materials; vegetable products not elsewhere specified or included,2018,1500.942
2026-09-03T12:28:28Z,Lesotho,426,Import,World,79,Zinc and articles thereof,2018,103945.947
2026-09-03T12:28:28Z,Lesotho,426,Import,World,87,"Vehicles; other than railway or tramway rolling stock, and parts and accessories thereof",2018,124551929.835
2026-09-03T12:28:28Z,Lesotho,426,Import,World,75,Nickel and articles thereof,2018,11332.453
2026-09-03T12:28:28Z,Lesotho,426,Import,World,45,Cork and articles of cork,2018,17968.421
2026-09-03T12:28:28Z,Lesotho,426,Import,World,04,"Dairy produce; birds' eggs; natural honey; edible products of animal origin, not elsewhere specified or included",2018,18152656.983
2026-09-03T12:28:28Z,Lesotho,426,Import,World,15,Animal or vegetable fats and oils and their cleavage products; prepared animal fats; animal or vegetable waxes,2018,12237891.562
2026-09-03T12:28:28Z,Lesotho,426,Import,World,34,"Soap, organic surface-active agents; washing, lubricating, polishing or scouring preparations; artificial or prepared waxes, candles and similar articles, modelling pastes, dental waxes and dental preparations with a basis of plaster",2018,27382599.497
2026-09-03T12:28:28Z,Lesotho,426,Import,World,39,Plastics and articles thereof,2018,36118126.869
2026-09-03T12:28:28Z,Lesotho,426,Import,World,57,Carpets and other textile floor coverings,2018,1062637.269
2026-09-03T12:28:28Z,Lesotho,426,Import,World,23,"Food industries, residues and wastes thereof; prepared animal fodder",2018,5252804.891
2026-09-03T12:28:28Z,Lesotho,426,Import,World,38,Chemical products n.e.c.,2018,7817629.193
2026-09-03T12:28:28Z,Lesotho,426,Import,World,21,Miscellaneous edible preparations,2018,13849221.072
2026-09-03T12:28:28Z,Lesotho,426,Import,World,99,Commodities not specified according to kind,2018,588503.943
2026-09-03T12:28:28Z,Lesotho,426,Import,World,73,Iron or steel articles,2018,37894640.742
2026-09-03T12:28:28Z,Lesotho,426,Import,World,02,Meat and edible meat offal,2018,35585693.258
2026-09-03T12:28:28Z,Lesotho,426,Import,World,33,"Essential oils and resinoids; perfumery, cosmetic or toilet preparations",2018,16348384.375
2026-09-03T12:28:28Z,Lesotho,426,Import,World,09,"Coffee, tea, mate and spices",2018,9304768.032
2026-09-03T12:28:28Z,Lesotho,426,Import,World,29,Organic chemicals,2018,1119323.183
2026-09-03T12:28:28Z,Lesotho,426,Import,World,67,"Feathers and down, prepared; and articles made of feather or of down; artificial flowers; articles of human hair",2018,1632070.901
2026-09-03T12:28:28Z,Lesotho,426,Import,World,50,Silk,2018,1674261.786
2026-09-03T12:28:28Z,Lesotho,426,Import,World,36,Explosives; pyrotechnic products; matches; pyrophoric alloys; certain combustible preparations,2018,5128061.241
2026-09-03T12:28:28Z,Lesotho,426,Import,World,01,Animals; live,2018,8755217.972
2026-09-03T12:28:28Z,Lesotho,426,Import,World,30,Pharmaceutical products,2018,35898698.272
2026-09-03T12:28:28Z,Lesotho,426,Import,World,10,Cereals,2018,23551417.053
2026-09-03T12:28:28Z,Lesotho,426,Import,World,88,"Aircraft, spacecraft and parts thereof",2018,1086577.244
2026-09-03T12:28:28Z,Lesotho,426,Import,World,52,Cotton,2018,88323332.398
2026-09-03T12:28:28Z,Lesotho,426,Import,World,96,Miscellaneous manufactured articles,2018,14627220.157
2026-09-03T12:28:28Z,Lesotho,426,Import,World,66,"Umbrellas, sun umbrellas, walking-sticks, seat sticks, whips, riding crops; and parts thereof",2018,180637.145
2026-09-03T12:28:28Z,Lesotho,426,Import,World,27,"Mineral fuels, mineral oils and products of their distillation; bituminous substances; mineral waxes",2018,217391723.909
2026-09-03T12:28:28Z,Lesotho,426,Import,World,48,"Paper and paperboard; articles of paper pulp, of paper or paperboard",2018,27434910.663
2026-09-03T12:28:28Z,Lesotho,426,Import,World,92,Musical instruments; parts and accessories of such articles,2018,279593.531
2026-09-03T12:28:28Z,Lesotho,426,Import,World,32,"Tanning or dyeing extracts; tannins and their derivatives; dyes, pigments and other colouring matter; paints, varnishes; putty, other mastics; inks",2018,8680638.153
2026-09-03T12:28:28Z,Lesotho,426,Import,World,89,"Ships, boats and floating structures",2018,87243.757
2026-09-03T12:28:28Z,Lesotho,426,Import,World,91,Clocks and watches and parts thereof,2018,248028.006
2026-09-03T12:28:28Z,Lesotho,426,Import,World,97,Works of art; collectors' pieces and antiques,2018,398682.538
2026-09-03T12:28:28Z,Lesotho,426,Import,World,64,Footwear; gaiters and the like; parts of such articles,2018,22819912.569
2026-09-03T12:28:28Z,Lesotho,426,Import,World,59,"Textile fabrics; impregnated, coated, covered or laminated; textile articles of a kind suitable for industrial use",2018,1991798.333
2026-09-03T12:28:28Z,Lesotho,426,Import,World,31,Fertilizers,2018,4593036.694
2026-09-03T12:28:28Z,Lesotho,426,Import,World,71,"Natural, cultured pearls; precious, semi-precious stones; precious metals, metals clad with precious metal, and articles thereof; imitation jewellery; coin",2018,365836.594
2026-09-03T12:28:28Z,Lesotho,426,Import,World,37,Photographic or cinematographic goods,2018,293615.835
2026-09-03T12:28:28Z,Lesotho,426,Import,World,17,Sugars and sugar confectionery,2018,9870086.748
2026-09-03T12:28:28Z,Lesotho,426,Import,World,76,Aluminium and articles thereof,2018,7860348.748
2026-09-03T12:28:28Z,Lesotho,426,Import,World,03,"Fish and crustaceans, molluscs and other aquatic invertebrates",2018,2346020.596
2026-09-03T12:28:28Z,Lesotho,426,Import,World,72,Iron and steel,2018,19209917.984
2026-09-03T12:28:28Z,Lesotho,426,Import,World,65,Headgear and parts thereof,2018,1020017.629
2026-09-03T12:28:28Z,Namibia,516,Import,World,01,Animals; live,2018,4983754.483
2026-09-03T12:28:28Z,Namibia,516,Import,World,02,Meat and edible meat offal,2018,50606772.886
2026-09-03T12:28:28Z,Namibia,516,Import,World,04,"Dairy produce; birds' eggs; natural honey; edible products of animal origin, not elsewhere specified or included",2018,50222474.972
2026-09-03T12:28:28Z,Namibia,516,Import,World,06,"Trees and other plants, live; bulbs, roots and the like; cut flowers and ornamental foliage",2018,4856072.384
2026-09-03T12:28:28Z,Namibia,516,Import,World,07,Vegetables and certain roots and tubers; edible,2018,30612732.617
2026-09-03T12:28:28Z,Namibia,516,Import,World,08,"Fruit and nuts, edible; peel of citrus fruit or melons",2018,25543221.326
2026-09-03T12:28:28Z,Namibia,516,Import,World,09,"Coffee, tea, mate and spices",2018,28175246.18
2026-09-03T12:28:28Z,Namibia,516,Import,World,11,"Products of the milling industry; malt, starches, inulin, wheat gluten",2018,27499389.444
2026-09-03T12:28:28Z,Namibia,516,Import,World,15,Animal or vegetable fats and oils and their cleavage products; prepared animal fats; animal or vegetable waxes,2018,39918257.703
2026-09-03T12:28:28Z,Namibia,516,Import,World,16,"Meat, fish or crustaceans, molluscs or other aquatic invertebrates; preparations thereof",2018,20038855.913
2026-09-03T12:28:28Z,Namibia,516,Import,World,17,Sugars and sugar confectionery,2018,79379332.311
2026-09-03T12:28:28Z,Namibia,516,Import,World,18,Cocoa and cocoa preparations,2018,11741363.155
2026-09-03T12:28:28Z,Namibia,516,Import,World,19,"Preparations of cereals, flour, starch or milk; pastrycooks' products",2018,47529028.179
2026-09-03T12:28:28Z,Namibia,516,Import,World,20,"Preparations of vegetables, fruit, nuts or other parts of plants",2018,62159107.896
2026-09-03T12:28:28Z,Namibia,516,Import,World,22,"Beverages, spirits and vinegar",2018,154156914.968
2026-09-03T12:28:28Z,Namibia,516,Import,World,23,"Food industries, residues and wastes thereof; prepared animal fodder",2018,48543412.294
2026-09-03T12:28:28Z,Namibia,516,Import,World,27,"Mineral fuels, mineral oils and products of their distillation; bituminous substances; mineral waxes",2018,859587020.563
2026-09-03T12:28:28Z,Namibia,516,Import,World,34,"Soap, organic surface-active agents; washing, lubricating, polishing or scouring preparations; artificial or prepared waxes, candles and similar articles, modelling pastes, dental waxes and dental preparations with a basis of plaster",2018,64585047.575
2026-09-03T12:28:28Z,Namibia,516,Import,World,35,Albuminoidal substances; modified starches; glues; enzymes,2018,6854487.001
2026-09-03T12:28:28Z,Namibia,516,Import,World,38,Chemical products n.e.c.,2018,93719682.734
2026-09-03T12:28:28Z,Namibia,516,Import,World,40,Rubber and articles thereof,2018,103017787.812
2026-09-03T12:28:28Z,Namibia,516,Import,World,45,Cork and articles of cork,2018,92088.39
2026-09-03T12:28:28Z,Namibia,516,Import,World,46,"Manufactures of straw, esparto or other plaiting materials; basketware and wickerwork",2018,373284.669
2026-09-03T12:28:28Z,Namibia,516,Import,World,50,Silk,2018,1784026.854
2026-09-03T12:28:28Z,Namibia,516,Import,World,52,Cotton,2018,917932.09
2026-09-03T12:28:28Z,Namibia,516,Import,World,53,Vegetable textile fibres; paper yarn and woven fabrics of paper yarn,2018,128172.652
2026-09-03T12:28:28Z,Namibia,516,Import,World,55,Man-made staple fibres,2018,1551620.258
2026-09-03T12:28:28Z,Namibia,516,Import,World,56,"Wadding, felt and nonwovens, special yarns; twine, cordage, ropes and cables and articles thereof",2018,8777044.327
2026-09-03T12:28:28Z,Namibia,516,Import,World,59,"Textile fabrics; impregnated, coated, covered or laminated; textile articles of a kind suitable for industrial use",2018,2537466.387
2026-09-03T12:28:28Z,Namibia,516,Import,World,60,Fabrics; knitted or crocheted,2018,556680.099
2026-09-03T12:28:28Z,Namibia,516,Import,World,61,Apparel and clothing accessories; knitted or crocheted,2018,88191511.622
2026-09-03T12:28:28Z,Namibia,516,Import,World,63,"Textiles, made up articles; sets; worn clothing and worn textile articles; rags",2018,35014037.298
2026-09-03T12:28:28Z,Namibia,516,Import,World,64,Footwear; gaiters and the like; parts of such articles,2018,49989282.16
2026-09-03T12:28:28Z,Namibia,516,Import,World,67,"Feathers and down, prepared; and articles made of feather or of down; artificial flowers; articles of human hair",2018,6008241.153
2026-09-03T12:28:28Z,Namibia,516,Import,World,72,Iron and steel,2018,96610930.178
2026-09-03T12:28:28Z,Namibia,516,Import,World,74,Copper and articles thereof,2018,1145968242.446
2026-09-03T12:28:28Z,Namibia,516,Import,World,76,Aluminium and articles thereof,2018,28409325.039
2026-09-03T12:28:28Z,Namibia,516,Import,World,78,Lead and articles thereof,2018,221616.965
2026-09-03T12:28:28Z,Namibia,516,Import,World,79,Zinc and articles thereof,2018,2788328.2
2026-09-03T12:28:28Z,Namibia,516,Import,World,80,Tin; articles thereof,2018,49585.431
2026-09-03T12:28:28Z,Namibia,516,Import,World,84,"Nuclear reactors, boilers, machinery and mechanical appliances; parts thereof",2018,602983102.365
2026-09-03T12:28:28Z,Namibia,516,Import,World,95,"Toys, games and sports requisites; parts and accessories thereof",2018,16973870.203
2026-09-03T12:28:28Z,Namibia,516,Import,World,99,Commodities not specified according to kind,2018,4800476.685
2026-09-03T12:28:28Z,Namibia,516,Import,World,03,"Fish and crustaceans, molluscs and other aquatic invertebrates",2018,51167916.823
2026-09-03T12:28:28Z,Namibia,516,Import,World,05,Animal originated products; not elsewhere specified or included,2018,3518812.929
2026-09-03T12:28:28Z,Namibia,516,Import,World,10,Cereals,2018,73921295.459
2026-09-03T12:28:28Z,Namibia,516,Import,World,12,"Oil seeds and oleaginous fruits; miscellaneous grains, seeds and fruit, industrial or medicinal plants; straw and fodder",2018,5880453.344
2026-09-03T12:28:28Z,Namibia,516,Import,World,13,"Lac; gums, resins and other vegetable saps and extracts",2018,1128892.956
2026-09-03T12:28:28Z,Namibia,516,Import,World,14,Vegetable plaiting materials; vegetable products not elsewhere specified or included,2018,90476.985
2026-09-03T12:28:28Z,Namibia,516,Import,World,21,Miscellaneous edible preparations,2018,59644837.864
2026-09-03T12:28:28Z,Namibia,516,Import,World,24,Tobacco and manufactured tobacco substitutes,2018,61317622.63
2026-09-03T12:28:28Z,Namibia,516,Import,World,25,"Salt; sulphur; earths, stone; plastering materials, lime and cement",2018,27162502.987
2026-09-03T12:28:28Z,Namibia,516,Import,World,26,"Ores, slag and ash",2018,365683291.968
2026-09-03T12:28:28Z,Namibia,516,Import,World,28,"Inorganic chemicals; organic and inorganic compounds of precious metals; of rare earth metals, of radio-active elements and of isotopes",2018,126663352.802
2026-09-03T12:28:28Z,Namibia,516,Import,World,29,Organic chemicals,2018,15771450.654
2026-09-03T12:28:28Z,Namibia,516,Import,World,30,Pharmaceutical products,2018,157383021.215
2026-09-03T12:28:28Z,Namibia,516,Import,World,31,Fertilizers,2018,48680793.097
2026-09-03T12:28:28Z,Namibia,516,Import,World,32,"Tanning or dyeing extracts; tannins and their derivatives; dyes, pigments and other colouring matter; paints, varnishes; putty, other mastics; inks",2018,28586839.347
2026-09-03T12:28:28Z,Namibia,516,Import,World,33,"Essential oils and resinoids; perfumery, cosmetic or toilet preparations",2018,105569567.482
2026-09-03T12:28:28Z,Namibia,516,Import,World,36,Explosives; pyrotechnic products; matches; pyrophoric alloys; certain combustible preparations,2018,8632567.45
2026-09-03T12:28:28Z,Namibia,516,Import,World,37,Photographic or cinematographic goods,2018,1374635.666
2026-09-03T12:28:28Z,Namibia,516,Import,World,39,Plastics and articles thereof,2018,197364145.562
2026-09-03T12:28:28Z,Namibia,516,Import,World,41,Raw hides and skins (other than furskins) and leather,2018,2116602.728
2026-09-03T12:28:28Z,Namibia,516,Import,World,42,"Articles of leather; saddlery and harness; travel goods, handbags and similar containers; articles of animal gut (other than silk-worm gut)",2018,15250552.835
2026-09-03T12:28:28Z,Namibia,516,Import,World,43,Furskins and artificial fur; manufactures thereof,2018,42408.784
2026-09-03T12:28:28Z,Namibia,516,Import,World,44,Wood and articles of wood; wood charcoal,2018,54031951.975
2026-09-03T12:28:28Z,Namibia,516,Import,World,47,Pulp of wood or other fibrous cellulosic material; recovered (waste and scrap) paper or paperboard,2018,10518.612
2026-09-03T12:28:28Z,Namibia,516,Import,World,48,"Paper and paperboard; articles of paper pulp, of paper or paperboard",2018,108320392.757
2026-09-03T12:28:28Z,Namibia,516,Import,World,49,"Printed books, newspapers, pictures and other products of the printing industry; manuscripts, typescripts and plans",2018,37449730.469
2026-09-03T12:28:28Z,Namibia,516,Import,World,51,"Wool, fine or coarse animal hair; horsehair yarn and woven fabric",2018,260501.795
2026-09-03T12:28:28Z,Namibia,516,Import,World,54,Man-made filaments; strip and the like of man-made textile materials,2018,2261101.132
2026-09-03T12:28:28Z,Namibia,516,Import,World,57,Carpets and other textile floor coverings,2018,3463154.434
2026-09-03T12:28:28Z,Namibia,516,Import,World,58,"Fabrics; special woven fabrics, tufted textile fabrics, lace, tapestries, trimmings, embroidery",2018,1598750.435
2026-09-03T12:28:28Z,Namibia,516,Import,World,62,Apparel and clothing accessories; not knitted or crocheted,2018,58443330.71
2026-09-03T12:28:28Z,Namibia,516,Import,World,65,Headgear and parts thereof,2018,4483020.14
2026-09-03T12:28:28Z,Namibia,516,Import,World,66,"Umbrellas, sun umbrellas, walking-sticks, seat sticks, whips, riding crops; and parts thereof",2018,671588.052
2026-09-03T12:28:28Z,Namibia,516,Import,World,68,"Stone, plaster, cement, asbestos, mica or similar materials; articles thereof",2018,16827537.719
2026-09-03T12:28:28Z,Namibia,516,Import,World,69,Ceramic products,2018,26996374.99
2026-09-03T12:28:28Z,Namibia,516,Import,World,70,Glass and glassware,2018,42484216.521
2026-09-03T12:28:28Z,Namibia,516,Import,World,71,"Natural, cultured pearls; precious, semi-precious stones; precious metals, metals clad with precious metal, and articles thereof; imitation jewellery; coin",2018,331019769.23
2026-09-03T12:28:28Z,Namibia,516,Import,World,73,Iron or steel articles,2018,226999018.847
2026-09-03T12:28:28Z,Namibia,516,Import,World,75,Nickel and articles thereof,2018,100576.242
2026-09-03T12:28:28Z,Namibia,516,Import,World,81,"Metals; n.e.c., cermets and articles thereof",2018,1317038.538
2026-09-03T12:28:28Z,Namibia,516,Import,World,82,"Tools, implements, cutlery, spoons and forks, of base metal; parts thereof, of base metal",2018,28245382.482
2026-09-03T12:28:28Z,Namibia,516,Import,World,83,Metal; miscellaneous products of base metal,2018,27232509.108
2026-09-03T12:28:28Z,Namibia,516,Import,World,85,"Electrical machinery and equipment and parts thereof; sound recorders and reproducers; television image and sound recorders and reproducers, parts and accessories of such articles",2018,381531404.525
2026-09-03T12:28:28Z,Namibia,516,Import,World,86,"Railway, tramway locomotives, rolling-stock and parts thereof; railway or tramway track fixtures and fittings and parts thereof; mechanical (including electro-mechanical) traffic signalling equipment of all kinds",2018,2867357.639
2026-09-03T12:28:28Z,Namibia,516,Import,World,87,"Vehicles; other than railway or tramway rolling stock, and parts and accessories thereof",2018,588293582.728
2026-09-03T12:28:28Z,Namibia,516,Import,World,88,"Aircraft, spacecraft and parts thereof",2018,49160052.2
2026-09-03T12:28:28Z,Namibia,516,Import,World,89,"Ships, boats and floating structures",2018,816137003.258
2026-09-03T12:28:28Z,Namibia,516,Import,World,90,"Optical, photographic, cinematographic, measuring, checking, medical or surgical instruments and apparatus; parts and accessories",2018,96719862.771
2026-09-03T12:28:28Z,Namibia,516,Import,World,91,Clocks and watches and parts thereof,2018,2791223.607
2026-09-03T12:28:28Z,Namibia,516,Import,World,92,Musical instruments; parts and accessories of such articles,2018,777882.868
2026-09-03T12:28:28Z,Namibia,516,Import,World,93,Arms and ammunition; parts and accessories thereof,2018,6281467.248
2026-09-03T12:28:28Z,Namibia,516,Import,World,94,"Furniture; bedding, mattresses, mattress supports, cushions and similar stuffed furnishings; lamps and lighting fittings, n.e.c.; illuminated signs, illuminated name-plates and the like; prefabricated buildings",2018,71085927.855
2026-09-03T12:28:28Z,Namibia,516,Import,World,96,Miscellaneous manufactured articles,2018,35292530.396
2026-09-03T12:28:28Z,Namibia,516,Import,World,97,Works of art; collectors' pieces and antiques,2018,376512.625
2026-09-03T12:28:28Z,South Africa,710,Import,World,81,"Metals; n.e.c., cermets and articles thereof",2018,51821432.966
2026-09-03T12:28:28Z,South Africa,710,Import,World,79,Zinc and articles thereof,2018,181202373.833
2026-09-03T12:28:28Z,South Africa,710,Import,World,78,Lead and articles thereof,2018,26565874.567
2026-09-03T12:28:28Z,South Africa,710,Import,World,80,Tin; articles thereof,2018,14580268.217
2026-09-03T12:28:28Z,South Africa,710,Import,World,82,"Tools, implements, cutlery, spoons and forks, of base metal; parts thereof, of base metal",2018,443993316.77
2026-09-03T12:28:28Z,South Africa,710,Import,World,02,Meat and edible meat offal,2018,689174695.486
2026-09-03T12:28:28Z,South Africa,710,Import,World,03,"Fish and crustaceans, molluscs and other aquatic invertebrates",2018,321418830.313
2026-09-03T12:28:28Z,South Africa,710,Import,World,04,"Dairy produce; birds' eggs; natural honey; edible products of animal origin, not elsewhere specified or included",2018,196019555.925
2026-09-03T12:28:28Z,South Africa,710,Import,World,05,Animal originated products; not elsewhere specified or included,2018,134809141.391
2026-09-03T12:28:28Z,South Africa,710,Import,World,07,Vegetables and certain roots and tubers; edible,2018,96049636.917
2026-09-03T12:28:28Z,South Africa,710,Import,World,08,"Fruit and nuts, edible; peel of citrus fruit or melons",2018,177047585.979
2026-09-03T12:28:28Z,South Africa,710,Import,World,09,"Coffee, tea, mate and spices",2018,203003521.596
2026-09-03T12:28:28Z,South Africa,710,Import,World,10,Cereals,2018,986170681.332
2026-09-03T12:28:28Z,South Africa,710,Import,World,11,"Products of the milling industry; malt, starches, inulin, wheat gluten",2018,97829978.811
2026-09-03T12:28:28Z,South Africa,710,Import,World,12,"Oil seeds and oleaginous fruits; miscellaneous grains, seeds and fruit, industrial or medicinal plants; straw and fodder",2018,118318434.209
2026-09-03T12:28:28Z,South Africa,710,Import,World,13,"Lac; gums, resins and other vegetable saps and extracts",2018,30884499.83
2026-09-03T12:28:28Z,South Africa,710,Import,World,14,Vegetable plaiting materials; vegetable products not elsewhere specified or included,2018,3543473.93
2026-09-03T12:28:28Z,South Africa,710,Import,World,15,Animal or vegetable fats and oils and their cleavage products; prepared animal fats; animal or vegetable waxes,2018,661580097.201
2026-09-03T12:28:28Z,South Africa,710,Import,World,16,"Meat, fish or crustaceans, molluscs or other aquatic invertebrates; preparations thereof",2018,193986210.8
2026-09-03T12:28:28Z,South Africa,710,Import,World,17,Sugars and sugar confectionery,2018,434058807.17
2026-09-03T12:28:28Z,South Africa,710,Import,World,18,Cocoa and cocoa preparations,2018,171868551.657
2026-09-03T12:28:28Z,South Africa,710,Import,World,19,"Preparations of cereals, flour, starch or milk; pastrycooks' products",2018,171330617.786
2026-09-03T12:28:28Z,South Africa,710,Import,World,20,"Preparations of vegetables, fruit, nuts or other parts of plants",2018,236413888.225
2026-09-03T12:28:28Z,South Africa,710,Import,World,21,Miscellaneous edible preparations,2018,348395946.411
2026-09-03T12:28:28Z,South Africa,710,Import,World,22,"Beverages, spirits and vinegar",2018,607956365.218
2026-09-03T12:28:28Z,South Africa,710,Import,World,23,"Food industries, residues and wastes thereof; prepared animal fodder",2018,410734319.979
2026-09-03T12:28:28Z,South Africa,710,Import,World,24,Tobacco and manufactured tobacco substitutes,2018,247581794.463
2026-09-03T12:28:28Z,South Africa,710,Import,World,25,"Salt; sulphur; earths, stone; plastering materials, lime and cement",2018,294388755.84
2026-09-03T12:28:28Z,South Africa,710,Import,World,26,"Ores, slag and ash",2018,148413364.82
2026-09-03T12:28:28Z,South Africa,710,Import,World,29,Organic chemicals,2018,1566220836.398
2026-09-03T12:28:28Z,South Africa,710,Import,World,30,Pharmaceutical products,2018,2477321282.076
2026-09-03T12:28:28Z,South Africa,710,Import,World,31,Fertilizers,2018,598173893.516
2026-09-03T12:28:28Z,South Africa,710,Import,World,32,"Tanning or dyeing extracts; tannins and their derivatives; dyes, pigments and other colouring matter; paints, varnishes; putty, other mastics; inks",2018,514863943.706
2026-09-03T12:28:28Z,South Africa,710,Import,World,33,"Essential oils and resinoids; perfumery, cosmetic or toilet preparations",2018,1102475926.001
2026-09-03T12:28:28Z,South Africa,710,Import,World,34,"Soap, organic surface-active agents; washing, lubricating, polishing or scouring preparations; artificial or prepared waxes, candles and similar articles, modelling pastes, dental waxes and dental preparations with a basis of plaster",2018,296668619.218
2026-09-03T12:28:28Z,South Africa,710,Import,World,35,Albuminoidal substances; modified starches; glues; enzymes,2018,245421461.86
2026-09-03T12:28:28Z,South Africa,710,Import,World,36,Explosives; pyrotechnic products; matches; pyrophoric alloys; certain combustible preparations,2018,58718127.074
2026-09-03T12:28:28Z,South Africa,710,Import,World,38,Chemical products n.e.c.,2018,1680014915.522
2026-09-03T12:28:28Z,South Africa,710,Import,World,39,Plastics and articles thereof,2018,2819257589.377
2026-09-03T12:28:28Z,South Africa,710,Import,World,41,Raw hides and skins (other than furskins) and leather,2018,57729752.401
2026-09-03T12:28:28Z,South Africa,710,Import,World,43,Furskins and artificial fur; manufactures thereof,2018,889011.856
2026-09-03T12:28:28Z,South Africa,710,Import,World,96,Miscellaneous manufactured articles,2018,306979396.571
2026-09-03T12:28:28Z,South Africa,710,Import,World,97,Works of art; collectors' pieces and antiques,2018,59016959.936
2026-09-03T12:28:28Z,South Africa,710,Import,World,99,Commodities not specified according to kind,2018,7442663027.553
2026-09-03T12:28:28Z,South Africa,710,Import,World,57,Carpets and other textile floor coverings,2018,43107256.799
2026-09-03T12:28:28Z,South Africa,710,Import,World,61,Apparel and clothing accessories; knitted or crocheted,2018,838650996.04
2026-09-03T12:28:28Z,South Africa,710,Import,World,62,Apparel and clothing accessories; not knitted or crocheted,2018,1004478566.382
2026-09-03T12:28:28Z,South Africa,710,Import,World,66,"Umbrellas, sun umbrellas, walking-sticks, seat sticks, whips, riding crops; and parts thereof",2018,10114806.572
2026-09-03T12:28:28Z,South Africa,710,Import,World,59,"Textile fabrics; impregnated, coated, covered or laminated; textile articles of a kind suitable for industrial use",2018,148822523.481
2026-09-03T12:28:28Z,South Africa,710,Import,World,63,"Textiles, made up articles; sets; worn clothing and worn textile articles; rags",2018,258305905.421
2026-09-03T12:28:28Z,South Africa,710,Import,World,64,Footwear; gaiters and the like; parts of such articles,2018,926743750.801
2026-09-03T12:28:28Z,South Africa,710,Import,World,65,Headgear and parts thereof,2018,60991321.466
2026-09-03T12:28:28Z,South Africa,710,Import,World,69,Ceramic products,2018,574162811.449
2026-09-03T12:28:28Z,South Africa,710,Import,World,70,Glass and glassware,2018,286854027.424
2026-09-03T12:28:28Z,South Africa,710,Import,World,73,Iron or steel articles,2018,1108222918.214
2026-09-03T12:28:28Z,South Africa,710,Import,World,76,Aluminium and articles thereof,2018,691445016.878
2026-09-03T12:28:28Z,South Africa,710,Import,World,45,Cork and articles of cork,2018,14136359.243
2026-09-03T12:28:28Z,South Africa,710,Import,World,46,"Manufactures of straw, esparto or other plaiting materials; basketware and wickerwork",2018,5204564.72
2026-09-03T12:28:28Z,South Africa,710,Import,World,47,Pulp of wood or other fibrous cellulosic material; recovered (waste and scrap) paper or paperboard,2018,159217340.885
2026-09-03T12:28:28Z,South Africa,710,Import,World,48,"Paper and paperboard; articles of paper pulp, of paper or paperboard",2018,1068018242.522
2026-09-03T12:28:28Z,South Africa,710,Import,World,49,"Printed books, newspapers, pictures and other products of the printing industry; manuscripts, typescripts and plans",2018,1160997760.6
2026-09-03T12:28:28Z,South Africa,710,Import,World,50,Silk,2018,2672082.651
2026-09-03T12:28:28Z,South Africa,710,Import,World,51,"Wool, fine or coarse animal hair; horsehair yarn and woven fabric",2018,38087145.888
2026-09-03T12:28:28Z,South Africa,710,Import,World,52,Cotton,2018,164502411.236
2026-09-03T12:28:28Z,South Africa,710,Import,World,53,Vegetable textile fibres; paper yarn and woven fabrics of paper yarn,2018,17177629.789
2026-09-03T12:28:28Z,South Africa,710,Import,World,54,Man-made filaments; strip and the like of man-made textile materials,2018,249360662.776
2026-09-03T12:28:28Z,South Africa,710,Import,World,55,Man-made staple fibres,2018,202946094.495
2026-09-03T12:28:28Z,South Africa,710,Import,World,56,"Wadding, felt and nonwovens, special yarns; twine, cordage, ropes and cables and articles thereof",2018,138773088.008
2026-09-03T12:28:28Z,South Africa,710,Import,World,58,"Fabrics; special woven fabrics, tufted textile fabrics, lace, tapestries, trimmings, embroidery",2018,44437893.699
2026-09-03T12:28:28Z,South Africa,710,Import,World,60,Fabrics; knitted or crocheted,2018,208700852.732
2026-09-03T12:28:28Z,South Africa,710,Import,World,67,"Feathers and down, prepared; and articles made of feather or of down; artificial flowers; articles of human hair",2018,52332871.73
2026-09-03T12:28:28Z,South Africa,710,Import,World,68,"Stone, plaster, cement, asbestos, mica or similar materials; articles thereof",2018,245601952.347
2026-09-03T12:28:28Z,South Africa,710,Import,World,71,"Natural, cultured pearls; precious, semi-precious stones; precious metals, metals clad with precious metal, and articles thereof; imitation jewellery; coin",2018,1174926248.607
2026-09-03T12:28:28Z,South Africa,710,Import,World,72,Iron and steel,2018,1189988565.981
2026-09-03T12:28:28Z,South Africa,710,Import,World,74,Copper and articles thereof,2018,481111875.1
2026-09-03T12:28:28Z,South Africa,710,Import,World,75,Nickel and articles thereof,2018,18819895.004
2026-09-03T12:28:28Z,South Africa,710,Import,World,84,"Nuclear reactors, boilers, machinery and mechanical appliances; parts thereof",2018,11486905083.253
2026-09-03T12:28:28Z,South Africa,710,Import,World,85,"Electrical machinery and equipment and parts thereof; sound recorders and reproducers; television image and sound recorders and reproducers, parts and accessories of such articles",2018,8626053793.851
2026-09-03T12:28:28Z,South Africa,710,Import,World,86,"Railway, tramway locomotives, rolling-stock and parts thereof; railway or tramway track fixtures and fittings and parts thereof; mechanical (including electro-mechanical) traffic signalling equipment of all kinds",2018,163302095.477
2026-09-03T12:28:28Z,South Africa,710,Import,World,90,"Optical, photographic, cinematographic, measuring, checking, medical or surgical instruments and apparatus; parts and accessories",2018,2255923259.102
2026-09-03T12:28:28Z,South Africa,710,Import,World,92,Musical instruments; parts and accessories of such articles,2018,19998345.607
2026-09-03T12:28:28Z,South Africa,710,Import,World,93,Arms and ammunition; parts and accessories thereof,2018,66035374.745
2026-09-03T12:28:28Z,South Africa,710,Import,World,89,"Ships, boats and floating structures",2018,118130888.46
2026-09-03T12:28:28Z,South Africa,710,Import,World,91,Clocks and watches and parts thereof,2018,116621062.262
2026-09-03T12:28:28Z,South Africa,710,Import,World,88,"Aircraft, spacecraft and parts thereof",2018,737101660.28
2026-09-03T12:28:28Z,South Africa,710,Import,World,95,"Toys, games and sports requisites; parts and accessories thereof",2018,475646346.251
2026-09-03T12:28:28Z,South Africa,710,Import,World,83,Metal; miscellaneous products of base metal,2018,315854781.814
2026-09-03T12:28:28Z,South Africa,710,Import,World,94,"Furniture; bedding, mattresses, mattress supports, cushions and similar stuffed furnishings; lamps and lighting fittings, n.e.c.; illuminated signs, illuminated name-plates and the like; prefabricated buildings",2018,770186112.587
2026-09-03T12:28:28Z,South Africa,710,Import,World,87,"Vehicles; other than railway or tramway rolling stock, and parts and accessories thereof",2018,7034386763.175
2026-09-03T12:28:28Z,South Africa,710,Import,World,01,Animals; live,2018,224924381.88
2026-09-03T12:28:28Z,South Africa,710,Import,World,06,"Trees and other plants, live; bulbs, roots and the like; cut flowers and ornamental foliage",2018,22379276.47
2026-09-03T12:28:28Z,South Africa,710,Import,World,27,"Mineral fuels, mineral oils and products of their distillation; bituminous substances; mineral waxes",2018,17164149603.945
2026-09-03T12:28:28Z,South Africa,710,Import,World,37,Photographic or cinematographic goods,2018,64533810.544
2026-09-03T12:28:28Z,South Africa,710,Import,World,42,"Articles of leather; saddlery and harness; travel goods, handbags and similar containers; articles of animal gut (other than silk-worm gut)",2018,250380729.999
2026-09-03T12:28:28Z,South Africa,710,Import,World,28,"Inorganic chemicals; organic and inorganic compounds of precious metals; of rare earth metals, of radio-active elements and of isotopes",2018,1537623010.617
2026-09-03T12:28:28Z,South Africa,710,Import,World,44,Wood and articles of wood; wood charcoal,2018,379701815.434
2026-09-03T12:28:28Z,South Africa,710,Import,World,40,Rubber and articles thereof,2018,1292653491.206
2026-09-03T12:28:28Z,Eswatini,748,Import,World,04,"Dairy produce; birds' eggs; natural honey; edible products of animal origin, not elsewhere specified or included",2018,27892437.247
2026-09-03T12:28:28Z,Eswatini,748,Import,World,03,"Fish and crustaceans, molluscs and other aquatic invertebrates",2018,3100029.167
2026-09-03T12:28:28Z,Eswatini,748,Import,World,05,Animal originated products; not elsewhere specified or included,2018,792016.11
2026-09-03T12:28:28Z,Eswatini,748,Import,World,06,"Trees and other plants, live; bulbs, roots and the like; cut flowers and ornamental foliage",2018,2537856.446
2026-09-03T12:28:28Z,Eswatini,748,Import,World,07,Vegetables and certain roots and tubers; edible,2018,16637601.02
2026-09-03T12:28:28Z,Eswatini,748,Import,World,02,Meat and edible meat offal,2018,14395762.819
2026-09-03T12:28:28Z,Eswatini,748,Import,World,01,Animals; live,2018,3238630.289
2026-09-03T12:28:28Z,Eswatini,748,Import,World,08,"Fruit and nuts, edible; peel of citrus fruit or melons",2018,7375517.075
2026-09-03T12:28:28Z,Eswatini,748,Import,World,09,"Coffee, tea, mate and spices",2018,12124017.246
2026-09-03T12:28:28Z,Eswatini,748,Import,World,10,Cereals,2018,86332773.699
2026-09-03T12:28:28Z,Eswatini,748,Import,World,12,"Oil seeds and oleaginous fruits; miscellaneous grains, seeds and fruit, industrial or medicinal plants; straw and fodder",2018,3038615.08
2026-09-03T12:28:28Z,Eswatini,748,Import,World,13,"Lac; gums, resins and other vegetable saps and extracts",2018,9826440.106
2026-09-03T12:28:28Z,Eswatini,748,Import,World,14,Vegetable plaiting materials; vegetable products not elsewhere specified or included,2018,192.546
2026-09-03T12:28:28Z,Eswatini,748,Import,World,15,Animal or vegetable fats and oils and their cleavage products; prepared animal fats; animal or vegetable waxes,2018,11697418.856
2026-09-03T12:28:28Z,Eswatini,748,Import,World,16,"Meat, fish or crustaceans, molluscs or other aquatic invertebrates; preparations thereof",2018,8658587.36
2026-09-03T12:28:28Z,Eswatini,748,Import,World,11,"Products of the milling industry; malt, starches, inulin, wheat gluten",2018,4298878.265
2026-09-03T12:28:28Z,Eswatini,748,Import,World,17,Sugars and sugar confectionery,2018,14892719.393
2026-09-03T12:28:28Z,Eswatini,748,Import,World,18,Cocoa and cocoa preparations,2018,3410551.072
2026-09-03T12:28:28Z,Eswatini,748,Import,World,19,"Preparations of cereals, flour, starch or milk; pastrycooks' products",2018,23846084.259
2026-09-03T12:28:28Z,Eswatini,748,Import,World,20,"Preparations of vegetables, fruit, nuts or other parts of plants",2018,19832553.75
2026-09-03T12:28:28Z,Eswatini,748,Import,World,22,"Beverages, spirits and vinegar",2018,43825546.334
2026-09-03T12:28:28Z,Eswatini,748,Import,World,24,Tobacco and manufactured tobacco substitutes,2018,4663675.891
2026-09-03T12:28:28Z,Eswatini,748,Import,World,25,"Salt; sulphur; earths, stone; plastering materials, lime and cement",2018,33242049.482
2026-09-03T12:28:28Z,Eswatini,748,Import,World,26,"Ores, slag and ash",2018,1546652.114
2026-09-03T12:28:28Z,Eswatini,748,Import,World,23,"Food industries, residues and wastes thereof; prepared animal fodder",2018,23373918.609
2026-09-03T12:28:28Z,Eswatini,748,Import,World,27,"Mineral fuels, mineral oils and products of their distillation; bituminous substances; mineral waxes",2018,273634120.122
2026-09-03T12:28:28Z,Eswatini,748,Import,World,21,Miscellaneous edible preparations,2018,18377769.304
2026-09-03T12:28:28Z,Eswatini,748,Import,World,28,"Inorganic chemicals; organic and inorganic compounds of precious metals; of rare earth metals, of radio-active elements and of isotopes",2018,11869233.83
2026-09-03T12:28:28Z,Eswatini,748,Import,World,29,Organic chemicals,2018,29281210.776
2026-09-03T12:28:28Z,Eswatini,748,Import,World,30,Pharmaceutical products,2018,46940942.893
2026-09-03T12:28:28Z,Eswatini,748,Import,World,31,Fertilizers,2018,22367827.919
2026-09-03T12:28:28Z,Eswatini,748,Import,World,32,"Tanning or dyeing extracts; tannins and their derivatives; dyes, pigments and other colouring matter; paints, varnishes; putty, other mastics; inks",2018,13277974.933
2026-09-03T12:28:28Z,Eswatini,748,Import,World,37,Photographic or cinematographic goods,2018,1543892.304
2026-09-03T12:28:28Z,Eswatini,748,Import,World,33,"Essential oils and resinoids; perfumery, cosmetic or toilet preparations",2018,56510712.945
2026-09-03T12:28:28Z,Eswatini,748,Import,World,35,Albuminoidal substances; modified starches; glues; enzymes,2018,3002130.165
2026-09-03T12:28:28Z,Eswatini,748,Import,World,36,Explosives; pyrotechnic products; matches; pyrophoric alloys; certain combustible preparations,2018,2029977.792
2026-09-03T12:28:28Z,Eswatini,748,Import,World,34,"Soap, organic surface-active agents; washing, lubricating, polishing or scouring preparations; artificial or prepared waxes, candles and similar articles, modelling pastes, dental waxes and dental preparations with a basis of plaster",2018,25503211.001
2026-09-03T12:28:28Z,Eswatini,748,Import,World,39,Plastics and articles thereof,2018,74911645.941
2026-09-03T12:28:28Z,Eswatini,748,Import,World,40,Rubber and articles thereof,2018,19570262.311
2026-09-03T12:28:28Z,Eswatini,748,Import,World,41,Raw hides and skins (other than furskins) and leather,2018,19644.878
2026-09-03T12:28:28Z,Eswatini,748,Import,World,42,"Articles of leather; saddlery and harness; travel goods, handbags and similar containers; articles of animal gut (other than silk-worm gut)",2018,4113828.179
2026-09-03T12:28:28Z,Eswatini,748,Import,World,44,Wood and articles of wood; wood charcoal,2018,21592354.095
2026-09-03T12:28:28Z,Eswatini,748,Import,World,43,Furskins and artificial fur; manufactures thereof,2018,12356.8
2026-09-03T12:28:28Z,Eswatini,748,Import,World,46,"Manufactures of straw, esparto or other plaiting materials; basketware and wickerwork",2018,51645.955
2026-09-03T12:28:28Z,Eswatini,748,Import,World,47,Pulp of wood or other fibrous cellulosic material; recovered (waste and scrap) paper or paperboard,2018,11398.291
2026-09-03T12:28:28Z,Eswatini,748,Import,World,48,"Paper and paperboard; articles of paper pulp, of paper or paperboard",2018,38936488.387
2026-09-03T12:28:28Z,Eswatini,748,Import,World,45,Cork and articles of cork,2018,5085.2
2026-09-03T12:28:28Z,Eswatini,748,Import,World,50,Silk,2018,430763.126
2026-09-03T12:28:28Z,Eswatini,748,Import,World,51,"Wool, fine or coarse animal hair; horsehair yarn and woven fabric",2018,148725.786
2026-09-03T12:28:28Z,Eswatini,748,Import,World,49,"Printed books, newspapers, pictures and other products of the printing industry; manuscripts, typescripts and plans",2018,11393764.97
2026-09-03T12:28:28Z,Eswatini,748,Import,World,52,Cotton,2018,70383408.857
2026-09-03T12:28:28Z,Eswatini,748,Import,World,38,Chemical products n.e.c.,2018,26998522.749
2026-09-03T12:28:28Z,Eswatini,748,Import,World,54,Man-made filaments; strip and the like of man-made textile materials,2018,12063108.939
2026-09-03T12:28:28Z,Eswatini,748,Import,World,53,Vegetable textile fibres; paper yarn and woven fabrics of paper yarn,2018,172566.548
2026-09-03T12:28:28Z,Eswatini,748,Import,World,56,"Wadding, felt and nonwovens, special yarns; twine, cordage, ropes and cables and articles thereof",2018,1370189.967
2026-09-03T12:28:28Z,Eswatini,748,Import,World,57,Carpets and other textile floor coverings,2018,1119040.867
2026-09-03T12:28:28Z,Eswatini,748,Import,World,55,Man-made staple fibres,2018,18180263.452
2026-09-03T12:28:28Z,Eswatini,748,Import,World,58,"Fabrics; special woven fabrics, tufted textile fabrics, lace, tapestries, trimmings, embroidery",2018,5791051.883
2026-09-03T12:28:28Z,Eswatini,748,Import,World,59,"Textile fabrics; impregnated, coated, covered or laminated; textile articles of a kind suitable for industrial use",2018,1271782.114
2026-09-03T12:28:28Z,Eswatini,748,Import,World,60,Fabrics; knitted or crocheted,2018,10288555.973
2026-09-03T12:28:28Z,Eswatini,748,Import,World,61,Apparel and clothing accessories; knitted or crocheted,2018,21751706.694
2026-09-03T12:28:28Z,Eswatini,748,Import,World,62,Apparel and clothing accessories; not knitted or crocheted,2018,18669137.197
2026-09-03T12:28:28Z,Eswatini,748,Import,World,66,"Umbrellas, sun umbrellas, walking-sticks, seat sticks, whips, riding crops; and parts thereof",2018,583849.657
2026-09-03T12:28:28Z,Eswatini,748,Import,World,67,"Feathers and down, prepared; and articles made of feather or of down; artificial flowers; articles of human hair",2018,2145189.658
2026-09-03T12:28:28Z,Eswatini,748,Import,World,63,"Textiles, made up articles; sets; worn clothing and worn textile articles; rags",2018,8444495.285
2026-09-03T12:28:28Z,Eswatini,748,Import,World,69,Ceramic products,2018,9084437.403
2026-09-03T12:28:28Z,Eswatini,748,Import,World,64,Footwear; gaiters and the like; parts of such articles,2018,18761776.846
2026-09-03T12:28:28Z,Eswatini,748,Import,World,68,"Stone, plaster, cement, asbestos, mica or similar materials; articles thereof",2018,6049869.958
2026-09-03T12:28:28Z,Eswatini,748,Import,World,70,Glass and glassware,2018,5682404.067
2026-09-03T12:28:28Z,Eswatini,748,Import,World,65,Headgear and parts thereof,2018,1332266.433
2026-09-03T12:28:28Z,Eswatini,748,Import,World,71,"Natural, cultured pearls; precious, semi-precious stones; precious metals, metals clad with precious metal, and articles thereof; imitation jewellery; coin",2018,576913.075
2026-09-03T12:28:28Z,Eswatini,748,Import,World,72,Iron and steel,2018,30707810.22
2026-09-03T12:28:28Z,Eswatini,748,Import,World,73,Iron or steel articles,2018,56806924.654
2026-09-03T12:28:28Z,Eswatini,748,Import,World,74,Copper and articles thereof,2018,4163891.519
2026-09-03T12:28:28Z,Eswatini,748,Import,World,75,Nickel and articles thereof,2018,12222.339
2026-09-03T12:28:28Z,Eswatini,748,Import,World,76,Aluminium and articles thereof,2018,7743585.68
2026-09-03T12:28:28Z,Eswatini,748,Import,World,78,Lead and articles thereof,2018,24209.931
2026-09-03T12:28:28Z,Eswatini,748,Import,World,79,Zinc and articles thereof,2018,8471.27
2026-09-03T12:28:28Z,Eswatini,748,Import,World,80,Tin; articles thereof,2018,8708.605
2026-09-03T12:28:28Z,Eswatini,748,Import,World,81,"Metals; n.e.c., cermets and articles thereof",2018,3974.774
2026-09-03T12:28:28Z,Eswatini,748,Import,World,82,"Tools, implements, cutlery, spoons and forks, of base metal; parts thereof, of base metal",2018,6571365.135
2026-09-03T12:28:28Z,Eswatini,748,Import,World,84,"Nuclear reactors, boilers, machinery and mechanical appliances; parts thereof",2018,132362874.165
2026-09-03T12:28:28Z,Eswatini,748,Import,World,83,Metal; miscellaneous products of base metal,2018,7795936.87
2026-09-03T12:28:28Z,Eswatini,748,Import,World,85,"Electrical machinery and equipment and parts thereof; sound recorders and reproducers; television image and sound recorders and reproducers, parts and accessories of such articles",2018,90898335.373
2026-09-03T12:28:28Z,Eswatini,748,Import,World,86,"Railway, tramway locomotives, rolling-stock and parts thereof; railway or tramway track fixtures and fittings and parts thereof; mechanical (including electro-mechanical) traffic signalling equipment of all kinds",2018,347268.149
2026-09-03T12:28:28Z,Eswatini,748,Import,World,87,"Vehicles; other than railway or tramway rolling stock, and parts and accessories thereof",2018,117524564.061
2026-09-03T12:28:28Z,Eswatini,748,Import,World,89,"Ships, boats and floating structures",2018,6276.305
2026-09-03T12:28:28Z,Eswatini,748,Import,World,90,"Optical, photographic, cinematographic, measuring, checking, medical or surgical instruments and apparatus; parts and accessories",2018,18457401.127
2026-09-03T12:28:28Z,Eswatini,748,Import,World,88,"Aircraft, spacecraft and parts thereof",2018,1642694.228
2026-09-03T12:28:28Z,Eswatini,748,Import,World,91,Clocks and watches and parts thereof,2018,426840.511
2026-09-03T12:28:28Z,Eswatini,748,Import,World,92,Musical instruments; parts and accessories of such articles,2018,249608.882
2026-09-03T12:28:28Z,Eswatini,748,Import,World,94,"Furniture; bedding, mattresses, mattress supports, cushions and similar stuffed furnishings; lamps and lighting fittings, n.e.c.; illuminated signs, illuminated name-plates and the like; prefabricated buildings",2018,33476099.243
2026-09-03T12:28:28Z,Eswatini,748,Import,World,95,"Toys, games and sports requisites; parts and accessories thereof",2018,2125883.415
2026-09-03T12:28:28Z,Eswatini,748,Import,World,93,Arms and ammunition; parts and accessories thereof,2018,130156.842
2026-09-03T12:28:28Z,Eswatini,748,Import,World,97,Works of art; collectors' pieces and antiques,2018,60737.914
2026-09-03T12:28:28Z,Eswatini,748,Import,World,99,Commodities not specified according to kind,2018,32883738.204
2026-09-03T12:28:28Z,Eswatini,748,Import,World,96,Miscellaneous manufactured articles,2018,16261848.784
2026-09-03T12:28:28Z,Botswana,72,Import,World,02,Meat and edible meat offal,2019,11619272.556
2026-09-03T12:28:28Z,Botswana,72,Import,World,75,Nickel and articles thereof,2019,2675039.695
2026-09-03T12:28:28Z,Botswana,72,Import,World,69,Ceramic products,2019,21596046.284
2026-09-03T12:28:28Z,Botswana,72,Import,World,59,"Textile fabrics; impregnated, coated, covered or laminated; textile articles of a kind suitable for industrial use",2019,2795998.133
2026-09-03T12:28:28Z,Botswana,72,Import,World,21,Miscellaneous edible preparations,2019,57378679.947
2026-09-03T12:28:28Z,Botswana,72,Import,World,14,Vegetable plaiting materials; vegetable products not elsewhere specified or included,2019,5840.596
2026-09-03T12:28:28Z,Botswana,72,Import,World,57,Carpets and other textile floor coverings,2019,2786982.543
2026-09-03T12:28:28Z,Botswana,72,Import,World,34,"Soap, organic surface-active agents; washing, lubricating, polishing or scouring preparations; artificial or prepared waxes, candles and similar articles, modelling pastes, dental waxes and dental preparations with a basis of plaster",2019,62646848.077
2026-09-03T12:28:28Z,Botswana,72,Import,World,49,"Printed books, newspapers, pictures and other products of the printing industry; manuscripts, typescripts and plans",2019,14785587.361
2026-09-03T12:28:28Z,Botswana,72,Import,World,62,Apparel and clothing accessories; not knitted or crocheted,2019,26234591.186
2026-09-03T12:28:28Z,Botswana,72,Import,World,52,Cotton,2019,11498164.617
2026-09-03T12:28:28Z,Botswana,72,Import,World,86,"Railway, tramway locomotives, rolling-stock and parts thereof; railway or tramway track fixtures and fittings and parts thereof; mechanical (including electro-mechanical) traffic signalling equipment of all kinds",2019,3783653.065
2026-09-03T12:28:28Z,Botswana,72,Import,World,11,"Products of the milling industry; malt, starches, inulin, wheat gluten",2019,12210576.128
2026-09-03T12:28:28Z,Botswana,72,Import,World,84,"Nuclear reactors, boilers, machinery and mechanical appliances; parts thereof",2019,446862135.707
2026-09-03T12:28:28Z,Botswana,72,Import,World,22,"Beverages, spirits and vinegar",2019,152851992.769
2026-09-03T12:28:28Z,Botswana,72,Import,World,31,Fertilizers,2019,19587073.462
2026-09-03T12:28:28Z,Botswana,72,Import,World,47,Pulp of wood or other fibrous cellulosic material; recovered (waste and scrap) paper or paperboard,2019,51652.588
2026-09-03T12:28:28Z,Botswana,72,Import,World,07,Vegetables and certain roots and tubers; edible,2019,32091829.809
2026-09-03T12:28:28Z,Botswana,72,Import,World,41,Raw hides and skins (other than furskins) and leather,2019,57178.06
2026-09-03T12:28:28Z,Botswana,72,Import,World,39,Plastics and articles thereof,2019,137125417.557
2026-09-03T12:28:28Z,Botswana,72,Import,World,85,"Electrical machinery and equipment and parts thereof; sound recorders and reproducers; television image and sound recorders and reproducers, parts and accessories of such articles",2019,377615195.639
2026-09-03T12:28:28Z,Botswana,72,Import,World,12,"Oil seeds and oleaginous fruits; miscellaneous grains, seeds and fruit, industrial or medicinal plants; straw and fodder",2019,10286439.5
2026-09-03T12:28:28Z,Botswana,72,Import,World,36,Explosives; pyrotechnic products; matches; pyrophoric alloys; certain combustible preparations,2019,4332459.215
2026-09-03T12:28:28Z,Botswana,72,Import,World,20,"Preparations of vegetables, fruit, nuts or other parts of plants",2019,66130882.095
2026-09-03T12:28:28Z,Botswana,72,Import,World,43,Furskins and artificial fur; manufactures thereof,2019,320352.191
2026-09-03T12:28:28Z,Botswana,72,Import,World,60,Fabrics; knitted or crocheted,2019,795574.193
2026-09-03T12:28:28Z,Botswana,72,Import,World,18,Cocoa and cocoa preparations,2019,7392639.616
2026-09-03T12:28:28Z,Botswana,72,Import,World,25,"Salt; sulphur; earths, stone; plastering materials, lime and cement",2019,64533989.521
2026-09-03T12:28:28Z,Botswana,72,Import,World,48,"Paper and paperboard; articles of paper pulp, of paper or paperboard",2019,62627298.341
2026-09-03T12:28:28Z,Botswana,72,Import,World,80,Tin; articles thereof,2019,145600.995
2026-09-03T12:28:28Z,Botswana,72,Import,World,28,"Inorganic chemicals; organic and inorganic compounds of precious metals; of rare earth metals, of radio-active elements and of isotopes",2019,12598901.802
2026-09-03T12:28:28Z,Botswana,72,Import,World,88,"Aircraft, spacecraft and parts thereof",2019,66112195.452
2026-09-03T12:28:28Z,Botswana,72,Import,World,46,"Manufactures of straw, esparto or other plaiting materials; basketware and wickerwork",2019,81184.275
2026-09-03T12:28:28Z,Botswana,72,Import,World,92,Musical instruments; parts and accessories of such articles,2019,898511.282
2026-09-03T12:28:28Z,Botswana,72,Import,World,10,Cereals,2019,111203055.98
2026-09-03T12:28:28Z,Botswana,72,Import,World,58,"Fabrics; special woven fabrics, tufted textile fabrics, lace, tapestries, trimmings, embroidery",2019,2874424.013
2026-09-03T12:28:28Z,Botswana,72,Import,World,51,"Wool, fine or coarse animal hair; horsehair yarn and woven fabric",2019,158606.441
2026-09-03T12:28:28Z,Botswana,72,Import,World,27,"Mineral fuels, mineral oils and products of their distillation; bituminous substances; mineral waxes",2019,833637312.826
2026-09-03T12:28:28Z,Botswana,72,Import,World,95,"Toys, games and sports requisites; parts and accessories thereof",2019,8761836.854
2026-09-03T12:28:28Z,Botswana,72,Import,World,72,Iron and steel,2019,70832552.915
2026-09-03T12:28:28Z,Botswana,72,Import,World,97,Works of art; collectors' pieces and antiques,2019,334973.651
2026-09-03T12:28:28Z,Botswana,72,Import,World,63,"Textiles, made up articles; sets; worn clothing and worn textile articles; rags",2019,24663750.335
2026-09-03T12:28:28Z,Botswana,72,Import,World,91,Clocks and watches and parts thereof,2019,1156925.107
2026-09-03T12:28:28Z,Botswana,72,Import,World,89,"Ships, boats and floating structures",2019,752767.664
2026-09-03T12:28:28Z,Botswana,72,Import,World,19,"Preparations of cereals, flour, starch or milk; pastrycooks' products",2019,61581262.258
2026-09-03T12:28:28Z,Botswana,72,Import,World,79,Zinc and articles thereof,2019,68454.667
2026-09-03T12:28:28Z,Botswana,72,Import,World,26,"Ores, slag and ash",2019,554242.96
2026-09-03T12:28:28Z,Botswana,72,Import,World,06,"Trees and other plants, live; bulbs, roots and the like; cut flowers and ornamental foliage",2019,1644866.211
2026-09-03T12:28:28Z,Botswana,72,Import,World,08,"Fruit and nuts, edible; peel of citrus fruit or melons",2019,29999283.549
2026-09-03T12:28:28Z,Botswana,72,Import,World,09,"Coffee, tea, mate and spices",2019,27713573.714
2026-09-03T12:28:28Z,Botswana,72,Import,World,65,Headgear and parts thereof,2019,2578219.462
2026-09-03T12:28:28Z,Botswana,72,Import,World,38,Chemical products n.e.c.,2019,47282683.475
2026-09-03T12:28:28Z,Botswana,72,Import,World,04,"Dairy produce; birds' eggs; natural honey; edible products of animal origin, not elsewhere specified or included",2019,51432943.648
2026-09-03T12:28:28Z,Botswana,72,Import,World,87,"Vehicles; other than railway or tramway rolling stock, and parts and accessories thereof",2019,574806756.484
2026-09-03T12:28:28Z,Botswana,72,Import,World,37,Photographic or cinematographic goods,2019,2359747.948
2026-09-03T12:28:28Z,Botswana,72,Import,World,40,Rubber and articles thereof,2019,59999914.589
2026-09-03T12:28:28Z,Botswana,72,Import,World,17,Sugars and sugar confectionery,2019,83207224.067
2026-09-03T12:28:28Z,Botswana,72,Import,World,64,Footwear; gaiters and the like; parts of such articles,2019,36690665.817
2026-09-03T12:28:28Z,Botswana,72,Import,World,24,Tobacco and manufactured tobacco substitutes,2019,24629330.064
2026-09-03T12:28:28Z,Botswana,72,Import,World,55,Man-made staple fibres,2019,3390788.242
2026-09-03T12:28:28Z,Botswana,72,Import,World,96,Miscellaneous manufactured articles,2019,23995847.072
2026-09-03T12:28:28Z,Botswana,72,Import,World,56,"Wadding, felt and nonwovens, special yarns; twine, cordage, ropes and cables and articles thereof",2019,2644604.918
2026-09-03T12:28:28Z,Botswana,72,Import,World,15,Animal or vegetable fats and oils and their cleavage products; prepared animal fats; animal or vegetable waxes,2019,37649795.337
2026-09-03T12:28:28Z,Botswana,72,Import,World,74,Copper and articles thereof,2019,22430818.312
2026-09-03T12:28:28Z,Botswana,72,Import,World,42,"Articles of leather; saddlery and harness; travel goods, handbags and similar containers; articles of animal gut (other than silk-worm gut)",2019,11694660.0
2026-09-03T12:28:28Z,Botswana,72,Import,World,66,"Umbrellas, sun umbrellas, walking-sticks, seat sticks, whips, riding crops; and parts thereof",2019,354994.241
2026-09-03T12:28:28Z,Botswana,72,Import,World,54,Man-made filaments; strip and the like of man-made textile materials,2019,2365746.974
2026-09-03T12:28:28Z,Botswana,72,Import,World,23,"Food industries, residues and wastes thereof; prepared animal fodder",2019,42009720.993
2026-09-03T12:28:28Z,Botswana,72,Import,World,81,"Metals; n.e.c., cermets and articles thereof",2019,1037905.438
2026-09-03T12:28:28Z,Botswana,72,Import,World,13,"Lac; gums, resins and other vegetable saps and extracts",2019,191228.385
2026-09-03T12:28:28Z,Botswana,72,Import,World,67,"Feathers and down, prepared; and articles made of feather or of down; artificial flowers; articles of human hair",2019,1639260.083
2026-09-03T12:28:28Z,Botswana,72,Import,World,32,"Tanning or dyeing extracts; tannins and their derivatives; dyes, pigments and other colouring matter; paints, varnishes; putty, other mastics; inks",2019,36365106.785
2026-09-03T12:28:28Z,Botswana,72,Import,World,33,"Essential oils and resinoids; perfumery, cosmetic or toilet preparations",2019,75916823.456
2026-09-03T12:28:28Z,Botswana,72,Import,World,29,Organic chemicals,2019,5417972.001
2026-09-03T12:28:28Z,Botswana,72,Import,World,16,"Meat, fish or crustaceans, molluscs or other aquatic invertebrates; preparations thereof",2019,17953854.783
2026-09-03T12:28:28Z,Botswana,72,Import,World,03,"Fish and crustaceans, molluscs and other aquatic invertebrates",2019,3666580.935
2026-09-03T12:28:28Z,Botswana,72,Import,World,73,Iron or steel articles,2019,158437200.013
2026-09-03T12:28:28Z,Botswana,72,Import,World,76,Aluminium and articles thereof,2019,36357340.604
2026-09-03T12:28:28Z,Botswana,72,Import,World,30,Pharmaceutical products,2019,129665285.827
2026-09-03T12:28:28Z,Botswana,72,Import,World,82,"Tools, implements, cutlery, spoons and forks, of base metal; parts thereof, of base metal",2019,17870785.205
2026-09-03T12:28:28Z,Botswana,72,Import,World,44,Wood and articles of wood; wood charcoal,2019,74575067.041
2026-09-03T12:28:28Z,Botswana,72,Import,World,01,Animals; live,2019,5198814.687
2026-09-03T12:28:28Z,Botswana,72,Import,World,70,Glass and glassware,2019,11150919.978
2026-09-03T12:28:28Z,Botswana,72,Import,World,53,Vegetable textile fibres; paper yarn and woven fabrics of paper yarn,2019,128244.272
2026-09-03T12:28:28Z,Botswana,72,Import,World,50,Silk,2019,137996.205
2026-09-03T12:28:28Z,Botswana,72,Import,World,68,"Stone, plaster, cement, asbestos, mica or similar materials; articles thereof",2019,47517217.132
2026-09-03T12:28:28Z,Botswana,72,Import,World,35,Albuminoidal substances; modified starches; glues; enzymes,2019,4972546.206
2026-09-03T12:28:28Z,Botswana,72,Import,World,83,Metal; miscellaneous products of base metal,2019,20044776.247
2026-09-03T12:28:28Z,Botswana,72,Import,World,45,Cork and articles of cork,2019,75546.711
2026-09-03T12:28:28Z,Botswana,72,Import,World,71,"Natural, cultured pearls; precious, semi-precious stones; precious metals, metals clad with precious metal, and articles thereof; imitation jewellery; coin",2019,1894044080.476
2026-09-03T12:28:28Z,Botswana,72,Import,World,93,Arms and ammunition; parts and accessories thereof,2019,25228179.748
2026-09-03T12:28:28Z,Botswana,72,Import,World,99,Commodities not specified according to kind,2019,3513934.142
2026-09-03T12:28:28Z,Botswana,72,Import,World,78,Lead and articles thereof,2019,5174840.646
2026-09-03T12:28:28Z,Botswana,72,Import,World,61,Apparel and clothing accessories; knitted or crocheted,2019,36285440.003
2026-09-03T12:28:28Z,Botswana,72,Import,World,05,Animal originated products; not elsewhere specified or included,2019,935300.192
2026-09-03T12:28:28Z,Botswana,72,Import,World,90,"Optical, photographic, cinematographic, measuring, checking, medical or surgical instruments and apparatus; parts and accessories",2019,73468597.879
2026-09-03T12:28:28Z,Botswana,72,Import,World,94,"Furniture; bedding, mattresses, mattress supports, cushions and similar stuffed furnishings; lamps and lighting fittings, n.e.c.; illuminated signs, illuminated name-plates and the like; prefabricated buildings",2019,72481625.222
2026-09-03T12:28:28Z,Lesotho,426,Import,World,01,Animals; live,2019,6683703.239
2026-09-03T12:28:28Z,Lesotho,426,Import,World,38,Chemical products n.e.c.,2019,9118861.685
2026-09-03T12:28:28Z,Lesotho,426,Import,World,41,Raw hides and skins (other than furskins) and leather,2019,10305495.605
2026-09-03T12:28:28Z,Lesotho,426,Import,World,59,"Textile fabrics; impregnated, coated, covered or laminated; textile articles of a kind suitable for industrial use",2019,1819178.872
2026-09-03T12:28:28Z,Lesotho,426,Import,World,62,Apparel and clothing accessories; not knitted or crocheted,2019,39016176.435
2026-09-03T12:28:28Z,Lesotho,426,Import,World,65,Headgear and parts thereof,2019,1371698.233
2026-09-03T12:28:28Z,Lesotho,426,Import,World,82,"Tools, implements, cutlery, spoons and forks, of base metal; parts thereof, of base metal",2019,3940166.39
2026-09-03T12:28:28Z,Lesotho,426,Import,World,42,"Articles of leather; saddlery and harness; travel goods, handbags and similar containers; articles of animal gut (other than silk-worm gut)",2019,2749155.635
2026-09-03T12:28:28Z,Lesotho,426,Import,World,75,Nickel and articles thereof,2019,6236.742
2026-09-03T12:28:28Z,Lesotho,426,Import,World,12,"Oil seeds and oleaginous fruits; miscellaneous grains, seeds and fruit, industrial or medicinal plants; straw and fodder",2019,14722081.245
2026-09-03T12:28:28Z,Lesotho,426,Import,World,99,Commodities not specified according to kind,2019,1204322.412
2026-09-03T12:28:28Z,Lesotho,426,Import,World,67,"Feathers and down, prepared; and articles made of feather or of down; artificial flowers; articles of human hair",2019,1376877.967
2026-09-03T12:28:28Z,Lesotho,426,Import,World,30,Pharmaceutical products,2019,48876614.101
2026-09-03T12:28:28Z,Lesotho,426,Import,World,39,Plastics and articles thereof,2019,33471695.693
2026-09-03T12:28:28Z,Lesotho,426,Import,World,45,Cork and articles of cork,2019,5473.945
2026-09-03T12:28:28Z,Lesotho,426,Import,World,19,"Preparations of cereals, flour, starch or milk; pastrycooks' products",2019,18983655.621
2026-09-03T12:28:28Z,Lesotho,426,Import,World,73,Iron or steel articles,2019,34593715.759
2026-09-03T12:28:28Z,Lesotho,426,Import,World,96,Miscellaneous manufactured articles,2019,13309514.73
2026-09-03T12:28:28Z,Lesotho,426,Import,World,56,"Wadding, felt and nonwovens, special yarns; twine, cordage, ropes and cables and articles thereof",2019,1835763.697
2026-09-03T12:28:28Z,Lesotho,426,Import,World,51,"Wool, fine or coarse animal hair; horsehair yarn and woven fabric",2019,160409.618
2026-09-03T12:28:28Z,Lesotho,426,Import,World,11,"Products of the milling industry; malt, starches, inulin, wheat gluten",2019,38263886.663
2026-09-03T12:28:28Z,Lesotho,426,Import,World,88,"Aircraft, spacecraft and parts thereof",2019,100433.317
2026-09-03T12:28:28Z,Lesotho,426,Import,World,14,Vegetable plaiting materials; vegetable products not elsewhere specified or included,2019,2581.798
2026-09-03T12:28:28Z,Lesotho,426,Import,World,25,"Salt; sulphur; earths, stone; plastering materials, lime and cement",2019,5533357.937
2026-09-03T12:28:28Z,Lesotho,426,Import,World,57,Carpets and other textile floor coverings,2019,1226410.403
2026-09-03T12:28:28Z,Lesotho,426,Import,World,48,"Paper and paperboard; articles of paper pulp, of paper or paperboard",2019,23286052.349
2026-09-03T12:28:28Z,Lesotho,426,Import,World,20,"Preparations of vegetables, fruit, nuts or other parts of plants",2019,15648565.383
2026-09-03T12:28:28Z,Lesotho,426,Import,World,74,Copper and articles thereof,2019,1471676.107
2026-09-03T12:28:28Z,Lesotho,426,Import,World,06,"Trees and other plants, live; bulbs, roots and the like; cut flowers and ornamental foliage",2019,217549.136
2026-09-03T12:28:28Z,Lesotho,426,Import,World,31,Fertilizers,2019,5254307.555
2026-09-03T12:28:28Z,Lesotho,426,Import,World,60,Fabrics; knitted or crocheted,2019,110952330.641
2026-09-03T12:28:28Z,Lesotho,426,Import,World,91,Clocks and watches and parts thereof,2019,149440.254
2026-09-03T12:28:28Z,Lesotho,426,Import,World,13,"Lac; gums, resins and other vegetable saps and extracts",2019,181927.452
2026-09-03T12:28:28Z,Lesotho,426,Import,World,76,Aluminium and articles thereof,2019,5636666.148
2026-09-03T12:28:28Z,Lesotho,426,Import,World,80,Tin; articles thereof,2019,299.963
2026-09-03T12:28:28Z,Lesotho,426,Import,World,05,Animal originated products; not elsewhere specified or included,2019,215446.253
2026-09-03T12:28:28Z,Lesotho,426,Import,World,33,"Essential oils and resinoids; perfumery, cosmetic or toilet preparations",2019,14245168.352
2026-09-03T12:28:28Z,Lesotho,426,Import,World,79,Zinc and articles thereof,2019,23490.031
2026-09-03T12:28:28Z,Lesotho,426,Import,World,34,"Soap, organic surface-active agents; washing, lubricating, polishing or scouring preparations; artificial or prepared waxes, candles and similar articles, modelling pastes, dental waxes and dental preparations with a basis of plaster",2019,21489405.961
2026-09-03T12:28:28Z,Lesotho,426,Import,World,03,"Fish and crustaceans, molluscs and other aquatic invertebrates",2019,1930938.536
2026-09-03T12:28:28Z,Lesotho,426,Import,World,36,Explosives; pyrotechnic products; matches; pyrophoric alloys; certain combustible preparations,2019,3329455.642
2026-09-03T12:28:28Z,Lesotho,426,Import,World,10,Cereals,2019,30213113.349
2026-09-03T12:28:28Z,Lesotho,426,Import,World,53,Vegetable textile fibres; paper yarn and woven fabrics of paper yarn,2019,20818.772
2026-09-03T12:28:28Z,Lesotho,426,Import,World,93,Arms and ammunition; parts and accessories thereof,2019,154767.369
2026-09-03T12:28:28Z,Lesotho,426,Import,World,16,"Meat, fish or crustaceans, molluscs or other aquatic invertebrates; preparations thereof",2019,14738349.294
2026-09-03T12:28:28Z,Lesotho,426,Import,World,26,"Ores, slag and ash",2019,373127.817
2026-09-03T12:28:28Z,Lesotho,426,Import,World,17,Sugars and sugar confectionery,2019,8272697.139
2026-09-03T12:28:28Z,Lesotho,426,Import,World,24,Tobacco and manufactured tobacco substitutes,2019,24264065.142
2026-09-03T12:28:28Z,Lesotho,426,Import,World,64,Footwear; gaiters and the like; parts of such articles,2019,20759574.714
2026-09-03T12:28:28Z,Lesotho,426,Import,World,90,"Optical, photographic, cinematographic, measuring, checking, medical or surgical instruments and apparatus; parts and accessories",2019,16242410.161
2026-09-03T12:28:28Z,Lesotho,426,Import,World,84,"Nuclear reactors, boilers, machinery and mechanical appliances; parts thereof",2019,123905079.536
2026-09-03T12:28:28Z,Lesotho,426,Import,World,02,Meat and edible meat offal,2019,30577973.502
2026-09-03T12:28:28Z,Lesotho,426,Import,World,07,Vegetables and certain roots and tubers; edible,2019,14828997.254
2026-09-03T12:28:28Z,Lesotho,426,Import,World,04,"Dairy produce; birds' eggs; natural honey; edible products of animal origin, not elsewhere specified or included",2019,15952139.461
2026-09-03T12:28:28Z,Lesotho,426,Import,World,70,Glass and glassware,2019,3467655.301
2026-09-03T12:28:28Z,Lesotho,426,Import,World,27,"Mineral fuels, mineral oils and products of their distillation; bituminous substances; mineral waxes",2019,203882140.027
2026-09-03T12:28:28Z,Lesotho,426,Import,World,44,Wood and articles of wood; wood charcoal,2019,17102606.981
2026-09-03T12:28:28Z,Lesotho,426,Import,World,47,Pulp of wood or other fibrous cellulosic material; recovered (waste and scrap) paper or paperboard,2019,52293.729
2026-09-03T12:28:28Z,Lesotho,426,Import,World,50,Silk,2019,1108520.115
2026-09-03T12:28:28Z,Lesotho,426,Import,World,21,Miscellaneous edible preparations,2019,12459404.427
2026-09-03T12:28:28Z,Lesotho,426,Import,World,28,"Inorganic chemicals; organic and inorganic compounds of precious metals; of rare earth metals, of radio-active elements and of isotopes",2019,1837793.398
2026-09-03T12:28:28Z,Lesotho,426,Import,World,54,Man-made filaments; strip and the like of man-made textile materials,2019,53295256.258
2026-09-03T12:28:28Z,Lesotho,426,Import,World,66,"Umbrellas, sun umbrellas, walking-sticks, seat sticks, whips, riding crops; and parts thereof",2019,178286.187
2026-09-03T12:28:28Z,Lesotho,426,Import,World,85,"Electrical machinery and equipment and parts thereof; sound recorders and reproducers; television image and sound recorders and reproducers, parts and accessories of such articles",2019,104222801.816
2026-09-03T12:28:28Z,Lesotho,426,Import,World,22,"Beverages, spirits and vinegar",2019,35271354.871
2026-09-03T12:28:28Z,Lesotho,426,Import,World,55,Man-made staple fibres,2019,6867946.898
2026-09-03T12:28:28Z,Lesotho,426,Import,World,32,"Tanning or dyeing extracts; tannins and their derivatives; dyes, pigments and other colouring matter; paints, varnishes; putty, other mastics; inks",2019,7480334.483
2026-09-03T12:28:28Z,Lesotho,426,Import,World,35,Albuminoidal substances; modified starches; glues; enzymes,2019,2022869.816
2026-09-03T12:28:28Z,Lesotho,426,Import,World,97,Works of art; collectors' pieces and antiques,2019,59883.341
2026-09-03T12:28:28Z,Lesotho,426,Import,World,40,Rubber and articles thereof,2019,11876283.847
2026-09-03T12:28:28Z,Lesotho,426,Import,World,86,"Railway, tramway locomotives, rolling-stock and parts thereof; railway or tramway track fixtures and fittings and parts thereof; mechanical (including electro-mechanical) traffic signalling equipment of all kinds",2019,212615.305
2026-09-03T12:28:28Z,Lesotho,426,Import,World,23,"Food industries, residues and wastes thereof; prepared animal fodder",2019,5887631.712
2026-09-03T12:28:28Z,Lesotho,426,Import,World,94,"Furniture; bedding, mattresses, mattress supports, cushions and similar stuffed furnishings; lamps and lighting fittings, n.e.c.; illuminated signs, illuminated name-plates and the like; prefabricated buildings",2019,20976205.567
2026-09-03T12:28:28Z,Lesotho,426,Import,World,89,"Ships, boats and floating structures",2019,13681.973
2026-09-03T12:28:28Z,Lesotho,426,Import,World,63,"Textiles, made up articles; sets; worn clothing and worn textile articles; rags",2019,9349081.04
2026-09-03T12:28:28Z,Lesotho,426,Import,World,68,"Stone, plaster, cement, asbestos, mica or similar materials; articles thereof",2019,6268753.329
2026-09-03T12:28:28Z,Lesotho,426,Import,World,71,"Natural, cultured pearls; precious, semi-precious stones; precious metals, metals clad with precious metal, and articles thereof; imitation jewellery; coin",2019,355277.729
2026-09-03T12:28:28Z,Lesotho,426,Import,World,37,Photographic or cinematographic goods,2019,195309.329
2026-09-03T12:28:28Z,Lesotho,426,Import,World,08,"Fruit and nuts, edible; peel of citrus fruit or melons",2019,6271844.792
2026-09-03T12:28:28Z,Lesotho,426,Import,World,83,Metal; miscellaneous products of base metal,2019,5158883.703
2026-09-03T12:28:28Z,Lesotho,426,Import,World,43,Furskins and artificial fur; manufactures thereof,2019,317979.14
2026-09-03T12:28:28Z,Lesotho,426,Import,World,46,"Manufactures of straw, esparto or other plaiting materials; basketware and wickerwork",2019,30953.323
2026-09-03T12:28:28Z,Lesotho,426,Import,World,18,Cocoa and cocoa preparations,2019,1373819.003
2026-09-03T12:28:28Z,Lesotho,426,Import,World,58,"Fabrics; special woven fabrics, tufted textile fabrics, lace, tapestries, trimmings, embroidery",2019,6255815.946
2026-09-03T12:28:28Z,Lesotho,426,Import,World,15,Animal or vegetable fats and oils and their cleavage products; prepared animal fats; animal or vegetable waxes,2019,10450957.606
2026-09-03T12:28:28Z,Lesotho,426,Import,World,61,Apparel and clothing accessories; knitted or crocheted,2019,21028723.604
2026-09-03T12:28:28Z,Lesotho,426,Import,World,81,"Metals; n.e.c., cermets and articles thereof",2019,5991.818
2026-09-03T12:28:28Z,Lesotho,426,Import,World,78,Lead and articles thereof,2019,13328.392
2026-09-03T12:28:28Z,Lesotho,426,Import,World,69,Ceramic products,2019,3743810.913
2026-09-03T12:28:28Z,Lesotho,426,Import,World,49,"Printed books, newspapers, pictures and other products of the printing industry; manuscripts, typescripts and plans",2019,21807051.23
2026-09-03T12:28:28Z,Lesotho,426,Import,World,72,Iron and steel,2019,13184442.773
2026-09-03T12:28:28Z,Lesotho,426,Import,World,92,Musical instruments; parts and accessories of such articles,2019,109856.222
2026-09-03T12:28:28Z,Lesotho,426,Import,World,09,"Coffee, tea, mate and spices",2019,9313996.434
2026-09-03T12:28:28Z,Lesotho,426,Import,World,87,"Vehicles; other than railway or tramway rolling stock, and parts and accessories thereof",2019,108918554.543
2026-09-03T12:28:28Z,Lesotho,426,Import,World,29,Organic chemicals,2019,1255204.305
2026-09-03T12:28:28Z,Lesotho,426,Import,World,95,"Toys, games and sports requisites; parts and accessories thereof",2019,1283468.332
2026-09-03T12:28:28Z,Lesotho,426,Import,World,52,Cotton,2019,81503025.443
2026-09-03T12:28:28Z,Namibia,516,Import,World,30,Pharmaceutical products,2019,160499911.817
2026-09-03T12:28:28Z,Namibia,516,Import,World,10,Cereals,2019,95200334.832
2026-09-03T12:28:28Z,Namibia,516,Import,World,85,"Electrical machinery and equipment and parts thereof; sound recorders and reproducers; television image and sound recorders and reproducers, parts and accessories of such articles",2019,304890490.933
2026-09-03T12:28:28Z,Namibia,516,Import,World,25,"Salt; sulphur; earths, stone; plastering materials, lime and cement",2019,13621109.689
2026-09-03T12:28:28Z,Namibia,516,Import,World,33,"Essential oils and resinoids; perfumery, cosmetic or toilet preparations",2019,97157474.357
2026-09-03T12:28:28Z,Namibia,516,Import,World,84,"Nuclear reactors, boilers, machinery and mechanical appliances; parts thereof",2019,524002126.236
2026-09-03T12:28:28Z,Namibia,516,Import,World,90,"Optical, photographic, cinematographic, measuring, checking, medical or surgical instruments and apparatus; parts and accessories",2019,89880443.61
2026-09-03T12:28:28Z,Namibia,516,Import,World,71,"Natural, cultured pearls; precious, semi-precious stones; precious metals, metals clad with precious metal, and articles thereof; imitation jewellery; coin",2019,506790563.512
2026-09-03T12:28:28Z,Namibia,516,Import,World,27,"Mineral fuels, mineral oils and products of their distillation; bituminous substances; mineral waxes",2019,935386258.332
2026-09-03T12:28:28Z,Namibia,516,Import,World,59,"Textile fabrics; impregnated, coated, covered or laminated; textile articles of a kind suitable for industrial use",2019,2699673.501
2026-09-03T12:28:28Z,Namibia,516,Import,World,49,"Printed books, newspapers, pictures and other products of the printing industry; manuscripts, typescripts and plans",2019,24022131.95
2026-09-03T12:28:28Z,Namibia,516,Import,World,73,Iron or steel articles,2019,203247394.317
2026-09-03T12:28:28Z,Namibia,516,Import,World,80,Tin; articles thereof,2019,63128.21
2026-09-03T12:28:28Z,Namibia,516,Import,World,89,"Ships, boats and floating structures",2019,76426021.077
2026-09-03T12:28:28Z,Namibia,516,Import,World,36,Explosives; pyrotechnic products; matches; pyrophoric alloys; certain combustible preparations,2019,6914247.068
2026-09-03T12:28:28Z,Namibia,516,Import,World,82,"Tools, implements, cutlery, spoons and forks, of base metal; parts thereof, of base metal",2019,25762336.079
2026-09-03T12:28:28Z,Namibia,516,Import,World,39,Plastics and articles thereof,2019,199853912.983
2026-09-03T12:28:28Z,Namibia,516,Import,World,04,"Dairy produce; birds' eggs; natural honey; edible products of animal origin, not elsewhere specified or included",2019,44982554.77
2026-09-03T12:28:28Z,Namibia,516,Import,World,08,"Fruit and nuts, edible; peel of citrus fruit or melons",2019,26342375.275
2026-09-03T12:28:28Z,Namibia,516,Import,World,79,Zinc and articles thereof,2019,2499531.52
2026-09-03T12:28:28Z,Namibia,516,Import,World,16,"Meat, fish or crustaceans, molluscs or other aquatic invertebrates; preparations thereof",2019,21139449.367
2026-09-03T12:28:28Z,Namibia,516,Import,World,50,Silk,2019,1725454.256
2026-09-03T12:28:28Z,Namibia,516,Import,World,37,Photographic or cinematographic goods,2019,958989.393
2026-09-03T12:28:28Z,Namibia,516,Import,World,74,Copper and articles thereof,2019,5357291.727
2026-09-03T12:28:28Z,Namibia,516,Import,World,72,Iron and steel,2019,98991077.587
2026-09-03T12:28:28Z,Namibia,516,Import,World,22,"Beverages, spirits and vinegar",2019,195294683.354
2026-09-03T12:28:28Z,Namibia,516,Import,World,76,Aluminium and articles thereof,2019,24574162.975
2026-09-03T12:28:28Z,Namibia,516,Import,World,29,Organic chemicals,2019,14619211.317
2026-09-03T12:28:28Z,Namibia,516,Import,World,54,Man-made filaments; strip and the like of man-made textile materials,2019,1930438.962
2026-09-03T12:28:28Z,Namibia,516,Import,World,63,"Textiles, made up articles; sets; worn clothing and worn textile articles; rags",2019,34374588.021
2026-09-03T12:28:28Z,Namibia,516,Import,World,57,Carpets and other textile floor coverings,2019,3263434.426
2026-09-03T12:28:28Z,Namibia,516,Import,World,58,"Fabrics; special woven fabrics, tufted textile fabrics, lace, tapestries, trimmings, embroidery",2019,1544706.551
2026-09-03T12:28:28Z,Namibia,516,Import,World,69,Ceramic products,2019,26333782.161
2026-09-03T12:28:28Z,Namibia,516,Import,World,11,"Products of the milling industry; malt, starches, inulin, wheat gluten",2019,28156254.081
2026-09-03T12:28:28Z,Namibia,516,Import,World,03,"Fish and crustaceans, molluscs and other aquatic invertebrates",2019,40132057.396
2026-09-03T12:28:28Z,Namibia,516,Import,World,56,"Wadding, felt and nonwovens, special yarns; twine, cordage, ropes and cables and articles thereof",2019,6812247.28
2026-09-03T12:28:28Z,Namibia,516,Import,World,65,Headgear and parts thereof,2019,4668814.175
2026-09-03T12:28:28Z,Namibia,516,Import,World,21,Miscellaneous edible preparations,2019,56311984.054
2026-09-03T12:28:28Z,Namibia,516,Import,World,42,"Articles of leather; saddlery and harness; travel goods, handbags and similar containers; articles of animal gut (other than silk-worm gut)",2019,14605106.18
2026-09-03T12:28:28Z,Namibia,516,Import,World,92,Musical instruments; parts and accessories of such articles,2019,665468.523
2026-09-03T12:28:28Z,Namibia,516,Import,World,44,Wood and articles of wood; wood charcoal,2019,46568717.987
2026-09-03T12:28:28Z,Namibia,516,Import,World,01,Animals; live,2019,1555923.017
2026-09-03T12:28:28Z,Namibia,516,Import,World,07,Vegetables and certain roots and tubers; edible,2019,29164174.605
2026-09-03T12:28:28Z,Namibia,516,Import,World,28,"Inorganic chemicals; organic and inorganic compounds of precious metals; of rare earth metals, of radio-active elements and of isotopes",2019,87426252.589
2026-09-03T12:28:28Z,Namibia,516,Import,World,47,Pulp of wood or other fibrous cellulosic material; recovered (waste and scrap) paper or paperboard,2019,4288176.827
2026-09-03T12:28:28Z,Namibia,516,Import,World,94,"Furniture; bedding, mattresses, mattress supports, cushions and similar stuffed furnishings; lamps and lighting fittings, n.e.c.; illuminated signs, illuminated name-plates and the like; prefabricated buildings",2019,71443372.311
2026-09-03T12:28:28Z,Namibia,516,Import,World,31,Fertilizers,2019,21969617.541
2026-09-03T12:28:28Z,Namibia,516,Import,World,53,Vegetable textile fibres; paper yarn and woven fabrics of paper yarn,2019,223228.463
2026-09-03T12:28:28Z,Namibia,516,Import,World,38,Chemical products n.e.c.,2019,98397698.939
2026-09-03T12:28:28Z,Namibia,516,Import,World,34,"Soap, organic surface-active agents; washing, lubricating, polishing or scouring preparations; artificial or prepared waxes, candles and similar articles, modelling pastes, dental waxes and dental preparations with a basis of plaster",2019,64028750.938
2026-09-03T12:28:28Z,Namibia,516,Import,World,35,Albuminoidal substances; modified starches; glues; enzymes,2019,5799213.578
2026-09-03T12:28:28Z,Namibia,516,Import,World,88,"Aircraft, spacecraft and parts thereof",2019,8752716.469
2026-09-03T12:28:28Z,Namibia,516,Import,World,40,Rubber and articles thereof,2019,111855280.268
2026-09-03T12:28:28Z,Namibia,516,Import,World,19,"Preparations of cereals, flour, starch or milk; pastrycooks' products",2019,42899239.186
2026-09-03T12:28:28Z,Namibia,516,Import,World,06,"Trees and other plants, live; bulbs, roots and the like; cut flowers and ornamental foliage",2019,4677216.737
2026-09-03T12:28:28Z,Namibia,516,Import,World,12,"Oil seeds and oleaginous fruits; miscellaneous grains, seeds and fruit, industrial or medicinal plants; straw and fodder",2019,15363031.705
2026-09-03T12:28:28Z,Namibia,516,Import,World,62,Apparel and clothing accessories; not knitted or crocheted,2019,53352574.357
2026-09-03T12:28:28Z,Namibia,516,Import,World,66,"Umbrellas, sun umbrellas, walking-sticks, seat sticks, whips, riding crops; and parts thereof",2019,533105.955
2026-09-03T12:28:28Z,Namibia,516,Import,World,91,Clocks and watches and parts thereof,2019,2388720.25
2026-09-03T12:28:28Z,Namibia,516,Import,World,15,Animal or vegetable fats and oils and their cleavage products; prepared animal fats; animal or vegetable waxes,2019,41517124.614
2026-09-03T12:28:28Z,Namibia,516,Import,World,52,Cotton,2019,1059738.079
2026-09-03T12:28:28Z,Namibia,516,Import,World,26,"Ores, slag and ash",2019,514261108.589
2026-09-03T12:28:28Z,Namibia,516,Import,World,96,Miscellaneous manufactured articles,2019,33269028.732
2026-09-03T12:28:28Z,Namibia,516,Import,World,55,Man-made staple fibres,2019,1282239.769
2026-09-03T12:28:28Z,Namibia,516,Import,World,48,"Paper and paperboard; articles of paper pulp, of paper or paperboard",2019,89197617.19
2026-09-03T12:28:28Z,Namibia,516,Import,World,20,"Preparations of vegetables, fruit, nuts or other parts of plants",2019,57061384.919
2026-09-03T12:28:28Z,Namibia,516,Import,World,68,"Stone, plaster, cement, asbestos, mica or similar materials; articles thereof",2019,22488686.611
2026-09-03T12:28:28Z,Namibia,516,Import,World,67,"Feathers and down, prepared; and articles made of feather or of down; artificial flowers; articles of human hair",2019,4592443.952
2026-09-03T12:28:28Z,Namibia,516,Import,World,51,"Wool, fine or coarse animal hair; horsehair yarn and woven fabric",2019,173733.287
2026-09-03T12:28:28Z,Namibia,516,Import,World,87,"Vehicles; other than railway or tramway rolling stock, and parts and accessories thereof",2019,315666605.35
2026-09-03T12:28:28Z,Namibia,516,Import,World,18,Cocoa and cocoa preparations,2019,10889130.999
2026-09-03T12:28:28Z,Namibia,516,Import,World,64,Footwear; gaiters and the like; parts of such articles,2019,45728427.525
2026-09-03T12:28:28Z,Namibia,516,Import,World,95,"Toys, games and sports requisites; parts and accessories thereof",2019,15406246.825
2026-09-03T12:28:28Z,Namibia,516,Import,World,23,"Food industries, residues and wastes thereof; prepared animal fodder",2019,75977753.518
2026-09-03T12:28:28Z,Namibia,516,Import,World,46,"Manufactures of straw, esparto or other plaiting materials; basketware and wickerwork",2019,257710.868
2026-09-03T12:28:28Z,Namibia,516,Import,World,83,Metal; miscellaneous products of base metal,2019,25920953.325
2026-09-03T12:28:28Z,Namibia,516,Import,World,32,"Tanning or dyeing extracts; tannins and their derivatives; dyes, pigments and other colouring matter; paints, varnishes; putty, other mastics; inks",2019,30302185.963
2026-09-03T12:28:28Z,Namibia,516,Import,World,93,Arms and ammunition; parts and accessories thereof,2019,3359234.288
2026-09-03T12:28:28Z,Namibia,516,Import,World,75,Nickel and articles thereof,2019,86317.921
2026-09-03T12:28:28Z,Namibia,516,Import,World,61,Apparel and clothing accessories; knitted or crocheted,2019,78829175.512
2026-09-03T12:28:28Z,Namibia,516,Import,World,17,Sugars and sugar confectionery,2019,76432110.123
2026-09-03T12:28:28Z,Namibia,516,Import,World,70,Glass and glassware,2019,29444173.646
2026-09-03T12:28:28Z,Namibia,516,Import,World,09,"Coffee, tea, mate and spices",2019,26852489.201
2026-09-03T12:28:28Z,Namibia,516,Import,World,02,Meat and edible meat offal,2019,41086542.29
2026-09-03T12:28:28Z,Namibia,516,Import,World,24,Tobacco and manufactured tobacco substitutes,2019,46987237.643
2026-09-03T12:28:28Z,Namibia,516,Import,World,43,Furskins and artificial fur; manufactures thereof,2019,81040.375
2026-09-03T12:28:28Z,Namibia,516,Import,World,97,Works of art; collectors' pieces and antiques,2019,376653.191
2026-09-03T12:28:28Z,Namibia,516,Import,World,99,Commodities not specified according to kind,2019,4212244.284
2026-09-03T12:28:28Z,Namibia,516,Import,World,81,"Metals; n.e.c., cermets and articles thereof",2019,1057103.952
2026-09-03T12:28:28Z,Namibia,516,Import,World,60,Fabrics; knitted or crocheted,2019,558884.662
2026-09-03T12:28:28Z,Namibia,516,Import,World,13,"Lac; gums, resins and other vegetable saps and extracts",2019,1501226.051
2026-09-03T12:28:28Z,Namibia,516,Import,World,86,"Railway, tramway locomotives, rolling-stock and parts thereof; railway or tramway track fixtures and fittings and parts thereof; mechanical (including electro-mechanical) traffic signalling equipment of all kinds",2019,3418602.554
2026-09-03T12:28:28Z,Namibia,516,Import,World,05,Animal originated products; not elsewhere specified or included,2019,3265462.357
2026-09-03T12:28:28Z,Namibia,516,Import,World,45,Cork and articles of cork,2019,70697.496
2026-09-03T12:28:28Z,Namibia,516,Import,World,41,Raw hides and skins (other than furskins) and leather,2019,1026341.109
2026-09-03T12:28:28Z,Namibia,516,Import,World,14,Vegetable plaiting materials; vegetable products not elsewhere specified or included,2019,202647.963
2026-09-03T12:28:28Z,Namibia,516,Import,World,78,Lead and articles thereof,2019,549514.022
2026-09-03T12:28:28Z,South Africa,710,Import,World,82,"Tools, implements, cutlery, spoons and forks, of base metal; parts thereof, of base metal",2019,398389128.715
2026-09-03T12:28:28Z,South Africa,710,Import,World,81,"Metals; n.e.c., cermets and articles thereof",2019,56619071.053
2026-09-03T12:28:28Z,South Africa,710,Import,World,79,Zinc and articles thereof,2019,167872583.264
2026-09-03T12:28:28Z,South Africa,710,Import,World,80,Tin; articles thereof,2019,11971566.139
2026-09-03T12:28:28Z,South Africa,710,Import,World,57,Carpets and other textile floor coverings,2019,39375892.549
2026-09-03T12:28:28Z,South Africa,710,Import,World,62,Apparel and clothing accessories; not knitted or crocheted,2019,996271728.928
2026-09-03T12:28:28Z,South Africa,710,Import,World,64,Footwear; gaiters and the like; parts of such articles,2019,884044675.543
2026-09-03T12:28:28Z,South Africa,710,Import,World,28,"Inorganic chemicals; organic and inorganic compounds of precious metals; of rare earth metals, of radio-active elements and of isotopes",2019,1212696582.707
2026-09-03T12:28:28Z,South Africa,710,Import,World,44,Wood and articles of wood; wood charcoal,2019,362290959.518
2026-09-03T12:28:28Z,South Africa,710,Import,World,40,Rubber and articles thereof,2019,1225538542.627
2026-09-03T12:28:28Z,South Africa,710,Import,World,61,Apparel and clothing accessories; knitted or crocheted,2019,861859691.517
2026-09-03T12:28:28Z,South Africa,710,Import,World,66,"Umbrellas, sun umbrellas, walking-sticks, seat sticks, whips, riding crops; and parts thereof",2019,9652857.808
2026-09-03T12:28:28Z,South Africa,710,Import,World,73,Iron or steel articles,2019,1053855374.277
2026-09-03T12:28:28Z,South Africa,710,Import,World,59,"Textile fabrics; impregnated, coated, covered or laminated; textile articles of a kind suitable for industrial use",2019,129433745.442
2026-09-03T12:28:28Z,South Africa,710,Import,World,63,"Textiles, made up articles; sets; worn clothing and worn textile articles; rags",2019,246419155.639
2026-09-03T12:28:28Z,South Africa,710,Import,World,65,Headgear and parts thereof,2019,65261273.795
2026-09-03T12:28:28Z,South Africa,710,Import,World,69,Ceramic products,2019,528999615.305
2026-09-03T12:28:28Z,South Africa,710,Import,World,70,Glass and glassware,2019,288794716.545
2026-09-03T12:28:28Z,South Africa,710,Import,World,76,Aluminium and articles thereof,2019,610646619.984
2026-09-03T12:28:28Z,South Africa,710,Import,World,45,Cork and articles of cork,2019,14072593.176
2026-09-03T12:28:28Z,South Africa,710,Import,World,46,"Manufactures of straw, esparto or other plaiting materials; basketware and wickerwork",2019,4920949.64
2026-09-03T12:28:28Z,South Africa,710,Import,World,47,Pulp of wood or other fibrous cellulosic material; recovered (waste and scrap) paper or paperboard,2019,121341494.471
2026-09-03T12:28:28Z,South Africa,710,Import,World,48,"Paper and paperboard; articles of paper pulp, of paper or paperboard",2019,1033423250.435
2026-09-03T12:28:28Z,South Africa,710,Import,World,49,"Printed books, newspapers, pictures and other products of the printing industry; manuscripts, typescripts and plans",2019,1376276015.472
2026-09-03T12:28:28Z,South Africa,710,Import,World,50,Silk,2019,3095857.541
2026-09-03T12:28:28Z,South Africa,710,Import,World,51,"Wool, fine or coarse animal hair; horsehair yarn and woven fabric",2019,26699827.205
2026-09-03T12:28:28Z,South Africa,710,Import,World,52,Cotton,2019,151158692.293
2026-09-03T12:28:28Z,South Africa,710,Import,World,53,Vegetable textile fibres; paper yarn and woven fabrics of paper yarn,2019,20924624.178
2026-09-03T12:28:28Z,South Africa,710,Import,World,54,Man-made filaments; strip and the like of man-made textile materials,2019,233647872.479
2026-09-03T12:28:28Z,South Africa,710,Import,World,55,Man-made staple fibres,2019,191790553.06
2026-09-03T12:28:28Z,South Africa,710,Import,World,56,"Wadding, felt and nonwovens, special yarns; twine, cordage, ropes and cables and articles thereof",2019,126523703.799
2026-09-03T12:28:28Z,South Africa,710,Import,World,58,"Fabrics; special woven fabrics, tufted textile fabrics, lace, tapestries, trimmings, embroidery",2019,44079709.605
2026-09-03T12:28:28Z,South Africa,710,Import,World,60,Fabrics; knitted or crocheted,2019,194399351.578
2026-09-03T12:28:28Z,South Africa,710,Import,World,67,"Feathers and down, prepared; and articles made of feather or of down; artificial flowers; articles of human hair",2019,48700177.509
2026-09-03T12:28:28Z,South Africa,710,Import,World,68,"Stone, plaster, cement, asbestos, mica or similar materials; articles thereof",2019,232831303.558
2026-09-03T12:28:28Z,South Africa,710,Import,World,71,"Natural, cultured pearls; precious, semi-precious stones; precious metals, metals clad with precious metal, and articles thereof; imitation jewellery; coin",2019,1125458104.881
2026-09-03T12:28:28Z,South Africa,710,Import,World,72,Iron and steel,2019,1140979066.296
2026-09-03T12:28:28Z,South Africa,710,Import,World,74,Copper and articles thereof,2019,583190099.075
2026-09-03T12:28:28Z,South Africa,710,Import,World,75,Nickel and articles thereof,2019,8328585.899
2026-09-03T12:28:28Z,South Africa,710,Import,World,78,Lead and articles thereof,2019,21310180.281
2026-09-03T12:28:28Z,South Africa,710,Import,World,02,Meat and edible meat offal,2019,584932291.867
2026-09-03T12:28:28Z,South Africa,710,Import,World,03,"Fish and crustaceans, molluscs and other aquatic invertebrates",2019,307845559.624
2026-09-03T12:28:28Z,South Africa,710,Import,World,04,"Dairy produce; birds' eggs; natural honey; edible products of animal origin, not elsewhere specified or included",2019,182527740.052
2026-09-03T12:28:28Z,South Africa,710,Import,World,05,Animal originated products; not elsewhere specified or included,2019,130278121.744
2026-09-03T12:28:28Z,South Africa,710,Import,World,07,Vegetables and certain roots and tubers; edible,2019,86636141.502
2026-09-03T12:28:28Z,South Africa,710,Import,World,08,"Fruit and nuts, edible; peel of citrus fruit or melons",2019,183275222.654
2026-09-03T12:28:28Z,South Africa,710,Import,World,09,"Coffee, tea, mate and spices",2019,188554560.083
2026-09-03T12:28:28Z,South Africa,710,Import,World,10,Cereals,2019,998932651.238
2026-09-03T12:28:28Z,South Africa,710,Import,World,11,"Products of the milling industry; malt, starches, inulin, wheat gluten",2019,108832393.037
2026-09-03T12:28:28Z,South Africa,710,Import,World,12,"Oil seeds and oleaginous fruits; miscellaneous grains, seeds and fruit, industrial or medicinal plants; straw and fodder",2019,124684665.391
2026-09-03T12:28:28Z,South Africa,710,Import,World,13,"Lac; gums, resins and other vegetable saps and extracts",2019,31093514.445
2026-09-03T12:28:28Z,South Africa,710,Import,World,14,Vegetable plaiting materials; vegetable products not elsewhere specified or included,2019,4085546.512
2026-09-03T12:28:28Z,South Africa,710,Import,World,15,Animal or vegetable fats and oils and their cleavage products; prepared animal fats; animal or vegetable waxes,2019,632664653.592
2026-09-03T12:28:28Z,South Africa,710,Import,World,16,"Meat, fish or crustaceans, molluscs or other aquatic invertebrates; preparations thereof",2019,167958643.319
2026-09-03T12:28:28Z,South Africa,710,Import,World,17,Sugars and sugar confectionery,2019,444739028.748
2026-09-03T12:28:28Z,South Africa,710,Import,World,18,Cocoa and cocoa preparations,2019,159641446.281
2026-09-03T12:28:28Z,South Africa,710,Import,World,19,"Preparations of cereals, flour, starch or milk; pastrycooks' products",2019,175858886.551
2026-09-03T12:28:28Z,South Africa,710,Import,World,20,"Preparations of vegetables, fruit, nuts or other parts of plants",2019,260520792.89
2026-09-03T12:28:28Z,South Africa,710,Import,World,21,Miscellaneous edible preparations,2019,336961361.634
2026-09-03T12:28:28Z,South Africa,710,Import,World,22,"Beverages, spirits and vinegar",2019,696693423.074
2026-09-03T12:28:28Z,South Africa,710,Import,World,23,"Food industries, residues and wastes thereof; prepared animal fodder",2019,377750666.154
2026-09-03T12:28:28Z,South Africa,710,Import,World,24,Tobacco and manufactured tobacco substitutes,2019,192682754.787
2026-09-03T12:28:28Z,South Africa,710,Import,World,25,"Salt; sulphur; earths, stone; plastering materials, lime and cement",2019,240067035.45
2026-09-03T12:28:28Z,South Africa,710,Import,World,26,"Ores, slag and ash",2019,101596227.212
2026-09-03T12:28:28Z,South Africa,710,Import,World,29,Organic chemicals,2019,1424557810.768
2026-09-03T12:28:28Z,South Africa,710,Import,World,30,Pharmaceutical products,2019,2408616816.872
2026-09-03T12:28:28Z,South Africa,710,Import,World,31,Fertilizers,2019,572144344.992
2026-09-03T12:28:28Z,South Africa,710,Import,World,32,"Tanning or dyeing extracts; tannins and their derivatives; dyes, pigments and other colouring matter; paints, varnishes; putty, other mastics; inks",2019,489102916.555
2026-09-03T12:28:28Z,South Africa,710,Import,World,33,"Essential oils and resinoids; perfumery, cosmetic or toilet preparations",2019,1076836800.766
2026-09-03T12:28:28Z,South Africa,710,Import,World,34,"Soap, organic surface-active agents; washing, lubricating, polishing or scouring preparations; artificial or prepared waxes, candles and similar articles, modelling pastes, dental waxes and dental preparations with a basis of plaster",2019,295353447.7
2026-09-03T12:28:28Z,South Africa,710,Import,World,35,Albuminoidal substances; modified starches; glues; enzymes,2019,236221685.257
2026-09-03T12:28:28Z,South Africa,710,Import,World,36,Explosives; pyrotechnic products; matches; pyrophoric alloys; certain combustible preparations,2019,53141686.16
2026-09-03T12:28:28Z,South Africa,710,Import,World,38,Chemical products n.e.c.,2019,1585421109.329
2026-09-03T12:28:28Z,South Africa,710,Import,World,39,Plastics and articles thereof,2019,2490952138.298
2026-09-03T12:28:28Z,South Africa,710,Import,World,41,Raw hides and skins (other than furskins) and leather,2019,41610669.738
2026-09-03T12:28:28Z,South Africa,710,Import,World,43,Furskins and artificial fur; manufactures thereof,2019,989592.042
2026-09-03T12:28:28Z,South Africa,710,Import,World,84,"Nuclear reactors, boilers, machinery and mechanical appliances; parts thereof",2019,11195299374.032
2026-09-03T12:28:28Z,South Africa,710,Import,World,85,"Electrical machinery and equipment and parts thereof; sound recorders and reproducers; television image and sound recorders and reproducers, parts and accessories of such articles",2019,8551899119.731
2026-09-03T12:28:28Z,South Africa,710,Import,World,86,"Railway, tramway locomotives, rolling-stock and parts thereof; railway or tramway track fixtures and fittings and parts thereof; mechanical (including electro-mechanical) traffic signalling equipment of all kinds",2019,138145470.443
2026-09-03T12:28:28Z,South Africa,710,Import,World,87,"Vehicles; other than railway or tramway rolling stock, and parts and accessories thereof",2019,6881488276.208
2026-09-03T12:28:28Z,South Africa,710,Import,World,92,Musical instruments; parts and accessories of such articles,2019,18083468.078
2026-09-03T12:28:28Z,South Africa,710,Import,World,96,Miscellaneous manufactured articles,2019,292248422.919
2026-09-03T12:28:28Z,South Africa,710,Import,World,90,"Optical, photographic, cinematographic, measuring, checking, medical or surgical instruments and apparatus; parts and accessories",2019,2238920621.875
2026-09-03T12:28:28Z,South Africa,710,Import,World,91,Clocks and watches and parts thereof,2019,104231446.493
2026-09-03T12:28:28Z,South Africa,710,Import,World,89,"Ships, boats and floating structures",2019,68810727.325
2026-09-03T12:28:28Z,South Africa,710,Import,World,93,Arms and ammunition; parts and accessories thereof,2019,58105522.129
2026-09-03T12:28:28Z,South Africa,710,Import,World,88,"Aircraft, spacecraft and parts thereof",2019,953805968.795
2026-09-03T12:28:28Z,South Africa,710,Import,World,95,"Toys, games and sports requisites; parts and accessories thereof",2019,437782326.192
2026-09-03T12:28:28Z,South Africa,710,Import,World,83,Metal; miscellaneous products of base metal,2019,296358918.268
2026-09-03T12:28:28Z,South Africa,710,Import,World,94,"Furniture; bedding, mattresses, mattress supports, cushions and similar stuffed furnishings; lamps and lighting fittings, n.e.c.; illuminated signs, illuminated name-plates and the like; prefabricated buildings",2019,746572835.804
2026-09-03T12:28:28Z,South Africa,710,Import,World,97,Works of art; collectors' pieces and antiques,2019,41989642.686
2026-09-03T12:28:28Z,South Africa,710,Import,World,99,Commodities not specified according to kind,2019,7438432941.64
2026-09-03T12:28:28Z,South Africa,710,Import,World,01,Animals; live,2019,170302862.552
2026-09-03T12:28:28Z,South Africa,710,Import,World,06,"Trees and other plants, live; bulbs, roots and the like; cut flowers and ornamental foliage",2019,23607262.349
2026-09-03T12:28:28Z,South Africa,710,Import,World,27,"Mineral fuels, mineral oils and products of their distillation; bituminous substances; mineral waxes",2019,14840987003.598
2026-09-03T12:28:28Z,South Africa,710,Import,World,37,Photographic or cinematographic goods,2019,60175942.048
2026-09-03T12:28:28Z,South Africa,710,Import,World,42,"Articles of leather; saddlery and harness; travel goods, handbags and similar containers; articles of animal gut (other than silk-worm gut)",2019,233334634.704
2026-09-03T12:28:28Z,Eswatini,748,Import,World,06,"Trees and other plants, live; bulbs, roots and the like; cut flowers and ornamental foliage",2019,2314971.14
2026-09-03T12:28:28Z,Eswatini,748,Import,World,05,Animal originated products; not elsewhere specified or included,2019,840937.21
2026-09-03T12:28:28Z,Eswatini,748,Import,World,04,"Dairy produce; birds' eggs; natural honey; edible products of animal origin, not elsewhere specified or included",2019,28440885.57
2026-09-03T12:28:28Z,Eswatini,748,Import,World,07,Vegetables and certain roots and tubers; edible,2019,16102476.56
2026-09-03T12:28:28Z,Eswatini,748,Import,World,08,"Fruit and nuts, edible; peel of citrus fruit or melons",2019,7759509.58
2026-09-03T12:28:28Z,Eswatini,748,Import,World,03,"Fish and crustaceans, molluscs and other aquatic invertebrates",2019,2739339.05
2026-09-03T12:28:28Z,Eswatini,748,Import,World,02,Meat and edible meat offal,2019,10577920.65
2026-09-03T12:28:28Z,Eswatini,748,Import,World,09,"Coffee, tea, mate and spices",2019,11458774.43
2026-09-03T12:28:28Z,Eswatini,748,Import,World,15,Animal or vegetable fats and oils and their cleavage products; prepared animal fats; animal or vegetable waxes,2019,13710952.22
2026-09-03T12:28:28Z,Eswatini,748,Import,World,11,"Products of the milling industry; malt, starches, inulin, wheat gluten",2019,3621430.31
2026-09-03T12:28:28Z,Eswatini,748,Import,World,01,Animals; live,2019,2089970.01
2026-09-03T12:28:28Z,Eswatini,748,Import,World,17,Sugars and sugar confectionery,2019,16149169.05
2026-09-03T12:28:28Z,Eswatini,748,Import,World,13,"Lac; gums, resins and other vegetable saps and extracts",2019,9243485.54
2026-09-03T12:28:28Z,Eswatini,748,Import,World,14,Vegetable plaiting materials; vegetable products not elsewhere specified or included,2019,11639.6
2026-09-03T12:28:28Z,Eswatini,748,Import,World,10,Cereals,2019,63630739.64
2026-09-03T12:28:28Z,Eswatini,748,Import,World,16,"Meat, fish or crustaceans, molluscs or other aquatic invertebrates; preparations thereof",2019,9407682.37
2026-09-03T12:28:28Z,Eswatini,748,Import,World,12,"Oil seeds and oleaginous fruits; miscellaneous grains, seeds and fruit, industrial or medicinal plants; straw and fodder",2019,3267558.99
2026-09-03T12:28:28Z,Eswatini,748,Import,World,23,"Food industries, residues and wastes thereof; prepared animal fodder",2019,25024828.98
2026-09-03T12:28:28Z,Eswatini,748,Import,World,18,Cocoa and cocoa preparations,2019,2949340.34
2026-09-03T12:28:28Z,Eswatini,748,Import,World,19,"Preparations of cereals, flour, starch or milk; pastrycooks' products",2019,24761429.44
2026-09-03T12:28:28Z,Eswatini,748,Import,World,20,"Preparations of vegetables, fruit, nuts or other parts of plants",2019,20115672.03
2026-09-03T12:28:28Z,Eswatini,748,Import,World,21,Miscellaneous edible preparations,2019,16710818.52
2026-09-03T12:28:28Z,Eswatini,748,Import,World,22,"Beverages, spirits and vinegar",2019,52200292.08
2026-09-03T12:28:28Z,Eswatini,748,Import,World,24,Tobacco and manufactured tobacco substitutes,2019,5932276.35
2026-09-03T12:28:28Z,Eswatini,748,Import,World,25,"Salt; sulphur; earths, stone; plastering materials, lime and cement",2019,31712005.88
2026-09-03T12:28:28Z,Eswatini,748,Import,World,26,"Ores, slag and ash",2019,1841225.12
2026-09-03T12:28:28Z,Eswatini,748,Import,World,27,"Mineral fuels, mineral oils and products of their distillation; bituminous substances; mineral waxes",2019,297589307.82
2026-09-03T12:28:28Z,Eswatini,748,Import,World,28,"Inorganic chemicals; organic and inorganic compounds of precious metals; of rare earth metals, of radio-active elements and of isotopes",2019,11447246.61
2026-09-03T12:28:28Z,Eswatini,748,Import,World,29,Organic chemicals,2019,31600300.71
2026-09-03T12:28:28Z,Eswatini,748,Import,World,30,Pharmaceutical products,2019,44030602.11
2026-09-03T12:28:28Z,Eswatini,748,Import,World,31,Fertilizers,2019,22069525.42
2026-09-03T12:28:28Z,Eswatini,748,Import,World,32,"Tanning or dyeing extracts; tannins and their derivatives; dyes, pigments and other colouring matter; paints, varnishes; putty, other mastics; inks",2019,12183466.61
2026-09-03T12:28:28Z,Eswatini,748,Import,World,33,"Essential oils and resinoids; perfumery, cosmetic or toilet preparations",2019,56878657.08
2026-09-03T12:28:28Z,Eswatini,748,Import,World,37,Photographic or cinematographic goods,2019,1385877.66
2026-09-03T12:28:28Z,Eswatini,748,Import,World,36,Explosives; pyrotechnic products; matches; pyrophoric alloys; certain combustible preparations,2019,1910118.05
2026-09-03T12:28:28Z,Eswatini,748,Import,World,35,Albuminoidal substances; modified starches; glues; enzymes,2019,4203821.69
2026-09-03T12:28:28Z,Eswatini,748,Import,World,34,"Soap, organic surface-active agents; washing, lubricating, polishing or scouring preparations; artificial or prepared waxes, candles and similar articles, modelling pastes, dental waxes and dental preparations with a basis of plaster",2019,22357780.74
2026-09-03T12:28:28Z,Eswatini,748,Import,World,38,Chemical products n.e.c.,2019,28056851.37
2026-09-03T12:28:28Z,Eswatini,748,Import,World,40,Rubber and articles thereof,2019,19773060.46
2026-09-03T12:28:28Z,Eswatini,748,Import,World,39,Plastics and articles thereof,2019,69899788.86
2026-09-03T12:28:28Z,Eswatini,748,Import,World,43,Furskins and artificial fur; manufactures thereof,2019,72772.0
2026-09-03T12:28:28Z,Eswatini,748,Import,World,44,Wood and articles of wood; wood charcoal,2019,19304037.73
2026-09-03T12:28:28Z,Eswatini,748,Import,World,46,"Manufactures of straw, esparto or other plaiting materials; basketware and wickerwork",2019,31561.26
2026-09-03T12:28:28Z,Eswatini,748,Import,World,41,Raw hides and skins (other than furskins) and leather,2019,16102.09
2026-09-03T12:28:28Z,Eswatini,748,Import,World,42,"Articles of leather; saddlery and harness; travel goods, handbags and similar containers; articles of animal gut (other than silk-worm gut)",2019,3416865.16
2026-09-03T12:28:28Z,Eswatini,748,Import,World,45,Cork and articles of cork,2019,3909.26
2026-09-03T12:28:28Z,Eswatini,748,Import,World,47,Pulp of wood or other fibrous cellulosic material; recovered (waste and scrap) paper or paperboard,2019,5098.71
2026-09-03T12:28:28Z,Eswatini,748,Import,World,48,"Paper and paperboard; articles of paper pulp, of paper or paperboard",2019,41789784.94
2026-09-03T12:28:28Z,Eswatini,748,Import,World,49,"Printed books, newspapers, pictures and other products of the printing industry; manuscripts, typescripts and plans",2019,10163084.79
2026-09-03T12:28:28Z,Eswatini,748,Import,World,50,Silk,2019,143893.34
2026-09-03T12:28:28Z,Eswatini,748,Import,World,51,"Wool, fine or coarse animal hair; horsehair yarn and woven fabric",2019,212206.65
2026-09-03T12:28:28Z,Eswatini,748,Import,World,52,Cotton,2019,69499635.71
2026-09-03T12:28:28Z,Eswatini,748,Import,World,53,Vegetable textile fibres; paper yarn and woven fabrics of paper yarn,2019,174607.62
2026-09-03T12:28:28Z,Eswatini,748,Import,World,58,"Fabrics; special woven fabrics, tufted textile fabrics, lace, tapestries, trimmings, embroidery",2019,3865994.72
2026-09-03T12:28:28Z,Eswatini,748,Import,World,54,Man-made filaments; strip and the like of man-made textile materials,2019,16542675.59
2026-09-03T12:28:28Z,Eswatini,748,Import,World,55,Man-made staple fibres,2019,16825677.44
2026-09-03T12:28:28Z,Eswatini,748,Import,World,56,"Wadding, felt and nonwovens, special yarns; twine, cordage, ropes and cables and articles thereof",2019,1386684.51
2026-09-03T12:28:28Z,Eswatini,748,Import,World,57,Carpets and other textile floor coverings,2019,1252883.66
2026-09-03T12:28:28Z,Eswatini,748,Import,World,60,Fabrics; knitted or crocheted,2019,8522497.6
2026-09-03T12:28:28Z,Eswatini,748,Import,World,61,Apparel and clothing accessories; knitted or crocheted,2019,20555786.85
2026-09-03T12:28:28Z,Eswatini,748,Import,World,59,"Textile fabrics; impregnated, coated, covered or laminated; textile articles of a kind suitable for industrial use",2019,1166398.06
2026-09-03T12:28:28Z,Eswatini,748,Import,World,62,Apparel and clothing accessories; not knitted or crocheted,2019,19943909.72
2026-09-03T12:28:28Z,Eswatini,748,Import,World,63,"Textiles, made up articles; sets; worn clothing and worn textile articles; rags",2019,7698530.22
2026-09-03T12:28:28Z,Eswatini,748,Import,World,64,Footwear; gaiters and the like; parts of such articles,2019,16661689.0
2026-09-03T12:28:28Z,Eswatini,748,Import,World,65,Headgear and parts thereof,2019,1209994.2
2026-09-03T12:28:28Z,Eswatini,748,Import,World,66,"Umbrellas, sun umbrellas, walking-sticks, seat sticks, whips, riding crops; and parts thereof",2019,192976.92
2026-09-03T12:28:28Z,Eswatini,748,Import,World,67,"Feathers and down, prepared; and articles made of feather or of down; artificial flowers; articles of human hair",2019,1898581.01
2026-09-03T12:28:28Z,Eswatini,748,Import,World,70,Glass and glassware,2019,5499273.63
2026-09-03T12:28:28Z,Eswatini,748,Import,World,69,Ceramic products,2019,8979034.24
2026-09-03T12:28:28Z,Eswatini,748,Import,World,68,"Stone, plaster, cement, asbestos, mica or similar materials; articles thereof",2019,4527504.1
2026-09-03T12:28:28Z,Eswatini,748,Import,World,71,"Natural, cultured pearls; precious, semi-precious stones; precious metals, metals clad with precious metal, and articles thereof; imitation jewellery; coin",2019,669273.07
2026-09-03T12:28:28Z,Eswatini,748,Import,World,72,Iron and steel,2019,28161599.03
2026-09-03T12:28:28Z,Eswatini,748,Import,World,73,Iron or steel articles,2019,48115761.1
2026-09-03T12:28:28Z,Eswatini,748,Import,World,79,Zinc and articles thereof,2019,16788.18
2026-09-03T12:28:28Z,Eswatini,748,Import,World,81,"Metals; n.e.c., cermets and articles thereof",2019,33764.88
2026-09-03T12:28:28Z,Eswatini,748,Import,World,78,Lead and articles thereof,2019,8733.8
2026-09-03T12:28:28Z,Eswatini,748,Import,World,76,Aluminium and articles thereof,2019,7165539.48
2026-09-03T12:28:28Z,Eswatini,748,Import,World,75,Nickel and articles thereof,2019,10448.0
2026-09-03T12:28:28Z,Eswatini,748,Import,World,74,Copper and articles thereof,2019,4395890.01
2026-09-03T12:28:28Z,Eswatini,748,Import,World,80,Tin; articles thereof,2019,12695.86
2026-09-03T12:28:28Z,Eswatini,748,Import,World,82,"Tools, implements, cutlery, spoons and forks, of base metal; parts thereof, of base metal",2019,6930246.68
2026-09-03T12:28:28Z,Eswatini,748,Import,World,83,Metal; miscellaneous products of base metal,2019,7888850.51
2026-09-03T12:28:28Z,Eswatini,748,Import,World,84,"Nuclear reactors, boilers, machinery and mechanical appliances; parts thereof",2019,119561608.29
2026-09-03T12:28:28Z,Eswatini,748,Import,World,85,"Electrical machinery and equipment and parts thereof; sound recorders and reproducers; television image and sound recorders and reproducers, parts and accessories of such articles",2019,89663644.98
2026-09-03T12:28:28Z,Eswatini,748,Import,World,86,"Railway, tramway locomotives, rolling-stock and parts thereof; railway or tramway track fixtures and fittings and parts thereof; mechanical (including electro-mechanical) traffic signalling equipment of all kinds",2019,298883.55
2026-09-03T12:28:28Z,Eswatini,748,Import,World,87,"Vehicles; other than railway or tramway rolling stock, and parts and accessories thereof",2019,128502397.44
2026-09-03T12:28:28Z,Eswatini,748,Import,World,88,"Aircraft, spacecraft and parts thereof",2019,2427348.04
2026-09-03T12:28:28Z,Eswatini,748,Import,World,89,"Ships, boats and floating structures",2019,583076.34
2026-09-03T12:28:28Z,Eswatini,748,Import,World,90,"Optical, photographic, cinematographic, measuring, checking, medical or surgical instruments and apparatus; parts and accessories",2019,19187116.11
2026-09-03T12:28:28Z,Eswatini,748,Import,World,94,"Furniture; bedding, mattresses, mattress supports, cushions and similar stuffed furnishings; lamps and lighting fittings, n.e.c.; illuminated signs, illuminated name-plates and the like; prefabricated buildings",2019,33004110.97
2026-09-03T12:28:28Z,Eswatini,748,Import,World,92,Musical instruments; parts and accessories of such articles,2019,157036.1
2026-09-03T12:28:28Z,Eswatini,748,Import,World,91,Clocks and watches and parts thereof,2019,453206.08
2026-09-03T12:28:28Z,Eswatini,748,Import,World,93,Arms and ammunition; parts and accessories thereof,2019,224694.17
2026-09-03T12:28:28Z,Eswatini,748,Import,World,97,Works of art; collectors' pieces and antiques,2019,32856.97
2026-09-03T12:28:28Z,Eswatini,748,Import,World,95,"Toys, games and sports requisites; parts and accessories thereof",2019,1988664.97
2026-09-03T12:28:28Z,Eswatini,748,Import,World,96,Miscellaneous manufactured articles,2019,14144042.42
2026-09-03T12:28:28Z,Eswatini,748,Import,World,99,Commodities not specified according to kind,2019,31232134.09
2026-09-03T12:28:28Z,Botswana,72,Import,World,92,Musical instruments; parts and accessories of such articles,2020,595656.993
2026-09-03T12:28:28Z,Botswana,72,Import,World,54,Man-made filaments; strip and the like of man-made textile materials,2020,1869611.86
2026-09-03T12:28:28Z,Botswana,72,Import,World,46,"Manufactures of straw, esparto or other plaiting materials; basketware and wickerwork",2020,120192.785
2026-09-03T12:28:28Z,Botswana,72,Import,World,66,"Umbrellas, sun umbrellas, walking-sticks, seat sticks, whips, riding crops; and parts thereof",2020,382580.349
2026-09-03T12:28:28Z,Botswana,72,Import,World,48,"Paper and paperboard; articles of paper pulp, of paper or paperboard",2020,56904090.773
2026-09-03T12:28:28Z,Botswana,72,Import,World,28,"Inorganic chemicals; organic and inorganic compounds of precious metals; of rare earth metals, of radio-active elements and of isotopes",2020,14274386.456
2026-09-03T12:28:28Z,Botswana,72,Import,World,42,"Articles of leather; saddlery and harness; travel goods, handbags and similar containers; articles of animal gut (other than silk-worm gut)",2020,15860469.342
2026-09-03T12:28:28Z,Botswana,72,Import,World,95,"Toys, games and sports requisites; parts and accessories thereof",2020,7454284.638
2026-09-03T12:28:28Z,Botswana,72,Import,World,27,"Mineral fuels, mineral oils and products of their distillation; bituminous substances; mineral waxes",2020,854613072.52
2026-09-03T12:28:28Z,Botswana,72,Import,World,78,Lead and articles thereof,2020,5291355.712
2026-09-03T12:28:28Z,Botswana,72,Import,World,61,Apparel and clothing accessories; knitted or crocheted,2020,26079819.536
2026-09-03T12:28:28Z,Botswana,72,Import,World,94,"Furniture; bedding, mattresses, mattress supports, cushions and similar stuffed furnishings; lamps and lighting fittings, n.e.c.; illuminated signs, illuminated name-plates and the like; prefabricated buildings",2020,65584827.711
2026-09-03T12:28:28Z,Botswana,72,Import,World,22,"Beverages, spirits and vinegar",2020,113089892.93
2026-09-03T12:28:28Z,Botswana,72,Import,World,60,Fabrics; knitted or crocheted,2020,512978.128
2026-09-03T12:28:28Z,Botswana,72,Import,World,44,Wood and articles of wood; wood charcoal,2020,66041249.124
2026-09-03T12:28:28Z,Botswana,72,Import,World,83,Metal; miscellaneous products of base metal,2020,15842440.142
2026-09-03T12:28:28Z,Botswana,72,Import,World,68,"Stone, plaster, cement, asbestos, mica or similar materials; articles thereof",2020,48885139.58
2026-09-03T12:28:28Z,Botswana,72,Import,World,18,Cocoa and cocoa preparations,2020,8602242.039
2026-09-03T12:28:28Z,Botswana,72,Import,World,50,Silk,2020,125489.847
2026-09-03T12:28:28Z,Botswana,72,Import,World,80,Tin; articles thereof,2020,16425.857
2026-09-03T12:28:28Z,Botswana,72,Import,World,10,Cereals,2020,144935221.825
2026-09-03T12:28:28Z,Botswana,72,Import,World,88,"Aircraft, spacecraft and parts thereof",2020,15003353.842
2026-09-03T12:28:28Z,Botswana,72,Import,World,58,"Fabrics; special woven fabrics, tufted textile fabrics, lace, tapestries, trimmings, embroidery",2020,3059428.069
2026-09-03T12:28:28Z,Botswana,72,Import,World,91,Clocks and watches and parts thereof,2020,1032894.488
2026-09-03T12:28:28Z,Botswana,72,Import,World,07,Vegetables and certain roots and tubers; edible,2020,30877745.214
2026-09-03T12:28:28Z,Botswana,72,Import,World,90,"Optical, photographic, cinematographic, measuring, checking, medical or surgical instruments and apparatus; parts and accessories",2020,86724007.762
2026-09-03T12:28:28Z,Botswana,72,Import,World,05,Animal originated products; not elsewhere specified or included,2020,667604.785
2026-09-03T12:28:28Z,Botswana,72,Import,World,47,Pulp of wood or other fibrous cellulosic material; recovered (waste and scrap) paper or paperboard,2020,200296.52
2026-09-03T12:28:28Z,Botswana,72,Import,World,84,"Nuclear reactors, boilers, machinery and mechanical appliances; parts thereof",2020,396279264.05
2026-09-03T12:28:28Z,Botswana,72,Import,World,31,Fertilizers,2020,25644252.946
2026-09-03T12:28:28Z,Botswana,72,Import,World,41,Raw hides and skins (other than furskins) and leather,2020,75876.658
2026-09-03T12:28:28Z,Botswana,72,Import,World,25,"Salt; sulphur; earths, stone; plastering materials, lime and cement",2020,59637598.806
2026-09-03T12:28:28Z,Botswana,72,Import,World,12,"Oil seeds and oleaginous fruits; miscellaneous grains, seeds and fruit, industrial or medicinal plants; straw and fodder",2020,7794220.159
2026-09-03T12:28:28Z,Botswana,72,Import,World,70,Glass and glassware,2020,10800418.817
2026-09-03T12:28:28Z,Botswana,72,Import,World,43,Furskins and artificial fur; manufactures thereof,2020,51903.81
2026-09-03T12:28:28Z,Botswana,72,Import,World,20,"Preparations of vegetables, fruit, nuts or other parts of plants",2020,63208211.288
2026-09-03T12:28:28Z,Botswana,72,Import,World,82,"Tools, implements, cutlery, spoons and forks, of base metal; parts thereof, of base metal",2020,18624341.966
2026-09-03T12:28:28Z,Botswana,72,Import,World,01,Animals; live,2020,5723857.492
2026-09-03T12:28:28Z,Botswana,72,Import,World,36,Explosives; pyrotechnic products; matches; pyrophoric alloys; certain combustible preparations,2020,4977880.716
2026-09-03T12:28:28Z,Botswana,72,Import,World,53,Vegetable textile fibres; paper yarn and woven fabrics of paper yarn,2020,256334.902
2026-09-03T12:28:28Z,Botswana,72,Import,World,30,Pharmaceutical products,2020,132184865.593
2026-09-03T12:28:28Z,Botswana,72,Import,World,51,"Wool, fine or coarse animal hair; horsehair yarn and woven fabric",2020,432140.177
2026-09-03T12:28:28Z,Botswana,72,Import,World,59,"Textile fabrics; impregnated, coated, covered or laminated; textile articles of a kind suitable for industrial use",2020,3020961.921
2026-09-03T12:28:28Z,Botswana,72,Import,World,13,"Lac; gums, resins and other vegetable saps and extracts",2020,99136.931
2026-09-03T12:28:28Z,Botswana,72,Import,World,32,"Tanning or dyeing extracts; tannins and their derivatives; dyes, pigments and other colouring matter; paints, varnishes; putty, other mastics; inks",2020,31794493.086
2026-09-03T12:28:28Z,Botswana,72,Import,World,40,Rubber and articles thereof,2020,56991814.733
2026-09-03T12:28:28Z,Botswana,72,Import,World,03,"Fish and crustaceans, molluscs and other aquatic invertebrates",2020,3380876.363
2026-09-03T12:28:28Z,Botswana,72,Import,World,67,"Feathers and down, prepared; and articles made of feather or of down; artificial flowers; articles of human hair",2020,1254260.116
2026-09-03T12:28:28Z,Botswana,72,Import,World,45,Cork and articles of cork,2020,15445.201
2026-09-03T12:28:28Z,Botswana,72,Import,World,64,Footwear; gaiters and the like; parts of such articles,2020,33028322.383
2026-09-03T12:28:28Z,Botswana,72,Import,World,73,Iron or steel articles,2020,120061490.929
2026-09-03T12:28:28Z,Botswana,72,Import,World,21,Miscellaneous edible preparations,2020,67442514.845
2026-09-03T12:28:28Z,Botswana,72,Import,World,33,"Essential oils and resinoids; perfumery, cosmetic or toilet preparations",2020,68450149.49
2026-09-03T12:28:28Z,Botswana,72,Import,World,09,"Coffee, tea, mate and spices",2020,28315272.389
2026-09-03T12:28:28Z,Botswana,72,Import,World,75,Nickel and articles thereof,2020,1571503.606
2026-09-03T12:28:28Z,Botswana,72,Import,World,86,"Railway, tramway locomotives, rolling-stock and parts thereof; railway or tramway track fixtures and fittings and parts thereof; mechanical (including electro-mechanical) traffic signalling equipment of all kinds",2020,2905093.691
2026-09-03T12:28:28Z,Botswana,72,Import,World,24,Tobacco and manufactured tobacco substitutes,2020,19257326.287
2026-09-03T12:28:28Z,Botswana,72,Import,World,15,Animal or vegetable fats and oils and their cleavage products; prepared animal fats; animal or vegetable waxes,2020,43551258.102
2026-09-03T12:28:28Z,Botswana,72,Import,World,39,Plastics and articles thereof,2020,121478000.281
2026-09-03T12:28:28Z,Botswana,72,Import,World,96,Miscellaneous manufactured articles,2020,28153315.598
2026-09-03T12:28:28Z,Botswana,72,Import,World,52,Cotton,2020,9779741.671
2026-09-03T12:28:28Z,Botswana,72,Import,World,85,"Electrical machinery and equipment and parts thereof; sound recorders and reproducers; television image and sound recorders and reproducers, parts and accessories of such articles",2020,339854932.994
2026-09-03T12:28:28Z,Botswana,72,Import,World,06,"Trees and other plants, live; bulbs, roots and the like; cut flowers and ornamental foliage",2020,1681501.387
2026-09-03T12:28:28Z,Botswana,72,Import,World,99,Commodities not specified according to kind,2020,2833657.276
2026-09-03T12:28:28Z,Botswana,72,Import,World,04,"Dairy produce; birds' eggs; natural honey; edible products of animal origin, not elsewhere specified or included",2020,55442263.799
2026-09-03T12:28:28Z,Botswana,72,Import,World,02,Meat and edible meat offal,2020,11102649.507
2026-09-03T12:28:28Z,Botswana,72,Import,World,19,"Preparations of cereals, flour, starch or milk; pastrycooks' products",2020,64638661.62
2026-09-03T12:28:28Z,Botswana,72,Import,World,65,Headgear and parts thereof,2020,3007148.737
2026-09-03T12:28:28Z,Botswana,72,Import,World,89,"Ships, boats and floating structures",2020,254201.895
2026-09-03T12:28:28Z,Botswana,72,Import,World,93,Arms and ammunition; parts and accessories thereof,2020,48497448.537
2026-09-03T12:28:28Z,Botswana,72,Import,World,08,"Fruit and nuts, edible; peel of citrus fruit or melons",2020,32674659.576
2026-09-03T12:28:28Z,Botswana,72,Import,World,37,Photographic or cinematographic goods,2020,1233998.205
2026-09-03T12:28:28Z,Botswana,72,Import,World,72,Iron and steel,2020,60846391.759
2026-09-03T12:28:28Z,Botswana,72,Import,World,26,"Ores, slag and ash",2020,896978.338
2026-09-03T12:28:28Z,Botswana,72,Import,World,63,"Textiles, made up articles; sets; worn clothing and worn textile articles; rags",2020,25333562.591
2026-09-03T12:28:28Z,Botswana,72,Import,World,71,"Natural, cultured pearls; precious, semi-precious stones; precious metals, metals clad with precious metal, and articles thereof; imitation jewellery; coin",2020,2042367364.612
2026-09-03T12:28:28Z,Botswana,72,Import,World,97,Works of art; collectors' pieces and antiques,2020,419451.555
2026-09-03T12:28:28Z,Botswana,72,Import,World,14,Vegetable plaiting materials; vegetable products not elsewhere specified or included,2020,1449.311
2026-09-03T12:28:28Z,Botswana,72,Import,World,23,"Food industries, residues and wastes thereof; prepared animal fodder",2020,42619218.035
2026-09-03T12:28:28Z,Botswana,72,Import,World,87,"Vehicles; other than railway or tramway rolling stock, and parts and accessories thereof",2020,557005787.559
2026-09-03T12:28:28Z,Botswana,72,Import,World,81,"Metals; n.e.c., cermets and articles thereof",2020,1352147.954
2026-09-03T12:28:28Z,Botswana,72,Import,World,69,Ceramic products,2020,20010907.392
2026-09-03T12:28:28Z,Botswana,72,Import,World,76,Aluminium and articles thereof,2020,21410324.988
2026-09-03T12:28:28Z,Botswana,72,Import,World,79,Zinc and articles thereof,2020,110405.668
2026-09-03T12:28:28Z,Botswana,72,Import,World,17,Sugars and sugar confectionery,2020,66193369.0
2026-09-03T12:28:28Z,Botswana,72,Import,World,56,"Wadding, felt and nonwovens, special yarns; twine, cordage, ropes and cables and articles thereof",2020,2212634.168
2026-09-03T12:28:28Z,Botswana,72,Import,World,49,"Printed books, newspapers, pictures and other products of the printing industry; manuscripts, typescripts and plans",2020,10310622.285
2026-09-03T12:28:28Z,Botswana,72,Import,World,55,Man-made staple fibres,2020,2602436.893
2026-09-03T12:28:28Z,Botswana,72,Import,World,11,"Products of the milling industry; malt, starches, inulin, wheat gluten",2020,11084827.247
2026-09-03T12:28:28Z,Botswana,72,Import,World,62,Apparel and clothing accessories; not knitted or crocheted,2020,21505203.18
2026-09-03T12:28:28Z,Botswana,72,Import,World,57,Carpets and other textile floor coverings,2020,2453947.652
2026-09-03T12:28:28Z,Botswana,72,Import,World,34,"Soap, organic surface-active agents; washing, lubricating, polishing or scouring preparations; artificial or prepared waxes, candles and similar articles, modelling pastes, dental waxes and dental preparations with a basis of plaster",2020,76199181.684
2026-09-03T12:28:28Z,Botswana,72,Import,World,74,Copper and articles thereof,2020,21802089.292
2026-09-03T12:28:28Z,Botswana,72,Import,World,35,Albuminoidal substances; modified starches; glues; enzymes,2020,6157445.101
2026-09-03T12:28:28Z,Botswana,72,Import,World,29,Organic chemicals,2020,7460248.249
2026-09-03T12:28:28Z,Botswana,72,Import,World,16,"Meat, fish or crustaceans, molluscs or other aquatic invertebrates; preparations thereof",2020,20555807.573
2026-09-03T12:28:28Z,Botswana,72,Import,World,38,Chemical products n.e.c.,2020,72119773.807
2026-09-03T12:28:28Z,Lesotho,426,Import,World,17,Sugars and sugar confectionery,2020,7237115.696
2026-09-03T12:28:28Z,Lesotho,426,Import,World,37,Photographic or cinematographic goods,2020,99392.942
2026-09-03T12:28:28Z,Lesotho,426,Import,World,72,Iron and steel,2020,12266463.169
2026-09-03T12:28:28Z,Lesotho,426,Import,World,78,Lead and articles thereof,2020,9904.487
2026-09-03T12:28:28Z,Lesotho,426,Import,World,84,"Nuclear reactors, boilers, machinery and mechanical appliances; parts thereof",2020,77379408.392
2026-09-03T12:28:28Z,Lesotho,426,Import,World,47,Pulp of wood or other fibrous cellulosic material; recovered (waste and scrap) paper or paperboard,2020,13586.096
2026-09-03T12:28:28Z,Lesotho,426,Import,World,06,"Trees and other plants, live; bulbs, roots and the like; cut flowers and ornamental foliage",2020,137842.295
2026-09-03T12:28:28Z,Lesotho,426,Import,World,29,Organic chemicals,2020,1317579.735
2026-09-03T12:28:28Z,Lesotho,426,Import,World,45,Cork and articles of cork,2020,13184.677
2026-09-03T12:28:28Z,Lesotho,426,Import,World,99,Commodities not specified according to kind,2020,1789157.525
2026-09-03T12:28:28Z,Lesotho,426,Import,World,75,Nickel and articles thereof,2020,3102.781
2026-09-03T12:28:28Z,Lesotho,426,Import,World,32,"Tanning or dyeing extracts; tannins and their derivatives; dyes, pigments and other colouring matter; paints, varnishes; putty, other mastics; inks",2020,6779792.994
2026-09-03T12:28:28Z,Lesotho,426,Import,World,26,"Ores, slag and ash",2020,343817.391
2026-09-03T12:28:28Z,Lesotho,426,Import,World,61,Apparel and clothing accessories; knitted or crocheted,2020,14682147.48
2026-09-03T12:28:28Z,Lesotho,426,Import,World,22,"Beverages, spirits and vinegar",2020,26362863.72
2026-09-03T12:28:28Z,Lesotho,426,Import,World,07,Vegetables and certain roots and tubers; edible,2020,12844109.355
2026-09-03T12:28:28Z,Lesotho,426,Import,World,90,"Optical, photographic, cinematographic, measuring, checking, medical or surgical instruments and apparatus; parts and accessories",2020,51094788.166
2026-09-03T12:28:28Z,Lesotho,426,Import,World,95,"Toys, games and sports requisites; parts and accessories thereof",2020,1068284.791
2026-09-03T12:28:28Z,Lesotho,426,Import,World,27,"Mineral fuels, mineral oils and products of their distillation; bituminous substances; mineral waxes",2020,143348822.711
2026-09-03T12:28:28Z,Lesotho,426,Import,World,80,Tin; articles thereof,2020,1811.095
2026-09-03T12:28:28Z,Lesotho,426,Import,World,44,Wood and articles of wood; wood charcoal,2020,14789556.652
2026-09-03T12:28:28Z,Lesotho,426,Import,World,15,Animal or vegetable fats and oils and their cleavage products; prepared animal fats; animal or vegetable waxes,2020,10404381.637
2026-09-03T12:28:28Z,Lesotho,426,Import,World,82,"Tools, implements, cutlery, spoons and forks, of base metal; parts thereof, of base metal",2020,4515557.368
2026-09-03T12:28:28Z,Lesotho,426,Import,World,53,Vegetable textile fibres; paper yarn and woven fabrics of paper yarn,2020,7648.289
2026-09-03T12:28:28Z,Lesotho,426,Import,World,01,Animals; live,2020,4151417.185
2026-09-03T12:28:28Z,Lesotho,426,Import,World,30,Pharmaceutical products,2020,51151544.346
2026-09-03T12:28:28Z,Lesotho,426,Import,World,35,Albuminoidal substances; modified starches; glues; enzymes,2020,1370166.49
2026-09-03T12:28:28Z,Lesotho,426,Import,World,60,Fabrics; knitted or crocheted,2020,94480994.334
2026-09-03T12:28:28Z,Lesotho,426,Import,World,25,"Salt; sulphur; earths, stone; plastering materials, lime and cement",2020,9102825.494
2026-09-03T12:28:28Z,Lesotho,426,Import,World,12,"Oil seeds and oleaginous fruits; miscellaneous grains, seeds and fruit, industrial or medicinal plants; straw and fodder",2020,12584720.545
2026-09-03T12:28:28Z,Lesotho,426,Import,World,66,"Umbrellas, sun umbrellas, walking-sticks, seat sticks, whips, riding crops; and parts thereof",2020,181666.728
2026-09-03T12:28:28Z,Lesotho,426,Import,World,48,"Paper and paperboard; articles of paper pulp, of paper or paperboard",2020,17637043.324
2026-09-03T12:28:28Z,Lesotho,426,Import,World,58,"Fabrics; special woven fabrics, tufted textile fabrics, lace, tapestries, trimmings, embroidery",2020,4394806.34
2026-09-03T12:28:28Z,Lesotho,426,Import,World,51,"Wool, fine or coarse animal hair; horsehair yarn and woven fabric",2020,444989.287
2026-09-03T12:28:28Z,Lesotho,426,Import,World,68,"Stone, plaster, cement, asbestos, mica or similar materials; articles thereof",2020,4570834.67
2026-09-03T12:28:28Z,Lesotho,426,Import,World,18,Cocoa and cocoa preparations,2020,1229623.988
2026-09-03T12:28:28Z,Lesotho,426,Import,World,92,Musical instruments; parts and accessories of such articles,2020,56306.216
2026-09-03T12:28:28Z,Lesotho,426,Import,World,70,Glass and glassware,2020,2564527.993
2026-09-03T12:28:28Z,Lesotho,426,Import,World,20,"Preparations of vegetables, fruit, nuts or other parts of plants",2020,11502762.169
2026-09-03T12:28:28Z,Lesotho,426,Import,World,43,Furskins and artificial fur; manufactures thereof,2020,612572.383
2026-09-03T12:28:28Z,Lesotho,426,Import,World,36,Explosives; pyrotechnic products; matches; pyrophoric alloys; certain combustible preparations,2020,3123161.906
2026-09-03T12:28:28Z,Lesotho,426,Import,World,10,Cereals,2020,16230628.876
2026-09-03T12:28:28Z,Lesotho,426,Import,World,88,"Aircraft, spacecraft and parts thereof",2020,298746.475
2026-09-03T12:28:28Z,Lesotho,426,Import,World,50,Silk,2020,1069780.012
2026-09-03T12:28:28Z,Lesotho,426,Import,World,83,Metal; miscellaneous products of base metal,2020,4565780.69
2026-09-03T12:28:28Z,Lesotho,426,Import,World,42,"Articles of leather; saddlery and harness; travel goods, handbags and similar containers; articles of animal gut (other than silk-worm gut)",2020,1846275.389
2026-09-03T12:28:28Z,Lesotho,426,Import,World,54,Man-made filaments; strip and the like of man-made textile materials,2020,37937120.658
2026-09-03T12:28:28Z,Lesotho,426,Import,World,46,"Manufactures of straw, esparto or other plaiting materials; basketware and wickerwork",2020,9006.2
2026-09-03T12:28:28Z,Lesotho,426,Import,World,28,"Inorganic chemicals; organic and inorganic compounds of precious metals; of rare earth metals, of radio-active elements and of isotopes",2020,1674872.948
2026-09-03T12:28:28Z,Lesotho,426,Import,World,85,"Electrical machinery and equipment and parts thereof; sound recorders and reproducers; television image and sound recorders and reproducers, parts and accessories of such articles",2020,77765312.332
2026-09-03T12:28:28Z,Lesotho,426,Import,World,55,Man-made staple fibres,2020,4229299.603
2026-09-03T12:28:28Z,Lesotho,426,Import,World,49,"Printed books, newspapers, pictures and other products of the printing industry; manuscripts, typescripts and plans",2020,7609103.389
2026-09-03T12:28:28Z,Lesotho,426,Import,World,11,"Products of the milling industry; malt, starches, inulin, wheat gluten",2020,39316726.36
2026-09-03T12:28:28Z,Lesotho,426,Import,World,63,"Textiles, made up articles; sets; worn clothing and worn textile articles; rags",2020,8189494.863
2026-09-03T12:28:28Z,Lesotho,426,Import,World,97,Works of art; collectors' pieces and antiques,2020,21467.508
2026-09-03T12:28:28Z,Lesotho,426,Import,World,87,"Vehicles; other than railway or tramway rolling stock, and parts and accessories thereof",2020,67771029.631
2026-09-03T12:28:28Z,Lesotho,426,Import,World,23,"Food industries, residues and wastes thereof; prepared animal fodder",2020,5296953.497
2026-09-03T12:28:28Z,Lesotho,426,Import,World,14,Vegetable plaiting materials; vegetable products not elsewhere specified or included,2020,991.184
2026-09-03T12:28:28Z,Lesotho,426,Import,World,31,Fertilizers,2020,3841366.816
2026-09-03T12:28:28Z,Lesotho,426,Import,World,86,"Railway, tramway locomotives, rolling-stock and parts thereof; railway or tramway track fixtures and fittings and parts thereof; mechanical (including electro-mechanical) traffic signalling equipment of all kinds",2020,79488.337
2026-09-03T12:28:28Z,Lesotho,426,Import,World,24,Tobacco and manufactured tobacco substitutes,2020,29273989.996
2026-09-03T12:28:28Z,Lesotho,426,Import,World,05,Animal originated products; not elsewhere specified or included,2020,203430.303
2026-09-03T12:28:28Z,Lesotho,426,Import,World,81,"Metals; n.e.c., cermets and articles thereof",2020,1294.846
2026-09-03T12:28:28Z,Lesotho,426,Import,World,71,"Natural, cultured pearls; precious, semi-precious stones; precious metals, metals clad with precious metal, and articles thereof; imitation jewellery; coin",2020,162005.879
2026-09-03T12:28:28Z,Lesotho,426,Import,World,67,"Feathers and down, prepared; and articles made of feather or of down; artificial flowers; articles of human hair",2020,1064124.298
2026-09-03T12:28:28Z,Lesotho,426,Import,World,13,"Lac; gums, resins and other vegetable saps and extracts",2020,140778.481
2026-09-03T12:28:28Z,Lesotho,426,Import,World,59,"Textile fabrics; impregnated, coated, covered or laminated; textile articles of a kind suitable for industrial use",2020,9047598.619
2026-09-03T12:28:28Z,Lesotho,426,Import,World,38,Chemical products n.e.c.,2020,13044575.281
2026-09-03T12:28:28Z,Lesotho,426,Import,World,16,"Meat, fish or crustaceans, molluscs or other aquatic invertebrates; preparations thereof",2020,16579727.72
2026-09-03T12:28:28Z,Lesotho,426,Import,World,19,"Preparations of cereals, flour, starch or milk; pastrycooks' products",2020,18448282.872
2026-09-03T12:28:28Z,Lesotho,426,Import,World,73,Iron or steel articles,2020,25031975.183
2026-09-03T12:28:28Z,Lesotho,426,Import,World,41,Raw hides and skins (other than furskins) and leather,2020,5611174.08
2026-09-03T12:28:28Z,Lesotho,426,Import,World,64,Footwear; gaiters and the like; parts of such articles,2020,15813993.012
2026-09-03T12:28:28Z,Lesotho,426,Import,World,76,Aluminium and articles thereof,2020,5393803.652
2026-09-03T12:28:28Z,Lesotho,426,Import,World,79,Zinc and articles thereof,2020,58748.815
2026-09-03T12:28:28Z,Lesotho,426,Import,World,69,Ceramic products,2020,3363988.347
2026-09-03T12:28:28Z,Lesotho,426,Import,World,93,Arms and ammunition; parts and accessories thereof,2020,214086.167
2026-09-03T12:28:28Z,Lesotho,426,Import,World,04,"Dairy produce; birds' eggs; natural honey; edible products of animal origin, not elsewhere specified or included",2020,15419563.882
2026-09-03T12:28:28Z,Lesotho,426,Import,World,89,"Ships, boats and floating structures",2020,18742.573
2026-09-03T12:28:28Z,Lesotho,426,Import,World,65,Headgear and parts thereof,2020,710153.015
2026-09-03T12:28:28Z,Lesotho,426,Import,World,56,"Wadding, felt and nonwovens, special yarns; twine, cordage, ropes and cables and articles thereof",2020,1680510.618
2026-09-03T12:28:28Z,Lesotho,426,Import,World,39,Plastics and articles thereof,2020,25941690.672
2026-09-03T12:28:28Z,Lesotho,426,Import,World,52,Cotton,2020,53605813.74
2026-09-03T12:28:28Z,Lesotho,426,Import,World,96,Miscellaneous manufactured articles,2020,12764216.803
2026-09-03T12:28:28Z,Lesotho,426,Import,World,94,"Furniture; bedding, mattresses, mattress supports, cushions and similar stuffed furnishings; lamps and lighting fittings, n.e.c.; illuminated signs, illuminated name-plates and the like; prefabricated buildings",2020,14192959.985
2026-09-03T12:28:28Z,Lesotho,426,Import,World,08,"Fruit and nuts, edible; peel of citrus fruit or melons",2020,4720825.62
2026-09-03T12:28:28Z,Lesotho,426,Import,World,02,Meat and edible meat offal,2020,30061632.333
2026-09-03T12:28:28Z,Lesotho,426,Import,World,09,"Coffee, tea, mate and spices",2020,9443519.507
2026-09-03T12:28:28Z,Lesotho,426,Import,World,62,Apparel and clothing accessories; not knitted or crocheted,2020,26618636.963
2026-09-03T12:28:28Z,Lesotho,426,Import,World,57,Carpets and other textile floor coverings,2020,621766.685
2026-09-03T12:28:28Z,Lesotho,426,Import,World,74,Copper and articles thereof,2020,1124035.145
2026-09-03T12:28:28Z,Lesotho,426,Import,World,34,"Soap, organic surface-active agents; washing, lubricating, polishing or scouring preparations; artificial or prepared waxes, candles and similar articles, modelling pastes, dental waxes and dental preparations with a basis of plaster",2020,20929495.953
2026-09-03T12:28:28Z,Lesotho,426,Import,World,21,Miscellaneous edible preparations,2020,10603395.176
2026-09-03T12:28:28Z,Lesotho,426,Import,World,33,"Essential oils and resinoids; perfumery, cosmetic or toilet preparations",2020,13329114.544
2026-09-03T12:28:28Z,Lesotho,426,Import,World,03,"Fish and crustaceans, molluscs and other aquatic invertebrates",2020,1606201.966
2026-09-03T12:28:28Z,Lesotho,426,Import,World,40,Rubber and articles thereof,2020,10214486.88
2026-09-03T12:28:28Z,Lesotho,426,Import,World,91,Clocks and watches and parts thereof,2020,118062.424
2026-09-03T12:28:28Z,Namibia,516,Import,World,59,"Textile fabrics; impregnated, coated, covered or laminated; textile articles of a kind suitable for industrial use",2020,2662904.501
2026-09-03T12:28:28Z,Namibia,516,Import,World,27,"Mineral fuels, mineral oils and products of their distillation; bituminous substances; mineral waxes",2020,585052758.441
2026-09-03T12:28:28Z,Namibia,516,Import,World,25,"Salt; sulphur; earths, stone; plastering materials, lime and cement",2020,23800047.187
2026-09-03T12:28:28Z,Namibia,516,Import,World,26,"Ores, slag and ash",2020,588393679.431
2026-09-03T12:28:28Z,Namibia,516,Import,World,28,"Inorganic chemicals; organic and inorganic compounds of precious metals; of rare earth metals, of radio-active elements and of isotopes",2020,169995168.626
2026-09-03T12:28:28Z,Namibia,516,Import,World,81,"Metals; n.e.c., cermets and articles thereof",2020,105014.318
2026-09-03T12:28:28Z,Namibia,516,Import,World,68,"Stone, plaster, cement, asbestos, mica or similar materials; articles thereof",2020,12820700.578
2026-09-03T12:28:28Z,Namibia,516,Import,World,96,Miscellaneous manufactured articles,2020,29074344.511
2026-09-03T12:28:28Z,Namibia,516,Import,World,91,Clocks and watches and parts thereof,2020,1767708.648
2026-09-03T12:28:28Z,Namibia,516,Import,World,71,"Natural, cultured pearls; precious, semi-precious stones; precious metals, metals clad with precious metal, and articles thereof; imitation jewellery; coin",2020,345939960.374
2026-09-03T12:28:28Z,Namibia,516,Import,World,90,"Optical, photographic, cinematographic, measuring, checking, medical or surgical instruments and apparatus; parts and accessories",2020,81457905.072
2026-09-03T12:28:28Z,Namibia,516,Import,World,63,"Textiles, made up articles; sets; worn clothing and worn textile articles; rags",2020,37037077.712
2026-09-03T12:28:28Z,Namibia,516,Import,World,36,Explosives; pyrotechnic products; matches; pyrophoric alloys; certain combustible preparations,2020,4518616.403
2026-09-03T12:28:28Z,Namibia,516,Import,World,18,Cocoa and cocoa preparations,2020,11832979.817
2026-09-03T12:28:28Z,Namibia,516,Import,World,88,"Aircraft, spacecraft and parts thereof",2020,6899361.088
2026-09-03T12:28:28Z,Namibia,516,Import,World,67,"Feathers and down, prepared; and articles made of feather or of down; artificial flowers; articles of human hair",2020,4232293.29
2026-09-03T12:28:28Z,Namibia,516,Import,World,10,Cereals,2020,87855345.434
2026-09-03T12:28:28Z,Namibia,516,Import,World,48,"Paper and paperboard; articles of paper pulp, of paper or paperboard",2020,67962070.55
2026-09-03T12:28:28Z,Namibia,516,Import,World,30,Pharmaceutical products,2020,150892359.894
2026-09-03T12:28:28Z,Namibia,516,Import,World,52,Cotton,2020,695720.011
2026-09-03T12:28:28Z,Namibia,516,Import,World,02,Meat and edible meat offal,2020,43809518.604
2026-09-03T12:28:28Z,Namibia,516,Import,World,57,Carpets and other textile floor coverings,2020,2270707.384
2026-09-03T12:28:28Z,Namibia,516,Import,World,95,"Toys, games and sports requisites; parts and accessories thereof",2020,11178399.878
2026-09-03T12:28:28Z,Namibia,516,Import,World,08,"Fruit and nuts, edible; peel of citrus fruit or melons",2020,21223945.521
2026-09-03T12:28:28Z,Namibia,516,Import,World,87,"Vehicles; other than railway or tramway rolling stock, and parts and accessories thereof",2020,251090095.831
2026-09-03T12:28:28Z,Namibia,516,Import,World,40,Rubber and articles thereof,2020,93557487.166
2026-09-03T12:28:28Z,Namibia,516,Import,World,69,Ceramic products,2020,23138772.844
2026-09-03T12:28:28Z,Namibia,516,Import,World,54,Man-made filaments; strip and the like of man-made textile materials,2020,1642821.997
2026-09-03T12:28:28Z,Namibia,516,Import,World,97,Works of art; collectors' pieces and antiques,2020,269260.794
2026-09-03T12:28:28Z,Namibia,516,Import,World,22,"Beverages, spirits and vinegar",2020,139412439.27
2026-09-03T12:28:28Z,Namibia,516,Import,World,93,Arms and ammunition; parts and accessories thereof,2020,9397810.333
2026-09-03T12:28:28Z,Namibia,516,Import,World,42,"Articles of leather; saddlery and harness; travel goods, handbags and similar containers; articles of animal gut (other than silk-worm gut)",2020,9544792.908
2026-09-03T12:28:28Z,Namibia,516,Import,World,34,"Soap, organic surface-active agents; washing, lubricating, polishing or scouring preparations; artificial or prepared waxes, candles and similar articles, modelling pastes, dental waxes and dental preparations with a basis of plaster",2020,57493832.084
2026-09-03T12:28:28Z,Namibia,516,Import,World,84,"Nuclear reactors, boilers, machinery and mechanical appliances; parts thereof",2020,409641865.186
2026-09-03T12:28:28Z,Namibia,516,Import,World,29,Organic chemicals,2020,13782903.002
2026-09-03T12:28:28Z,Namibia,516,Import,World,19,"Preparations of cereals, flour, starch or milk; pastrycooks' products",2020,37891331.92
2026-09-03T12:28:28Z,Namibia,516,Import,World,66,"Umbrellas, sun umbrellas, walking-sticks, seat sticks, whips, riding crops; and parts thereof",2020,331842.02
2026-09-03T12:28:28Z,Namibia,516,Import,World,78,Lead and articles thereof,2020,164661.918
2026-09-03T12:28:28Z,Namibia,516,Import,World,94,"Furniture; bedding, mattresses, mattress supports, cushions and similar stuffed furnishings; lamps and lighting fittings, n.e.c.; illuminated signs, illuminated name-plates and the like; prefabricated buildings",2020,52069273.746
2026-09-03T12:28:28Z,Namibia,516,Import,World,49,"Printed books, newspapers, pictures and other products of the printing industry; manuscripts, typescripts and plans",2020,17003183.216
2026-09-03T12:28:28Z,Namibia,516,Import,World,65,Headgear and parts thereof,2020,3567554.684
2026-09-03T12:28:28Z,Namibia,516,Import,World,82,"Tools, implements, cutlery, spoons and forks, of base metal; parts thereof, of base metal",2020,23152838.729
2026-09-03T12:28:28Z,Namibia,516,Import,World,20,"Preparations of vegetables, fruit, nuts or other parts of plants",2020,44687053.506
2026-09-03T12:28:28Z,Namibia,516,Import,World,16,"Meat, fish or crustaceans, molluscs or other aquatic invertebrates; preparations thereof",2020,24824698.308
2026-09-03T12:28:28Z,Namibia,516,Import,World,73,Iron or steel articles,2020,137414862.436
2026-09-03T12:28:28Z,Namibia,516,Import,World,33,"Essential oils and resinoids; perfumery, cosmetic or toilet preparations",2020,78233808.135
2026-09-03T12:28:28Z,Namibia,516,Import,World,83,Metal; miscellaneous products of base metal,2020,17232697.699
2026-09-03T12:28:28Z,Namibia,516,Import,World,58,"Fabrics; special woven fabrics, tufted textile fabrics, lace, tapestries, trimmings, embroidery",2020,1083810.428
2026-09-03T12:28:28Z,Namibia,516,Import,World,64,Footwear; gaiters and the like; parts of such articles,2020,33606271.026
2026-09-03T12:28:28Z,Namibia,516,Import,World,39,Plastics and articles thereof,2020,163465965.068
2026-09-03T12:28:28Z,Namibia,516,Import,World,09,"Coffee, tea, mate and spices",2020,21185535.121
2026-09-03T12:28:28Z,Namibia,516,Import,World,03,"Fish and crustaceans, molluscs and other aquatic invertebrates",2020,39649081.288
2026-09-03T12:28:28Z,Namibia,516,Import,World,38,Chemical products n.e.c.,2020,73163718.658
2026-09-03T12:28:28Z,Namibia,516,Import,World,85,"Electrical machinery and equipment and parts thereof; sound recorders and reproducers; television image and sound recorders and reproducers, parts and accessories of such articles",2020,245173934.854
2026-09-03T12:28:28Z,Namibia,516,Import,World,56,"Wadding, felt and nonwovens, special yarns; twine, cordage, ropes and cables and articles thereof",2020,7450152.599
2026-09-03T12:28:28Z,Namibia,516,Import,World,04,"Dairy produce; birds' eggs; natural honey; edible products of animal origin, not elsewhere specified or included",2020,41006441.645
2026-09-03T12:28:28Z,Namibia,516,Import,World,32,"Tanning or dyeing extracts; tannins and their derivatives; dyes, pigments and other colouring matter; paints, varnishes; putty, other mastics; inks",2020,23813221.707
2026-09-03T12:28:28Z,Namibia,516,Import,World,76,Aluminium and articles thereof,2020,17679003.139
2026-09-03T12:28:28Z,Namibia,516,Import,World,70,Glass and glassware,2020,15457821.671
2026-09-03T12:28:28Z,Namibia,516,Import,World,44,Wood and articles of wood; wood charcoal,2020,38520986.817
2026-09-03T12:28:28Z,Namibia,516,Import,World,24,Tobacco and manufactured tobacco substitutes,2020,43622577.011
2026-09-03T12:28:28Z,Namibia,516,Import,World,11,"Products of the milling industry; malt, starches, inulin, wheat gluten",2020,16121579.023
2026-09-03T12:28:28Z,Namibia,516,Import,World,79,Zinc and articles thereof,2020,633492.133
2026-09-03T12:28:28Z,Namibia,516,Import,World,92,Musical instruments; parts and accessories of such articles,2020,597985.097
2026-09-03T12:28:28Z,Namibia,516,Import,World,74,Copper and articles thereof,2020,4882884.59
2026-09-03T12:28:28Z,Namibia,516,Import,World,35,Albuminoidal substances; modified starches; glues; enzymes,2020,4626247.158
2026-09-03T12:28:28Z,Namibia,516,Import,World,31,Fertilizers,2020,18889931.192
2026-09-03T12:28:28Z,Namibia,516,Import,World,23,"Food industries, residues and wastes thereof; prepared animal fodder",2020,41473924.855
2026-09-03T12:28:28Z,Namibia,516,Import,World,21,Miscellaneous edible preparations,2020,53569039.697
2026-09-03T12:28:28Z,Namibia,516,Import,World,61,Apparel and clothing accessories; knitted or crocheted,2020,54205046.466
2026-09-03T12:28:28Z,Namibia,516,Import,World,62,Apparel and clothing accessories; not knitted or crocheted,2020,44906548.539
2026-09-03T12:28:28Z,Namibia,516,Import,World,15,Animal or vegetable fats and oils and their cleavage products; prepared animal fats; animal or vegetable waxes,2020,39548387.193
2026-09-03T12:28:28Z,Namibia,516,Import,World,07,Vegetables and certain roots and tubers; edible,2020,23090186.537
2026-09-03T12:28:28Z,Namibia,516,Import,World,41,Raw hides and skins (other than furskins) and leather,2020,794328.986
2026-09-03T12:28:28Z,Namibia,516,Import,World,72,Iron and steel,2020,92556660.355
2026-09-03T12:28:28Z,Namibia,516,Import,World,50,Silk,2020,1101435.5
2026-09-03T12:28:28Z,Namibia,516,Import,World,17,Sugars and sugar confectionery,2020,78859681.043
2026-09-03T12:28:28Z,Namibia,516,Import,World,47,Pulp of wood or other fibrous cellulosic material; recovered (waste and scrap) paper or paperboard,2020,28079.258
2026-09-03T12:28:28Z,Namibia,516,Import,World,99,Commodities not specified according to kind,2020,2989504.606
2026-09-03T12:28:28Z,Namibia,516,Import,World,46,"Manufactures of straw, esparto or other plaiting materials; basketware and wickerwork",2020,194614.02
2026-09-03T12:28:28Z,Namibia,516,Import,World,45,Cork and articles of cork,2020,74589.213
2026-09-03T12:28:28Z,Namibia,516,Import,World,51,"Wool, fine or coarse animal hair; horsehair yarn and woven fabric",2020,178680.971
2026-09-03T12:28:28Z,Namibia,516,Import,World,14,Vegetable plaiting materials; vegetable products not elsewhere specified or included,2020,91602.237
2026-09-03T12:28:28Z,Namibia,516,Import,World,05,Animal originated products; not elsewhere specified or included,2020,1677469.78
2026-09-03T12:28:28Z,Namibia,516,Import,World,43,Furskins and artificial fur; manufactures thereof,2020,19745.962
2026-09-03T12:28:28Z,Namibia,516,Import,World,60,Fabrics; knitted or crocheted,2020,303703.981
2026-09-03T12:28:28Z,Namibia,516,Import,World,86,"Railway, tramway locomotives, rolling-stock and parts thereof; railway or tramway track fixtures and fittings and parts thereof; mechanical (including electro-mechanical) traffic signalling equipment of all kinds",2020,4753155.72
2026-09-03T12:28:28Z,Namibia,516,Import,World,01,Animals; live,2020,2081477.5
2026-09-03T12:28:28Z,Namibia,516,Import,World,12,"Oil seeds and oleaginous fruits; miscellaneous grains, seeds and fruit, industrial or medicinal plants; straw and fodder",2020,6968400.771
2026-09-03T12:28:28Z,Namibia,516,Import,World,06,"Trees and other plants, live; bulbs, roots and the like; cut flowers and ornamental foliage",2020,3576423.214
2026-09-03T12:28:28Z,Namibia,516,Import,World,89,"Ships, boats and floating structures",2020,33559430.305
2026-09-03T12:28:28Z,Namibia,516,Import,World,37,Photographic or cinematographic goods,2020,1373741.728
2026-09-03T12:28:28Z,Namibia,516,Import,World,80,Tin; articles thereof,2020,8107.082
2026-09-03T12:28:28Z,Namibia,516,Import,World,55,Man-made staple fibres,2020,802732.14
2026-09-03T12:28:28Z,Namibia,516,Import,World,75,Nickel and articles thereof,2020,98031.066
2026-09-03T12:28:28Z,Namibia,516,Import,World,13,"Lac; gums, resins and other vegetable saps and extracts",2020,1084918.682
2026-09-03T12:28:28Z,Namibia,516,Import,World,53,Vegetable textile fibres; paper yarn and woven fabrics of paper yarn,2020,338222.815
2026-09-03T12:28:28Z,South Africa,710,Import,World,01,Animals; live,2020,138285616.522
2026-09-03T12:28:28Z,South Africa,710,Import,World,27,"Mineral fuels, mineral oils and products of their distillation; bituminous substances; mineral waxes",2020,9624700919.106
2026-09-03T12:28:28Z,South Africa,710,Import,World,37,Photographic or cinematographic goods,2020,42028671.785
2026-09-03T12:28:28Z,South Africa,710,Import,World,42,"Articles of leather; saddlery and harness; travel goods, handbags and similar containers; articles of animal gut (other than silk-worm gut)",2020,154028754.181
2026-09-03T12:28:28Z,South Africa,710,Import,World,44,Wood and articles of wood; wood charcoal,2020,293767753.388
2026-09-03T12:28:28Z,South Africa,710,Import,World,28,"Inorganic chemicals; organic and inorganic compounds of precious metals; of rare earth metals, of radio-active elements and of isotopes",2020,1187956376.731
2026-09-03T12:28:28Z,South Africa,710,Import,World,06,"Trees and other plants, live; bulbs, roots and the like; cut flowers and ornamental foliage",2020,19721378.065
2026-09-03T12:28:28Z,South Africa,710,Import,World,40,Rubber and articles thereof,2020,964317245.557
2026-09-03T12:28:28Z,South Africa,710,Import,World,02,Meat and edible meat offal,2020,427249544.467
2026-09-03T12:28:28Z,South Africa,710,Import,World,03,"Fish and crustaceans, molluscs and other aquatic invertebrates",2020,216264020.639
2026-09-03T12:28:28Z,South Africa,710,Import,World,04,"Dairy produce; birds' eggs; natural honey; edible products of animal origin, not elsewhere specified or included",2020,187386711.546
2026-09-03T12:28:28Z,South Africa,710,Import,World,05,Animal originated products; not elsewhere specified or included,2020,106730431.989
2026-09-03T12:28:28Z,South Africa,710,Import,World,07,Vegetables and certain roots and tubers; edible,2020,105775107.651
2026-09-03T12:28:28Z,South Africa,710,Import,World,08,"Fruit and nuts, edible; peel of citrus fruit or melons",2020,168529934.862
2026-09-03T12:28:28Z,South Africa,710,Import,World,09,"Coffee, tea, mate and spices",2020,201947595.826
2026-09-03T12:28:28Z,South Africa,710,Import,World,10,Cereals,2020,1099748166.518
2026-09-03T12:28:28Z,South Africa,710,Import,World,11,"Products of the milling industry; malt, starches, inulin, wheat gluten",2020,90091334.362
2026-09-03T12:28:28Z,South Africa,710,Import,World,12,"Oil seeds and oleaginous fruits; miscellaneous grains, seeds and fruit, industrial or medicinal plants; straw and fodder",2020,150342104.512
2026-09-03T12:28:28Z,South Africa,710,Import,World,13,"Lac; gums, resins and other vegetable saps and extracts",2020,30179859.361
2026-09-03T12:28:28Z,South Africa,710,Import,World,14,Vegetable plaiting materials; vegetable products not elsewhere specified or included,2020,3219066.654
2026-09-03T12:28:28Z,South Africa,710,Import,World,15,Animal or vegetable fats and oils and their cleavage products; prepared animal fats; animal or vegetable waxes,2020,719343623.138
2026-09-03T12:28:28Z,South Africa,710,Import,World,16,"Meat, fish or crustaceans, molluscs or other aquatic invertebrates; preparations thereof",2020,118021498.16
2026-09-03T12:28:28Z,South Africa,710,Import,World,17,Sugars and sugar confectionery,2020,405033512.705
2026-09-03T12:28:28Z,South Africa,710,Import,World,18,Cocoa and cocoa preparations,2020,162549967.903
2026-09-03T12:28:28Z,South Africa,710,Import,World,19,"Preparations of cereals, flour, starch or milk; pastrycooks' products",2020,180480286.301
2026-09-03T12:28:28Z,South Africa,710,Import,World,20,"Preparations of vegetables, fruit, nuts or other parts of plants",2020,217844289.47
2026-09-03T12:28:28Z,South Africa,710,Import,World,21,Miscellaneous edible preparations,2020,347316101.751
2026-09-03T12:28:28Z,South Africa,710,Import,World,22,"Beverages, spirits and vinegar",2020,434984810.146
2026-09-03T12:28:28Z,South Africa,710,Import,World,23,"Food industries, residues and wastes thereof; prepared animal fodder",2020,358503040.563
2026-09-03T12:28:28Z,South Africa,710,Import,World,24,Tobacco and manufactured tobacco substitutes,2020,115106422.2
2026-09-03T12:28:28Z,South Africa,710,Import,World,25,"Salt; sulphur; earths, stone; plastering materials, lime and cement",2020,175687781.713
2026-09-03T12:28:28Z,South Africa,710,Import,World,26,"Ores, slag and ash",2020,33344113.267
2026-09-03T12:28:28Z,South Africa,710,Import,World,29,Organic chemicals,2020,1277997800.23
2026-09-03T12:28:28Z,South Africa,710,Import,World,30,Pharmaceutical products,2020,2409133447.952
2026-09-03T12:28:28Z,South Africa,710,Import,World,31,Fertilizers,2020,515321719.621
2026-09-03T12:28:28Z,South Africa,710,Import,World,32,"Tanning or dyeing extracts; tannins and their derivatives; dyes, pigments and other colouring matter; paints, varnishes; putty, other mastics; inks",2020,391372629.947
2026-09-03T12:28:28Z,South Africa,710,Import,World,33,"Essential oils and resinoids; perfumery, cosmetic or toilet preparations",2020,882365073.153
2026-09-03T12:28:28Z,South Africa,710,Import,World,34,"Soap, organic surface-active agents; washing, lubricating, polishing or scouring preparations; artificial or prepared waxes, candles and similar articles, modelling pastes, dental waxes and dental preparations with a basis of plaster",2020,287358131.028
2026-09-03T12:28:28Z,South Africa,710,Import,World,35,Albuminoidal substances; modified starches; glues; enzymes,2020,242202672.782
2026-09-03T12:28:28Z,South Africa,710,Import,World,36,Explosives; pyrotechnic products; matches; pyrophoric alloys; certain combustible preparations,2020,48771535.971
2026-09-03T12:28:28Z,South Africa,710,Import,World,38,Chemical products n.e.c.,2020,1673745886.881
2026-09-03T12:28:28Z,South Africa,710,Import,World,39,Plastics and articles thereof,2020,2038233142.168
2026-09-03T12:28:28Z,South Africa,710,Import,World,41,Raw hides and skins (other than furskins) and leather,2020,25214214.973
2026-09-03T12:28:28Z,South Africa,710,Import,World,43,Furskins and artificial fur; manufactures thereof,2020,251581.657
2026-09-03T12:28:28Z,South Africa,710,Import,World,45,Cork and articles of cork,2020,10319034.098
2026-09-03T12:28:28Z,South Africa,710,Import,World,46,"Manufactures of straw, esparto or other plaiting materials; basketware and wickerwork",2020,3725514.912
2026-09-03T12:28:28Z,South Africa,710,Import,World,47,Pulp of wood or other fibrous cellulosic material; recovered (waste and scrap) paper or paperboard,2020,87428359.077
2026-09-03T12:28:28Z,South Africa,710,Import,World,48,"Paper and paperboard; articles of paper pulp, of paper or paperboard",2020,826012312.483
2026-09-03T12:28:28Z,South Africa,710,Import,World,49,"Printed books, newspapers, pictures and other products of the printing industry; manuscripts, typescripts and plans",2020,1128808995.817
2026-09-03T12:28:28Z,South Africa,710,Import,World,57,Carpets and other textile floor coverings,2020,29143504.577
2026-09-03T12:28:28Z,South Africa,710,Import,World,61,Apparel and clothing accessories; knitted or crocheted,2020,698356766.504
2026-09-03T12:28:28Z,South Africa,710,Import,World,62,Apparel and clothing accessories; not knitted or crocheted,2020,799241714.262
2026-09-03T12:28:28Z,South Africa,710,Import,World,64,Footwear; gaiters and the like; parts of such articles,2020,666744492.155
2026-09-03T12:28:28Z,South Africa,710,Import,World,70,Glass and glassware,2020,199741431.265
2026-09-03T12:28:28Z,South Africa,710,Import,World,82,"Tools, implements, cutlery, spoons and forks, of base metal; parts thereof, of base metal",2020,369809260.175
2026-09-03T12:28:28Z,South Africa,710,Import,World,84,"Nuclear reactors, boilers, machinery and mechanical appliances; parts thereof",2020,9064537028.76
2026-09-03T12:28:28Z,South Africa,710,Import,World,59,"Textile fabrics; impregnated, coated, covered or laminated; textile articles of a kind suitable for industrial use",2020,107835565.175
2026-09-03T12:28:28Z,South Africa,710,Import,World,63,"Textiles, made up articles; sets; worn clothing and worn textile articles; rags",2020,675305677.44
2026-09-03T12:28:28Z,South Africa,710,Import,World,65,Headgear and parts thereof,2020,50034335.168
2026-09-03T12:28:28Z,South Africa,710,Import,World,66,"Umbrellas, sun umbrellas, walking-sticks, seat sticks, whips, riding crops; and parts thereof",2020,6183420.69
2026-09-03T12:28:28Z,South Africa,710,Import,World,69,Ceramic products,2020,360884808.033
2026-09-03T12:28:28Z,South Africa,710,Import,World,73,Iron or steel articles,2020,842309146.811
2026-09-03T12:28:28Z,South Africa,710,Import,World,76,Aluminium and articles thereof,2020,468949364.649
2026-09-03T12:28:28Z,South Africa,710,Import,World,50,Silk,2020,2069046.105
2026-09-03T12:28:28Z,South Africa,710,Import,World,51,"Wool, fine or coarse animal hair; horsehair yarn and woven fabric",2020,51573830.586
2026-09-03T12:28:28Z,South Africa,710,Import,World,52,Cotton,2020,110002968.334
2026-09-03T12:28:28Z,South Africa,710,Import,World,53,Vegetable textile fibres; paper yarn and woven fabrics of paper yarn,2020,18805844.765
2026-09-03T12:28:28Z,South Africa,710,Import,World,54,Man-made filaments; strip and the like of man-made textile materials,2020,179017152.319
2026-09-03T12:28:28Z,South Africa,710,Import,World,55,Man-made staple fibres,2020,155248283.14
2026-09-03T12:28:28Z,South Africa,710,Import,World,56,"Wadding, felt and nonwovens, special yarns; twine, cordage, ropes and cables and articles thereof",2020,111078198.414
2026-09-03T12:28:28Z,South Africa,710,Import,World,58,"Fabrics; special woven fabrics, tufted textile fabrics, lace, tapestries, trimmings, embroidery",2020,32146418.403
2026-09-03T12:28:28Z,South Africa,710,Import,World,60,Fabrics; knitted or crocheted,2020,153288406.775
2026-09-03T12:28:28Z,South Africa,710,Import,World,67,"Feathers and down, prepared; and articles made of feather or of down; artificial flowers; articles of human hair",2020,50920943.63
2026-09-03T12:28:28Z,South Africa,710,Import,World,68,"Stone, plaster, cement, asbestos, mica or similar materials; articles thereof",2020,184059811.834
2026-09-03T12:28:28Z,South Africa,710,Import,World,71,"Natural, cultured pearls; precious, semi-precious stones; precious metals, metals clad with precious metal, and articles thereof; imitation jewellery; coin",2020,1096088359.61
2026-09-03T12:28:28Z,South Africa,710,Import,World,72,Iron and steel,2020,934770709.137
2026-09-03T12:28:28Z,South Africa,710,Import,World,74,Copper and articles thereof,2020,517976902.169
2026-09-03T12:28:28Z,South Africa,710,Import,World,75,Nickel and articles thereof,2020,7256117.534
2026-09-03T12:28:28Z,South Africa,710,Import,World,78,Lead and articles thereof,2020,14747670.918
2026-09-03T12:28:28Z,South Africa,710,Import,World,79,Zinc and articles thereof,2020,124213606.061
2026-09-03T12:28:28Z,South Africa,710,Import,World,80,Tin; articles thereof,2020,6633119.095
2026-09-03T12:28:28Z,South Africa,710,Import,World,81,"Metals; n.e.c., cermets and articles thereof",2020,37037192.572
2026-09-03T12:28:28Z,South Africa,710,Import,World,83,Metal; miscellaneous products of base metal,2020,238897812.639
2026-09-03T12:28:28Z,South Africa,710,Import,World,91,Clocks and watches and parts thereof,2020,70326189.416
2026-09-03T12:28:28Z,South Africa,710,Import,World,92,Musical instruments; parts and accessories of such articles,2020,10773178.691
2026-09-03T12:28:28Z,South Africa,710,Import,World,97,Works of art; collectors' pieces and antiques,2020,17173159.05
2026-09-03T12:28:28Z,South Africa,710,Import,World,93,Arms and ammunition; parts and accessories thereof,2020,30399367.075
2026-09-03T12:28:28Z,South Africa,710,Import,World,96,Miscellaneous manufactured articles,2020,246299696.485
2026-09-03T12:28:28Z,South Africa,710,Import,World,95,"Toys, games and sports requisites; parts and accessories thereof",2020,307098874.99
2026-09-03T12:28:28Z,South Africa,710,Import,World,94,"Furniture; bedding, mattresses, mattress supports, cushions and similar stuffed furnishings; lamps and lighting fittings, n.e.c.; illuminated signs, illuminated name-plates and the like; prefabricated buildings",2020,519982730.903
2026-09-03T12:28:28Z,South Africa,710,Import,World,99,Commodities not specified according to kind,2020,5123513224.446
2026-09-03T12:28:28Z,South Africa,710,Import,World,85,"Electrical machinery and equipment and parts thereof; sound recorders and reproducers; television image and sound recorders and reproducers, parts and accessories of such articles",2020,7074622466.125
2026-09-03T12:28:28Z,South Africa,710,Import,World,86,"Railway, tramway locomotives, rolling-stock and parts thereof; railway or tramway track fixtures and fittings and parts thereof; mechanical (including electro-mechanical) traffic signalling equipment of all kinds",2020,94455521.214
2026-09-03T12:28:28Z,South Africa,710,Import,World,87,"Vehicles; other than railway or tramway rolling stock, and parts and accessories thereof",2020,4388219250.092
2026-09-03T12:28:28Z,South Africa,710,Import,World,88,"Aircraft, spacecraft and parts thereof",2020,400824344.183
2026-09-03T12:28:28Z,South Africa,710,Import,World,89,"Ships, boats and floating structures",2020,50989113.64
2026-09-03T12:28:28Z,South Africa,710,Import,World,90,"Optical, photographic, cinematographic, measuring, checking, medical or surgical instruments and apparatus; parts and accessories",2020,1914822468.035
2026-09-03T12:28:28Z,Eswatini,748,Import,World,01,Animals; live,2020,1863093.54
2026-09-03T12:28:28Z,Eswatini,748,Import,World,02,Meat and edible meat offal,2020,7639000.73
2026-09-03T12:28:28Z,Eswatini,748,Import,World,03,"Fish and crustaceans, molluscs and other aquatic invertebrates",2020,2548406.63
2026-09-03T12:28:28Z,Eswatini,748,Import,World,04,"Dairy produce; birds' eggs; natural honey; edible products of animal origin, not elsewhere specified or included",2020,27571817.34
2026-09-03T12:28:28Z,Eswatini,748,Import,World,05,Animal originated products; not elsewhere specified or included,2020,1246589.92
2026-09-03T12:28:28Z,Eswatini,748,Import,World,06,"Trees and other plants, live; bulbs, roots and the like; cut flowers and ornamental foliage",2020,2369243.0
2026-09-03T12:28:28Z,Eswatini,748,Import,World,07,Vegetables and certain roots and tubers; edible,2020,23743464.82
2026-09-03T12:28:28Z,Eswatini,748,Import,World,08,"Fruit and nuts, edible; peel of citrus fruit or melons",2020,6352339.09
2026-09-03T12:28:28Z,Eswatini,748,Import,World,09,"Coffee, tea, mate and spices",2020,10981772.14
2026-09-03T12:28:28Z,Eswatini,748,Import,World,10,Cereals,2020,75904600.64
2026-09-03T12:28:28Z,Eswatini,748,Import,World,11,"Products of the milling industry; malt, starches, inulin, wheat gluten",2020,3642942.17
2026-09-03T12:28:28Z,Eswatini,748,Import,World,12,"Oil seeds and oleaginous fruits; miscellaneous grains, seeds and fruit, industrial or medicinal plants; straw and fodder",2020,2529372.29
2026-09-03T12:28:28Z,Eswatini,748,Import,World,13,"Lac; gums, resins and other vegetable saps and extracts",2020,8112099.29
2026-09-03T12:28:28Z,Eswatini,748,Import,World,14,Vegetable plaiting materials; vegetable products not elsewhere specified or included,2020,1702.99
2026-09-03T12:28:28Z,Eswatini,748,Import,World,15,Animal or vegetable fats and oils and their cleavage products; prepared animal fats; animal or vegetable waxes,2020,11172465.22
2026-09-03T12:28:28Z,Eswatini,748,Import,World,16,"Meat, fish or crustaceans, molluscs or other aquatic invertebrates; preparations thereof",2020,9404877.41
2026-09-03T12:28:28Z,Eswatini,748,Import,World,17,Sugars and sugar confectionery,2020,11851163.56
2026-09-03T12:28:28Z,Eswatini,748,Import,World,18,Cocoa and cocoa preparations,2020,2983249.27
2026-09-03T12:28:28Z,Eswatini,748,Import,World,19,"Preparations of cereals, flour, starch or milk; pastrycooks' products",2020,22735304.08
2026-09-03T12:28:28Z,Eswatini,748,Import,World,20,"Preparations of vegetables, fruit, nuts or other parts of plants",2020,18120099.79
2026-09-03T12:28:28Z,Eswatini,748,Import,World,21,Miscellaneous edible preparations,2020,19198087.25
2026-09-03T12:28:28Z,Eswatini,748,Import,World,22,"Beverages, spirits and vinegar",2020,40206950.18
2026-09-03T12:28:28Z,Eswatini,748,Import,World,23,"Food industries, residues and wastes thereof; prepared animal fodder",2020,22406287.85
2026-09-03T12:28:28Z,Eswatini,748,Import,World,24,Tobacco and manufactured tobacco substitutes,2020,8039205.38
2026-09-03T12:28:28Z,Eswatini,748,Import,World,25,"Salt; sulphur; earths, stone; plastering materials, lime and cement",2020,31852675.1
2026-09-03T12:28:28Z,Eswatini,748,Import,World,26,"Ores, slag and ash",2020,1518976.69
2026-09-03T12:28:28Z,Eswatini,748,Import,World,27,"Mineral fuels, mineral oils and products of their distillation; bituminous substances; mineral waxes",2020,240424388.17
2026-09-03T12:28:28Z,Eswatini,748,Import,World,28,"Inorganic chemicals; organic and inorganic compounds of precious metals; of rare earth metals, of radio-active elements and of isotopes",2020,11696998.16
2026-09-03T12:28:28Z,Eswatini,748,Import,World,29,Organic chemicals,2020,31107429.85
2026-09-03T12:28:28Z,Eswatini,748,Import,World,30,Pharmaceutical products,2020,56306881.95
2026-09-03T12:28:28Z,Eswatini,748,Import,World,31,Fertilizers,2020,22454119.22
2026-09-03T12:28:28Z,Eswatini,748,Import,World,32,"Tanning or dyeing extracts; tannins and their derivatives; dyes, pigments and other colouring matter; paints, varnishes; putty, other mastics; inks",2020,10943579.24
2026-09-03T12:28:28Z,Eswatini,748,Import,World,33,"Essential oils and resinoids; perfumery, cosmetic or toilet preparations",2020,51597022.36
2026-09-03T12:28:28Z,Eswatini,748,Import,World,34,"Soap, organic surface-active agents; washing, lubricating, polishing or scouring preparations; artificial or prepared waxes, candles and similar articles, modelling pastes, dental waxes and dental preparations with a basis of plaster",2020,19962894.12
2026-09-03T12:28:28Z,Eswatini,748,Import,World,35,Albuminoidal substances; modified starches; glues; enzymes,2020,5004867.0
2026-09-03T12:28:28Z,Eswatini,748,Import,World,36,Explosives; pyrotechnic products; matches; pyrophoric alloys; certain combustible preparations,2020,1733672.74
2026-09-03T12:28:28Z,Eswatini,748,Import,World,37,Photographic or cinematographic goods,2020,471197.57
2026-09-03T12:28:28Z,Eswatini,748,Import,World,38,Chemical products n.e.c.,2020,29831327.6
2026-09-03T12:28:28Z,Eswatini,748,Import,World,39,Plastics and articles thereof,2020,63068129.36
2026-09-03T12:28:28Z,Eswatini,748,Import,World,40,Rubber and articles thereof,2020,17861793.7
2026-09-03T12:28:28Z,Eswatini,748,Import,World,41,Raw hides and skins (other than furskins) and leather,2020,4295.07
2026-09-03T12:28:28Z,Eswatini,748,Import,World,42,"Articles of leather; saddlery and harness; travel goods, handbags and similar containers; articles of animal gut (other than silk-worm gut)",2020,2799139.98
2026-09-03T12:28:28Z,Eswatini,748,Import,World,43,Furskins and artificial fur; manufactures thereof,2020,44171.77
2026-09-03T12:28:28Z,Eswatini,748,Import,World,44,Wood and articles of wood; wood charcoal,2020,17795417.65
2026-09-03T12:28:28Z,Eswatini,748,Import,World,45,Cork and articles of cork,2020,2842.41
2026-09-03T12:28:28Z,Eswatini,748,Import,World,46,"Manufactures of straw, esparto or other plaiting materials; basketware and wickerwork",2020,31438.47
2026-09-03T12:28:28Z,Eswatini,748,Import,World,47,Pulp of wood or other fibrous cellulosic material; recovered (waste and scrap) paper or paperboard,2020,1217029.42
2026-09-03T12:28:28Z,Eswatini,748,Import,World,48,"Paper and paperboard; articles of paper pulp, of paper or paperboard",2020,29745065.99
2026-09-03T12:28:28Z,Eswatini,748,Import,World,49,"Printed books, newspapers, pictures and other products of the printing industry; manuscripts, typescripts and plans",2020,7422874.56
2026-09-03T12:28:28Z,Eswatini,748,Import,World,50,Silk,2020,43643.57
2026-09-03T12:28:28Z,Eswatini,748,Import,World,51,"Wool, fine or coarse animal hair; horsehair yarn and woven fabric",2020,372981.88
2026-09-03T12:28:28Z,Eswatini,748,Import,World,52,Cotton,2020,63051034.45
2026-09-03T12:28:28Z,Eswatini,748,Import,World,53,Vegetable textile fibres; paper yarn and woven fabrics of paper yarn,2020,67728.97
2026-09-03T12:28:28Z,Eswatini,748,Import,World,54,Man-made filaments; strip and the like of man-made textile materials,2020,13436803.65
2026-09-03T12:28:28Z,Eswatini,748,Import,World,55,Man-made staple fibres,2020,13278701.53
2026-09-03T12:28:28Z,Eswatini,748,Import,World,56,"Wadding, felt and nonwovens, special yarns; twine, cordage, ropes and cables and articles thereof",2020,2014520.72
2026-09-03T12:28:28Z,Eswatini,748,Import,World,57,Carpets and other textile floor coverings,2020,549859.68
2026-09-03T12:28:28Z,Eswatini,748,Import,World,58,"Fabrics; special woven fabrics, tufted textile fabrics, lace, tapestries, trimmings, embroidery",2020,3490811.64
2026-09-03T12:28:28Z,Eswatini,748,Import,World,59,"Textile fabrics; impregnated, coated, covered or laminated; textile articles of a kind suitable for industrial use",2020,1030316.28
2026-09-03T12:28:28Z,Eswatini,748,Import,World,60,Fabrics; knitted or crocheted,2020,7002411.52
2026-09-03T12:28:28Z,Eswatini,748,Import,World,61,Apparel and clothing accessories; knitted or crocheted,2020,17736525.68
2026-09-03T12:28:28Z,Eswatini,748,Import,World,62,Apparel and clothing accessories; not knitted or crocheted,2020,17171350.3
2026-09-03T12:28:28Z,Eswatini,748,Import,World,63,"Textiles, made up articles; sets; worn clothing and worn textile articles; rags",2020,8999709.4
2026-09-03T12:28:28Z,Eswatini,748,Import,World,64,Footwear; gaiters and the like; parts of such articles,2020,13951848.76
2026-09-03T12:28:28Z,Eswatini,748,Import,World,65,Headgear and parts thereof,2020,1059895.09
2026-09-03T12:28:28Z,Eswatini,748,Import,World,66,"Umbrellas, sun umbrellas, walking-sticks, seat sticks, whips, riding crops; and parts thereof",2020,212197.38
2026-09-03T12:28:28Z,Eswatini,748,Import,World,67,"Feathers and down, prepared; and articles made of feather or of down; artificial flowers; articles of human hair",2020,1575631.18
2026-09-03T12:28:28Z,Eswatini,748,Import,World,68,"Stone, plaster, cement, asbestos, mica or similar materials; articles thereof",2020,4894304.29
2026-09-03T12:28:28Z,Eswatini,748,Import,World,69,Ceramic products,2020,7833911.13
2026-09-03T12:28:28Z,Eswatini,748,Import,World,70,Glass and glassware,2020,4625296.08
2026-09-03T12:28:28Z,Eswatini,748,Import,World,71,"Natural, cultured pearls; precious, semi-precious stones; precious metals, metals clad with precious metal, and articles thereof; imitation jewellery; coin",2020,4470926.66
2026-09-03T12:28:28Z,Eswatini,748,Import,World,72,Iron and steel,2020,25385339.89
2026-09-03T12:28:28Z,Eswatini,748,Import,World,73,Iron or steel articles,2020,40691365.29
2026-09-03T12:28:28Z,Eswatini,748,Import,World,74,Copper and articles thereof,2020,3676576.39
2026-09-03T12:28:28Z,Eswatini,748,Import,World,75,Nickel and articles thereof,2020,5720.24
2026-09-03T12:28:28Z,Eswatini,748,Import,World,76,Aluminium and articles thereof,2020,5870108.31
2026-09-03T12:28:28Z,Eswatini,748,Import,World,78,Lead and articles thereof,2020,25240.47
2026-09-03T12:28:28Z,Eswatini,748,Import,World,79,Zinc and articles thereof,2020,5312.76
2026-09-03T12:28:28Z,Eswatini,748,Import,World,80,Tin; articles thereof,2020,5556.89
2026-09-03T12:28:28Z,Eswatini,748,Import,World,81,"Metals; n.e.c., cermets and articles thereof",2020,92885.85
2026-09-03T12:28:28Z,Eswatini,748,Import,World,82,"Tools, implements, cutlery, spoons and forks, of base metal; parts thereof, of base metal",2020,5783246.46
2026-09-03T12:28:28Z,Eswatini,748,Import,World,83,Metal; miscellaneous products of base metal,2020,6819280.18
2026-09-03T12:28:28Z,Eswatini,748,Import,World,84,"Nuclear reactors, boilers, machinery and mechanical appliances; parts thereof",2020,95929353.28
2026-09-03T12:28:28Z,Eswatini,748,Import,World,85,"Electrical machinery and equipment and parts thereof; sound recorders and reproducers; television image and sound recorders and reproducers, parts and accessories of such articles",2020,72053109.89
2026-09-03T12:28:28Z,Eswatini,748,Import,World,86,"Railway, tramway locomotives, rolling-stock and parts thereof; railway or tramway track fixtures and fittings and parts thereof; mechanical (including electro-mechanical) traffic signalling equipment of all kinds",2020,500545.33
2026-09-03T12:28:28Z,Eswatini,748,Import,World,87,"Vehicles; other than railway or tramway rolling stock, and parts and accessories thereof",2020,92832629.94
2026-09-03T12:28:28Z,Eswatini,748,Import,World,88,"Aircraft, spacecraft and parts thereof",2020,139490.34
2026-09-03T12:28:28Z,Eswatini,748,Import,World,89,"Ships, boats and floating structures",2020,14227.1
2026-09-03T12:28:28Z,Eswatini,748,Import,World,90,"Optical, photographic, cinematographic, measuring, checking, medical or surgical instruments and apparatus; parts and accessories",2020,21845809.94
2026-09-03T12:28:28Z,Eswatini,748,Import,World,91,Clocks and watches and parts thereof,2020,393096.22
2026-09-03T12:28:28Z,Eswatini,748,Import,World,92,Musical instruments; parts and accessories of such articles,2020,135841.11
2026-09-03T12:28:28Z,Eswatini,748,Import,World,93,Arms and ammunition; parts and accessories thereof,2020,103956.48
2026-09-03T12:28:28Z,Eswatini,748,Import,World,94,"Furniture; bedding, mattresses, mattress supports, cushions and similar stuffed furnishings; lamps and lighting fittings, n.e.c.; illuminated signs, illuminated name-plates and the like; prefabricated buildings",2020,25272858.6
2026-09-03T12:28:28Z,Eswatini,748,Import,World,95,"Toys, games and sports requisites; parts and accessories thereof",2020,1417253.8
2026-09-03T12:28:28Z,Eswatini,748,Import,World,96,Miscellaneous manufactured articles,2020,11321830.08
2026-09-03T12:28:28Z,Eswatini,748,Import,World,97,Works of art; collectors' pieces and antiques,2020,22404.42
2026-09-03T12:28:28Z,Eswatini,748,Import,World,99,Commodities not specified according to kind,2020,12537515.25
2026-09-03T12:28:28Z,Botswana,72,Import,World,17,Sugars and sugar confectionery,2021,85170851.967
2026-09-03T12:28:28Z,Botswana,72,Import,World,19,"Preparations of cereals, flour, starch or milk; pastrycooks' products",2021,72436718.535
2026-09-03T12:28:28Z,Botswana,72,Import,World,93,Arms and ammunition; parts and accessories thereof,2021,3433503.906
2026-09-03T12:28:28Z,Botswana,72,Import,World,04,"Dairy produce; birds' eggs; natural honey; edible products of animal origin, not elsewhere specified or included",2021,63202530.262
2026-09-03T12:28:28Z,Botswana,72,Import,World,30,Pharmaceutical products,2021,191061638.409
2026-09-03T12:28:28Z,Botswana,72,Import,World,01,Animals; live,2021,4398191.901
2026-09-03T12:28:28Z,Botswana,72,Import,World,35,Albuminoidal substances; modified starches; glues; enzymes,2021,6158278.271
2026-09-03T12:28:28Z,Botswana,72,Import,World,18,Cocoa and cocoa preparations,2021,10781563.107
2026-09-03T12:28:28Z,Botswana,72,Import,World,43,Furskins and artificial fur; manufactures thereof,2021,45204.842
2026-09-03T12:28:28Z,Botswana,72,Import,World,82,"Tools, implements, cutlery, spoons and forks, of base metal; parts thereof, of base metal",2021,25293799.154
2026-09-03T12:28:28Z,Botswana,72,Import,World,25,"Salt; sulphur; earths, stone; plastering materials, lime and cement",2021,76551485.255
2026-09-03T12:28:28Z,Botswana,72,Import,World,53,Vegetable textile fibres; paper yarn and woven fabrics of paper yarn,2021,193406.608
2026-09-03T12:28:28Z,Botswana,72,Import,World,50,Silk,2021,336356.99
2026-09-03T12:28:28Z,Botswana,72,Import,World,44,Wood and articles of wood; wood charcoal,2021,96175390.049
2026-09-03T12:28:28Z,Botswana,72,Import,World,71,"Natural, cultured pearls; precious, semi-precious stones; precious metals, metals clad with precious metal, and articles thereof; imitation jewellery; coin",2021,2972569484.766
2026-09-03T12:28:28Z,Botswana,72,Import,World,06,"Trees and other plants, live; bulbs, roots and the like; cut flowers and ornamental foliage",2021,3841526.052
2026-09-03T12:28:28Z,Botswana,72,Import,World,87,"Vehicles; other than railway or tramway rolling stock, and parts and accessories thereof",2021,598680050.938
2026-09-03T12:28:28Z,Botswana,72,Import,World,89,"Ships, boats and floating structures",2021,422470.315
2026-09-03T12:28:28Z,Botswana,72,Import,World,38,Chemical products n.e.c.,2021,96678170.172
2026-09-03T12:28:28Z,Botswana,72,Import,World,91,Clocks and watches and parts thereof,2021,1343081.151
2026-09-03T12:28:28Z,Botswana,72,Import,World,79,Zinc and articles thereof,2021,90669.109
2026-09-03T12:28:28Z,Botswana,72,Import,World,26,"Ores, slag and ash",2021,1310003.136
2026-09-03T12:28:28Z,Botswana,72,Import,World,81,"Metals; n.e.c., cermets and articles thereof",2021,1473587.087
2026-09-03T12:28:28Z,Botswana,72,Import,World,33,"Essential oils and resinoids; perfumery, cosmetic or toilet preparations",2021,78455472.335
2026-09-03T12:28:28Z,Botswana,72,Import,World,16,"Meat, fish or crustaceans, molluscs or other aquatic invertebrates; preparations thereof",2021,18985842.02
2026-09-03T12:28:28Z,Botswana,72,Import,World,14,Vegetable plaiting materials; vegetable products not elsewhere specified or included,2021,14292.371
2026-09-03T12:28:28Z,Botswana,72,Import,World,11,"Products of the milling industry; malt, starches, inulin, wheat gluten",2021,9463961.245
2026-09-03T12:28:28Z,Botswana,72,Import,World,74,Copper and articles thereof,2021,30804006.585
2026-09-03T12:28:28Z,Botswana,72,Import,World,57,Carpets and other textile floor coverings,2021,1976974.36
2026-09-03T12:28:28Z,Botswana,72,Import,World,86,"Railway, tramway locomotives, rolling-stock and parts thereof; railway or tramway track fixtures and fittings and parts thereof; mechanical (including electro-mechanical) traffic signalling equipment of all kinds",2021,6081347.01
2026-09-03T12:28:28Z,Botswana,72,Import,World,24,Tobacco and manufactured tobacco substitutes,2021,24383322.645
2026-09-03T12:28:28Z,Botswana,72,Import,World,39,Plastics and articles thereof,2021,169328466.038
2026-09-03T12:28:28Z,Botswana,72,Import,World,85,"Electrical machinery and equipment and parts thereof; sound recorders and reproducers; television image and sound recorders and reproducers, parts and accessories of such articles",2021,370677542.994
2026-09-03T12:28:28Z,Botswana,72,Import,World,83,Metal; miscellaneous products of base metal,2021,18467980.391
2026-09-03T12:28:28Z,Botswana,72,Import,World,36,Explosives; pyrotechnic products; matches; pyrophoric alloys; certain combustible preparations,2021,6475100.491
2026-09-03T12:28:28Z,Botswana,72,Import,World,68,"Stone, plaster, cement, asbestos, mica or similar materials; articles thereof",2021,52531684.07
2026-09-03T12:28:28Z,Botswana,72,Import,World,84,"Nuclear reactors, boilers, machinery and mechanical appliances; parts thereof",2021,558349027.587
2026-09-03T12:28:28Z,Botswana,72,Import,World,90,"Optical, photographic, cinematographic, measuring, checking, medical or surgical instruments and apparatus; parts and accessories",2021,88689150.331
2026-09-03T12:28:28Z,Botswana,72,Import,World,31,Fertilizers,2021,30091781.421
2026-09-03T12:28:28Z,Botswana,72,Import,World,22,"Beverages, spirits and vinegar",2021,150693517.455
2026-09-03T12:28:28Z,Botswana,72,Import,World,07,Vegetables and certain roots and tubers; edible,2021,36182874.488
2026-09-03T12:28:28Z,Botswana,72,Import,World,52,Cotton,2021,10143376.57
2026-09-03T12:28:28Z,Botswana,72,Import,World,34,"Soap, organic surface-active agents; washing, lubricating, polishing or scouring preparations; artificial or prepared waxes, candles and similar articles, modelling pastes, dental waxes and dental preparations with a basis of plaster",2021,77508120.703
2026-09-03T12:28:28Z,Botswana,72,Import,World,55,Man-made staple fibres,2021,2910923.337
2026-09-03T12:28:28Z,Botswana,72,Import,World,96,Miscellaneous manufactured articles,2021,31813070.99
2026-09-03T12:28:28Z,Botswana,72,Import,World,49,"Printed books, newspapers, pictures and other products of the printing industry; manuscripts, typescripts and plans",2021,12895354.715
2026-09-03T12:28:28Z,Botswana,72,Import,World,62,Apparel and clothing accessories; not knitted or crocheted,2021,31862736.691
2026-09-03T12:28:28Z,Botswana,72,Import,World,56,"Wadding, felt and nonwovens, special yarns; twine, cordage, ropes and cables and articles thereof",2021,2602409.269
2026-09-03T12:28:28Z,Botswana,72,Import,World,15,Animal or vegetable fats and oils and their cleavage products; prepared animal fats; animal or vegetable waxes,2021,59895578.2
2026-09-03T12:28:28Z,Botswana,72,Import,World,05,Animal originated products; not elsewhere specified or included,2021,1178314.348
2026-09-03T12:28:28Z,Botswana,72,Import,World,47,Pulp of wood or other fibrous cellulosic material; recovered (waste and scrap) paper or paperboard,2021,103354.881
2026-09-03T12:28:28Z,Botswana,72,Import,World,94,"Furniture; bedding, mattresses, mattress supports, cushions and similar stuffed furnishings; lamps and lighting fittings, n.e.c.; illuminated signs, illuminated name-plates and the like; prefabricated buildings",2021,77045399.939
2026-09-03T12:28:28Z,Botswana,72,Import,World,61,Apparel and clothing accessories; knitted or crocheted,2021,37331721.619
2026-09-03T12:28:28Z,Botswana,72,Import,World,78,Lead and articles thereof,2021,4725592.858
2026-09-03T12:28:28Z,Botswana,72,Import,World,41,Raw hides and skins (other than furskins) and leather,2021,97173.326
2026-09-03T12:28:28Z,Botswana,72,Import,World,54,Man-made filaments; strip and the like of man-made textile materials,2021,2643527.749
2026-09-03T12:28:28Z,Botswana,72,Import,World,28,"Inorganic chemicals; organic and inorganic compounds of precious metals; of rare earth metals, of radio-active elements and of isotopes",2021,12718154.042
2026-09-03T12:28:28Z,Botswana,72,Import,World,42,"Articles of leather; saddlery and harness; travel goods, handbags and similar containers; articles of animal gut (other than silk-worm gut)",2021,25028399.624
2026-09-03T12:28:28Z,Botswana,72,Import,World,46,"Manufactures of straw, esparto or other plaiting materials; basketware and wickerwork",2021,123511.376
2026-09-03T12:28:28Z,Botswana,72,Import,World,80,Tin; articles thereof,2021,19028.865
2026-09-03T12:28:28Z,Botswana,72,Import,World,21,Miscellaneous edible preparations,2021,73788888.124
2026-09-03T12:28:28Z,Botswana,72,Import,World,67,"Feathers and down, prepared; and articles made of feather or of down; artificial flowers; articles of human hair",2021,1279338.053
2026-09-03T12:28:28Z,Botswana,72,Import,World,65,Headgear and parts thereof,2021,3343491.195
2026-09-03T12:28:28Z,Botswana,72,Import,World,08,"Fruit and nuts, edible; peel of citrus fruit or melons",2021,38640690.634
2026-09-03T12:28:28Z,Botswana,72,Import,World,32,"Tanning or dyeing extracts; tannins and their derivatives; dyes, pigments and other colouring matter; paints, varnishes; putty, other mastics; inks",2021,34782991.542
2026-09-03T12:28:28Z,Botswana,72,Import,World,72,Iron and steel,2021,116940692.44
2026-09-03T12:28:28Z,Botswana,72,Import,World,03,"Fish and crustaceans, molluscs and other aquatic invertebrates",2021,3885768.182
2026-09-03T12:28:28Z,Botswana,72,Import,World,29,Organic chemicals,2021,9966904.887
2026-09-03T12:28:28Z,Botswana,72,Import,World,73,Iron or steel articles,2021,168979406.605
2026-09-03T12:28:28Z,Botswana,72,Import,World,76,Aluminium and articles thereof,2021,28854878.838
2026-09-03T12:28:28Z,Botswana,72,Import,World,02,Meat and edible meat offal,2021,12034245.014
2026-09-03T12:28:28Z,Botswana,72,Import,World,59,"Textile fabrics; impregnated, coated, covered or laminated; textile articles of a kind suitable for industrial use",2021,4684587.883
2026-09-03T12:28:28Z,Botswana,72,Import,World,75,Nickel and articles thereof,2021,1431973.555
2026-09-03T12:28:28Z,Botswana,72,Import,World,40,Rubber and articles thereof,2021,82476569.17
2026-09-03T12:28:28Z,Botswana,72,Import,World,37,Photographic or cinematographic goods,2021,1188415.781
2026-09-03T12:28:28Z,Botswana,72,Import,World,97,Works of art; collectors' pieces and antiques,2021,191033.406
2026-09-03T12:28:28Z,Botswana,72,Import,World,69,Ceramic products,2021,26099611.646
2026-09-03T12:28:28Z,Botswana,72,Import,World,88,"Aircraft, spacecraft and parts thereof",2021,11002614.331
2026-09-03T12:28:28Z,Botswana,72,Import,World,58,"Fabrics; special woven fabrics, tufted textile fabrics, lace, tapestries, trimmings, embroidery",2021,4111054.36
2026-09-03T12:28:28Z,Botswana,72,Import,World,48,"Paper and paperboard; articles of paper pulp, of paper or paperboard",2021,64875330.316
2026-09-03T12:28:28Z,Botswana,72,Import,World,95,"Toys, games and sports requisites; parts and accessories thereof",2021,7530009.519
2026-09-03T12:28:28Z,Botswana,72,Import,World,23,"Food industries, residues and wastes thereof; prepared animal fodder",2021,51428715.209
2026-09-03T12:28:28Z,Botswana,72,Import,World,45,Cork and articles of cork,2021,23298.474
2026-09-03T12:28:28Z,Botswana,72,Import,World,13,"Lac; gums, resins and other vegetable saps and extracts",2021,30112.179
2026-09-03T12:28:28Z,Botswana,72,Import,World,51,"Wool, fine or coarse animal hair; horsehair yarn and woven fabric",2021,566222.841
2026-09-03T12:28:28Z,Botswana,72,Import,World,27,"Mineral fuels, mineral oils and products of their distillation; bituminous substances; mineral waxes",2021,1007523925.063
2026-09-03T12:28:28Z,Botswana,72,Import,World,09,"Coffee, tea, mate and spices",2021,34142154.129
2026-09-03T12:28:28Z,Botswana,72,Import,World,63,"Textiles, made up articles; sets; worn clothing and worn textile articles; rags",2021,32346929.057
2026-09-03T12:28:28Z,Botswana,72,Import,World,64,Footwear; gaiters and the like; parts of such articles,2021,46711177.642
2026-09-03T12:28:28Z,Botswana,72,Import,World,99,Commodities not specified according to kind,2021,6695524.114
2026-09-03T12:28:28Z,Botswana,72,Import,World,12,"Oil seeds and oleaginous fruits; miscellaneous grains, seeds and fruit, industrial or medicinal plants; straw and fodder",2021,7997004.232
2026-09-03T12:28:28Z,Botswana,72,Import,World,70,Glass and glassware,2021,12912702.265
2026-09-03T12:28:28Z,Botswana,72,Import,World,20,"Preparations of vegetables, fruit, nuts or other parts of plants",2021,69110185.803
2026-09-03T12:28:28Z,Botswana,72,Import,World,60,Fabrics; knitted or crocheted,2021,711336.463
2026-09-03T12:28:28Z,Botswana,72,Import,World,10,Cereals,2021,141591780.073
2026-09-03T12:28:28Z,Botswana,72,Import,World,66,"Umbrellas, sun umbrellas, walking-sticks, seat sticks, whips, riding crops; and parts thereof",2021,472737.571
2026-09-03T12:28:28Z,Botswana,72,Import,World,92,Musical instruments; parts and accessories of such articles,2021,470890.677
2026-09-03T12:28:28Z,Lesotho,426,Import,World,21,Miscellaneous edible preparations,2021,14655031.198
2026-09-03T12:28:28Z,Lesotho,426,Import,World,67,"Feathers and down, prepared; and articles made of feather or of down; artificial flowers; articles of human hair",2021,1562202.381
2026-09-03T12:28:28Z,Lesotho,426,Import,World,65,Headgear and parts thereof,2021,1191007.839
2026-09-03T12:28:28Z,Lesotho,426,Import,World,23,"Food industries, residues and wastes thereof; prepared animal fodder",2021,6218381.753
2026-09-03T12:28:28Z,Lesotho,426,Import,World,63,"Textiles, made up articles; sets; worn clothing and worn textile articles; rags",2021,9589526.908
2026-09-03T12:28:28Z,Lesotho,426,Import,World,09,"Coffee, tea, mate and spices",2021,10569692.569
2026-09-03T12:28:28Z,Lesotho,426,Import,World,72,Iron and steel,2021,24204501.317
2026-09-03T12:28:28Z,Lesotho,426,Import,World,13,"Lac; gums, resins and other vegetable saps and extracts",2021,35904.507
2026-09-03T12:28:28Z,Lesotho,426,Import,World,45,Cork and articles of cork,2021,2873.96
2026-09-03T12:28:28Z,Lesotho,426,Import,World,93,Arms and ammunition; parts and accessories thereof,2021,490785.813
2026-09-03T12:28:28Z,Lesotho,426,Import,World,04,"Dairy produce; birds' eggs; natural honey; edible products of animal origin, not elsewhere specified or included",2021,19008150.119
2026-09-03T12:28:28Z,Lesotho,426,Import,World,33,"Essential oils and resinoids; perfumery, cosmetic or toilet preparations",2021,15541203.153
2026-09-03T12:28:28Z,Lesotho,426,Import,World,16,"Meat, fish or crustaceans, molluscs or other aquatic invertebrates; preparations thereof",2021,19112688.531
2026-09-03T12:28:28Z,Lesotho,426,Import,World,14,Vegetable plaiting materials; vegetable products not elsewhere specified or included,2021,3822.589
2026-09-03T12:28:28Z,Lesotho,426,Import,World,81,"Metals; n.e.c., cermets and articles thereof",2021,829.239
2026-09-03T12:28:28Z,Lesotho,426,Import,World,20,"Preparations of vegetables, fruit, nuts or other parts of plants",2021,15206404.885
2026-09-03T12:28:28Z,Lesotho,426,Import,World,60,Fabrics; knitted or crocheted,2021,129397630.284
2026-09-03T12:28:28Z,Lesotho,426,Import,World,70,Glass and glassware,2021,3695293.599
2026-09-03T12:28:28Z,Lesotho,426,Import,World,92,Musical instruments; parts and accessories of such articles,2021,28676.553
2026-09-03T12:28:28Z,Lesotho,426,Import,World,66,"Umbrellas, sun umbrellas, walking-sticks, seat sticks, whips, riding crops; and parts thereof",2021,230907.675
2026-09-03T12:28:28Z,Lesotho,426,Import,World,10,Cereals,2021,19173272.346
2026-09-03T12:28:28Z,Lesotho,426,Import,World,54,Man-made filaments; strip and the like of man-made textile materials,2021,65789903.793
2026-09-03T12:28:28Z,Lesotho,426,Import,World,42,"Articles of leather; saddlery and harness; travel goods, handbags and similar containers; articles of animal gut (other than silk-worm gut)",2021,2605090.196
2026-09-03T12:28:28Z,Lesotho,426,Import,World,28,"Inorganic chemicals; organic and inorganic compounds of precious metals; of rare earth metals, of radio-active elements and of isotopes",2021,2220497.891
2026-09-03T12:28:28Z,Lesotho,426,Import,World,26,"Ores, slag and ash",2021,459941.294
2026-09-03T12:28:28Z,Lesotho,426,Import,World,79,Zinc and articles thereof,2021,31279.804
2026-09-03T12:28:28Z,Lesotho,426,Import,World,91,Clocks and watches and parts thereof,2021,311498.882
2026-09-03T12:28:28Z,Lesotho,426,Import,World,02,Meat and edible meat offal,2021,38447023.629
2026-09-03T12:28:28Z,Lesotho,426,Import,World,59,"Textile fabrics; impregnated, coated, covered or laminated; textile articles of a kind suitable for industrial use",2021,5528615.347
2026-09-03T12:28:28Z,Lesotho,426,Import,World,75,Nickel and articles thereof,2021,2406.68
2026-09-03T12:28:28Z,Lesotho,426,Import,World,40,Rubber and articles thereof,2021,14990875.163
2026-09-03T12:28:28Z,Lesotho,426,Import,World,97,Works of art; collectors' pieces and antiques,2021,15828.052
2026-09-03T12:28:28Z,Lesotho,426,Import,World,37,Photographic or cinematographic goods,2021,155566.939
2026-09-03T12:28:28Z,Lesotho,426,Import,World,69,Ceramic products,2021,5680627.362
2026-09-03T12:28:28Z,Lesotho,426,Import,World,17,Sugars and sugar confectionery,2021,10057763.229
2026-09-03T12:28:28Z,Lesotho,426,Import,World,19,"Preparations of cereals, flour, starch or milk; pastrycooks' products",2021,22740120.981
2026-09-03T12:28:28Z,Lesotho,426,Import,World,29,Organic chemicals,2021,1383042.01
2026-09-03T12:28:28Z,Lesotho,426,Import,World,76,Aluminium and articles thereof,2021,5899436.226
2026-09-03T12:28:28Z,Lesotho,426,Import,World,73,Iron or steel articles,2021,49276382.342
2026-09-03T12:28:28Z,Lesotho,426,Import,World,03,"Fish and crustaceans, molluscs and other aquatic invertebrates",2021,2270431.408
2026-09-03T12:28:28Z,Lesotho,426,Import,World,08,"Fruit and nuts, edible; peel of citrus fruit or melons",2021,5055701.089
2026-09-03T12:28:28Z,Lesotho,426,Import,World,32,"Tanning or dyeing extracts; tannins and their derivatives; dyes, pigments and other colouring matter; paints, varnishes; putty, other mastics; inks",2021,8018776.651
2026-09-03T12:28:28Z,Lesotho,426,Import,World,64,Footwear; gaiters and the like; parts of such articles,2021,22433834.69
2026-09-03T12:28:28Z,Lesotho,426,Import,World,99,Commodities not specified according to kind,2021,1513408.787
2026-09-03T12:28:28Z,Lesotho,426,Import,World,71,"Natural, cultured pearls; precious, semi-precious stones; precious metals, metals clad with precious metal, and articles thereof; imitation jewellery; coin",2021,367647.734
2026-09-03T12:28:28Z,Lesotho,426,Import,World,87,"Vehicles; other than railway or tramway rolling stock, and parts and accessories thereof",2021,88880610.237
2026-09-03T12:28:28Z,Lesotho,426,Import,World,06,"Trees and other plants, live; bulbs, roots and the like; cut flowers and ornamental foliage",2021,200612.554
2026-09-03T12:28:28Z,Lesotho,426,Import,World,89,"Ships, boats and floating structures",2021,61103.654
2026-09-03T12:28:28Z,Lesotho,426,Import,World,38,Chemical products n.e.c.,2021,17798455.623
2026-09-03T12:28:28Z,Lesotho,426,Import,World,46,"Manufactures of straw, esparto or other plaiting materials; basketware and wickerwork",2021,12642.662
2026-09-03T12:28:28Z,Lesotho,426,Import,World,88,"Aircraft, spacecraft and parts thereof",2021,145569.805
2026-09-03T12:28:28Z,Lesotho,426,Import,World,48,"Paper and paperboard; articles of paper pulp, of paper or paperboard",2021,24390634.086
2026-09-03T12:28:28Z,Lesotho,426,Import,World,95,"Toys, games and sports requisites; parts and accessories thereof",2021,2183647.934
2026-09-03T12:28:28Z,Lesotho,426,Import,World,80,Tin; articles thereof,2021,4922.265
2026-09-03T12:28:28Z,Lesotho,426,Import,World,58,"Fabrics; special woven fabrics, tufted textile fabrics, lace, tapestries, trimmings, embroidery",2021,7652924.372
2026-09-03T12:28:28Z,Lesotho,426,Import,World,51,"Wool, fine or coarse animal hair; horsehair yarn and woven fabric",2021,178248.945
2026-09-03T12:28:28Z,Lesotho,426,Import,World,27,"Mineral fuels, mineral oils and products of their distillation; bituminous substances; mineral waxes",2021,226447735.238
2026-09-03T12:28:28Z,Lesotho,426,Import,World,90,"Optical, photographic, cinematographic, measuring, checking, medical or surgical instruments and apparatus; parts and accessories",2021,14492577.024
2026-09-03T12:28:28Z,Lesotho,426,Import,World,31,Fertilizers,2021,9869418.39
2026-09-03T12:28:28Z,Lesotho,426,Import,World,22,"Beverages, spirits and vinegar",2021,37329632.028
2026-09-03T12:28:28Z,Lesotho,426,Import,World,07,Vegetables and certain roots and tubers; edible,2021,13033690.741
2026-09-03T12:28:28Z,Lesotho,426,Import,World,96,Miscellaneous manufactured articles,2021,17300482.307
2026-09-03T12:28:28Z,Lesotho,426,Import,World,52,Cotton,2021,56370316.733
2026-09-03T12:28:28Z,Lesotho,426,Import,World,34,"Soap, organic surface-active agents; washing, lubricating, polishing or scouring preparations; artificial or prepared waxes, candles and similar articles, modelling pastes, dental waxes and dental preparations with a basis of plaster",2021,24475248.985
2026-09-03T12:28:28Z,Lesotho,426,Import,World,55,Man-made staple fibres,2021,10617270.275
2026-09-03T12:28:28Z,Lesotho,426,Import,World,49,"Printed books, newspapers, pictures and other products of the printing industry; manuscripts, typescripts and plans",2021,9926717.583
2026-09-03T12:28:28Z,Lesotho,426,Import,World,62,Apparel and clothing accessories; not knitted or crocheted,2021,50616136.447
2026-09-03T12:28:28Z,Lesotho,426,Import,World,56,"Wadding, felt and nonwovens, special yarns; twine, cordage, ropes and cables and articles thereof",2021,1765243.531
2026-09-03T12:28:28Z,Lesotho,426,Import,World,47,Pulp of wood or other fibrous cellulosic material; recovered (waste and scrap) paper or paperboard,2021,260.968
2026-09-03T12:28:28Z,Lesotho,426,Import,World,94,"Furniture; bedding, mattresses, mattress supports, cushions and similar stuffed furnishings; lamps and lighting fittings, n.e.c.; illuminated signs, illuminated name-plates and the like; prefabricated buildings",2021,23027587.224
2026-09-03T12:28:28Z,Lesotho,426,Import,World,41,Raw hides and skins (other than furskins) and leather,2021,11386840.52
2026-09-03T12:28:28Z,Lesotho,426,Import,World,78,Lead and articles thereof,2021,839.453
2026-09-03T12:28:28Z,Lesotho,426,Import,World,05,Animal originated products; not elsewhere specified or included,2021,262608.017
2026-09-03T12:28:28Z,Lesotho,426,Import,World,84,"Nuclear reactors, boilers, machinery and mechanical appliances; parts thereof",2021,84425308.987
2026-09-03T12:28:28Z,Lesotho,426,Import,World,15,Animal or vegetable fats and oils and their cleavage products; prepared animal fats; animal or vegetable waxes,2021,15330528.797
2026-09-03T12:28:28Z,Lesotho,426,Import,World,11,"Products of the milling industry; malt, starches, inulin, wheat gluten",2021,45707172.281
2026-09-03T12:28:28Z,Lesotho,426,Import,World,74,Copper and articles thereof,2021,1268487.388
2026-09-03T12:28:28Z,Lesotho,426,Import,World,57,Carpets and other textile floor coverings,2021,659890.538
2026-09-03T12:28:28Z,Lesotho,426,Import,World,86,"Railway, tramway locomotives, rolling-stock and parts thereof; railway or tramway track fixtures and fittings and parts thereof; mechanical (including electro-mechanical) traffic signalling equipment of all kinds",2021,425904.418
2026-09-03T12:28:28Z,Lesotho,426,Import,World,39,Plastics and articles thereof,2021,34848116.549
2026-09-03T12:28:28Z,Lesotho,426,Import,World,24,Tobacco and manufactured tobacco substitutes,2021,30331396.765
2026-09-03T12:28:28Z,Lesotho,426,Import,World,85,"Electrical machinery and equipment and parts thereof; sound recorders and reproducers; television image and sound recorders and reproducers, parts and accessories of such articles",2021,106879174.269
2026-09-03T12:28:28Z,Lesotho,426,Import,World,68,"Stone, plaster, cement, asbestos, mica or similar materials; articles thereof",2021,5757143.941
2026-09-03T12:28:28Z,Lesotho,426,Import,World,83,Metal; miscellaneous products of base metal,2021,5504511.479
2026-09-03T12:28:28Z,Lesotho,426,Import,World,01,Animals; live,2021,3230004.699
2026-09-03T12:28:28Z,Lesotho,426,Import,World,36,Explosives; pyrotechnic products; matches; pyrophoric alloys; certain combustible preparations,2021,4089533.12
2026-09-03T12:28:28Z,Lesotho,426,Import,World,30,Pharmaceutical products,2021,40367941.044
2026-09-03T12:28:28Z,Lesotho,426,Import,World,43,Furskins and artificial fur; manufactures thereof,2021,35201.287
2026-09-03T12:28:28Z,Lesotho,426,Import,World,18,Cocoa and cocoa preparations,2021,1451148.974
2026-09-03T12:28:28Z,Lesotho,426,Import,World,82,"Tools, implements, cutlery, spoons and forks, of base metal; parts thereof, of base metal",2021,3306187.458
2026-09-03T12:28:28Z,Lesotho,426,Import,World,35,Albuminoidal substances; modified starches; glues; enzymes,2021,1586452.155
2026-09-03T12:28:28Z,Lesotho,426,Import,World,25,"Salt; sulphur; earths, stone; plastering materials, lime and cement",2021,14135690.522
2026-09-03T12:28:28Z,Lesotho,426,Import,World,53,Vegetable textile fibres; paper yarn and woven fabrics of paper yarn,2021,524776.489
2026-09-03T12:28:28Z,Lesotho,426,Import,World,44,Wood and articles of wood; wood charcoal,2021,24909865.112
2026-09-03T12:28:28Z,Lesotho,426,Import,World,50,Silk,2021,422152.854
2026-09-03T12:28:28Z,Lesotho,426,Import,World,12,"Oil seeds and oleaginous fruits; miscellaneous grains, seeds and fruit, industrial or medicinal plants; straw and fodder",2021,17471929.992
2026-09-03T12:28:28Z,Lesotho,426,Import,World,61,Apparel and clothing accessories; knitted or crocheted,2021,21673714.548
2026-09-03T12:28:28Z,Namibia,516,Import,World,39,Plastics and articles thereof,2021,217165194.726
2026-09-03T12:28:28Z,Namibia,516,Import,World,49,"Printed books, newspapers, pictures and other products of the printing industry; manuscripts, typescripts and plans",2021,22796269.432
2026-09-03T12:28:28Z,Namibia,516,Import,World,74,Copper and articles thereof,2021,6180787.588
2026-09-03T12:28:28Z,Namibia,516,Import,World,68,"Stone, plaster, cement, asbestos, mica or similar materials; articles thereof",2021,23118060.651
2026-09-03T12:28:28Z,Namibia,516,Import,World,46,"Manufactures of straw, esparto or other plaiting materials; basketware and wickerwork",2021,365558.184
2026-09-03T12:28:28Z,Namibia,516,Import,World,96,Miscellaneous manufactured articles,2021,35838820.622
2026-09-03T12:28:28Z,Namibia,516,Import,World,27,"Mineral fuels, mineral oils and products of their distillation; bituminous substances; mineral waxes",2021,876434618.86
2026-09-03T12:28:28Z,Namibia,516,Import,World,13,"Lac; gums, resins and other vegetable saps and extracts",2021,1517318.336
2026-09-03T12:28:28Z,Namibia,516,Import,World,25,"Salt; sulphur; earths, stone; plastering materials, lime and cement",2021,58557599.17
2026-09-03T12:28:28Z,Namibia,516,Import,World,28,"Inorganic chemicals; organic and inorganic compounds of precious metals; of rare earth metals, of radio-active elements and of isotopes",2021,160176174.388
2026-09-03T12:28:28Z,Namibia,516,Import,World,26,"Ores, slag and ash",2021,514734785.006
2026-09-03T12:28:28Z,Namibia,516,Import,World,37,Photographic or cinematographic goods,2021,760339.843
2026-09-03T12:28:28Z,Namibia,516,Import,World,31,Fertilizers,2021,32142244.601
2026-09-03T12:28:28Z,Namibia,516,Import,World,44,Wood and articles of wood; wood charcoal,2021,52970652.481
2026-09-03T12:28:28Z,Namibia,516,Import,World,93,Arms and ammunition; parts and accessories thereof,2021,5035796.146
2026-09-03T12:28:28Z,Namibia,516,Import,World,94,"Furniture; bedding, mattresses, mattress supports, cushions and similar stuffed furnishings; lamps and lighting fittings, n.e.c.; illuminated signs, illuminated name-plates and the like; prefabricated buildings",2021,62181883.02
2026-09-03T12:28:28Z,Namibia,516,Import,World,89,"Ships, boats and floating structures",2021,5329362.805
2026-09-03T12:28:28Z,Namibia,516,Import,World,29,Organic chemicals,2021,21052392.186
2026-09-03T12:28:28Z,Namibia,516,Import,World,85,"Electrical machinery and equipment and parts thereof; sound recorders and reproducers; television image and sound recorders and reproducers, parts and accessories of such articles",2021,332876582.445
2026-09-03T12:28:28Z,Namibia,516,Import,World,16,"Meat, fish or crustaceans, molluscs or other aquatic invertebrates; preparations thereof",2021,27782881.108
2026-09-03T12:28:28Z,Namibia,516,Import,World,66,"Umbrellas, sun umbrellas, walking-sticks, seat sticks, whips, riding crops; and parts thereof",2021,591914.04
2026-09-03T12:28:28Z,Namibia,516,Import,World,70,Glass and glassware,2021,21802402.576
2026-09-03T12:28:28Z,Namibia,516,Import,World,33,"Essential oils and resinoids; perfumery, cosmetic or toilet preparations",2021,88109608.491
2026-09-03T12:28:28Z,Namibia,516,Import,World,63,"Textiles, made up articles; sets; worn clothing and worn textile articles; rags",2021,46555414.06
2026-09-03T12:28:28Z,Namibia,516,Import,World,42,"Articles of leather; saddlery and harness; travel goods, handbags and similar containers; articles of animal gut (other than silk-worm gut)",2021,12250446.929
2026-09-03T12:28:28Z,Namibia,516,Import,World,18,Cocoa and cocoa preparations,2021,13635167.779
2026-09-03T12:28:28Z,Namibia,516,Import,World,61,Apparel and clothing accessories; knitted or crocheted,2021,76389506.684
2026-09-03T12:28:28Z,Namibia,516,Import,World,76,Aluminium and articles thereof,2021,33859761.877
2026-09-03T12:28:28Z,Namibia,516,Import,World,07,Vegetables and certain roots and tubers; edible,2021,23346956.433
2026-09-03T12:28:28Z,Namibia,516,Import,World,40,Rubber and articles thereof,2021,131635947.001
2026-09-03T12:28:28Z,Namibia,516,Import,World,83,Metal; miscellaneous products of base metal,2021,23110609.716
2026-09-03T12:28:28Z,Namibia,516,Import,World,35,Albuminoidal substances; modified starches; glues; enzymes,2021,6165638.099
2026-09-03T12:28:28Z,Namibia,516,Import,World,32,"Tanning or dyeing extracts; tannins and their derivatives; dyes, pigments and other colouring matter; paints, varnishes; putty, other mastics; inks",2021,31789297.617
2026-09-03T12:28:28Z,Namibia,516,Import,World,11,"Products of the milling industry; malt, starches, inulin, wheat gluten",2021,23259272.18
2026-09-03T12:28:28Z,Namibia,516,Import,World,90,"Optical, photographic, cinematographic, measuring, checking, medical or surgical instruments and apparatus; parts and accessories",2021,108642317.584
2026-09-03T12:28:28Z,Namibia,516,Import,World,78,Lead and articles thereof,2021,144945.448
2026-09-03T12:28:28Z,Namibia,516,Import,World,56,"Wadding, felt and nonwovens, special yarns; twine, cordage, ropes and cables and articles thereof",2021,9218398.668
2026-09-03T12:28:28Z,Namibia,516,Import,World,95,"Toys, games and sports requisites; parts and accessories thereof",2021,15705866.053
2026-09-03T12:28:28Z,Namibia,516,Import,World,20,"Preparations of vegetables, fruit, nuts or other parts of plants",2021,51644004.006
2026-09-03T12:28:28Z,Namibia,516,Import,World,62,Apparel and clothing accessories; not knitted or crocheted,2021,61119389.818
2026-09-03T12:28:28Z,Namibia,516,Import,World,36,Explosives; pyrotechnic products; matches; pyrophoric alloys; certain combustible preparations,2021,6804754.878
2026-09-03T12:28:28Z,Namibia,516,Import,World,22,"Beverages, spirits and vinegar",2021,194185330.32
2026-09-03T12:28:28Z,Namibia,516,Import,World,08,"Fruit and nuts, edible; peel of citrus fruit or melons",2021,23577448.246
2026-09-03T12:28:28Z,Namibia,516,Import,World,57,Carpets and other textile floor coverings,2021,3254081.068
2026-09-03T12:28:28Z,Namibia,516,Import,World,04,"Dairy produce; birds' eggs; natural honey; edible products of animal origin, not elsewhere specified or included",2021,49891748.155
2026-09-03T12:28:28Z,Namibia,516,Import,World,65,Headgear and parts thereof,2021,4961955.279
2026-09-03T12:28:28Z,Namibia,516,Import,World,75,Nickel and articles thereof,2021,132162.675
2026-09-03T12:28:28Z,Namibia,516,Import,World,91,Clocks and watches and parts thereof,2021,2603241.675
2026-09-03T12:28:28Z,Namibia,516,Import,World,19,"Preparations of cereals, flour, starch or milk; pastrycooks' products",2021,52746487.459
2026-09-03T12:28:28Z,Namibia,516,Import,World,34,"Soap, organic surface-active agents; washing, lubricating, polishing or scouring preparations; artificial or prepared waxes, candles and similar articles, modelling pastes, dental waxes and dental preparations with a basis of plaster",2021,68565724.875
2026-09-03T12:28:28Z,Namibia,516,Import,World,30,Pharmaceutical products,2021,203322308.023
2026-09-03T12:28:28Z,Namibia,516,Import,World,48,"Paper and paperboard; articles of paper pulp, of paper or paperboard",2021,94484446.16
2026-09-03T12:28:28Z,Namibia,516,Import,World,10,Cereals,2021,98217068.272
2026-09-03T12:28:28Z,Namibia,516,Import,World,54,Man-made filaments; strip and the like of man-made textile materials,2021,3057112.868
2026-09-03T12:28:28Z,Namibia,516,Import,World,38,Chemical products n.e.c.,2021,94428988.841
2026-09-03T12:28:28Z,Namibia,516,Import,World,55,Man-made staple fibres,2021,809439.649
2026-09-03T12:28:28Z,Namibia,516,Import,World,72,Iron and steel,2021,129142421.258
2026-09-03T12:28:28Z,Namibia,516,Import,World,87,"Vehicles; other than railway or tramway rolling stock, and parts and accessories thereof",2021,350008859.529
2026-09-03T12:28:28Z,Namibia,516,Import,World,59,"Textile fabrics; impregnated, coated, covered or laminated; textile articles of a kind suitable for industrial use",2021,3356809.732
2026-09-03T12:28:28Z,Namibia,516,Import,World,17,Sugars and sugar confectionery,2021,90693072.293
2026-09-03T12:28:28Z,Namibia,516,Import,World,71,"Natural, cultured pearls; precious, semi-precious stones; precious metals, metals clad with precious metal, and articles thereof; imitation jewellery; coin",2021,445912332.649
2026-09-03T12:28:28Z,Namibia,516,Import,World,09,"Coffee, tea, mate and spices",2021,25455865.746
2026-09-03T12:28:28Z,Namibia,516,Import,World,69,Ceramic products,2021,25092944.974
2026-09-03T12:28:28Z,Namibia,516,Import,World,50,Silk,2021,1453737.775
2026-09-03T12:28:28Z,Namibia,516,Import,World,03,"Fish and crustaceans, molluscs and other aquatic invertebrates",2021,43376340.373
2026-09-03T12:28:28Z,Namibia,516,Import,World,15,Animal or vegetable fats and oils and their cleavage products; prepared animal fats; animal or vegetable waxes,2021,54424605.434
2026-09-03T12:28:28Z,Namibia,516,Import,World,84,"Nuclear reactors, boilers, machinery and mechanical appliances; parts thereof",2021,526239683.309
2026-09-03T12:28:28Z,Namibia,516,Import,World,02,Meat and edible meat offal,2021,60665829.946
2026-09-03T12:28:28Z,Namibia,516,Import,World,23,"Food industries, residues and wastes thereof; prepared animal fodder",2021,49635357.472
2026-09-03T12:28:28Z,Namibia,516,Import,World,12,"Oil seeds and oleaginous fruits; miscellaneous grains, seeds and fruit, industrial or medicinal plants; straw and fodder",2021,6765784.084
2026-09-03T12:28:28Z,Namibia,516,Import,World,58,"Fabrics; special woven fabrics, tufted textile fabrics, lace, tapestries, trimmings, embroidery",2021,1491969.331
2026-09-03T12:28:28Z,Namibia,516,Import,World,64,Footwear; gaiters and the like; parts of such articles,2021,46743835.073
2026-09-03T12:28:28Z,Namibia,516,Import,World,21,Miscellaneous edible preparations,2021,60447712.783
2026-09-03T12:28:28Z,Namibia,516,Import,World,73,Iron or steel articles,2021,188161333.368
2026-09-03T12:28:28Z,Namibia,516,Import,World,82,"Tools, implements, cutlery, spoons and forks, of base metal; parts thereof, of base metal",2021,29761077.732
2026-09-03T12:28:28Z,Namibia,516,Import,World,53,Vegetable textile fibres; paper yarn and woven fabrics of paper yarn,2021,221715.458
2026-09-03T12:28:28Z,Namibia,516,Import,World,81,"Metals; n.e.c., cermets and articles thereof",2021,6687983.656
2026-09-03T12:28:28Z,Namibia,516,Import,World,06,"Trees and other plants, live; bulbs, roots and the like; cut flowers and ornamental foliage",2021,5632860.061
2026-09-03T12:28:28Z,Namibia,516,Import,World,97,Works of art; collectors' pieces and antiques,2021,583461.54
2026-09-03T12:28:28Z,Namibia,516,Import,World,80,Tin; articles thereof,2021,12060.35
2026-09-03T12:28:28Z,Namibia,516,Import,World,01,Animals; live,2021,4983855.969
2026-09-03T12:28:28Z,Namibia,516,Import,World,60,Fabrics; knitted or crocheted,2021,557801.87
2026-09-03T12:28:28Z,Namibia,516,Import,World,43,Furskins and artificial fur; manufactures thereof,2021,79163.891
2026-09-03T12:28:28Z,Namibia,516,Import,World,79,Zinc and articles thereof,2021,297864.462
2026-09-03T12:28:28Z,Namibia,516,Import,World,47,Pulp of wood or other fibrous cellulosic material; recovered (waste and scrap) paper or paperboard,2021,18024.933
2026-09-03T12:28:28Z,Namibia,516,Import,World,41,Raw hides and skins (other than furskins) and leather,2021,2997497.757
2026-09-03T12:28:28Z,Namibia,516,Import,World,86,"Railway, tramway locomotives, rolling-stock and parts thereof; railway or tramway track fixtures and fittings and parts thereof; mechanical (including electro-mechanical) traffic signalling equipment of all kinds",2021,3570775.255
2026-09-03T12:28:28Z,Namibia,516,Import,World,88,"Aircraft, spacecraft and parts thereof",2021,22659585.821
2026-09-03T12:28:28Z,Namibia,516,Import,World,99,Commodities not specified according to kind,2021,4930487.497
2026-09-03T12:28:28Z,Namibia,516,Import,World,24,Tobacco and manufactured tobacco substitutes,2021,38016157.871
2026-09-03T12:28:28Z,Namibia,516,Import,World,05,Animal originated products; not elsewhere specified or included,2021,2112916.109
2026-09-03T12:28:28Z,Namibia,516,Import,World,67,"Feathers and down, prepared; and articles made of feather or of down; artificial flowers; articles of human hair",2021,5921869.389
2026-09-03T12:28:28Z,Namibia,516,Import,World,92,Musical instruments; parts and accessories of such articles,2021,646275.416
2026-09-03T12:28:28Z,Namibia,516,Import,World,45,Cork and articles of cork,2021,63648.39
2026-09-03T12:28:28Z,Namibia,516,Import,World,51,"Wool, fine or coarse animal hair; horsehair yarn and woven fabric",2021,186947.889
2026-09-03T12:28:28Z,Namibia,516,Import,World,52,Cotton,2021,1105927.601
2026-09-03T12:28:28Z,Namibia,516,Import,World,14,Vegetable plaiting materials; vegetable products not elsewhere specified or included,2021,71696.774
2026-09-03T12:28:28Z,South Africa,710,Import,World,82,"Tools, implements, cutlery, spoons and forks, of base metal; parts thereof, of base metal",2021,479613243.511
2026-09-03T12:28:28Z,South Africa,710,Import,World,84,"Nuclear reactors, boilers, machinery and mechanical appliances; parts thereof",2021,11292101222.445
2026-09-03T12:28:28Z,South Africa,710,Import,World,27,"Mineral fuels, mineral oils and products of their distillation; bituminous substances; mineral waxes",2021,15483654590.995
2026-09-03T12:28:28Z,South Africa,710,Import,World,37,Photographic or cinematographic goods,2021,51790725.201
2026-09-03T12:28:28Z,South Africa,710,Import,World,92,Musical instruments; parts and accessories of such articles,2021,15780957.247
2026-09-03T12:28:28Z,South Africa,710,Import,World,97,Works of art; collectors' pieces and antiques,2021,51691025.013
2026-09-03T12:28:28Z,South Africa,710,Import,World,91,Clocks and watches and parts thereof,2021,92830478.851
2026-09-03T12:28:28Z,South Africa,710,Import,World,95,"Toys, games and sports requisites; parts and accessories thereof",2021,426666282.091
2026-09-03T12:28:28Z,South Africa,710,Import,World,76,Aluminium and articles thereof,2021,695065974.925
2026-09-03T12:28:28Z,South Africa,710,Import,World,70,Glass and glassware,2021,296241106.535
2026-09-03T12:28:28Z,South Africa,710,Import,World,73,Iron or steel articles,2021,1163517489.988
2026-09-03T12:28:28Z,South Africa,710,Import,World,28,"Inorganic chemicals; organic and inorganic compounds of precious metals; of rare earth metals, of radio-active elements and of isotopes",2021,1608597861.63
2026-09-03T12:28:28Z,South Africa,710,Import,World,93,Arms and ammunition; parts and accessories thereof,2021,68483550.466
2026-09-03T12:28:28Z,South Africa,710,Import,World,94,"Furniture; bedding, mattresses, mattress supports, cushions and similar stuffed furnishings; lamps and lighting fittings, n.e.c.; illuminated signs, illuminated name-plates and the like; prefabricated buildings",2021,702466905.201
2026-09-03T12:28:28Z,South Africa,710,Import,World,99,Commodities not specified according to kind,2021,7486595939.252
2026-09-03T12:28:28Z,South Africa,710,Import,World,74,Copper and articles thereof,2021,917060911.646
2026-09-03T12:28:28Z,South Africa,710,Import,World,75,Nickel and articles thereof,2021,7981804.078
2026-09-03T12:28:28Z,South Africa,710,Import,World,78,Lead and articles thereof,2021,20788968.312
2026-09-03T12:28:28Z,South Africa,710,Import,World,79,Zinc and articles thereof,2021,181296033.242
2026-09-03T12:28:28Z,South Africa,710,Import,World,80,Tin; articles thereof,2021,13486375.924
2026-09-03T12:28:28Z,South Africa,710,Import,World,81,"Metals; n.e.c., cermets and articles thereof",2021,64663852.845
2026-09-03T12:28:28Z,South Africa,710,Import,World,83,Metal; miscellaneous products of base metal,2021,339302375.207
2026-09-03T12:28:28Z,South Africa,710,Import,World,71,"Natural, cultured pearls; precious, semi-precious stones; precious metals, metals clad with precious metal, and articles thereof; imitation jewellery; coin",2021,1475031059.039
2026-09-03T12:28:28Z,South Africa,710,Import,World,72,Iron and steel,2021,1821466378.512
2026-09-03T12:28:28Z,South Africa,710,Import,World,26,"Ores, slag and ash",2021,65251859.22
2026-09-03T12:28:28Z,South Africa,710,Import,World,29,Organic chemicals,2021,1720869377.962
2026-09-03T12:28:28Z,South Africa,710,Import,World,34,"Soap, organic surface-active agents; washing, lubricating, polishing or scouring preparations; artificial or prepared waxes, candles and similar articles, modelling pastes, dental waxes and dental preparations with a basis of plaster",2021,339484654.025
2026-09-03T12:28:28Z,South Africa,710,Import,World,35,Albuminoidal substances; modified starches; glues; enzymes,2021,278237875.243
2026-09-03T12:28:28Z,South Africa,710,Import,World,36,Explosives; pyrotechnic products; matches; pyrophoric alloys; certain combustible preparations,2021,51981101.564
2026-09-03T12:28:28Z,South Africa,710,Import,World,38,Chemical products n.e.c.,2021,1970295217.112
2026-09-03T12:28:28Z,South Africa,710,Import,World,39,Plastics and articles thereof,2021,2917422830.237
2026-09-03T12:28:28Z,South Africa,710,Import,World,67,"Feathers and down, prepared; and articles made of feather or of down; artificial flowers; articles of human hair",2021,59442325.121
2026-09-03T12:28:28Z,South Africa,710,Import,World,68,"Stone, plaster, cement, asbestos, mica or similar materials; articles thereof",2021,263522607.348
2026-09-03T12:28:28Z,South Africa,710,Import,World,41,Raw hides and skins (other than furskins) and leather,2021,38336671.383
2026-09-03T12:28:28Z,South Africa,710,Import,World,43,Furskins and artificial fur; manufactures thereof,2021,866357.587
2026-09-03T12:28:28Z,South Africa,710,Import,World,45,Cork and articles of cork,2021,14047426.505
2026-09-03T12:28:28Z,South Africa,710,Import,World,46,"Manufactures of straw, esparto or other plaiting materials; basketware and wickerwork",2021,6407018.994
2026-09-03T12:28:28Z,South Africa,710,Import,World,47,Pulp of wood or other fibrous cellulosic material; recovered (waste and scrap) paper or paperboard,2021,124906851.803
2026-09-03T12:28:28Z,South Africa,710,Import,World,48,"Paper and paperboard; articles of paper pulp, of paper or paperboard",2021,957267875.257
2026-09-03T12:28:28Z,South Africa,710,Import,World,09,"Coffee, tea, mate and spices",2021,200234319.267
2026-09-03T12:28:28Z,South Africa,710,Import,World,10,Cereals,2021,1004746105.383
2026-09-03T12:28:28Z,South Africa,710,Import,World,11,"Products of the milling industry; malt, starches, inulin, wheat gluten",2021,136199015.732
2026-09-03T12:28:28Z,South Africa,710,Import,World,12,"Oil seeds and oleaginous fruits; miscellaneous grains, seeds and fruit, industrial or medicinal plants; straw and fodder",2021,159009933.949
2026-09-03T12:28:28Z,South Africa,710,Import,World,13,"Lac; gums, resins and other vegetable saps and extracts",2021,34823931.524
2026-09-03T12:28:28Z,South Africa,710,Import,World,14,Vegetable plaiting materials; vegetable products not elsewhere specified or included,2021,5497679.755
2026-09-03T12:28:28Z,South Africa,710,Import,World,15,Animal or vegetable fats and oils and their cleavage products; prepared animal fats; animal or vegetable waxes,2021,874940480.498
2026-09-03T12:28:28Z,South Africa,710,Import,World,16,"Meat, fish or crustaceans, molluscs or other aquatic invertebrates; preparations thereof",2021,117481100.025
2026-09-03T12:28:28Z,South Africa,710,Import,World,17,Sugars and sugar confectionery,2021,438942429.283
2026-09-03T12:28:28Z,South Africa,710,Import,World,18,Cocoa and cocoa preparations,2021,178152925.155
2026-09-03T12:28:28Z,South Africa,710,Import,World,19,"Preparations of cereals, flour, starch or milk; pastrycooks' products",2021,213965344.81
2026-09-03T12:28:28Z,South Africa,710,Import,World,40,Rubber and articles thereof,2021,1386423325.018
2026-09-03T12:28:28Z,South Africa,710,Import,World,65,Headgear and parts thereof,2021,67278548.52
2026-09-03T12:28:28Z,South Africa,710,Import,World,66,"Umbrellas, sun umbrellas, walking-sticks, seat sticks, whips, riding crops; and parts thereof",2021,8671178.043
2026-09-03T12:28:28Z,South Africa,710,Import,World,69,Ceramic products,2021,473970491.918
2026-09-03T12:28:28Z,South Africa,710,Import,World,63,"Textiles, made up articles; sets; worn clothing and worn textile articles; rags",2021,269486824.563
2026-09-03T12:28:28Z,South Africa,710,Import,World,87,"Vehicles; other than railway or tramway rolling stock, and parts and accessories thereof",2021,6297605273.676
2026-09-03T12:28:28Z,South Africa,710,Import,World,44,Wood and articles of wood; wood charcoal,2021,401180778.472
2026-09-03T12:28:28Z,South Africa,710,Import,World,96,Miscellaneous manufactured articles,2021,298002802.854
2026-09-03T12:28:28Z,South Africa,710,Import,World,64,Footwear; gaiters and the like; parts of such articles,2021,858250328.07
2026-09-03T12:28:28Z,South Africa,710,Import,World,62,Apparel and clothing accessories; not knitted or crocheted,2021,942787225.705
2026-09-03T12:28:28Z,South Africa,710,Import,World,88,"Aircraft, spacecraft and parts thereof",2021,548637034.781
2026-09-03T12:28:28Z,South Africa,710,Import,World,89,"Ships, boats and floating structures",2021,202823264.06
2026-09-03T12:28:28Z,South Africa,710,Import,World,90,"Optical, photographic, cinematographic, measuring, checking, medical or surgical instruments and apparatus; parts and accessories",2021,2216299601.157
2026-09-03T12:28:28Z,South Africa,710,Import,World,86,"Railway, tramway locomotives, rolling-stock and parts thereof; railway or tramway track fixtures and fittings and parts thereof; mechanical (including electro-mechanical) traffic signalling equipment of all kinds",2021,125925212.362
2026-09-03T12:28:28Z,South Africa,710,Import,World,42,"Articles of leather; saddlery and harness; travel goods, handbags and similar containers; articles of animal gut (other than silk-worm gut)",2021,196975973.336
2026-09-03T12:28:28Z,South Africa,710,Import,World,57,Carpets and other textile floor coverings,2021,44157866.944
2026-09-03T12:28:28Z,South Africa,710,Import,World,85,"Electrical machinery and equipment and parts thereof; sound recorders and reproducers; television image and sound recorders and reproducers, parts and accessories of such articles",2021,8613737281.565
2026-09-03T12:28:28Z,South Africa,710,Import,World,01,Animals; live,2021,205494073.955
2026-09-03T12:28:28Z,South Africa,710,Import,World,06,"Trees and other plants, live; bulbs, roots and the like; cut flowers and ornamental foliage",2021,17534571.72
2026-09-03T12:28:28Z,South Africa,710,Import,World,59,"Textile fabrics; impregnated, coated, covered or laminated; textile articles of a kind suitable for industrial use",2021,148208734.767
2026-09-03T12:28:28Z,South Africa,710,Import,World,61,Apparel and clothing accessories; knitted or crocheted,2021,960150710.744
2026-09-03T12:28:28Z,South Africa,710,Import,World,30,Pharmaceutical products,2021,3061087487.851
2026-09-03T12:28:28Z,South Africa,710,Import,World,31,Fertilizers,2021,1041153880.92
2026-09-03T12:28:28Z,South Africa,710,Import,World,32,"Tanning or dyeing extracts; tannins and their derivatives; dyes, pigments and other colouring matter; paints, varnishes; putty, other mastics; inks",2021,548477072.64
2026-09-03T12:28:28Z,South Africa,710,Import,World,33,"Essential oils and resinoids; perfumery, cosmetic or toilet preparations",2021,1075768568.901
2026-09-03T12:28:28Z,South Africa,710,Import,World,49,"Printed books, newspapers, pictures and other products of the printing industry; manuscripts, typescripts and plans",2021,1762486009.116
2026-09-03T12:28:28Z,South Africa,710,Import,World,50,Silk,2021,3050942.335
2026-09-03T12:28:28Z,South Africa,710,Import,World,51,"Wool, fine or coarse animal hair; horsehair yarn and woven fabric",2021,65944147.992
2026-09-03T12:28:28Z,South Africa,710,Import,World,52,Cotton,2021,164447399.388
2026-09-03T12:28:28Z,South Africa,710,Import,World,53,Vegetable textile fibres; paper yarn and woven fabrics of paper yarn,2021,21930240.607
2026-09-03T12:28:28Z,South Africa,710,Import,World,54,Man-made filaments; strip and the like of man-made textile materials,2021,249634359.828
2026-09-03T12:28:28Z,South Africa,710,Import,World,55,Man-made staple fibres,2021,189377478.031
2026-09-03T12:28:28Z,South Africa,710,Import,World,20,"Preparations of vegetables, fruit, nuts or other parts of plants",2021,257705055.008
2026-09-03T12:28:28Z,South Africa,710,Import,World,21,Miscellaneous edible preparations,2021,389991122.966
2026-09-03T12:28:28Z,South Africa,710,Import,World,22,"Beverages, spirits and vinegar",2021,601653452.614
2026-09-03T12:28:28Z,South Africa,710,Import,World,23,"Food industries, residues and wastes thereof; prepared animal fodder",2021,497203444.631
2026-09-03T12:28:28Z,South Africa,710,Import,World,24,Tobacco and manufactured tobacco substitutes,2021,137857052.51
2026-09-03T12:28:28Z,South Africa,710,Import,World,25,"Salt; sulphur; earths, stone; plastering materials, lime and cement",2021,289904684.112
2026-09-03T12:28:28Z,South Africa,710,Import,World,56,"Wadding, felt and nonwovens, special yarns; twine, cordage, ropes and cables and articles thereof",2021,141064745.467
2026-09-03T12:28:28Z,South Africa,710,Import,World,58,"Fabrics; special woven fabrics, tufted textile fabrics, lace, tapestries, trimmings, embroidery",2021,42432379.75
2026-09-03T12:28:28Z,South Africa,710,Import,World,60,Fabrics; knitted or crocheted,2021,219069915.593
2026-09-03T12:28:28Z,South Africa,710,Import,World,02,Meat and edible meat offal,2021,522729895.89
2026-09-03T12:28:28Z,South Africa,710,Import,World,03,"Fish and crustaceans, molluscs and other aquatic invertebrates",2021,305379696.339
2026-09-03T12:28:28Z,South Africa,710,Import,World,04,"Dairy produce; birds' eggs; natural honey; edible products of animal origin, not elsewhere specified or included",2021,197870898.499
2026-09-03T12:28:28Z,South Africa,710,Import,World,05,Animal originated products; not elsewhere specified or included,2021,136626067.862
2026-09-03T12:28:28Z,South Africa,710,Import,World,07,Vegetables and certain roots and tubers; edible,2021,122133851.781
2026-09-03T12:28:28Z,South Africa,710,Import,World,08,"Fruit and nuts, edible; peel of citrus fruit or melons",2021,182473992.174
2026-09-03T12:28:28Z,Eswatini,748,Import,World,10,Cereals,2021,85682780.96
2026-09-03T12:28:28Z,Eswatini,748,Import,World,33,"Essential oils and resinoids; perfumery, cosmetic or toilet preparations",2021,63392421.83
2026-09-03T12:28:28Z,Eswatini,748,Import,World,36,Explosives; pyrotechnic products; matches; pyrophoric alloys; certain combustible preparations,2021,2103927.34
2026-09-03T12:28:28Z,Eswatini,748,Import,World,93,Arms and ammunition; parts and accessories thereof,2021,351681.77
2026-09-03T12:28:28Z,Eswatini,748,Import,World,54,Man-made filaments; strip and the like of man-made textile materials,2021,18245352.53
2026-09-03T12:28:28Z,Eswatini,748,Import,World,68,"Stone, plaster, cement, asbestos, mica or similar materials; articles thereof",2021,5351443.21
2026-09-03T12:28:28Z,Eswatini,748,Import,World,81,"Metals; n.e.c., cermets and articles thereof",2021,15709.13
2026-09-03T12:28:28Z,Eswatini,748,Import,World,52,Cotton,2021,89363691.57
2026-09-03T12:28:28Z,Eswatini,748,Import,World,55,Man-made staple fibres,2021,13625553.81
2026-09-03T12:28:28Z,Eswatini,748,Import,World,49,"Printed books, newspapers, pictures and other products of the printing industry; manuscripts, typescripts and plans",2021,9776537.58
2026-09-03T12:28:28Z,Eswatini,748,Import,World,66,"Umbrellas, sun umbrellas, walking-sticks, seat sticks, whips, riding crops; and parts thereof",2021,280277.35
2026-09-03T12:28:28Z,Eswatini,748,Import,World,04,"Dairy produce; birds' eggs; natural honey; edible products of animal origin, not elsewhere specified or included",2021,31093135.29
2026-09-03T12:28:28Z,Eswatini,748,Import,World,30,Pharmaceutical products,2021,60035167.0
2026-09-03T12:28:28Z,Eswatini,748,Import,World,92,Musical instruments; parts and accessories of such articles,2021,150369.04
2026-09-03T12:28:28Z,Eswatini,748,Import,World,96,Miscellaneous manufactured articles,2021,16362466.98
2026-09-03T12:28:28Z,Eswatini,748,Import,World,62,Apparel and clothing accessories; not knitted or crocheted,2021,20885893.42
2026-09-03T12:28:28Z,Eswatini,748,Import,World,78,Lead and articles thereof,2021,21063.42
2026-09-03T12:28:28Z,Eswatini,748,Import,World,05,Animal originated products; not elsewhere specified or included,2021,1334893.75
2026-09-03T12:28:28Z,Eswatini,748,Import,World,56,"Wadding, felt and nonwovens, special yarns; twine, cordage, ropes and cables and articles thereof",2021,2537175.21
2026-09-03T12:28:28Z,Eswatini,748,Import,World,61,Apparel and clothing accessories; knitted or crocheted,2021,22218963.93
2026-09-03T12:28:28Z,Eswatini,748,Import,World,82,"Tools, implements, cutlery, spoons and forks, of base metal; parts thereof, of base metal",2021,7379097.25
2026-09-03T12:28:28Z,Eswatini,748,Import,World,18,Cocoa and cocoa preparations,2021,4137101.08
2026-09-03T12:28:28Z,Eswatini,748,Import,World,29,Organic chemicals,2021,39941860.18
2026-09-03T12:28:28Z,Eswatini,748,Import,World,43,Furskins and artificial fur; manufactures thereof,2021,53245.36
2026-09-03T12:28:28Z,Eswatini,748,Import,World,47,Pulp of wood or other fibrous cellulosic material; recovered (waste and scrap) paper or paperboard,2021,1606472.09
2026-09-03T12:28:28Z,Eswatini,748,Import,World,35,Albuminoidal substances; modified starches; glues; enzymes,2021,6173328.96
2026-09-03T12:28:28Z,Eswatini,748,Import,World,57,Carpets and other textile floor coverings,2021,572392.82
2026-09-03T12:28:28Z,Eswatini,748,Import,World,12,"Oil seeds and oleaginous fruits; miscellaneous grains, seeds and fruit, industrial or medicinal plants; straw and fodder",2021,2235840.34
2026-09-03T12:28:28Z,Eswatini,748,Import,World,22,"Beverages, spirits and vinegar",2021,52784502.27
2026-09-03T12:28:28Z,Eswatini,748,Import,World,87,"Vehicles; other than railway or tramway rolling stock, and parts and accessories thereof",2021,112864500.12
2026-09-03T12:28:28Z,Eswatini,748,Import,World,89,"Ships, boats and floating structures",2021,182377.97
2026-09-03T12:28:28Z,Eswatini,748,Import,World,91,Clocks and watches and parts thereof,2021,459599.8
2026-09-03T12:28:28Z,Eswatini,748,Import,World,46,"Manufactures of straw, esparto or other plaiting materials; basketware and wickerwork",2021,31180.84
2026-09-03T12:28:28Z,Eswatini,748,Import,World,71,"Natural, cultured pearls; precious, semi-precious stones; precious metals, metals clad with precious metal, and articles thereof; imitation jewellery; coin",2021,677727.01
2026-09-03T12:28:28Z,Eswatini,748,Import,World,74,Copper and articles thereof,2021,4275793.62
2026-09-03T12:28:28Z,Eswatini,748,Import,World,75,Nickel and articles thereof,2021,37414.37
2026-09-03T12:28:28Z,Eswatini,748,Import,World,79,Zinc and articles thereof,2021,11576.53
2026-09-03T12:28:28Z,Eswatini,748,Import,World,84,"Nuclear reactors, boilers, machinery and mechanical appliances; parts thereof",2021,126189701.2
2026-09-03T12:28:28Z,Eswatini,748,Import,World,26,"Ores, slag and ash",2021,2771577.0
2026-09-03T12:28:28Z,Eswatini,748,Import,World,31,Fertilizers,2021,32962266.92
2026-09-03T12:28:28Z,Eswatini,748,Import,World,86,"Railway, tramway locomotives, rolling-stock and parts thereof; railway or tramway track fixtures and fittings and parts thereof; mechanical (including electro-mechanical) traffic signalling equipment of all kinds",2021,495524.57
2026-09-03T12:28:28Z,Eswatini,748,Import,World,99,Commodities not specified according to kind,2021,13006460.38
2026-09-03T12:28:28Z,Eswatini,748,Import,World,44,Wood and articles of wood; wood charcoal,2021,31362565.68
2026-09-03T12:28:28Z,Eswatini,748,Import,World,53,Vegetable textile fibres; paper yarn and woven fabrics of paper yarn,2021,95517.83
2026-09-03T12:28:28Z,Eswatini,748,Import,World,40,Rubber and articles thereof,2021,19392179.86
2026-09-03T12:28:28Z,Eswatini,748,Import,World,21,Miscellaneous edible preparations,2021,30505626.4
2026-09-03T12:28:28Z,Eswatini,748,Import,World,67,"Feathers and down, prepared; and articles made of feather or of down; artificial flowers; articles of human hair",2021,2013874.0
2026-09-03T12:28:28Z,Eswatini,748,Import,World,95,"Toys, games and sports requisites; parts and accessories thereof",2021,1936646.64
2026-09-03T12:28:28Z,Eswatini,748,Import,World,07,Vegetables and certain roots and tubers; edible,2021,19382912.0
2026-09-03T12:28:28Z,Eswatini,748,Import,World,13,"Lac; gums, resins and other vegetable saps and extracts",2021,9960519.29
2026-09-03T12:28:28Z,Eswatini,748,Import,World,20,"Preparations of vegetables, fruit, nuts or other parts of plants",2021,20816394.51
2026-09-03T12:28:28Z,Eswatini,748,Import,World,32,"Tanning or dyeing extracts; tannins and their derivatives; dyes, pigments and other colouring matter; paints, varnishes; putty, other mastics; inks",2021,13677861.69
2026-09-03T12:28:28Z,Eswatini,748,Import,World,60,Fabrics; knitted or crocheted,2021,12981947.95
2026-09-03T12:28:28Z,Eswatini,748,Import,World,72,Iron and steel,2021,39822944.62
2026-09-03T12:28:28Z,Eswatini,748,Import,World,09,"Coffee, tea, mate and spices",2021,13407272.13
2026-09-03T12:28:28Z,Eswatini,748,Import,World,70,Glass and glassware,2021,5601671.73
2026-09-03T12:28:28Z,Eswatini,748,Import,World,90,"Optical, photographic, cinematographic, measuring, checking, medical or surgical instruments and apparatus; parts and accessories",2021,73658039.84
2026-09-03T12:28:28Z,Eswatini,748,Import,World,97,Works of art; collectors' pieces and antiques,2021,63766.3
2026-09-03T12:28:28Z,Eswatini,748,Import,World,50,Silk,2021,61812.98
2026-09-03T12:28:28Z,Eswatini,748,Import,World,69,Ceramic products,2021,10050302.25
2026-09-03T12:28:28Z,Eswatini,748,Import,World,37,Photographic or cinematographic goods,2021,406873.47
2026-09-03T12:28:28Z,Eswatini,748,Import,World,64,Footwear; gaiters and the like; parts of such articles,2021,16491388.56
2026-09-03T12:28:28Z,Eswatini,748,Import,World,59,"Textile fabrics; impregnated, coated, covered or laminated; textile articles of a kind suitable for industrial use",2021,1492430.87
2026-09-03T12:28:28Z,Eswatini,748,Import,World,02,Meat and edible meat offal,2021,8994196.77
2026-09-03T12:28:28Z,Eswatini,748,Import,World,06,"Trees and other plants, live; bulbs, roots and the like; cut flowers and ornamental foliage",2021,3497371.95
2026-09-03T12:28:28Z,Eswatini,748,Import,World,11,"Products of the milling industry; malt, starches, inulin, wheat gluten",2021,9400632.18
2026-09-03T12:28:28Z,Eswatini,748,Import,World,38,Chemical products n.e.c.,2021,39600141.33
2026-09-03T12:28:28Z,Eswatini,748,Import,World,85,"Electrical machinery and equipment and parts thereof; sound recorders and reproducers; television image and sound recorders and reproducers, parts and accessories of such articles",2021,93218481.99
2026-09-03T12:28:28Z,Eswatini,748,Import,World,63,"Textiles, made up articles; sets; worn clothing and worn textile articles; rags",2021,10799375.41
2026-09-03T12:28:28Z,Eswatini,748,Import,World,80,Tin; articles thereof,2021,3428.75
2026-09-03T12:28:28Z,Eswatini,748,Import,World,23,"Food industries, residues and wastes thereof; prepared animal fodder",2021,22625610.41
2026-09-03T12:28:28Z,Eswatini,748,Import,World,24,Tobacco and manufactured tobacco substitutes,2021,4709262.82
2026-09-03T12:28:28Z,Eswatini,748,Import,World,48,"Paper and paperboard; articles of paper pulp, of paper or paperboard",2021,36640421.58
2026-09-03T12:28:28Z,Eswatini,748,Import,World,83,Metal; miscellaneous products of base metal,2021,8458674.33
2026-09-03T12:28:28Z,Eswatini,748,Import,World,14,Vegetable plaiting materials; vegetable products not elsewhere specified or included,2021,3648.04
2026-09-03T12:28:28Z,Eswatini,748,Import,World,16,"Meat, fish or crustaceans, molluscs or other aquatic invertebrates; preparations thereof",2021,8976106.92
2026-09-03T12:28:28Z,Eswatini,748,Import,World,34,"Soap, organic surface-active agents; washing, lubricating, polishing or scouring preparations; artificial or prepared waxes, candles and similar articles, modelling pastes, dental waxes and dental preparations with a basis of plaster",2021,22392519.95
2026-09-03T12:28:28Z,Eswatini,748,Import,World,51,"Wool, fine or coarse animal hair; horsehair yarn and woven fabric",2021,377452.28
2026-09-03T12:28:28Z,Eswatini,748,Import,World,65,Headgear and parts thereof,2021,1426317.85
2026-09-03T12:28:28Z,Eswatini,748,Import,World,27,"Mineral fuels, mineral oils and products of their distillation; bituminous substances; mineral waxes",2021,363494803.03
2026-09-03T12:28:28Z,Eswatini,748,Import,World,58,"Fabrics; special woven fabrics, tufted textile fabrics, lace, tapestries, trimmings, embroidery",2021,4914406.83
2026-09-03T12:28:28Z,Eswatini,748,Import,World,08,"Fruit and nuts, edible; peel of citrus fruit or melons",2021,8035375.49
2026-09-03T12:28:28Z,Eswatini,748,Import,World,39,Plastics and articles thereof,2021,93049865.58
2026-09-03T12:28:28Z,Eswatini,748,Import,World,45,Cork and articles of cork,2021,7326.57
2026-09-03T12:28:28Z,Eswatini,748,Import,World,88,"Aircraft, spacecraft and parts thereof",2021,35503.7
2026-09-03T12:28:28Z,Eswatini,748,Import,World,94,"Furniture; bedding, mattresses, mattress supports, cushions and similar stuffed furnishings; lamps and lighting fittings, n.e.c.; illuminated signs, illuminated name-plates and the like; prefabricated buildings",2021,23308490.84
2026-09-03T12:28:28Z,Eswatini,748,Import,World,25,"Salt; sulphur; earths, stone; plastering materials, lime and cement",2021,34853702.44
2026-09-03T12:28:28Z,Eswatini,748,Import,World,41,Raw hides and skins (other than furskins) and leather,2021,7994.42
2026-09-03T12:28:28Z,Eswatini,748,Import,World,73,Iron or steel articles,2021,52641072.08
2026-09-03T12:28:28Z,Eswatini,748,Import,World,76,Aluminium and articles thereof,2021,7659740.52
2026-09-03T12:28:28Z,Eswatini,748,Import,World,03,"Fish and crustaceans, molluscs and other aquatic invertebrates",2021,3195693.04
2026-09-03T12:28:28Z,Eswatini,748,Import,World,15,Animal or vegetable fats and oils and their cleavage products; prepared animal fats; animal or vegetable waxes,2021,21435636.67
2026-09-03T12:28:28Z,Eswatini,748,Import,World,42,"Articles of leather; saddlery and harness; travel goods, handbags and similar containers; articles of animal gut (other than silk-worm gut)",2021,3916658.72
2026-09-03T12:28:28Z,Eswatini,748,Import,World,17,Sugars and sugar confectionery,2021,17494829.84
2026-09-03T12:28:28Z,Eswatini,748,Import,World,19,"Preparations of cereals, flour, starch or milk; pastrycooks' products",2021,29556148.31
2026-09-03T12:28:28Z,Eswatini,748,Import,World,28,"Inorganic chemicals; organic and inorganic compounds of precious metals; of rare earth metals, of radio-active elements and of isotopes",2021,12236060.84
2026-09-03T12:28:28Z,Eswatini,748,Import,World,01,Animals; live,2021,1031339.03
2026-09-03T12:28:28Z,Botswana,72,Import,World,12,"Oil seeds and oleaginous fruits; miscellaneous grains, seeds and fruit, industrial or medicinal plants; straw and fodder",2022,9031599.422
2026-09-03T12:28:28Z,Botswana,72,Import,World,89,"Ships, boats and floating structures",2022,159529.937
2026-09-03T12:28:28Z,Botswana,72,Import,World,49,"Printed books, newspapers, pictures and other products of the printing industry; manuscripts, typescripts and plans",2022,10748914.108
2026-09-03T12:28:28Z,Botswana,72,Import,World,66,"Umbrellas, sun umbrellas, walking-sticks, seat sticks, whips, riding crops; and parts thereof",2022,448471.647
2026-09-03T12:28:28Z,Botswana,72,Import,World,23,"Food industries, residues and wastes thereof; prepared animal fodder",2022,48648228.496
2026-09-03T12:28:28Z,Botswana,72,Import,World,27,"Mineral fuels, mineral oils and products of their distillation; bituminous substances; mineral waxes",2022,1497762938.326
2026-09-03T12:28:28Z,Botswana,72,Import,World,88,"Aircraft, spacecraft, and parts thereof",2022,21980931.988
2026-09-03T12:28:28Z,Botswana,72,Import,World,44,Wood and articles of wood; wood charcoal,2022,74283016.203
2026-09-03T12:28:28Z,Botswana,72,Import,World,71,"Natural, cultured pearls; precious, semi-precious stones; precious metals, metals clad with precious metal, and articles thereof; imitation jewellery; coin",2022,2249417032.774
2026-09-03T12:28:28Z,Botswana,72,Import,World,84,"Machinery and mechanical appliances, boilers, nuclear reactors; parts thereof",2022,589051446.559
2026-09-03T12:28:28Z,Botswana,72,Import,World,38,Chemical products n.e.c.,2022,72417095.801
2026-09-03T12:28:28Z,Botswana,72,Import,World,19,"Preparations of cereals, flour, starch or milk; pastrycooks' products",2022,74850885.143
2026-09-03T12:28:28Z,Botswana,72,Import,World,22,"Beverages, spirits and vinegar",2022,165003796.364
2026-09-03T12:28:28Z,Botswana,72,Import,World,02,Meat and edible meat offal,2022,10167712.251
2026-09-03T12:28:28Z,Botswana,72,Import,World,42,"Articles of leather; saddlery and harness; travel goods, handbags and similar containers; articles of animal gut (other than silk-worm gut)",2022,25572091.234
2026-09-03T12:28:28Z,Botswana,72,Import,World,86,"Railway, tramway locomotives, rolling-stock and parts thereof; railway or tramway track fixtures and fittings and parts thereof; mechanical (including electro-mechanical) traffic signalling equipment of all kinds",2022,2309697.002
2026-09-03T12:28:28Z,Botswana,72,Import,World,62,Apparel and clothing accessories; not knitted or crocheted,2022,36751623.568
2026-09-03T12:28:28Z,Botswana,72,Import,World,83,Metal; miscellaneous products of base metal,2022,19614597.115
2026-09-03T12:28:28Z,Botswana,72,Import,World,95,"Toys, games and sports requisites; parts and accessories thereof",2022,8028485.661
2026-09-03T12:28:28Z,Botswana,72,Import,World,81,"Metals; n.e.c., cermets and articles thereof",2022,195532.011
2026-09-03T12:28:28Z,Botswana,72,Import,World,69,Ceramic products,2022,27041095.229
2026-09-03T12:28:28Z,Botswana,72,Import,World,48,"Paper and paperboard; articles of paper pulp, of paper or paperboard",2022,71759666.613
2026-09-03T12:28:28Z,Botswana,72,Import,World,96,Miscellaneous manufactured articles,2022,30971768.314
2026-09-03T12:28:28Z,Botswana,72,Import,World,35,Albuminoidal substances; modified starches; glues; enzymes,2022,5830712.952
2026-09-03T12:28:28Z,Botswana,72,Import,World,15,"Animal, vegetable or microbial fats and oils and their cleavage products; prepared edible fats; animal or vegetable waxes",2022,66709123.517
2026-09-03T12:28:28Z,Botswana,72,Import,World,73,Iron or steel articles,2022,164183966.945
2026-09-03T12:28:28Z,Botswana,72,Import,World,53,Vegetable textile fibres; paper yarn and woven fabrics of paper yarn,2022,218335.528
2026-09-03T12:28:28Z,Botswana,72,Import,World,30,Pharmaceutical products,2022,125697830.551
2026-09-03T12:28:28Z,Botswana,72,Import,World,24,"Tobacco and manufactured tobacco substitutes; products, whether or not containing nicotine, intended for inhalation without combustion; other nicotine containing products intended for the intake of nicotine into the human body",2022,12282395.432
2026-09-03T12:28:28Z,Botswana,72,Import,World,78,Lead and articles thereof,2022,5357766.727
2026-09-03T12:28:28Z,Botswana,72,Import,World,03,"Fish and crustaceans, molluscs and other aquatic invertebrates",2022,3605163.416
2026-09-03T12:28:28Z,Botswana,72,Import,World,29,Organic chemicals,2022,12096568.579
2026-09-03T12:28:28Z,Botswana,72,Import,World,43,Furskins and artificial fur; manufactures thereof,2022,32734.74
2026-09-03T12:28:28Z,Botswana,72,Import,World,08,"Fruit and nuts, edible; peel of citrus fruit or melons",2022,34764112.323
2026-09-03T12:28:28Z,Botswana,72,Import,World,54,Man-made filaments; strip and the like of man-made textile materials,2022,2383402.297
2026-09-03T12:28:28Z,Botswana,72,Import,World,80,Tin; articles thereof,2022,16458.496
2026-09-03T12:28:28Z,Botswana,72,Import,World,16,"Meat, fish, crustaceans, molluscs or other aquatic invertebrates, or insects; preparations thereof",2022,19488665.537
2026-09-03T12:28:28Z,Botswana,72,Import,World,59,"Textile fabrics; impregnated, coated, covered or laminated; textile articles of a kind suitable for industrial use",2022,3469813.365
2026-09-03T12:28:28Z,Botswana,72,Import,World,39,Plastics and articles thereof,2022,176079639.554
2026-09-03T12:28:28Z,Botswana,72,Import,World,11,"Products of the milling industry; malt, starches, inulin, wheat gluten",2022,12805423.104
2026-09-03T12:28:28Z,Botswana,72,Import,World,45,Cork and articles of cork,2022,14526.859
2026-09-03T12:28:28Z,Botswana,72,Import,World,87,"Vehicles; other than railway or tramway rolling stock, and parts and accessories thereof",2022,457450586.564
2026-09-03T12:28:28Z,Botswana,72,Import,World,52,Cotton,2022,13143369.711
2026-09-03T12:28:28Z,Botswana,72,Import,World,26,"Ores, slag and ash",2022,1292050.802
2026-09-03T12:28:28Z,Botswana,72,Import,World,75,Nickel and articles thereof,2022,213156.197
2026-09-03T12:28:28Z,Botswana,72,Import,World,31,Fertilizers,2022,53969749.359
2026-09-03T12:28:28Z,Botswana,72,Import,World,05,Animal originated products; not elsewhere specified or included,2022,985663.505
2026-09-03T12:28:28Z,Botswana,72,Import,World,06,"Trees and other plants, live; bulbs, roots and the like; cut flowers and ornamental foliage",2022,3952418.438
2026-09-03T12:28:28Z,Botswana,72,Import,World,28,"Inorganic chemicals; organic and inorganic compounds of precious metals; of rare earth metals, of radio-active elements and of isotopes",2022,16114097.698
2026-09-03T12:28:28Z,Botswana,72,Import,World,46,"Manufactures of straw, esparto or other plaiting materials; basketware and wickerwork",2022,116557.848
2026-09-03T12:28:28Z,Botswana,72,Import,World,09,"Coffee, tea, mate and spices",2022,31867789.305
2026-09-03T12:28:28Z,Botswana,72,Import,World,72,Iron and steel,2022,93928123.777
2026-09-03T12:28:28Z,Botswana,72,Import,World,93,Arms and ammunition; parts and accessories thereof,2022,3070265.916
2026-09-03T12:28:28Z,Botswana,72,Import,World,60,Fabrics; knitted or crocheted,2022,1185042.143
2026-09-03T12:28:28Z,Botswana,72,Import,World,92,Musical instruments; parts and accessories of such articles,2022,471806.109
2026-09-03T12:28:28Z,Botswana,72,Import,World,82,"Tools, implements, cutlery, spoons and forks, of base metal; parts thereof, of base metal",2022,23221709.325
2026-09-03T12:28:28Z,Botswana,72,Import,World,01,Animals; live,2022,3286337.799
2026-09-03T12:28:28Z,Botswana,72,Import,World,91,Clocks and watches and parts thereof,2022,1169012.896
2026-09-03T12:28:28Z,Botswana,72,Import,World,64,Footwear; gaiters and the like; parts of such articles,2022,45740003.785
2026-09-03T12:28:28Z,Botswana,72,Import,World,07,Vegetables and certain roots and tubers; edible,2022,16069809.446
2026-09-03T12:28:28Z,Botswana,72,Import,World,47,Pulp of wood or other fibrous cellulosic material; recovered (waste and scrap) paper or paperboard,2022,23581.841
2026-09-03T12:28:28Z,Botswana,72,Import,World,04,"Dairy produce; birds' eggs; natural honey; edible products of animal origin, not elsewhere specified or included",2022,53171032.681
2026-09-03T12:28:28Z,Botswana,72,Import,World,21,Miscellaneous edible preparations,2022,72403279.958
2026-09-03T12:28:28Z,Botswana,72,Import,World,85,"Electrical machinery and equipment and parts thereof; sound recorders and reproducers; television image and sound recorders and reproducers, parts and accessories of such articles",2022,379430796.387
2026-09-03T12:28:28Z,Botswana,72,Import,World,67,"Feathers and down, prepared; and articles made of feather or of down; artificial flowers; articles of human hair",2022,2204691.748
2026-09-03T12:28:28Z,Botswana,72,Import,World,25,"Salt; sulphur; earths, stone; plastering materials, lime and cement",2022,61534235.605
2026-09-03T12:28:28Z,Botswana,72,Import,World,57,Carpets and other textile floor coverings,2022,2415226.01
2026-09-03T12:28:28Z,Botswana,72,Import,World,40,Rubber and articles thereof,2022,88939278.384
2026-09-03T12:28:28Z,Botswana,72,Import,World,51,"Wool, fine or coarse animal hair; horsehair yarn and woven fabric",2022,709799.905
2026-09-03T12:28:28Z,Botswana,72,Import,World,68,"Stone, plaster, cement, asbestos, mica or similar materials; articles thereof",2022,31146385.202
2026-09-03T12:28:28Z,Botswana,72,Import,World,14,Vegetable plaiting materials; vegetable products not elsewhere specified or included,2022,7736.377
2026-09-03T12:28:28Z,Botswana,72,Import,World,36,Explosives; pyrotechnic products; matches; pyrophoric alloys; certain combustible preparations,2022,12346475.487
2026-09-03T12:28:28Z,Botswana,72,Import,World,94,"Furniture; bedding, mattresses, mattress supports, cushions and similar stuffed furnishings; lamps and lighting fittings, n.e.c.; illuminated signs, illuminated name-plates and the like; prefabricated buildings",2022,70020832.125
2026-09-03T12:28:28Z,Botswana,72,Import,World,56,"Wadding, felt and nonwovens, special yarns; twine, cordage, ropes and cables and articles thereof",2022,2563246.868
2026-09-03T12:28:28Z,Botswana,72,Import,World,33,"Essential oils and resinoids; perfumery, cosmetic or toilet preparations",2022,74701998.042
2026-09-03T12:28:28Z,Botswana,72,Import,World,65,Headgear and parts thereof,2022,3065969.244
2026-09-03T12:28:28Z,Botswana,72,Import,World,32,"Tanning or dyeing extracts; tannins and their derivatives; dyes, pigments and other colouring matter; paints, varnishes; putty, other mastics; inks",2022,31298902.839
2026-09-03T12:28:28Z,Botswana,72,Import,World,99,Commodities not specified according to kind,2022,4095089.041
2026-09-03T12:28:28Z,Botswana,72,Import,World,34,"Soap, organic surface-active agents; washing, lubricating, polishing or scouring preparations; artificial or prepared waxes, candles and similar articles, modelling pastes, dental waxes and dental preparations with a basis of plaster",2022,79458665.799
2026-09-03T12:28:28Z,Botswana,72,Import,World,74,Copper and articles thereof,2022,26838957.762
2026-09-03T12:28:28Z,Botswana,72,Import,World,90,"Optical, photographic, cinematographic, measuring, checking, medical or surgical instruments and apparatus; parts and accessories",2022,86080876.487
2026-09-03T12:28:28Z,Botswana,72,Import,World,41,Raw hides and skins (other than furskins) and leather,2022,47049.383
2026-09-03T12:28:28Z,Botswana,72,Import,World,61,Apparel and clothing accessories; knitted or crocheted,2022,41060816.401
2026-09-03T12:28:28Z,Botswana,72,Import,World,55,Man-made staple fibres,2022,3346424.859
2026-09-03T12:28:28Z,Botswana,72,Import,World,58,"Fabrics; special woven fabrics, tufted textile fabrics, lace, tapestries, trimmings, embroidery",2022,3498452.913
2026-09-03T12:28:28Z,Botswana,72,Import,World,18,Cocoa and cocoa preparations,2022,9838142.022
2026-09-03T12:28:28Z,Botswana,72,Import,World,79,Zinc and articles thereof,2022,77662.205
2026-09-03T12:28:28Z,Botswana,72,Import,World,13,"Lac; gums, resins and other vegetable saps and extracts",2022,165167.427
2026-09-03T12:28:28Z,Botswana,72,Import,World,10,Cereals,2022,200761636.405
2026-09-03T12:28:28Z,Botswana,72,Import,World,70,Glass and glassware,2022,12459230.587
2026-09-03T12:28:28Z,Botswana,72,Import,World,50,Silk,2022,215894.368
2026-09-03T12:28:28Z,Botswana,72,Import,World,76,Aluminium and articles thereof,2022,31263392.019
2026-09-03T12:28:28Z,Botswana,72,Import,World,97,Works of art; collectors' pieces and antiques,2022,164606.04
2026-09-03T12:28:28Z,Botswana,72,Import,World,20,"Preparations of vegetables, fruit, nuts or other parts of plants",2022,71905002.382
2026-09-03T12:28:28Z,Botswana,72,Import,World,17,Sugars and sugar confectionery,2022,166137777.652
2026-09-03T12:28:28Z,Botswana,72,Import,World,37,Photographic or cinematographic goods,2022,1355164.933
2026-09-03T12:28:28Z,Botswana,72,Import,World,63,"Textiles, made up articles; sets; worn clothing and worn textile articles; rags",2022,31660722.968
2026-09-03T12:28:28Z,Lesotho,426,Import,World,49,"Printed books, newspapers, pictures and other products of the printing industry; manuscripts, typescripts and plans",2022,12695274.199
2026-09-03T12:28:28Z,Lesotho,426,Import,World,55,Man-made staple fibres,2022,11481443.633
2026-09-03T12:28:28Z,Lesotho,426,Import,World,56,"Wadding, felt and nonwovens, special yarns; twine, cordage, ropes and cables and articles thereof",2022,2256187.492
2026-09-03T12:28:28Z,Lesotho,426,Import,World,57,Carpets and other textile floor coverings,2022,741472.437
2026-09-03T12:28:28Z,Lesotho,426,Import,World,62,Apparel and clothing accessories; not knitted or crocheted,2022,37584927.007
2026-09-03T12:28:28Z,Lesotho,426,Import,World,85,"Electrical machinery and equipment and parts thereof; sound recorders and reproducers; television image and sound recorders and reproducers, parts and accessories of such articles",2022,102086315.076
2026-09-03T12:28:28Z,Lesotho,426,Import,World,74,Copper and articles thereof,2022,1176891.569
2026-09-03T12:28:28Z,Lesotho,426,Import,World,11,"Products of the milling industry; malt, starches, inulin, wheat gluten",2022,60422898.354
2026-09-03T12:28:28Z,Lesotho,426,Import,World,15,Animal or vegetable fats and oils and their cleavage products; prepared animal fats; animal or vegetable waxes,2022,21562787.338
2026-09-03T12:28:28Z,Lesotho,426,Import,World,06,"Trees and other plants, live; bulbs, roots and the like; cut flowers and ornamental foliage",2022,186902.601
2026-09-03T12:28:28Z,Lesotho,426,Import,World,71,"Natural, cultured pearls; precious, semi-precious stones; precious metals, metals clad with precious metal, and articles thereof; imitation jewellery; coin",2022,315238.062
2026-09-03T12:28:28Z,Lesotho,426,Import,World,76,Aluminium and articles thereof,2022,8534199.961
2026-09-03T12:28:28Z,Lesotho,426,Import,World,40,Rubber and articles thereof,2022,12636055.835
2026-09-03T12:28:28Z,Lesotho,426,Import,World,04,"Dairy produce; birds' eggs; natural honey; edible products of animal origin, not elsewhere specified or included",2022,22006265.523
2026-09-03T12:28:28Z,Lesotho,426,Import,World,21,Miscellaneous edible preparations,2022,17354966.34
2026-09-03T12:28:28Z,Lesotho,426,Import,World,16,"Meat, fish or crustaceans, molluscs or other aquatic invertebrates; preparations thereof",2022,20439167.56
2026-09-03T12:28:28Z,Lesotho,426,Import,World,38,Chemical products n.e.c.,2022,15981835.873
2026-09-03T12:28:28Z,Lesotho,426,Import,World,42,"Articles of leather; saddlery and harness; travel goods, handbags and similar containers; articles of animal gut (other than silk-worm gut)",2022,2398114.826
2026-09-03T12:28:28Z,Lesotho,426,Import,World,51,"Wool, fine or coarse animal hair; horsehair yarn and woven fabric",2022,214184.885
2026-09-03T12:28:28Z,Lesotho,426,Import,World,61,Apparel and clothing accessories; knitted or crocheted,2022,18570766.144
2026-09-03T12:28:28Z,Lesotho,426,Import,World,86,"Railway, tramway locomotives, rolling-stock and parts thereof; railway or tramway track fixtures and fittings and parts thereof; mechanical (including electro-mechanical) traffic signalling equipment of all kinds",2022,172851.477
2026-09-03T12:28:28Z,Lesotho,426,Import,World,96,Miscellaneous manufactured articles,2022,15624690.613
2026-09-03T12:28:28Z,Lesotho,426,Import,World,18,Cocoa and cocoa preparations,2022,1528030.224
2026-09-03T12:28:28Z,Lesotho,426,Import,World,35,Albuminoidal substances; modified starches; glues; enzymes,2022,1771213.149
2026-09-03T12:28:28Z,Lesotho,426,Import,World,53,Vegetable textile fibres; paper yarn and woven fabrics of paper yarn,2022,64929.941
2026-09-03T12:28:28Z,Lesotho,426,Import,World,59,"Textile fabrics; impregnated, coated, covered or laminated; textile articles of a kind suitable for industrial use",2022,11463180.573
2026-09-03T12:28:28Z,Lesotho,426,Import,World,02,Meat and edible meat offal,2022,47513875.575
2026-09-03T12:28:28Z,Lesotho,426,Import,World,08,"Fruit and nuts, edible; peel of citrus fruit or melons",2022,5571663.212
2026-09-03T12:28:28Z,Lesotho,426,Import,World,97,Works of art; collectors' pieces and antiques,2022,4949.069
2026-09-03T12:28:28Z,Lesotho,426,Import,World,23,"Food industries, residues and wastes thereof; prepared animal fodder",2022,8323552.234
2026-09-03T12:28:28Z,Lesotho,426,Import,World,58,"Fabrics; special woven fabrics, tufted textile fabrics, lace, tapestries, trimmings, embroidery",2022,6627373.176
2026-09-03T12:28:28Z,Lesotho,426,Import,World,88,"Aircraft, spacecraft and parts thereof",2022,83738.335
2026-09-03T12:28:28Z,Lesotho,426,Import,World,28,"Inorganic chemicals; organic and inorganic compounds of precious metals; of rare earth metals, of radio-active elements and of isotopes",2022,3336166.324
2026-09-03T12:28:28Z,Lesotho,426,Import,World,92,Musical instruments; parts and accessories of such articles,2022,87420.932
2026-09-03T12:28:28Z,Lesotho,426,Import,World,94,"Furniture; bedding, mattresses, mattress supports, cushions and similar stuffed furnishings; lamps and lighting fittings, n.e.c.; illuminated signs, illuminated name-plates and the like; prefabricated buildings",2022,17233537.239
2026-09-03T12:28:28Z,Lesotho,426,Import,World,05,Animal originated products; not elsewhere specified or included,2022,381120.829
2026-09-03T12:28:28Z,Lesotho,426,Import,World,47,Pulp of wood or other fibrous cellulosic material; recovered (waste and scrap) paper or paperboard,2022,5602.706
2026-09-03T12:28:28Z,Lesotho,426,Import,World,31,Fertilizers,2022,9519217.512
2026-09-03T12:28:28Z,Lesotho,426,Import,World,43,Furskins and artificial fur; manufactures thereof,2022,11535.35
2026-09-03T12:28:28Z,Lesotho,426,Import,World,12,"Oil seeds and oleaginous fruits; miscellaneous grains, seeds and fruit, industrial or medicinal plants; straw and fodder",2022,17037397.162
2026-09-03T12:28:28Z,Lesotho,426,Import,World,36,Explosives; pyrotechnic products; matches; pyrophoric alloys; certain combustible preparations,2022,5047860.333
2026-09-03T12:28:28Z,Lesotho,426,Import,World,44,Wood and articles of wood; wood charcoal,2022,23129840.572
2026-09-03T12:28:28Z,Lesotho,426,Import,World,60,Fabrics; knitted or crocheted,2022,102587677.872
2026-09-03T12:28:28Z,Lesotho,426,Import,World,82,"Tools, implements, cutlery, spoons and forks, of base metal; parts thereof, of base metal",2022,3703150.962
2026-09-03T12:28:28Z,Lesotho,426,Import,World,01,Animals; live,2022,3076447.8
2026-09-03T12:28:28Z,Lesotho,426,Import,World,50,Silk,2022,386492.943
2026-09-03T12:28:28Z,Lesotho,426,Import,World,70,Glass and glassware,2022,4508141.383
2026-09-03T12:28:28Z,Lesotho,426,Import,World,83,Metal; miscellaneous products of base metal,2022,5096184.341
2026-09-03T12:28:28Z,Lesotho,426,Import,World,67,"Feathers and down, prepared; and articles made of feather or of down; artificial flowers; articles of human hair",2022,1641442.972
2026-09-03T12:28:28Z,Lesotho,426,Import,World,93,Arms and ammunition; parts and accessories thereof,2022,679991.973
2026-09-03T12:28:28Z,Lesotho,426,Import,World,65,Headgear and parts thereof,2022,1342352.873
2026-09-03T12:28:28Z,Lesotho,426,Import,World,66,"Umbrellas, sun umbrellas, walking-sticks, seat sticks, whips, riding crops; and parts thereof",2022,333479.727
2026-09-03T12:28:28Z,Lesotho,426,Import,World,10,Cereals,2022,63769389.871
2026-09-03T12:28:28Z,Lesotho,426,Import,World,27,"Mineral fuels, mineral oils and products of their distillation; bituminous substances; mineral waxes",2022,313919090.322
2026-09-03T12:28:28Z,Lesotho,426,Import,World,95,"Toys, games and sports requisites; parts and accessories thereof",2022,1652340.729
2026-09-03T12:28:28Z,Lesotho,426,Import,World,46,"Manufactures of straw, esparto or other plaiting materials; basketware and wickerwork",2022,37541.313
2026-09-03T12:28:28Z,Lesotho,426,Import,World,48,"Paper and paperboard; articles of paper pulp, of paper or paperboard",2022,25891326.355
2026-09-03T12:28:28Z,Lesotho,426,Import,World,80,Tin; articles thereof,2022,11652.26
2026-09-03T12:28:28Z,Lesotho,426,Import,World,07,Vegetables and certain roots and tubers; edible,2022,13142365.051
2026-09-03T12:28:28Z,Lesotho,426,Import,World,90,"Optical, photographic, cinematographic, measuring, checking, medical or surgical instruments and apparatus; parts and accessories",2022,11550978.308
2026-09-03T12:28:28Z,Lesotho,426,Import,World,41,Raw hides and skins (other than furskins) and leather,2022,7960208.996
2026-09-03T12:28:28Z,Lesotho,426,Import,World,22,"Beverages, spirits and vinegar",2022,53112430.649
2026-09-03T12:28:28Z,Lesotho,426,Import,World,78,Lead and articles thereof,2022,71118.382
2026-09-03T12:28:28Z,Lesotho,426,Import,World,84,"Nuclear reactors, boilers, machinery and mechanical appliances; parts thereof",2022,91714698.728
2026-09-03T12:28:28Z,Lesotho,426,Import,World,75,Nickel and articles thereof,2022,5847.297
2026-09-03T12:28:28Z,Lesotho,426,Import,World,68,"Stone, plaster, cement, asbestos, mica or similar materials; articles thereof",2022,6664936.207
2026-09-03T12:28:28Z,Lesotho,426,Import,World,20,"Preparations of vegetables, fruit, nuts or other parts of plants",2022,15838371.102
2026-09-03T12:28:28Z,Lesotho,426,Import,World,25,"Salt; sulphur; earths, stone; plastering materials, lime and cement",2022,22149955.094
2026-09-03T12:28:28Z,Lesotho,426,Import,World,54,Man-made filaments; strip and the like of man-made textile materials,2022,49345082.866
2026-09-03T12:28:28Z,Lesotho,426,Import,World,29,Organic chemicals,2022,1806436.904
2026-09-03T12:28:28Z,Lesotho,426,Import,World,09,"Coffee, tea, mate and spices",2022,10330423.51
2026-09-03T12:28:28Z,Lesotho,426,Import,World,69,Ceramic products,2022,5323966.951
2026-09-03T12:28:28Z,Lesotho,426,Import,World,91,Clocks and watches and parts thereof,2022,240551.69
2026-09-03T12:28:28Z,Lesotho,426,Import,World,63,"Textiles, made up articles; sets; worn clothing and worn textile articles; rags",2022,10712808.419
2026-09-03T12:28:28Z,Lesotho,426,Import,World,64,Footwear; gaiters and the like; parts of such articles,2022,21605801.857
2026-09-03T12:28:28Z,Lesotho,426,Import,World,72,Iron and steel,2022,21870802.193
2026-09-03T12:28:28Z,Lesotho,426,Import,World,99,Commodities not specified according to kind,2022,939026.636
2026-09-03T12:28:28Z,Lesotho,426,Import,World,33,"Essential oils and resinoids; perfumery, cosmetic or toilet preparations",2022,17826641.466
2026-09-03T12:28:28Z,Lesotho,426,Import,World,37,Photographic or cinematographic goods,2022,153840.722
2026-09-03T12:28:28Z,Lesotho,426,Import,World,14,Vegetable plaiting materials; vegetable products not elsewhere specified or included,2022,2469.604
2026-09-03T12:28:28Z,Lesotho,426,Import,World,17,Sugars and sugar confectionery,2022,18231868.531
2026-09-03T12:28:28Z,Lesotho,426,Import,World,30,Pharmaceutical products,2022,40262257.395
2026-09-03T12:28:28Z,Lesotho,426,Import,World,13,"Lac; gums, resins and other vegetable saps and extracts",2022,94572.745
2026-09-03T12:28:28Z,Lesotho,426,Import,World,81,"Metals; n.e.c., cermets and articles thereof",2022,872.434
2026-09-03T12:28:28Z,Lesotho,426,Import,World,45,Cork and articles of cork,2022,2714.821
2026-09-03T12:28:28Z,Lesotho,426,Import,World,87,"Vehicles; other than railway or tramway rolling stock, and parts and accessories thereof",2022,81934876.496
2026-09-03T12:28:28Z,Lesotho,426,Import,World,79,Zinc and articles thereof,2022,20264.258
2026-09-03T12:28:28Z,Lesotho,426,Import,World,89,"Ships, boats and floating structures",2022,195677.593
2026-09-03T12:28:28Z,Lesotho,426,Import,World,03,"Fish and crustaceans, molluscs and other aquatic invertebrates",2022,1844050.146
2026-09-03T12:28:28Z,Lesotho,426,Import,World,19,"Preparations of cereals, flour, starch or milk; pastrycooks' products",2022,24484963.064
2026-09-03T12:28:28Z,Lesotho,426,Import,World,52,Cotton,2022,131589632.414
2026-09-03T12:28:28Z,Lesotho,426,Import,World,34,"Soap, organic surface-active agents; washing, lubricating, polishing or scouring preparations; artificial or prepared waxes, candles and similar articles, modelling pastes, dental waxes and dental preparations with a basis of plaster",2022,25808051.691
2026-09-03T12:28:28Z,Lesotho,426,Import,World,39,Plastics and articles thereof,2022,35035618.668
2026-09-03T12:28:28Z,Lesotho,426,Import,World,24,Tobacco and manufactured tobacco substitutes,2022,24438830.101
2026-09-03T12:28:28Z,Lesotho,426,Import,World,73,Iron or steel articles,2022,40865236.798
2026-09-03T12:28:28Z,Lesotho,426,Import,World,32,"Tanning or dyeing extracts; tannins and their derivatives; dyes, pigments and other colouring matter; paints, varnishes; putty, other mastics; inks",2022,10016499.97
2026-09-03T12:28:28Z,Lesotho,426,Import,World,26,"Ores, slag and ash",2022,420035.626
2026-09-03T12:28:28Z,Namibia,516,Import,World,65,Headgear and parts thereof,2022,5224559.921
2026-09-03T12:28:28Z,Namibia,516,Import,World,71,"Natural, cultured pearls; precious, semi-precious stones; precious metals, metals clad with precious metal, and articles thereof; imitation jewellery; coin",2022,557315676.827
2026-09-03T12:28:28Z,Namibia,516,Import,World,89,"Ships, boats and floating structures",2022,157843348.513
2026-09-03T12:28:28Z,Namibia,516,Import,World,90,"Optical, photographic, cinematographic, measuring, checking, medical or surgical instruments and apparatus; parts and accessories",2022,98214918.572
2026-09-03T12:28:28Z,Namibia,516,Import,World,96,Miscellaneous manufactured articles,2022,38474853.123
2026-09-03T12:28:28Z,Namibia,516,Import,World,27,"Mineral fuels, mineral oils and products of their distillation; bituminous substances; mineral waxes",2022,1439502559.442
2026-09-03T12:28:28Z,Namibia,516,Import,World,47,Pulp of wood or other fibrous cellulosic material; recovered (waste and scrap) paper or paperboard,2022,17256.748
2026-09-03T12:28:28Z,Namibia,516,Import,World,91,Clocks and watches and parts thereof,2022,2823354.521
2026-09-03T12:28:28Z,Namibia,516,Import,World,17,Sugars and sugar confectionery,2022,97863080.671
2026-09-03T12:28:28Z,Namibia,516,Import,World,74,Copper and articles thereof,2022,8361757.075
2026-09-03T12:28:28Z,Namibia,516,Import,World,15,"Animal, vegetable or microbial fats and oils and their cleavage products; prepared edible fats; animal or vegetable waxes",2022,65262087.965
2026-09-03T12:28:28Z,Namibia,516,Import,World,22,"Beverages, spirits and vinegar",2022,215602277.464
2026-09-03T12:28:28Z,Namibia,516,Import,World,28,"Inorganic chemicals; organic and inorganic compounds of precious metals; of rare earth metals, of radio-active elements and of isotopes",2022,220202436.375
2026-09-03T12:28:28Z,Namibia,516,Import,World,29,Organic chemicals,2022,19070038.021
2026-09-03T12:28:28Z,Namibia,516,Import,World,49,"Printed books, newspapers, pictures and other products of the printing industry; manuscripts, typescripts and plans",2022,20312645.165
2026-09-03T12:28:28Z,Namibia,516,Import,World,76,Aluminium and articles thereof,2022,33564520.435
2026-09-03T12:28:28Z,Namibia,516,Import,World,97,Works of art; collectors' pieces and antiques,2022,474056.787
2026-09-03T12:28:28Z,Namibia,516,Import,World,07,Vegetables and certain roots and tubers; edible,2022,20486192.576
2026-09-03T12:28:28Z,Namibia,516,Import,World,66,"Umbrellas, sun umbrellas, walking-sticks, seat sticks, whips, riding crops; and parts thereof",2022,621976.18
2026-09-03T12:28:28Z,Namibia,516,Import,World,68,"Stone, plaster, cement, asbestos, mica or similar materials; articles thereof",2022,16454348.987
2026-09-03T12:28:28Z,Namibia,516,Import,World,69,Ceramic products,2022,30604099.824
2026-09-03T12:28:28Z,Namibia,516,Import,World,72,Iron and steel,2022,123896287.045
2026-09-03T12:28:28Z,Namibia,516,Import,World,83,Metal; miscellaneous products of base metal,2022,29898278.783
2026-09-03T12:28:28Z,Namibia,516,Import,World,84,"Machinery and mechanical appliances, boilers, nuclear reactors; parts thereof",2022,657480867.13
2026-09-03T12:28:28Z,Namibia,516,Import,World,87,"Vehicles; other than railway or tramway rolling stock, and parts and accessories thereof",2022,400131391.632
2026-09-03T12:28:28Z,Namibia,516,Import,World,92,Musical instruments; parts and accessories of such articles,2022,621633.736
2026-09-03T12:28:28Z,Namibia,516,Import,World,93,Arms and ammunition; parts and accessories thereof,2022,3974924.723
2026-09-03T12:28:28Z,Namibia,516,Import,World,24,"Tobacco and manufactured tobacco substitutes; products, whether or not containing nicotine, intended for inhalation without combustion; other nicotine containing products intended for the intake of nicotine into the human body",2022,35689786.996
2026-09-03T12:28:28Z,Namibia,516,Import,World,44,Wood and articles of wood; wood charcoal,2022,50266672.727
2026-09-03T12:28:28Z,Namibia,516,Import,World,64,Footwear; gaiters and the like; parts of such articles,2022,50885519.994
2026-09-03T12:28:28Z,Namibia,516,Import,World,67,"Feathers and down, prepared; and articles made of feather or of down; artificial flowers; articles of human hair",2022,5650842.656
2026-09-03T12:28:28Z,Namibia,516,Import,World,85,"Electrical machinery and equipment and parts thereof; sound recorders and reproducers; television image and sound recorders and reproducers, parts and accessories of such articles",2022,395145629.673
2026-09-03T12:28:28Z,Namibia,516,Import,World,88,"Aircraft, spacecraft, and parts thereof",2022,36125676.451
2026-09-03T12:28:28Z,Namibia,516,Import,World,11,"Products of the milling industry; malt, starches, inulin, wheat gluten",2022,38442223.875
2026-09-03T12:28:28Z,Namibia,516,Import,World,14,Vegetable plaiting materials; vegetable products not elsewhere specified or included,2022,342017.076
2026-09-03T12:28:28Z,Namibia,516,Import,World,31,Fertilizers,2022,62653901.531
2026-09-03T12:28:28Z,Namibia,516,Import,World,34,"Soap, organic surface-active agents; washing, lubricating, polishing or scouring preparations; artificial or prepared waxes, candles and similar articles, modelling pastes, dental waxes and dental preparations with a basis of plaster",2022,82611311.142
2026-09-03T12:28:28Z,Namibia,516,Import,World,37,Photographic or cinematographic goods,2022,798728.06
2026-09-03T12:28:28Z,Namibia,516,Import,World,54,Man-made filaments; strip and the like of man-made textile materials,2022,2861082.606
2026-09-03T12:28:28Z,Namibia,516,Import,World,57,Carpets and other textile floor coverings,2022,2690768.447
2026-09-03T12:28:28Z,Namibia,516,Import,World,95,"Toys, games and sports requisites; parts and accessories thereof",2022,16064916.883
2026-09-03T12:28:28Z,Namibia,516,Import,World,18,Cocoa and cocoa preparations,2022,14552367.837
2026-09-03T12:28:28Z,Namibia,516,Import,World,35,Albuminoidal substances; modified starches; glues; enzymes,2022,6346533.017
2026-09-03T12:28:28Z,Namibia,516,Import,World,38,Chemical products n.e.c.,2022,156026515.341
2026-09-03T12:28:28Z,Namibia,516,Import,World,55,Man-made staple fibres,2022,729399.137
2026-09-03T12:28:28Z,Namibia,516,Import,World,58,"Fabrics; special woven fabrics, tufted textile fabrics, lace, tapestries, trimmings, embroidery",2022,1658704.835
2026-09-03T12:28:28Z,Namibia,516,Import,World,61,Apparel and clothing accessories; knitted or crocheted,2022,75389794.852
2026-09-03T12:28:28Z,Namibia,516,Import,World,82,"Tools, implements, cutlery, spoons and forks, of base metal; parts thereof, of base metal",2022,30417281.602
2026-09-03T12:28:28Z,Namibia,516,Import,World,02,Meat and edible meat offal,2022,56716436.762
2026-09-03T12:28:28Z,Namibia,516,Import,World,03,"Fish and crustaceans, molluscs and other aquatic invertebrates",2022,66918643.928
2026-09-03T12:28:28Z,Namibia,516,Import,World,06,"Trees and other plants, live; bulbs, roots and the like; cut flowers and ornamental foliage",2022,5136812.155
2026-09-03T12:28:28Z,Namibia,516,Import,World,08,"Fruit and nuts, edible; peel of citrus fruit or melons",2022,22218196.275
2026-09-03T12:28:28Z,Namibia,516,Import,World,09,"Coffee, tea, mate and spices",2022,25206346.666
2026-09-03T12:28:28Z,Namibia,516,Import,World,12,"Oil seeds and oleaginous fruits; miscellaneous grains, seeds and fruit, industrial or medicinal plants; straw and fodder",2022,5983353.696
2026-09-03T12:28:28Z,Namibia,516,Import,World,16,"Meat, fish, crustaceans, molluscs or other aquatic invertebrates, or insects; preparations thereof",2022,30632659.609
2026-09-03T12:28:28Z,Namibia,516,Import,World,19,"Preparations of cereals, flour, starch or milk; pastrycooks' products",2022,56562898.645
2026-09-03T12:28:28Z,Namibia,516,Import,World,20,"Preparations of vegetables, fruit, nuts or other parts of plants",2022,53553733.633
2026-09-03T12:28:28Z,Namibia,516,Import,World,23,"Food industries, residues and wastes thereof; prepared animal fodder",2022,59131958.768
2026-09-03T12:28:28Z,Namibia,516,Import,World,25,"Salt; sulphur; earths, stone; plastering materials, lime and cement",2022,112126400.098
2026-09-03T12:28:28Z,Namibia,516,Import,World,26,"Ores, slag and ash",2022,545621735.502
2026-09-03T12:28:28Z,Namibia,516,Import,World,32,"Tanning or dyeing extracts; tannins and their derivatives; dyes, pigments and other colouring matter; paints, varnishes; putty, other mastics; inks",2022,33254220.119
2026-09-03T12:28:28Z,Namibia,516,Import,World,39,Plastics and articles thereof,2022,215031609.196
2026-09-03T12:28:28Z,Namibia,516,Import,World,40,Rubber and articles thereof,2022,137545345.648
2026-09-03T12:28:28Z,Namibia,516,Import,World,42,"Articles of leather; saddlery and harness; travel goods, handbags and similar containers; articles of animal gut (other than silk-worm gut)",2022,14082544.324
2026-09-03T12:28:28Z,Namibia,516,Import,World,43,Furskins and artificial fur; manufactures thereof,2022,72059.709
2026-09-03T12:28:28Z,Namibia,516,Import,World,46,"Manufactures of straw, esparto or other plaiting materials; basketware and wickerwork",2022,401398.116
2026-09-03T12:28:28Z,Namibia,516,Import,World,48,"Paper and paperboard; articles of paper pulp, of paper or paperboard",2022,96128294.099
2026-09-03T12:28:28Z,Namibia,516,Import,World,59,"Textile fabrics; impregnated, coated, covered or laminated; textile articles of a kind suitable for industrial use",2022,3520767.605
2026-09-03T12:28:28Z,Namibia,516,Import,World,62,Apparel and clothing accessories; not knitted or crocheted,2022,59943422.179
2026-09-03T12:28:28Z,Namibia,516,Import,World,63,"Textiles, made up articles; sets; worn clothing and worn textile articles; rags",2022,42447101.17
2026-09-03T12:28:28Z,Namibia,516,Import,World,10,Cereals,2022,109346140.243
2026-09-03T12:28:28Z,Namibia,516,Import,World,13,"Lac; gums, resins and other vegetable saps and extracts",2022,1409118.536
2026-09-03T12:28:28Z,Namibia,516,Import,World,30,Pharmaceutical products,2022,166474223.32
2026-09-03T12:28:28Z,Namibia,516,Import,World,33,"Essential oils and resinoids; perfumery, cosmetic or toilet preparations",2022,92839504.263
2026-09-03T12:28:28Z,Namibia,516,Import,World,50,Silk,2022,1386254.443
2026-09-03T12:28:28Z,Namibia,516,Import,World,53,Vegetable textile fibres; paper yarn and woven fabrics of paper yarn,2022,343712.053
2026-09-03T12:28:28Z,Namibia,516,Import,World,56,"Wadding, felt and nonwovens, special yarns; twine, cordage, ropes and cables and articles thereof",2022,8866541.693
2026-09-03T12:28:28Z,Namibia,516,Import,World,70,Glass and glassware,2022,33182145.172
2026-09-03T12:28:28Z,Namibia,516,Import,World,73,Iron or steel articles,2022,198223459.582
2026-09-03T12:28:28Z,Namibia,516,Import,World,94,"Furniture; bedding, mattresses, mattress supports, cushions and similar stuffed furnishings; lamps and lighting fittings, n.e.c.; illuminated signs, illuminated name-plates and the like; prefabricated buildings",2022,73456004.458
2026-09-03T12:28:28Z,Namibia,516,Import,World,04,"Dairy produce; birds' eggs; natural honey; edible products of animal origin, not elsewhere specified or included",2022,48447232.475
2026-09-03T12:28:28Z,Namibia,516,Import,World,21,Miscellaneous edible preparations,2022,60384330.998
2026-09-03T12:28:28Z,Namibia,516,Import,World,75,Nickel and articles thereof,2022,223580.126
2026-09-03T12:28:28Z,Namibia,516,Import,World,80,Tin; articles thereof,2022,20132.34
2026-09-03T12:28:28Z,Namibia,516,Import,World,86,"Railway, tramway locomotives, rolling-stock and parts thereof; railway or tramway track fixtures and fittings and parts thereof; mechanical (including electro-mechanical) traffic signalling equipment of all kinds",2022,4462956.237
2026-09-03T12:28:28Z,Namibia,516,Import,World,99,Commodities not specified according to kind,2022,4978509.453
2026-09-03T12:28:28Z,Namibia,516,Import,World,78,Lead and articles thereof,2022,67551.231
2026-09-03T12:28:28Z,Namibia,516,Import,World,81,"Metals; n.e.c., cermets and articles thereof",2022,88662.466
2026-09-03T12:28:28Z,Namibia,516,Import,World,41,Raw hides and skins (other than furskins) and leather,2022,1882139.833
2026-09-03T12:28:28Z,Namibia,516,Import,World,79,Zinc and articles thereof,2022,164809.492
2026-09-03T12:28:28Z,Namibia,516,Import,World,05,Animal originated products; not elsewhere specified or included,2022,2607407.554
2026-09-03T12:28:28Z,Namibia,516,Import,World,45,Cork and articles of cork,2022,52922.359
2026-09-03T12:28:28Z,Namibia,516,Import,World,51,"Wool, fine or coarse animal hair; horsehair yarn and woven fabric",2022,223426.525
2026-09-03T12:28:28Z,Namibia,516,Import,World,52,Cotton,2022,1019996.589
2026-09-03T12:28:28Z,Namibia,516,Import,World,60,Fabrics; knitted or crocheted,2022,1125421.38
2026-09-03T12:28:28Z,Namibia,516,Import,World,36,Explosives; pyrotechnic products; matches; pyrophoric alloys; certain combustible preparations,2022,8957850.897
2026-09-03T12:28:28Z,Namibia,516,Import,World,01,Animals; live,2022,3485721.409
2026-09-03T12:28:28Z,South Africa,710,Import,World,09,"Coffee, tea, mate and spices",2022,227130314.605
2026-09-03T12:28:28Z,South Africa,710,Import,World,38,Chemical products n.e.c.,2022,2230110001.12
2026-09-03T12:28:28Z,South Africa,710,Import,World,29,Organic chemicals,2022,1901622780.902
2026-09-03T12:28:28Z,South Africa,710,Import,World,02,Meat and edible meat offal,2022,401899081.954
2026-09-03T12:28:28Z,South Africa,710,Import,World,36,Explosives; pyrotechnic products; matches; pyrophoric alloys; certain combustible preparations,2022,65167494.376
2026-09-03T12:28:28Z,South Africa,710,Import,World,55,Man-made staple fibres,2022,203936972.452
2026-09-03T12:28:28Z,South Africa,710,Import,World,07,Vegetables and certain roots and tubers; edible,2022,112313418.48
2026-09-03T12:28:28Z,South Africa,710,Import,World,39,Plastics and articles thereof,2022,3213933171.631
2026-09-03T12:28:28Z,South Africa,710,Import,World,18,Cocoa and cocoa preparations,2022,169881699.716
2026-09-03T12:28:28Z,South Africa,710,Import,World,67,"Feathers and down, prepared; and articles made of feather or of down; artificial flowers; articles of human hair",2022,60733499.335
2026-09-03T12:28:28Z,South Africa,710,Import,World,56,"Wadding, felt and nonwovens, special yarns; twine, cordage, ropes and cables and articles thereof",2022,140777486.504
2026-09-03T12:28:28Z,South Africa,710,Import,World,80,Tin; articles thereof,2022,15236639.327
2026-09-03T12:28:28Z,South Africa,710,Import,World,79,Zinc and articles thereof,2022,238102087.39
2026-09-03T12:28:28Z,South Africa,710,Import,World,25,"Salt; sulphur; earths, stone; plastering materials, lime and cement",2022,360973927.317
2026-09-03T12:28:28Z,South Africa,710,Import,World,08,"Fruit and nuts, edible; peel of citrus fruit or melons",2022,203123120.648
2026-09-03T12:28:28Z,South Africa,710,Import,World,99,Commodities not specified according to kind,2022,7405955160.312
2026-09-03T12:28:28Z,South Africa,710,Import,World,21,Miscellaneous edible preparations,2022,395502920.603
2026-09-03T12:28:28Z,South Africa,710,Import,World,48,"Paper and paperboard; articles of paper pulp, of paper or paperboard",2022,1249709260.78
2026-09-03T12:28:28Z,South Africa,710,Import,World,82,"Tools, implements, cutlery, spoons and forks, of base metal; parts thereof, of base metal",2022,483937044.167
2026-09-03T12:28:28Z,South Africa,710,Import,World,63,"Textiles, made up articles; sets; worn clothing and worn textile articles; rags",2022,241664168.052
2026-09-03T12:28:28Z,South Africa,710,Import,World,28,"Inorganic chemicals; organic and inorganic compounds of precious metals; of rare earth metals, of radio-active elements and of isotopes",2022,2026026395.662
2026-09-03T12:28:28Z,South Africa,710,Import,World,97,Works of art; collectors' pieces and antiques,2022,39997047.653
2026-09-03T12:28:28Z,South Africa,710,Import,World,86,"Railway, tramway locomotives, rolling-stock and parts thereof; railway or tramway track fixtures and fittings and parts thereof; mechanical (including electro-mechanical) traffic signalling equipment of all kinds",2022,116721726.204
2026-09-03T12:28:28Z,South Africa,710,Import,World,89,"Ships, boats and floating structures",2022,436355668.381
2026-09-03T12:28:28Z,South Africa,710,Import,World,01,Animals; live,2022,229693279.577
2026-09-03T12:28:28Z,South Africa,710,Import,World,96,Miscellaneous manufactured articles,2022,289025406.627
2026-09-03T12:28:28Z,South Africa,710,Import,World,90,"Optical, photographic, cinematographic, measuring, checking, medical or surgical instruments and apparatus; parts and accessories",2022,2288344454.923
2026-09-03T12:28:28Z,South Africa,710,Import,World,87,"Vehicles; other than railway or tramway rolling stock, and parts and accessories thereof",2022,8334646307.567
2026-09-03T12:28:28Z,South Africa,710,Import,World,23,"Food industries, residues and wastes thereof; prepared animal fodder",2022,355367753.47
2026-09-03T12:28:28Z,South Africa,710,Import,World,14,Vegetable plaiting materials; vegetable products not elsewhere specified or included,2022,7250399.857
2026-09-03T12:28:28Z,South Africa,710,Import,World,72,Iron and steel,2022,1813795710.031
2026-09-03T12:28:28Z,South Africa,710,Import,World,74,Copper and articles thereof,2022,946138099.645
2026-09-03T12:28:28Z,South Africa,710,Import,World,12,"Oil seeds and oleaginous fruits; miscellaneous grains, seeds and fruit, industrial or medicinal plants; straw and fodder",2022,122395578.267
2026-09-03T12:28:28Z,South Africa,710,Import,World,33,"Essential oils and resinoids; perfumery, cosmetic or toilet preparations",2022,1096387834.757
2026-09-03T12:28:28Z,South Africa,710,Import,World,81,"Metals; n.e.c., cermets and articles thereof",2022,93122741.573
2026-09-03T12:28:28Z,South Africa,710,Import,World,52,Cotton,2022,165296412.235
2026-09-03T12:28:28Z,South Africa,710,Import,World,46,"Manufactures of straw, esparto or other plaiting materials; basketware and wickerwork",2022,6375497.984
2026-09-03T12:28:28Z,South Africa,710,Import,World,75,Nickel and articles thereof,2022,18194475.77
2026-09-03T12:28:28Z,South Africa,710,Import,World,22,"Beverages, spirits and vinegar",2022,685469570.184
2026-09-03T12:28:28Z,South Africa,710,Import,World,17,Sugars and sugar confectionery,2022,396737130.595
2026-09-03T12:28:28Z,South Africa,710,Import,World,31,Fertilizers,2022,1509961923.351
2026-09-03T12:28:28Z,South Africa,710,Import,World,34,"Soap, organic surface-active agents; washing, lubricating, polishing or scouring preparations; artificial or prepared waxes, candles and similar articles, modelling pastes, dental waxes and dental preparations with a basis of plaster",2022,369399929.341
2026-09-03T12:28:28Z,South Africa,710,Import,World,51,"Wool, fine or coarse animal hair; horsehair yarn and woven fabric",2022,63286874.407
2026-09-03T12:28:28Z,South Africa,710,Import,World,26,"Ores, slag and ash",2022,56788549.021
2026-09-03T12:28:28Z,South Africa,710,Import,World,15,"Animal, vegetable or microbial fats and oils and their cleavage products; prepared edible fats; animal or vegetable waxes",2022,1185560535.423
2026-09-03T12:28:28Z,South Africa,710,Import,World,19,"Preparations of cereals, flour, starch or milk; pastrycooks' products",2022,250270849.059
2026-09-03T12:28:28Z,South Africa,710,Import,World,54,Man-made filaments; strip and the like of man-made textile materials,2022,305214797.753
2026-09-03T12:28:28Z,South Africa,710,Import,World,50,Silk,2022,3218656.887
2026-09-03T12:28:28Z,South Africa,710,Import,World,47,Pulp of wood or other fibrous cellulosic material; recovered (waste and scrap) paper or paperboard,2022,215492461.453
2026-09-03T12:28:28Z,South Africa,710,Import,World,45,Cork and articles of cork,2022,13745428.87
2026-09-03T12:28:28Z,South Africa,710,Import,World,70,Glass and glassware,2022,365751485.655
2026-09-03T12:28:28Z,South Africa,710,Import,World,94,"Furniture; bedding, mattresses, mattress supports, cushions and similar stuffed furnishings; lamps and lighting fittings, n.e.c.; illuminated signs, illuminated name-plates and the like; prefabricated buildings",2022,667136393.307
2026-09-03T12:28:28Z,South Africa,710,Import,World,59,"Textile fabrics; impregnated, coated, covered or laminated; textile articles of a kind suitable for industrial use",2022,158410508.119
2026-09-03T12:28:28Z,South Africa,710,Import,World,66,"Umbrellas, sun umbrellas, walking-sticks, seat sticks, whips, riding crops; and parts thereof",2022,9172170.66
2026-09-03T12:28:28Z,South Africa,710,Import,World,42,"Articles of leather; saddlery and harness; travel goods, handbags and similar containers; articles of animal gut (other than silk-worm gut)",2022,247519680.153
2026-09-03T12:28:28Z,South Africa,710,Import,World,91,Clocks and watches and parts thereof,2022,102374374.242
2026-09-03T12:28:28Z,South Africa,710,Import,World,85,"Electrical machinery and equipment and parts thereof; sound recorders and reproducers; television image and sound recorders and reproducers, parts and accessories of such articles",2022,10419505477.193
2026-09-03T12:28:28Z,South Africa,710,Import,World,92,Musical instruments; parts and accessories of such articles,2022,16229292.743
2026-09-03T12:28:28Z,South Africa,710,Import,World,37,Photographic or cinematographic goods,2022,46698346.67
2026-09-03T12:28:28Z,South Africa,710,Import,World,57,Carpets and other textile floor coverings,2022,42445021.073
2026-09-03T12:28:28Z,South Africa,710,Import,World,49,"Printed books, newspapers, pictures and other products of the printing industry; manuscripts, typescripts and plans",2022,1996487515.868
2026-09-03T12:28:28Z,South Africa,710,Import,World,13,"Lac; gums, resins and other vegetable saps and extracts",2022,49318965.19
2026-09-03T12:28:28Z,South Africa,710,Import,World,10,Cereals,2022,1161318961.71
2026-09-03T12:28:28Z,South Africa,710,Import,World,11,"Products of the milling industry; malt, starches, inulin, wheat gluten",2022,151223740.587
2026-09-03T12:28:28Z,South Africa,710,Import,World,16,"Meat, fish, crustaceans, molluscs or other aquatic invertebrates, or insects; preparations thereof",2022,142179498.621
2026-09-03T12:28:28Z,South Africa,710,Import,World,30,Pharmaceutical products,2022,2528186419.889
2026-09-03T12:28:28Z,South Africa,710,Import,World,05,Animal originated products; not elsewhere specified or included,2022,129791244.465
2026-09-03T12:28:28Z,South Africa,710,Import,World,24,"Tobacco and manufactured tobacco substitutes; products, whether or not containing nicotine, intended for inhalation without combustion; other nicotine containing products intended for the intake of nicotine into the human body",2022,168037432.603
2026-09-03T12:28:28Z,South Africa,710,Import,World,04,"Dairy produce; birds' eggs; natural honey; edible products of animal origin, not elsewhere specified or included",2022,185837680.524
2026-09-03T12:28:28Z,South Africa,710,Import,World,20,"Preparations of vegetables, fruit, nuts or other parts of plants",2022,294627193.115
2026-09-03T12:28:28Z,South Africa,710,Import,World,43,Furskins and artificial fur; manufactures thereof,2022,1067609.699
2026-09-03T12:28:28Z,South Africa,710,Import,World,53,Vegetable textile fibres; paper yarn and woven fabrics of paper yarn,2022,24920078.623
2026-09-03T12:28:28Z,South Africa,710,Import,World,58,"Fabrics; special woven fabrics, tufted textile fabrics, lace, tapestries, trimmings, embroidery",2022,39830780.514
2026-09-03T12:28:28Z,South Africa,710,Import,World,41,Raw hides and skins (other than furskins) and leather,2022,34003248.854
2026-09-03T12:28:28Z,South Africa,710,Import,World,68,"Stone, plaster, cement, asbestos, mica or similar materials; articles thereof",2022,231131082.488
2026-09-03T12:28:28Z,South Africa,710,Import,World,60,Fabrics; knitted or crocheted,2022,236026322.669
2026-09-03T12:28:28Z,South Africa,710,Import,World,32,"Tanning or dyeing extracts; tannins and their derivatives; dyes, pigments and other colouring matter; paints, varnishes; putty, other mastics; inks",2022,561278388.726
2026-09-03T12:28:28Z,South Africa,710,Import,World,78,Lead and articles thereof,2022,25800876.917
2026-09-03T12:28:28Z,South Africa,710,Import,World,35,Albuminoidal substances; modified starches; glues; enzymes,2022,338400751.082
2026-09-03T12:28:28Z,South Africa,710,Import,World,83,Metal; miscellaneous products of base metal,2022,357076515.274
2026-09-03T12:28:28Z,South Africa,710,Import,World,71,"Natural, cultured pearls; precious, semi-precious stones; precious metals, metals clad with precious metal, and articles thereof; imitation jewellery; coin",2022,1497566215.166
2026-09-03T12:28:28Z,South Africa,710,Import,World,03,"Fish and crustaceans, molluscs and other aquatic invertebrates",2022,348559355.06
2026-09-03T12:28:28Z,South Africa,710,Import,World,69,Ceramic products,2022,453548253.063
2026-09-03T12:28:28Z,South Africa,710,Import,World,44,Wood and articles of wood; wood charcoal,2022,418797601.46
2026-09-03T12:28:28Z,South Africa,710,Import,World,06,"Trees and other plants, live; bulbs, roots and the like; cut flowers and ornamental foliage",2022,18316469.158
2026-09-03T12:28:28Z,South Africa,710,Import,World,73,Iron or steel articles,2022,1232659620.027
2026-09-03T12:28:28Z,South Africa,710,Import,World,65,Headgear and parts thereof,2022,75451882.374
2026-09-03T12:28:28Z,South Africa,710,Import,World,40,Rubber and articles thereof,2022,1407565444.912
2026-09-03T12:28:28Z,South Africa,710,Import,World,76,Aluminium and articles thereof,2022,725015355.668
2026-09-03T12:28:28Z,South Africa,710,Import,World,95,"Toys, games and sports requisites; parts and accessories thereof",2022,437278289.5
2026-09-03T12:28:28Z,South Africa,710,Import,World,61,Apparel and clothing accessories; knitted or crocheted,2022,1047369937.008
2026-09-03T12:28:28Z,South Africa,710,Import,World,88,"Aircraft, spacecraft, and parts thereof",2022,648882702.469
2026-09-03T12:28:28Z,South Africa,710,Import,World,84,"Machinery and mechanical appliances, boilers, nuclear reactors; parts thereof",2022,12494491352.559
2026-09-03T12:28:28Z,South Africa,710,Import,World,62,Apparel and clothing accessories; not knitted or crocheted,2022,1003750871.07
2026-09-03T12:28:28Z,South Africa,710,Import,World,27,"Mineral fuels, mineral oils and products of their distillation; bituminous substances; mineral waxes",2022,25498412167.28
2026-09-03T12:28:28Z,South Africa,710,Import,World,64,Footwear; gaiters and the like; parts of such articles,2022,1016790695.497
2026-09-03T12:28:28Z,South Africa,710,Import,World,93,Arms and ammunition; parts and accessories thereof,2022,62087463.822
2026-09-03T12:28:28Z,Eswatini,748,Import,World,10,Cereals,2022,89242683.06
2026-09-03T12:28:28Z,Eswatini,748,Import,World,13,"Lac; gums, resins and other vegetable saps and extracts",2022,10922233.46
2026-09-03T12:28:28Z,Eswatini,748,Import,World,30,Pharmaceutical products,2022,44936721.93
2026-09-03T12:28:28Z,Eswatini,748,Import,World,33,"Essential oils and resinoids; perfumery, cosmetic or toilet preparations",2022,63471687.74
2026-09-03T12:28:28Z,Eswatini,748,Import,World,36,Explosives; pyrotechnic products; matches; pyrophoric alloys; certain combustible preparations,2022,2442900.33
2026-09-03T12:28:28Z,Eswatini,748,Import,World,50,Silk,2022,118295.72
2026-09-03T12:28:28Z,Eswatini,748,Import,World,53,Vegetable textile fibres; paper yarn and woven fabrics of paper yarn,2022,116186.28
2026-09-03T12:28:28Z,Eswatini,748,Import,World,56,"Wadding, felt and nonwovens, special yarns; twine, cordage, ropes and cables and articles thereof",2022,1719910.9
2026-09-03T12:28:28Z,Eswatini,748,Import,World,70,Glass and glassware,2022,5652733.95
2026-09-03T12:28:28Z,Eswatini,748,Import,World,73,Iron or steel articles,2022,56992080.79
2026-09-03T12:28:28Z,Eswatini,748,Import,World,76,Aluminium and articles thereof,2022,6728765.31
2026-09-03T12:28:28Z,Eswatini,748,Import,World,94,"Furniture; bedding, mattresses, mattress supports, cushions and similar stuffed furnishings; lamps and lighting fittings, n.e.c.; illuminated signs, illuminated name-plates and the like; prefabricated buildings",2022,24300661.91
2026-09-03T12:28:28Z,Eswatini,748,Import,World,97,Works of art; collectors' pieces and antiques,2022,29203.79
2026-09-03T12:28:28Z,Eswatini,748,Import,World,15,"Animal, vegetable or microbial fats and oils and their cleavage products; prepared edible fats; animal or vegetable waxes",2022,22386453.43
2026-09-03T12:28:28Z,Eswatini,748,Import,World,18,Cocoa and cocoa preparations,2022,3756592.75
2026-09-03T12:28:28Z,Eswatini,748,Import,World,35,Albuminoidal substances; modified starches; glues; enzymes,2022,7033424.36
2026-09-03T12:28:28Z,Eswatini,748,Import,World,38,Chemical products n.e.c.,2022,37730966.68
2026-09-03T12:28:28Z,Eswatini,748,Import,World,41,Raw hides and skins (other than furskins) and leather,2022,9876.68
2026-09-03T12:28:28Z,Eswatini,748,Import,World,55,Man-made staple fibres,2022,17022223.35
2026-09-03T12:28:28Z,Eswatini,748,Import,World,58,"Fabrics; special woven fabrics, tufted textile fabrics, lace, tapestries, trimmings, embroidery",2022,5477036.65
2026-09-03T12:28:28Z,Eswatini,748,Import,World,61,Apparel and clothing accessories; knitted or crocheted,2022,22454090.98
2026-09-03T12:28:28Z,Eswatini,748,Import,World,79,Zinc and articles thereof,2022,14663.6
2026-09-03T12:28:28Z,Eswatini,748,Import,World,82,"Tools, implements, cutlery, spoons and forks, of base metal; parts thereof, of base metal",2022,7048010.33
2026-09-03T12:28:28Z,Eswatini,748,Import,World,02,Meat and edible meat offal,2022,6040124.31
2026-09-03T12:28:28Z,Eswatini,748,Import,World,03,"Fish and crustaceans, molluscs and other aquatic invertebrates",2022,2581740.35
2026-09-03T12:28:28Z,Eswatini,748,Import,World,05,Animal originated products; not elsewhere specified or included,2022,1396359.0
2026-09-03T12:28:28Z,Eswatini,748,Import,World,06,"Trees and other plants, live; bulbs, roots and the like; cut flowers and ornamental foliage",2022,2156556.33
2026-09-03T12:28:28Z,Eswatini,748,Import,World,08,"Fruit and nuts, edible; peel of citrus fruit or melons",2022,7977182.63
2026-09-03T12:28:28Z,Eswatini,748,Import,World,09,"Coffee, tea, mate and spices",2022,11758190.95
2026-09-03T12:28:28Z,Eswatini,748,Import,World,12,"Oil seeds and oleaginous fruits; miscellaneous grains, seeds and fruit, industrial or medicinal plants; straw and fodder",2022,3199440.87
2026-09-03T12:28:28Z,Eswatini,748,Import,World,16,"Meat, fish, crustaceans, molluscs or other aquatic invertebrates, or insects; preparations thereof",2022,9970841.3
2026-09-03T12:28:28Z,Eswatini,748,Import,World,19,"Preparations of cereals, flour, starch or milk; pastrycooks' products",2022,30222674.08
2026-09-03T12:28:28Z,Eswatini,748,Import,World,20,"Preparations of vegetables, fruit, nuts or other parts of plants",2022,19160667.38
2026-09-03T12:28:28Z,Eswatini,748,Import,World,22,"Beverages, spirits and vinegar",2022,64528916.04
2026-09-03T12:28:28Z,Eswatini,748,Import,World,23,"Food industries, residues and wastes thereof; prepared animal fodder",2022,24876659.11
2026-09-03T12:28:28Z,Eswatini,748,Import,World,25,"Salt; sulphur; earths, stone; plastering materials, lime and cement",2022,31116342.33
2026-09-03T12:28:28Z,Eswatini,748,Import,World,26,"Ores, slag and ash",2022,1824475.47
2026-09-03T12:28:28Z,Eswatini,748,Import,World,28,"Inorganic chemicals; organic and inorganic compounds of precious metals; of rare earth metals, of radio-active elements and of isotopes",2022,17622683.73
2026-09-03T12:28:28Z,Eswatini,748,Import,World,29,Organic chemicals,2022,57337403.87
2026-09-03T12:28:28Z,Eswatini,748,Import,World,32,"Tanning or dyeing extracts; tannins and their derivatives; dyes, pigments and other colouring matter; paints, varnishes; putty, other mastics; inks",2022,16479749.54
2026-09-03T12:28:28Z,Eswatini,748,Import,World,39,Plastics and articles thereof,2022,90173081.87
2026-09-03T12:28:28Z,Eswatini,748,Import,World,40,Rubber and articles thereof,2022,20003397.08
2026-09-03T12:28:28Z,Eswatini,748,Import,World,42,"Articles of leather; saddlery and harness; travel goods, handbags and similar containers; articles of animal gut (other than silk-worm gut)",2022,3840186.87
2026-09-03T12:28:28Z,Eswatini,748,Import,World,43,Furskins and artificial fur; manufactures thereof,2022,28838.3
2026-09-03T12:28:28Z,Eswatini,748,Import,World,45,Cork and articles of cork,2022,2651.09
2026-09-03T12:28:28Z,Eswatini,748,Import,World,46,"Manufactures of straw, esparto or other plaiting materials; basketware and wickerwork",2022,28562.99
2026-09-03T12:28:28Z,Eswatini,748,Import,World,48,"Paper and paperboard; articles of paper pulp, of paper or paperboard",2022,39253663.16
2026-09-03T12:28:28Z,Eswatini,748,Import,World,49,"Printed books, newspapers, pictures and other products of the printing industry; manuscripts, typescripts and plans",2022,8341899.18
2026-09-03T12:28:28Z,Eswatini,748,Import,World,51,"Wool, fine or coarse animal hair; horsehair yarn and woven fabric",2022,566719.07
2026-09-03T12:28:28Z,Eswatini,748,Import,World,52,Cotton,2022,83800641.74
2026-09-03T12:28:28Z,Eswatini,748,Import,World,59,"Textile fabrics; impregnated, coated, covered or laminated; textile articles of a kind suitable for industrial use",2022,2157877.52
2026-09-03T12:28:28Z,Eswatini,748,Import,World,60,Fabrics; knitted or crocheted,2022,20868773.98
2026-09-03T12:28:28Z,Eswatini,748,Import,World,62,Apparel and clothing accessories; not knitted or crocheted,2022,20924661.54
2026-09-03T12:28:28Z,Eswatini,748,Import,World,63,"Textiles, made up articles; sets; worn clothing and worn textile articles; rags",2022,10341507.0
2026-09-03T12:28:28Z,Eswatini,748,Import,World,65,Headgear and parts thereof,2022,1382461.03
2026-09-03T12:28:28Z,Eswatini,748,Import,World,66,"Umbrellas, sun umbrellas, walking-sticks, seat sticks, whips, riding crops; and parts thereof",2022,372499.13
2026-09-03T12:28:28Z,Eswatini,748,Import,World,68,"Stone, plaster, cement, asbestos, mica or similar materials; articles thereof",2022,7232338.64
2026-09-03T12:28:28Z,Eswatini,748,Import,World,69,Ceramic products,2022,8622322.44
2026-09-03T12:28:28Z,Eswatini,748,Import,World,71,"Natural, cultured pearls; precious, semi-precious stones; precious metals, metals clad with precious metal, and articles thereof; imitation jewellery; coin",2022,4731447.71
2026-09-03T12:28:28Z,Eswatini,748,Import,World,72,Iron and steel,2022,36305743.2
2026-09-03T12:28:28Z,Eswatini,748,Import,World,75,Nickel and articles thereof,2022,18843.34
2026-09-03T12:28:28Z,Eswatini,748,Import,World,80,Tin; articles thereof,2022,47066.99
2026-09-03T12:28:28Z,Eswatini,748,Import,World,83,Metal; miscellaneous products of base metal,2022,9303208.43
2026-09-03T12:28:28Z,Eswatini,748,Import,World,84,"Machinery and mechanical appliances, boilers, nuclear reactors; parts thereof",2022,136209585.47
2026-09-03T12:28:28Z,Eswatini,748,Import,World,86,"Railway, tramway locomotives, rolling-stock and parts thereof; railway or tramway track fixtures and fittings and parts thereof; mechanical (including electro-mechanical) traffic signalling equipment of all kinds",2022,785989.1
2026-09-03T12:28:28Z,Eswatini,748,Import,World,87,"Vehicles; other than railway or tramway rolling stock, and parts and accessories thereof",2022,109656847.93
2026-09-03T12:28:28Z,Eswatini,748,Import,World,89,"Ships, boats and floating structures",2022,146543.72
2026-09-03T12:28:28Z,Eswatini,748,Import,World,90,"Optical, photographic, cinematographic, measuring, checking, medical or surgical instruments and apparatus; parts and accessories",2022,24652538.1
2026-09-03T12:28:28Z,Eswatini,748,Import,World,92,Musical instruments; parts and accessories of such articles,2022,176177.75
2026-09-03T12:28:28Z,Eswatini,748,Import,World,93,Arms and ammunition; parts and accessories thereof,2022,239321.35
2026-09-03T12:28:28Z,Eswatini,748,Import,World,96,Miscellaneous manufactured articles,2022,15277468.74
2026-09-03T12:28:28Z,Eswatini,748,Import,World,99,Commodities not specified according to kind,2022,16997978.86
2026-09-03T12:28:28Z,Eswatini,748,Import,World,11,"Products of the milling industry; malt, starches, inulin, wheat gluten",2022,10631432.8
2026-09-03T12:28:28Z,Eswatini,748,Import,World,14,Vegetable plaiting materials; vegetable products not elsewhere specified or included,2022,6010.54
2026-09-03T12:28:28Z,Eswatini,748,Import,World,17,Sugars and sugar confectionery,2022,21053892.04
2026-09-03T12:28:28Z,Eswatini,748,Import,World,31,Fertilizers,2022,43040715.21
2026-09-03T12:28:28Z,Eswatini,748,Import,World,34,"Soap, organic surface-active agents; washing, lubricating, polishing or scouring preparations; artificial or prepared waxes, candles and similar articles, modelling pastes, dental waxes and dental preparations with a basis of plaster",2022,24333380.65
2026-09-03T12:28:28Z,Eswatini,748,Import,World,37,Photographic or cinematographic goods,2022,421046.17
2026-09-03T12:28:28Z,Eswatini,748,Import,World,54,Man-made filaments; strip and the like of man-made textile materials,2022,19828819.55
2026-09-03T12:28:28Z,Eswatini,748,Import,World,57,Carpets and other textile floor coverings,2022,940968.4
2026-09-03T12:28:28Z,Eswatini,748,Import,World,74,Copper and articles thereof,2022,6471846.04
2026-09-03T12:28:28Z,Eswatini,748,Import,World,78,Lead and articles thereof,2022,13339.38
2026-09-03T12:28:28Z,Eswatini,748,Import,World,81,"Metals; n.e.c., cermets and articles thereof",2022,5604.32
2026-09-03T12:28:28Z,Eswatini,748,Import,World,95,"Toys, games and sports requisites; parts and accessories thereof",2022,2513757.12
2026-09-03T12:28:28Z,Eswatini,748,Import,World,01,Animals; live,2022,748911.95
2026-09-03T12:28:28Z,Eswatini,748,Import,World,04,"Dairy produce; birds' eggs; natural honey; edible products of animal origin, not elsewhere specified or included",2022,30426616.74
2026-09-03T12:28:28Z,Eswatini,748,Import,World,07,Vegetables and certain roots and tubers; edible,2022,17127245.25
2026-09-03T12:28:28Z,Eswatini,748,Import,World,21,Miscellaneous edible preparations,2022,29008510.0
2026-09-03T12:28:28Z,Eswatini,748,Import,World,24,"Tobacco and manufactured tobacco substitutes; products, whether or not containing nicotine, intended for inhalation without combustion; other nicotine containing products intended for the intake of nicotine into the human body",2022,5434346.23
2026-09-03T12:28:28Z,Eswatini,748,Import,World,27,"Mineral fuels, mineral oils and products of their distillation; bituminous substances; mineral waxes",2022,359507626.31
2026-09-03T12:28:28Z,Eswatini,748,Import,World,44,Wood and articles of wood; wood charcoal,2022,34628082.29
2026-09-03T12:28:28Z,Eswatini,748,Import,World,47,Pulp of wood or other fibrous cellulosic material; recovered (waste and scrap) paper or paperboard,2022,2224253.32
2026-09-03T12:28:28Z,Eswatini,748,Import,World,64,Footwear; gaiters and the like; parts of such articles,2022,17515799.22
2026-09-03T12:28:28Z,Eswatini,748,Import,World,67,"Feathers and down, prepared; and articles made of feather or of down; artificial flowers; articles of human hair",2022,2114665.14
2026-09-03T12:28:28Z,Eswatini,748,Import,World,85,"Electrical machinery and equipment and parts thereof; sound recorders and reproducers; television image and sound recorders and reproducers, parts and accessories of such articles",2022,84865763.15
2026-09-03T12:28:28Z,Eswatini,748,Import,World,88,"Aircraft, spacecraft, and parts thereof",2022,144297.28
2026-09-03T12:28:28Z,Eswatini,748,Import,World,91,Clocks and watches and parts thereof,2022,436512.01
2026-09-03T12:28:28Z,Botswana,72,Import,World,14,Vegetable plaiting materials; vegetable products not elsewhere specified or included,2023,32998.745
2026-09-03T12:28:28Z,Botswana,72,Import,World,81,"Metals; n.e.c., cermets and articles thereof",2023,132460.718
2026-09-03T12:28:28Z,Botswana,72,Import,World,27,"Mineral fuels, mineral oils and products of their distillation; bituminous substances; mineral waxes",2023,1318710332.98
2026-09-03T12:28:28Z,Botswana,72,Import,World,91,Clocks and watches and parts thereof,2023,1032193.649
2026-09-03T12:28:28Z,Botswana,72,Import,World,29,Organic chemicals,2023,21316218.852
2026-09-03T12:28:28Z,Botswana,72,Import,World,42,"Articles of leather; saddlery and harness; travel goods, handbags and similar containers; articles of animal gut (other than silk-worm gut)",2023,10614943.695
2026-09-03T12:28:28Z,Botswana,72,Import,World,63,"Textiles, made up articles; sets; worn clothing and worn textile articles; rags",2023,30971988.966
2026-09-03T12:28:28Z,Botswana,72,Import,World,71,"Natural, cultured pearls; precious, semi-precious stones; precious metals, metals clad with precious metal, and articles thereof; imitation jewellery; coin",2023,954634654.68
2026-09-03T12:28:28Z,Botswana,72,Import,World,37,Photographic or cinematographic goods,2023,756381.383
2026-09-03T12:28:28Z,Botswana,72,Import,World,54,Man-made filaments; strip and the like of man-made textile materials,2023,3242861.972
2026-09-03T12:28:28Z,Botswana,72,Import,World,57,Carpets and other textile floor coverings,2023,2015005.595
2026-09-03T12:28:28Z,Botswana,72,Import,World,74,Copper and articles thereof,2023,24296198.785
2026-09-03T12:28:28Z,Botswana,72,Import,World,95,"Toys, games and sports requisites; parts and accessories thereof",2023,7368728.382
2026-09-03T12:28:28Z,Botswana,72,Import,World,44,Wood and articles of wood; wood charcoal,2023,66319453.665
2026-09-03T12:28:28Z,Botswana,72,Import,World,64,Footwear; gaiters and the like; parts of such articles,2023,40379775.917
2026-09-03T12:28:28Z,Botswana,72,Import,World,67,"Feathers and down, prepared; and articles made of feather or of down; artificial flowers; articles of human hair",2023,2850663.971
2026-09-03T12:28:28Z,Botswana,72,Import,World,85,"Electrical machinery and equipment and parts thereof; sound recorders and reproducers; television image and sound recorders and reproducers, parts and accessories of such articles",2023,343985267.07
2026-09-03T12:28:28Z,Botswana,72,Import,World,88,"Aircraft, spacecraft, and parts thereof",2023,14682102.305
2026-09-03T12:28:28Z,Botswana,72,Import,World,30,Pharmaceutical products,2023,138301412.336
2026-09-03T12:28:28Z,Botswana,72,Import,World,70,Glass and glassware,2023,9434952.045
2026-09-03T12:28:28Z,Botswana,72,Import,World,73,Iron or steel articles,2023,130101951.427
2026-09-03T12:28:28Z,Botswana,72,Import,World,76,Aluminium and articles thereof,2023,29061444.934
2026-09-03T12:28:28Z,Botswana,72,Import,World,94,"Furniture; bedding, mattresses, mattress supports, cushions and similar stuffed furnishings; lamps and lighting fittings, n.e.c.; illuminated signs, illuminated name-plates and the like; prefabricated buildings",2023,63004123.099
2026-09-03T12:28:28Z,Botswana,72,Import,World,22,"Beverages, spirits and vinegar",2023,279430828.757
2026-09-03T12:28:28Z,Botswana,72,Import,World,28,"Inorganic chemicals; organic and inorganic compounds of precious metals; of rare earth metals, of radio-active elements and of isotopes",2023,13950283.123
2026-09-03T12:28:28Z,Botswana,72,Import,World,32,"Tanning or dyeing extracts; tannins and their derivatives; dyes, pigments and other colouring matter; paints, varnishes; putty, other mastics; inks",2023,32655024.478
2026-09-03T12:28:28Z,Botswana,72,Import,World,39,Plastics and articles thereof,2023,154165583.016
2026-09-03T12:28:28Z,Botswana,72,Import,World,40,Rubber and articles thereof,2023,77149795.788
2026-09-03T12:28:28Z,Botswana,72,Import,World,48,"Paper and paperboard; articles of paper pulp, of paper or paperboard",2023,69866021.142
2026-09-03T12:28:28Z,Botswana,72,Import,World,49,"Printed books, newspapers, pictures and other products of the printing industry; manuscripts, typescripts and plans",2023,10112571.591
2026-09-03T12:28:28Z,Botswana,72,Import,World,51,"Wool, fine or coarse animal hair; horsehair yarn and woven fabric",2023,290185.555
2026-09-03T12:28:28Z,Botswana,72,Import,World,52,Cotton,2023,8821452.234
2026-09-03T12:28:28Z,Botswana,72,Import,World,59,"Textile fabrics; impregnated, coated, covered or laminated; textile articles of a kind suitable for industrial use",2023,3654873.581
2026-09-03T12:28:28Z,Botswana,72,Import,World,38,Chemical products n.e.c.,2023,69278876.666
2026-09-03T12:28:28Z,Botswana,72,Import,World,55,Man-made staple fibres,2023,2633280.787
2026-09-03T12:28:28Z,Botswana,72,Import,World,61,Apparel and clothing accessories; knitted or crocheted,2023,38587861.132
2026-09-03T12:28:28Z,Botswana,72,Import,World,82,"Tools, implements, cutlery, spoons and forks, of base metal; parts thereof, of base metal",2023,20712129.031
2026-09-03T12:28:28Z,Botswana,72,Import,World,62,Apparel and clothing accessories; not knitted or crocheted,2023,36482729.819
2026-09-03T12:28:28Z,Botswana,72,Import,World,65,Headgear and parts thereof,2023,2800525.654
2026-09-03T12:28:28Z,Botswana,72,Import,World,66,"Umbrellas, sun umbrellas, walking-sticks, seat sticks, whips, riding crops; and parts thereof",2023,552374.825
2026-09-03T12:28:28Z,Botswana,72,Import,World,72,Iron and steel,2023,114871758.116
2026-09-03T12:28:28Z,Botswana,72,Import,World,83,Metal; miscellaneous products of base metal,2023,18576717.001
2026-09-03T12:28:28Z,Botswana,72,Import,World,84,"Machinery and mechanical appliances, boilers, nuclear reactors; parts thereof",2023,541318254.648
2026-09-03T12:28:28Z,Botswana,72,Import,World,87,"Vehicles; other than railway or tramway rolling stock, and parts and accessories thereof",2023,455561160.601
2026-09-03T12:28:28Z,Botswana,72,Import,World,90,"Optical, photographic, cinematographic, measuring, checking, medical or surgical instruments and apparatus; parts and accessories",2023,77958570.089
2026-09-03T12:28:28Z,Botswana,72,Import,World,92,Musical instruments; parts and accessories of such articles,2023,775700.272
2026-09-03T12:28:28Z,Botswana,72,Import,World,93,Arms and ammunition; parts and accessories thereof,2023,7358624.741
2026-09-03T12:28:28Z,Botswana,72,Import,World,96,Miscellaneous manufactured articles,2023,29818878.124
2026-09-03T12:28:28Z,Botswana,72,Import,World,11,"Products of the milling industry; malt, starches, inulin, wheat gluten",2023,11605195.862
2026-09-03T12:28:28Z,Botswana,72,Import,World,17,Sugars and sugar confectionery,2023,80666438.568
2026-09-03T12:28:28Z,Botswana,72,Import,World,31,Fertilizers,2023,52450251.683
2026-09-03T12:28:28Z,Botswana,72,Import,World,34,"Soap, organic surface-active agents; washing, lubricating, polishing or scouring preparations; artificial or prepared waxes, candles and similar articles, modelling pastes, dental waxes and dental preparations with a basis of plaster",2023,82959809.474
2026-09-03T12:28:28Z,Botswana,72,Import,World,78,Lead and articles thereof,2023,6042658.435
2026-09-03T12:28:28Z,Botswana,72,Import,World,01,Animals; live,2023,3208853.228
2026-09-03T12:28:28Z,Botswana,72,Import,World,04,"Dairy produce; birds' eggs; natural honey; edible products of animal origin, not elsewhere specified or included",2023,51588747.097
2026-09-03T12:28:28Z,Botswana,72,Import,World,07,Vegetables and certain roots and tubers; edible,2023,12902865.829
2026-09-03T12:28:28Z,Botswana,72,Import,World,21,Miscellaneous edible preparations,2023,68460717.43
2026-09-03T12:28:28Z,Botswana,72,Import,World,24,"Tobacco and manufactured tobacco substitutes; products, whether or not containing nicotine, intended for inhalation without combustion; other nicotine containing products intended for the intake of nicotine into the human body",2023,11336796.144
2026-09-03T12:28:28Z,Botswana,72,Import,World,47,Pulp of wood or other fibrous cellulosic material; recovered (waste and scrap) paper or paperboard,2023,195864.622
2026-09-03T12:28:28Z,Botswana,72,Import,World,10,Cereals,2023,155438424.979
2026-09-03T12:28:28Z,Botswana,72,Import,World,13,"Lac; gums, resins and other vegetable saps and extracts",2023,24827.759
2026-09-03T12:28:28Z,Botswana,72,Import,World,33,"Essential oils and resinoids; perfumery, cosmetic or toilet preparations",2023,79358259.766
2026-09-03T12:28:28Z,Botswana,72,Import,World,36,Explosives; pyrotechnic products; matches; pyrophoric alloys; certain combustible preparations,2023,8577820.029
2026-09-03T12:28:28Z,Botswana,72,Import,World,50,Silk,2023,256958.353
2026-09-03T12:28:28Z,Botswana,72,Import,World,53,Vegetable textile fibres; paper yarn and woven fabrics of paper yarn,2023,171520.656
2026-09-03T12:28:28Z,Botswana,72,Import,World,56,"Wadding, felt and nonwovens, special yarns; twine, cordage, ropes and cables and articles thereof",2023,2825000.338
2026-09-03T12:28:28Z,Botswana,72,Import,World,97,Works of art; collectors' pieces and antiques,2023,246996.669
2026-09-03T12:28:28Z,Botswana,72,Import,World,02,Meat and edible meat offal,2023,8830044.68
2026-09-03T12:28:28Z,Botswana,72,Import,World,03,"Fish and crustaceans, molluscs and other aquatic invertebrates",2023,4061369.079
2026-09-03T12:28:28Z,Botswana,72,Import,World,05,Animal originated products; not elsewhere specified or included,2023,1241466.754
2026-09-03T12:28:28Z,Botswana,72,Import,World,06,"Trees and other plants, live; bulbs, roots and the like; cut flowers and ornamental foliage",2023,2030097.882
2026-09-03T12:28:28Z,Botswana,72,Import,World,08,"Fruit and nuts, edible; peel of citrus fruit or melons",2023,32949349.966
2026-09-03T12:28:28Z,Botswana,72,Import,World,09,"Coffee, tea, mate and spices",2023,29832376.832
2026-09-03T12:28:28Z,Botswana,72,Import,World,12,"Oil seeds and oleaginous fruits; miscellaneous grains, seeds and fruit, industrial or medicinal plants; straw and fodder",2023,10557199.206
2026-09-03T12:28:28Z,Botswana,72,Import,World,16,"Meat, fish, crustaceans, molluscs or other aquatic invertebrates, or insects; preparations thereof",2023,17772909.987
2026-09-03T12:28:28Z,Botswana,72,Import,World,19,"Preparations of cereals, flour, starch or milk; pastrycooks' products",2023,75397542.152
2026-09-03T12:28:28Z,Botswana,72,Import,World,20,"Preparations of vegetables, fruit, nuts or other parts of plants",2023,77267719.989
2026-09-03T12:28:28Z,Botswana,72,Import,World,23,"Food industries, residues and wastes thereof; prepared animal fodder",2023,51258295.472
2026-09-03T12:28:28Z,Botswana,72,Import,World,25,"Salt; sulphur; earths, stone; plastering materials, lime and cement",2023,59693993.619
2026-09-03T12:28:28Z,Botswana,72,Import,World,26,"Ores, slag and ash",2023,834631.691
2026-09-03T12:28:28Z,Botswana,72,Import,World,43,Furskins and artificial fur; manufactures thereof,2023,56766.583
2026-09-03T12:28:28Z,Botswana,72,Import,World,45,Cork and articles of cork,2023,25773.389
2026-09-03T12:28:28Z,Botswana,72,Import,World,46,"Manufactures of straw, esparto or other plaiting materials; basketware and wickerwork",2023,118696.652
2026-09-03T12:28:28Z,Botswana,72,Import,World,60,Fabrics; knitted or crocheted,2023,1466085.334
2026-09-03T12:28:28Z,Botswana,72,Import,World,15,"Animal, vegetable or microbial fats and oils and their cleavage products; prepared edible fats; animal or vegetable waxes",2023,52183120.938
2026-09-03T12:28:28Z,Botswana,72,Import,World,18,Cocoa and cocoa preparations,2023,9219601.753
2026-09-03T12:28:28Z,Botswana,72,Import,World,35,Albuminoidal substances; modified starches; glues; enzymes,2023,5078479.918
2026-09-03T12:28:28Z,Botswana,72,Import,World,41,Raw hides and skins (other than furskins) and leather,2023,73523.145
2026-09-03T12:28:28Z,Botswana,72,Import,World,58,"Fabrics; special woven fabrics, tufted textile fabrics, lace, tapestries, trimmings, embroidery",2023,3473960.315
2026-09-03T12:28:28Z,Botswana,72,Import,World,79,Zinc and articles thereof,2023,175636.758
2026-09-03T12:28:28Z,Botswana,72,Import,World,68,"Stone, plaster, cement, asbestos, mica or similar materials; articles thereof",2023,29481257.661
2026-09-03T12:28:28Z,Botswana,72,Import,World,69,Ceramic products,2023,28877752.066
2026-09-03T12:28:28Z,Botswana,72,Import,World,75,Nickel and articles thereof,2023,399424.225
2026-09-03T12:28:28Z,Botswana,72,Import,World,80,Tin; articles thereof,2023,11392.007
2026-09-03T12:28:28Z,Botswana,72,Import,World,86,"Railway, tramway locomotives, rolling-stock and parts thereof; railway or tramway track fixtures and fittings and parts thereof; mechanical (including electro-mechanical) traffic signalling equipment of all kinds",2023,2348422.199
2026-09-03T12:28:28Z,Botswana,72,Import,World,89,"Ships, boats and floating structures",2023,1126079.264
2026-09-03T12:28:28Z,Botswana,72,Import,World,99,Commodities not specified according to kind,2023,2676572.583
2026-09-03T12:28:28Z,Lesotho,426,Import,World,15,"Animal, vegetable or microbial fats and oils and their cleavage products; prepared edible fats; animal or vegetable waxes",2023,13453498.903
2026-09-03T12:28:28Z,Lesotho,426,Import,World,18,Cocoa and cocoa preparations,2023,1563606.96
2026-09-03T12:28:28Z,Lesotho,426,Import,World,35,Albuminoidal substances; modified starches; glues; enzymes,2023,1809438.787
2026-09-03T12:28:28Z,Lesotho,426,Import,World,38,Chemical products n.e.c.,2023,17764922.525
2026-09-03T12:28:28Z,Lesotho,426,Import,World,41,Raw hides and skins (other than furskins) and leather,2023,4879401.846
2026-09-03T12:28:28Z,Lesotho,426,Import,World,55,Man-made staple fibres,2023,14977821.801
2026-09-03T12:28:28Z,Lesotho,426,Import,World,58,"Fabrics; special woven fabrics, tufted textile fabrics, lace, tapestries, trimmings, embroidery",2023,7043582.855
2026-09-03T12:28:28Z,Lesotho,426,Import,World,61,Apparel and clothing accessories; knitted or crocheted,2023,16723578.984
2026-09-03T12:28:28Z,Lesotho,426,Import,World,79,Zinc and articles thereof,2023,10940.128
2026-09-03T12:28:28Z,Lesotho,426,Import,World,82,"Tools, implements, cutlery, spoons and forks, of base metal; parts thereof, of base metal",2023,3694556.83
2026-09-03T12:28:28Z,Lesotho,426,Import,World,11,"Products of the milling industry; malt, starches, inulin, wheat gluten",2023,66123091.449
2026-09-03T12:28:28Z,Lesotho,426,Import,World,14,Vegetable plaiting materials; vegetable products not elsewhere specified or included,2023,2602.653
2026-09-03T12:28:28Z,Lesotho,426,Import,World,17,Sugars and sugar confectionery,2023,17980657.647
2026-09-03T12:28:28Z,Lesotho,426,Import,World,31,Fertilizers,2023,9895655.365
2026-09-03T12:28:28Z,Lesotho,426,Import,World,34,"Soap, organic surface-active agents; washing, lubricating, polishing or scouring preparations; artificial or prepared waxes, candles and similar articles, modelling pastes, dental waxes and dental preparations with a basis of plaster",2023,23895298.206
2026-09-03T12:28:28Z,Lesotho,426,Import,World,37,Photographic or cinematographic goods,2023,88824.363
2026-09-03T12:28:28Z,Lesotho,426,Import,World,54,Man-made filaments; strip and the like of man-made textile materials,2023,30854852.627
2026-09-03T12:28:28Z,Lesotho,426,Import,World,57,Carpets and other textile floor coverings,2023,607631.855
2026-09-03T12:28:28Z,Lesotho,426,Import,World,74,Copper and articles thereof,2023,1648329.241
2026-09-03T12:28:28Z,Lesotho,426,Import,World,78,Lead and articles thereof,2023,1913.422
2026-09-03T12:28:28Z,Lesotho,426,Import,World,81,"Metals; n.e.c., cermets and articles thereof",2023,19.459
2026-09-03T12:28:28Z,Lesotho,426,Import,World,95,"Toys, games and sports requisites; parts and accessories thereof",2023,1451245.047
2026-09-03T12:28:28Z,Lesotho,426,Import,World,02,Meat and edible meat offal,2023,38079440.962
2026-09-03T12:28:28Z,Lesotho,426,Import,World,03,"Fish and crustaceans, molluscs and other aquatic invertebrates",2023,3366734.432
2026-09-03T12:28:28Z,Lesotho,426,Import,World,05,Animal originated products; not elsewhere specified or included,2023,439842.407
2026-09-03T12:28:28Z,Lesotho,426,Import,World,06,"Trees and other plants, live; bulbs, roots and the like; cut flowers and ornamental foliage",2023,173027.469
2026-09-03T12:28:28Z,Lesotho,426,Import,World,08,"Fruit and nuts, edible; peel of citrus fruit or melons",2023,5175726.099
2026-09-03T12:28:28Z,Lesotho,426,Import,World,09,"Coffee, tea, mate and spices",2023,9255357.737
2026-09-03T12:28:28Z,Lesotho,426,Import,World,12,"Oil seeds and oleaginous fruits; miscellaneous grains, seeds and fruit, industrial or medicinal plants; straw and fodder",2023,13968642.847
2026-09-03T12:28:28Z,Lesotho,426,Import,World,16,"Meat, fish, crustaceans, molluscs or other aquatic invertebrates, or insects; preparations thereof",2023,17436068.24
2026-09-03T12:28:28Z,Lesotho,426,Import,World,19,"Preparations of cereals, flour, starch or milk; pastrycooks' products",2023,23799493.101
2026-09-03T12:28:28Z,Lesotho,426,Import,World,20,"Preparations of vegetables, fruit, nuts or other parts of plants",2023,14973531.057
2026-09-03T12:28:28Z,Lesotho,426,Import,World,22,"Beverages, spirits and vinegar",2023,39288058.529
2026-09-03T12:28:28Z,Lesotho,426,Import,World,23,"Food industries, residues and wastes thereof; prepared animal fodder",2023,7719892.969
2026-09-03T12:28:28Z,Lesotho,426,Import,World,25,"Salt; sulphur; earths, stone; plastering materials, lime and cement",2023,24620433.97
2026-09-03T12:28:28Z,Lesotho,426,Import,World,26,"Ores, slag and ash",2023,386821.587
2026-09-03T12:28:28Z,Lesotho,426,Import,World,28,"Inorganic chemicals; organic and inorganic compounds of precious metals; of rare earth metals, of radio-active elements and of isotopes",2023,2643967.411
2026-09-03T12:28:28Z,Lesotho,426,Import,World,29,Organic chemicals,2023,2072324.583
2026-09-03T12:28:28Z,Lesotho,426,Import,World,32,"Tanning or dyeing extracts; tannins and their derivatives; dyes, pigments and other colouring matter; paints, varnishes; putty, other mastics; inks",2023,9372931.176
2026-09-03T12:28:28Z,Lesotho,426,Import,World,39,Plastics and articles thereof,2023,42142222.736
2026-09-03T12:28:28Z,Lesotho,426,Import,World,40,Rubber and articles thereof,2023,13335334.008
2026-09-03T12:28:28Z,Lesotho,426,Import,World,42,"Articles of leather; saddlery and harness; travel goods, handbags and similar containers; articles of animal gut (other than silk-worm gut)",2023,2141699.285
2026-09-03T12:28:28Z,Lesotho,426,Import,World,43,Furskins and artificial fur; manufactures thereof,2023,29220.845
2026-09-03T12:28:28Z,Lesotho,426,Import,World,45,Cork and articles of cork,2023,2917.756
2026-09-03T12:28:28Z,Lesotho,426,Import,World,46,"Manufactures of straw, esparto or other plaiting materials; basketware and wickerwork",2023,11728.364
2026-09-03T12:28:28Z,Lesotho,426,Import,World,48,"Paper and paperboard; articles of paper pulp, of paper or paperboard",2023,22578681.318
2026-09-03T12:28:28Z,Lesotho,426,Import,World,49,"Printed books, newspapers, pictures and other products of the printing industry; manuscripts, typescripts and plans",2023,10396503.752
2026-09-03T12:28:28Z,Lesotho,426,Import,World,51,"Wool, fine or coarse animal hair; horsehair yarn and woven fabric",2023,168798.067
2026-09-03T12:28:28Z,Lesotho,426,Import,World,52,Cotton,2023,53500760.652
2026-09-03T12:28:28Z,Lesotho,426,Import,World,59,"Textile fabrics; impregnated, coated, covered or laminated; textile articles of a kind suitable for industrial use",2023,7125880.321
2026-09-03T12:28:28Z,Lesotho,426,Import,World,60,Fabrics; knitted or crocheted,2023,63897129.547
2026-09-03T12:28:28Z,Lesotho,426,Import,World,62,Apparel and clothing accessories; not knitted or crocheted,2023,27882386.141
2026-09-03T12:28:28Z,Lesotho,426,Import,World,63,"Textiles, made up articles; sets; worn clothing and worn textile articles; rags",2023,8942391.511
2026-09-03T12:28:28Z,Lesotho,426,Import,World,65,Headgear and parts thereof,2023,1209176.068
2026-09-03T12:28:28Z,Lesotho,426,Import,World,66,"Umbrellas, sun umbrellas, walking-sticks, seat sticks, whips, riding crops; and parts thereof",2023,233777.099
2026-09-03T12:28:28Z,Lesotho,426,Import,World,68,"Stone, plaster, cement, asbestos, mica or similar materials; articles thereof",2023,7582584.422
2026-09-03T12:28:28Z,Lesotho,426,Import,World,69,Ceramic products,2023,5434129.662
2026-09-03T12:28:28Z,Lesotho,426,Import,World,71,"Natural, cultured pearls; precious, semi-precious stones; precious metals, metals clad with precious metal, and articles thereof; imitation jewellery; coin",2023,269210.231
2026-09-03T12:28:28Z,Lesotho,426,Import,World,72,Iron and steel,2023,21901970.941
2026-09-03T12:28:28Z,Lesotho,426,Import,World,75,Nickel and articles thereof,2023,18284.458
2026-09-03T12:28:28Z,Lesotho,426,Import,World,80,Tin; articles thereof,2023,1497.095
2026-09-03T12:28:28Z,Lesotho,426,Import,World,83,Metal; miscellaneous products of base metal,2023,4815401.174
2026-09-03T12:28:28Z,Lesotho,426,Import,World,84,"Machinery and mechanical appliances, boilers, nuclear reactors; parts thereof",2023,147404630.468
2026-09-03T12:28:28Z,Lesotho,426,Import,World,86,"Railway, tramway locomotives, rolling-stock and parts thereof; railway or tramway track fixtures and fittings and parts thereof; mechanical (including electro-mechanical) traffic signalling equipment of all kinds",2023,163150.914
2026-09-03T12:28:28Z,Lesotho,426,Import,World,87,"Vehicles; other than railway or tramway rolling stock, and parts and accessories thereof",2023,115698766.411
2026-09-03T12:28:28Z,Lesotho,426,Import,World,89,"Ships, boats and floating structures",2023,119053.511
2026-09-03T12:28:28Z,Lesotho,426,Import,World,90,"Optical, photographic, cinematographic, measuring, checking, medical or surgical instruments and apparatus; parts and accessories",2023,17013908.333
2026-09-03T12:28:28Z,Lesotho,426,Import,World,92,Musical instruments; parts and accessories of such articles,2023,62199.294
2026-09-03T12:28:28Z,Lesotho,426,Import,World,93,Arms and ammunition; parts and accessories thereof,2023,281883.873
2026-09-03T12:28:28Z,Lesotho,426,Import,World,96,Miscellaneous manufactured articles,2023,13925771.05
2026-09-03T12:28:28Z,Lesotho,426,Import,World,99,Commodities not specified according to kind,2023,203440.924
2026-09-03T12:28:28Z,Lesotho,426,Import,World,01,Animals; live,2023,2317771.179
2026-09-03T12:28:28Z,Lesotho,426,Import,World,04,"Dairy produce; birds' eggs; natural honey; edible products of animal origin, not elsewhere specified or included",2023,20462385.639
2026-09-03T12:28:28Z,Lesotho,426,Import,World,07,Vegetables and certain roots and tubers; edible,2023,14386868.977
2026-09-03T12:28:28Z,Lesotho,426,Import,World,21,Miscellaneous edible preparations,2023,16458412.215
2026-09-03T12:28:28Z,Lesotho,426,Import,World,24,"Tobacco and manufactured tobacco substitutes; products, whether or not containing nicotine, intended for inhalation without combustion; other nicotine containing products intended for the intake of nicotine into the human body",2023,9392231.127
2026-09-03T12:28:28Z,Lesotho,426,Import,World,27,"Mineral fuels, mineral oils and products of their distillation; bituminous substances; mineral waxes",2023,291513163.78
2026-09-03T12:28:28Z,Lesotho,426,Import,World,44,Wood and articles of wood; wood charcoal,2023,20948513.282
2026-09-03T12:28:28Z,Lesotho,426,Import,World,47,Pulp of wood or other fibrous cellulosic material; recovered (waste and scrap) paper or paperboard,2023,836.688
2026-09-03T12:28:28Z,Lesotho,426,Import,World,64,Footwear; gaiters and the like; parts of such articles,2023,18169856.221
2026-09-03T12:28:28Z,Lesotho,426,Import,World,67,"Feathers and down, prepared; and articles made of feather or of down; artificial flowers; articles of human hair",2023,1662330.168
2026-09-03T12:28:28Z,Lesotho,426,Import,World,85,"Electrical machinery and equipment and parts thereof; sound recorders and reproducers; television image and sound recorders and reproducers, parts and accessories of such articles",2023,101277278.113
2026-09-03T12:28:28Z,Lesotho,426,Import,World,88,"Aircraft, spacecraft, and parts thereof",2023,31079.792
2026-09-03T12:28:28Z,Lesotho,426,Import,World,91,Clocks and watches and parts thereof,2023,170442.107
2026-09-03T12:28:28Z,Lesotho,426,Import,World,10,Cereals,2023,53396856.632
2026-09-03T12:28:28Z,Lesotho,426,Import,World,13,"Lac; gums, resins and other vegetable saps and extracts",2023,1676.505
2026-09-03T12:28:28Z,Lesotho,426,Import,World,30,Pharmaceutical products,2023,28605259.952
2026-09-03T12:28:28Z,Lesotho,426,Import,World,33,"Essential oils and resinoids; perfumery, cosmetic or toilet preparations",2023,16206237.412
2026-09-03T12:28:28Z,Lesotho,426,Import,World,36,Explosives; pyrotechnic products; matches; pyrophoric alloys; certain combustible preparations,2023,4784994.581
2026-09-03T12:28:28Z,Lesotho,426,Import,World,50,Silk,2023,252112.949
2026-09-03T12:28:28Z,Lesotho,426,Import,World,53,Vegetable textile fibres; paper yarn and woven fabrics of paper yarn,2023,68452.799
2026-09-03T12:28:28Z,Lesotho,426,Import,World,56,"Wadding, felt and nonwovens, special yarns; twine, cordage, ropes and cables and articles thereof",2023,2428869.381
2026-09-03T12:28:28Z,Lesotho,426,Import,World,70,Glass and glassware,2023,3835473.579
2026-09-03T12:28:28Z,Lesotho,426,Import,World,73,Iron or steel articles,2023,41973656.615
2026-09-03T12:28:28Z,Lesotho,426,Import,World,76,Aluminium and articles thereof,2023,8104880.705
2026-09-03T12:28:28Z,Lesotho,426,Import,World,94,"Furniture; bedding, mattresses, mattress supports, cushions and similar stuffed furnishings; lamps and lighting fittings, n.e.c.; illuminated signs, illuminated name-plates and the like; prefabricated buildings",2023,29210248.03
2026-09-03T12:28:28Z,Lesotho,426,Import,World,97,Works of art; collectors' pieces and antiques,2023,218144.279
2026-09-03T12:28:28Z,Namibia,516,Import,World,92,Musical instruments; parts and accessories of such articles,2023,660305.364
2026-09-03T12:28:28Z,Namibia,516,Import,World,85,"Electrical machinery and equipment and parts thereof; sound recorders and reproducers; television image and sound recorders and reproducers, parts and accessories of such articles",2023,460509397.35
2026-09-03T12:28:28Z,Namibia,516,Import,World,48,"Paper and paperboard; articles of paper pulp, of paper or paperboard",2023,105757722.651
2026-09-03T12:28:28Z,Namibia,516,Import,World,28,"Inorganic chemicals; organic and inorganic compounds of precious metals; of rare earth metals, of radio-active elements and of isotopes",2023,128296948.583
2026-09-03T12:28:28Z,Namibia,516,Import,World,83,Metal; miscellaneous products of base metal,2023,23590814.145
2026-09-03T12:28:28Z,Namibia,516,Import,World,10,Cereals,2023,133602359.846
2026-09-03T12:28:28Z,Namibia,516,Import,World,90,"Optical, photographic, cinematographic, measuring, checking, medical or surgical instruments and apparatus; parts and accessories",2023,128292284.941
2026-09-03T12:28:28Z,Namibia,516,Import,World,71,"Natural, cultured pearls; precious, semi-precious stones; precious metals, metals clad with precious metal, and articles thereof; imitation jewellery; coin",2023,114027509.13
2026-09-03T12:28:28Z,Namibia,516,Import,World,62,Apparel and clothing accessories; not knitted or crocheted,2023,57612464.65
2026-09-03T12:28:28Z,Namibia,516,Import,World,65,Headgear and parts thereof,2023,5538209.28
2026-09-03T12:28:28Z,Namibia,516,Import,World,34,"Soap, organic surface-active agents; washing, lubricating, polishing or scouring preparations; artificial or prepared waxes, candles and similar articles, modelling pastes, dental waxes and dental preparations with a basis of plaster",2023,81794605.818
2026-09-03T12:28:28Z,Namibia,516,Import,World,49,"Printed books, newspapers, pictures and other products of the printing industry; manuscripts, typescripts and plans",2023,13710263.476
2026-09-03T12:28:28Z,Namibia,516,Import,World,09,"Coffee, tea, mate and spices",2023,26800607.543
2026-09-03T12:28:28Z,Namibia,516,Import,World,19,"Preparations of cereals, flour, starch or milk; pastrycooks' products",2023,56170886.219
2026-09-03T12:28:28Z,Namibia,516,Import,World,63,"Textiles, made up articles; sets; worn clothing and worn textile articles; rags",2023,38428409.259
2026-09-03T12:28:28Z,Namibia,516,Import,World,38,Chemical products n.e.c.,2023,130729869.458
2026-09-03T12:28:28Z,Namibia,516,Import,World,27,"Mineral fuels, mineral oils and products of their distillation; bituminous substances; mineral waxes",2023,1534608063.044
2026-09-03T12:28:28Z,Namibia,516,Import,World,94,"Furniture; bedding, mattresses, mattress supports, cushions and similar stuffed furnishings; lamps and lighting fittings, n.e.c.; illuminated signs, illuminated name-plates and the like; prefabricated buildings",2023,61511418.066
2026-09-03T12:28:28Z,Namibia,516,Import,World,39,Plastics and articles thereof,2023,176910899.842
2026-09-03T12:28:28Z,Namibia,516,Import,World,91,Clocks and watches and parts thereof,2023,2035700.958
2026-09-03T12:28:28Z,Namibia,516,Import,World,97,Works of art; collectors' pieces and antiques,2023,1220009.156
2026-09-03T12:28:28Z,Namibia,516,Import,World,29,Organic chemicals,2023,16184553.438
2026-09-03T12:28:28Z,Namibia,516,Import,World,43,Furskins and artificial fur; manufactures thereof,2023,79192.897
2026-09-03T12:28:28Z,Namibia,516,Import,World,35,Albuminoidal substances; modified starches; glues; enzymes,2023,6100713.681
2026-09-03T12:28:28Z,Namibia,516,Import,World,42,"Articles of leather; saddlery and harness; travel goods, handbags and similar containers; articles of animal gut (other than silk-worm gut)",2023,14793306.82
2026-09-03T12:28:28Z,Namibia,516,Import,World,58,"Fabrics; special woven fabrics, tufted textile fabrics, lace, tapestries, trimmings, embroidery",2023,2013350.967
2026-09-03T12:28:28Z,Namibia,516,Import,World,76,Aluminium and articles thereof,2023,26993353.3
2026-09-03T12:28:28Z,Namibia,516,Import,World,11,"Products of the milling industry; malt, starches, inulin, wheat gluten",2023,29243480.574
2026-09-03T12:28:28Z,Namibia,516,Import,World,17,Sugars and sugar confectionery,2023,106973856.397
2026-09-03T12:28:28Z,Namibia,516,Import,World,44,Wood and articles of wood; wood charcoal,2023,45848426.591
2026-09-03T12:28:28Z,Namibia,516,Import,World,32,"Tanning or dyeing extracts; tannins and their derivatives; dyes, pigments and other colouring matter; paints, varnishes; putty, other mastics; inks",2023,34705515.331
2026-09-03T12:28:28Z,Namibia,516,Import,World,81,"Metals; n.e.c., cermets and articles thereof",2023,122305.999
2026-09-03T12:28:28Z,Namibia,516,Import,World,96,Miscellaneous manufactured articles,2023,33006395.093
2026-09-03T12:28:28Z,Namibia,516,Import,World,03,"Fish and crustaceans, molluscs and other aquatic invertebrates",2023,34172931.755
2026-09-03T12:28:28Z,Namibia,516,Import,World,18,Cocoa and cocoa preparations,2023,15867680.957
2026-09-03T12:28:28Z,Namibia,516,Import,World,70,Glass and glassware,2023,34925622.761
2026-09-03T12:28:28Z,Namibia,516,Import,World,82,"Tools, implements, cutlery, spoons and forks, of base metal; parts thereof, of base metal",2023,31955180.827
2026-09-03T12:28:28Z,Namibia,516,Import,World,31,Fertilizers,2023,90129752.609
2026-09-03T12:28:28Z,Namibia,516,Import,World,54,Man-made filaments; strip and the like of man-made textile materials,2023,2993239.311
2026-09-03T12:28:28Z,Namibia,516,Import,World,04,"Dairy produce; birds' eggs; natural honey; edible products of animal origin, not elsewhere specified or included",2023,48144279.655
2026-09-03T12:28:28Z,Namibia,516,Import,World,73,Iron or steel articles,2023,203467409.017
2026-09-03T12:28:28Z,Namibia,516,Import,World,08,"Fruit and nuts, edible; peel of citrus fruit or melons",2023,22082908.314
2026-09-03T12:28:28Z,Namibia,516,Import,World,59,"Textile fabrics; impregnated, coated, covered or laminated; textile articles of a kind suitable for industrial use",2023,3614536.265
2026-09-03T12:28:28Z,Namibia,516,Import,World,15,"Animal, vegetable or microbial fats and oils and their cleavage products; prepared edible fats; animal or vegetable waxes",2023,49968985.766
2026-09-03T12:28:28Z,Namibia,516,Import,World,20,"Preparations of vegetables, fruit, nuts or other parts of plants",2023,54493018.724
2026-09-03T12:28:28Z,Namibia,516,Import,World,64,Footwear; gaiters and the like; parts of such articles,2023,47609552.672
2026-09-03T12:28:28Z,Namibia,516,Import,World,87,"Vehicles; other than railway or tramway rolling stock, and parts and accessories thereof",2023,671268469.18
2026-09-03T12:28:28Z,Namibia,516,Import,World,72,Iron and steel,2023,120656642.644
2026-09-03T12:28:28Z,Namibia,516,Import,World,07,Vegetables and certain roots and tubers; edible,2023,22657721.464
2026-09-03T12:28:28Z,Namibia,516,Import,World,22,"Beverages, spirits and vinegar",2023,155608764.192
2026-09-03T12:28:28Z,Namibia,516,Import,World,89,"Ships, boats and floating structures",2023,37729747.691
2026-09-03T12:28:28Z,Namibia,516,Import,World,95,"Toys, games and sports requisites; parts and accessories thereof",2023,15017839.524
2026-09-03T12:28:28Z,Namibia,516,Import,World,40,Rubber and articles thereof,2023,145377051.185
2026-09-03T12:28:28Z,Namibia,516,Import,World,06,"Trees and other plants, live; bulbs, roots and the like; cut flowers and ornamental foliage",2023,6620026.858
2026-09-03T12:28:28Z,Namibia,516,Import,World,57,Carpets and other textile floor coverings,2023,2726455.521
2026-09-03T12:28:28Z,Namibia,516,Import,World,21,Miscellaneous edible preparations,2023,60882465.982
2026-09-03T12:28:28Z,Namibia,516,Import,World,33,"Essential oils and resinoids; perfumery, cosmetic or toilet preparations",2023,93291588.775
2026-09-03T12:28:28Z,Namibia,516,Import,World,84,"Machinery and mechanical appliances, boilers, nuclear reactors; parts thereof",2023,768736642.992
2026-09-03T12:28:28Z,Namibia,516,Import,World,68,"Stone, plaster, cement, asbestos, mica or similar materials; articles thereof",2023,14610686.65
2026-09-03T12:28:28Z,Namibia,516,Import,World,25,"Salt; sulphur; earths, stone; plastering materials, lime and cement",2023,54012202.631
2026-09-03T12:28:28Z,Namibia,516,Import,World,61,Apparel and clothing accessories; knitted or crocheted,2023,73004035.095
2026-09-03T12:28:28Z,Namibia,516,Import,World,67,"Feathers and down, prepared; and articles made of feather or of down; artificial flowers; articles of human hair",2023,5411116.713
2026-09-03T12:28:28Z,Namibia,516,Import,World,52,Cotton,2023,974822.446
2026-09-03T12:28:28Z,Namibia,516,Import,World,47,Pulp of wood or other fibrous cellulosic material; recovered (waste and scrap) paper or paperboard,2023,27929.289
2026-09-03T12:28:28Z,Namibia,516,Import,World,69,Ceramic products,2023,29030606.483
2026-09-03T12:28:28Z,Namibia,516,Import,World,55,Man-made staple fibres,2023,1225892.966
2026-09-03T12:28:28Z,Namibia,516,Import,World,50,Silk,2023,1450168.893
2026-09-03T12:28:28Z,Namibia,516,Import,World,12,"Oil seeds and oleaginous fruits; miscellaneous grains, seeds and fruit, industrial or medicinal plants; straw and fodder",2023,8352413.402
2026-09-03T12:28:28Z,Namibia,516,Import,World,78,Lead and articles thereof,2023,106096.962
2026-09-03T12:28:28Z,Namibia,516,Import,World,79,Zinc and articles thereof,2023,398981.127
2026-09-03T12:28:28Z,Namibia,516,Import,World,37,Photographic or cinematographic goods,2023,1210734.059
2026-09-03T12:28:28Z,Namibia,516,Import,World,05,Animal originated products; not elsewhere specified or included,2023,2143144.518
2026-09-03T12:28:28Z,Namibia,516,Import,World,41,Raw hides and skins (other than furskins) and leather,2023,1584762.464
2026-09-03T12:28:28Z,Namibia,516,Import,World,02,Meat and edible meat offal,2023,44536411.998
2026-09-03T12:28:28Z,Namibia,516,Import,World,88,"Aircraft, spacecraft, and parts thereof",2023,52525190.438
2026-09-03T12:28:28Z,Namibia,516,Import,World,26,"Ores, slag and ash",2023,344066517.737
2026-09-03T12:28:28Z,Namibia,516,Import,World,51,"Wool, fine or coarse animal hair; horsehair yarn and woven fabric",2023,232184.149
2026-09-03T12:28:28Z,Namibia,516,Import,World,01,Animals; live,2023,2185499.134
2026-09-03T12:28:28Z,Namibia,516,Import,World,75,Nickel and articles thereof,2023,391330.271
2026-09-03T12:28:28Z,Namibia,516,Import,World,36,Explosives; pyrotechnic products; matches; pyrophoric alloys; certain combustible preparations,2023,13233763.888
2026-09-03T12:28:28Z,Namibia,516,Import,World,45,Cork and articles of cork,2023,41921.688
2026-09-03T12:28:28Z,Namibia,516,Import,World,13,"Lac; gums, resins and other vegetable saps and extracts",2023,852493.756
2026-09-03T12:28:28Z,Namibia,516,Import,World,60,Fabrics; knitted or crocheted,2023,853320.467
2026-09-03T12:28:28Z,Namibia,516,Import,World,86,"Railway, tramway locomotives, rolling-stock and parts thereof; railway or tramway track fixtures and fittings and parts thereof; mechanical (including electro-mechanical) traffic signalling equipment of all kinds",2023,6151385.715
2026-09-03T12:28:28Z,Namibia,516,Import,World,24,"Tobacco and manufactured tobacco substitutes; products, whether or not containing nicotine, intended for inhalation without combustion; other nicotine containing products intended for the intake of nicotine into the human body",2023,32118402.047
2026-09-03T12:28:28Z,Namibia,516,Import,World,30,Pharmaceutical products,2023,137952979.18
2026-09-03T12:28:28Z,Namibia,516,Import,World,66,"Umbrellas, sun umbrellas, walking-sticks, seat sticks, whips, riding crops; and parts thereof",2023,533883.629
2026-09-03T12:28:28Z,Namibia,516,Import,World,93,Arms and ammunition; parts and accessories thereof,2023,16108475.405
2026-09-03T12:28:28Z,Namibia,516,Import,World,56,"Wadding, felt and nonwovens, special yarns; twine, cordage, ropes and cables and articles thereof",2023,9256332.172
2026-09-03T12:28:28Z,Namibia,516,Import,World,23,"Food industries, residues and wastes thereof; prepared animal fodder",2023,66808802.013
2026-09-03T12:28:28Z,Namibia,516,Import,World,80,Tin; articles thereof,2023,6743.533
2026-09-03T12:28:28Z,Namibia,516,Import,World,14,Vegetable plaiting materials; vegetable products not elsewhere specified or included,2023,49134.262
2026-09-03T12:28:28Z,Namibia,516,Import,World,53,Vegetable textile fibres; paper yarn and woven fabrics of paper yarn,2023,1082457.759
2026-09-03T12:28:28Z,Namibia,516,Import,World,99,Commodities not specified according to kind,2023,5810995.876
2026-09-03T12:28:28Z,Namibia,516,Import,World,46,"Manufactures of straw, esparto or other plaiting materials; basketware and wickerwork",2023,450040.529
2026-09-03T12:28:28Z,Namibia,516,Import,World,16,"Meat, fish, crustaceans, molluscs or other aquatic invertebrates, or insects; preparations thereof",2023,23567728.407
2026-09-03T12:28:28Z,Namibia,516,Import,World,74,Copper and articles thereof,2023,10002183.805
2026-09-03T12:28:28Z,South Africa,710,Import,World,61,Apparel and clothing accessories; knitted or crocheted,2023,889411427.44
2026-09-03T12:28:28Z,South Africa,710,Import,World,82,"Tools, implements, cutlery, spoons and forks, of base metal; parts thereof, of base metal",2023,390408426.597
2026-09-03T12:28:28Z,South Africa,710,Import,World,15,"Animal, vegetable or microbial fats and oils and their cleavage products; prepared edible fats; animal or vegetable waxes",2023,768722685.937
2026-09-03T12:28:28Z,South Africa,710,Import,World,18,Cocoa and cocoa preparations,2023,183057381.128
2026-09-03T12:28:28Z,South Africa,710,Import,World,35,Albuminoidal substances; modified starches; glues; enzymes,2023,315004054.723
2026-09-03T12:28:28Z,South Africa,710,Import,World,41,Raw hides and skins (other than furskins) and leather,2023,31574632.371
2026-09-03T12:28:28Z,South Africa,710,Import,World,55,Man-made staple fibres,2023,197830258.3
2026-09-03T12:28:28Z,South Africa,710,Import,World,58,"Fabrics; special woven fabrics, tufted textile fabrics, lace, tapestries, trimmings, embroidery",2023,39499930.736
2026-09-03T12:28:28Z,South Africa,710,Import,World,79,Zinc and articles thereof,2023,142059693.467
2026-09-03T12:28:28Z,South Africa,710,Import,World,38,Chemical products n.e.c.,2023,1954271257.305
2026-09-03T12:28:28Z,South Africa,710,Import,World,04,"Dairy produce; birds' eggs; natural honey; edible products of animal origin, not elsewhere specified or included",2023,181222938.956
2026-09-03T12:28:28Z,South Africa,710,Import,World,07,Vegetables and certain roots and tubers; edible,2023,107594242.769
2026-09-03T12:28:28Z,South Africa,710,Import,World,21,Miscellaneous edible preparations,2023,375377156.205
2026-09-03T12:28:28Z,South Africa,710,Import,World,24,"Tobacco and manufactured tobacco substitutes; products, whether or not containing nicotine, intended for inhalation without combustion; other nicotine containing products intended for the intake of nicotine into the human body",2023,213963047.773
2026-09-03T12:28:28Z,South Africa,710,Import,World,47,Pulp of wood or other fibrous cellulosic material; recovered (waste and scrap) paper or paperboard,2023,122345407.654
2026-09-03T12:28:28Z,South Africa,710,Import,World,67,"Feathers and down, prepared; and articles made of feather or of down; artificial flowers; articles of human hair",2023,62237762.604
2026-09-03T12:28:28Z,South Africa,710,Import,World,64,Footwear; gaiters and the like; parts of such articles,2023,837145696.601
2026-09-03T12:28:28Z,South Africa,710,Import,World,01,Animals; live,2023,168785096.898
2026-09-03T12:28:28Z,South Africa,710,Import,World,27,"Mineral fuels, mineral oils and products of their distillation; bituminous substances; mineral waxes",2023,22459628528.372
2026-09-03T12:28:28Z,South Africa,710,Import,World,44,Wood and articles of wood; wood charcoal,2023,360691588.772
2026-09-03T12:28:28Z,South Africa,710,Import,World,85,"Electrical machinery and equipment and parts thereof; sound recorders and reproducers; television image and sound recorders and reproducers, parts and accessories of such articles",2023,12327121583.109
2026-09-03T12:28:28Z,South Africa,710,Import,World,88,"Aircraft, spacecraft, and parts thereof",2023,843357658.779
2026-09-03T12:28:28Z,South Africa,710,Import,World,91,Clocks and watches and parts thereof,2023,97557329.423
2026-09-03T12:28:28Z,South Africa,710,Import,World,02,Meat and edible meat offal,2023,375402232.838
2026-09-03T12:28:28Z,South Africa,710,Import,World,03,"Fish and crustaceans, molluscs and other aquatic invertebrates",2023,275700681.603
2026-09-03T12:28:28Z,South Africa,710,Import,World,05,Animal originated products; not elsewhere specified or included,2023,131223546.742
2026-09-03T12:28:28Z,South Africa,710,Import,World,08,"Fruit and nuts, edible; peel of citrus fruit or melons",2023,163404355.914
2026-09-03T12:28:28Z,South Africa,710,Import,World,09,"Coffee, tea, mate and spices",2023,218603547.117
2026-09-03T12:28:28Z,South Africa,710,Import,World,10,Cereals,2023,1338049694.29
2026-09-03T12:28:28Z,South Africa,710,Import,World,11,"Products of the milling industry; malt, starches, inulin, wheat gluten",2023,204879789.556
2026-09-03T12:28:28Z,South Africa,710,Import,World,12,"Oil seeds and oleaginous fruits; miscellaneous grains, seeds and fruit, industrial or medicinal plants; straw and fodder",2023,133395135.021
2026-09-03T12:28:28Z,South Africa,710,Import,World,13,"Lac; gums, resins and other vegetable saps and extracts",2023,40618688.992
2026-09-03T12:28:28Z,South Africa,710,Import,World,14,Vegetable plaiting materials; vegetable products not elsewhere specified or included,2023,1591826.575
2026-09-03T12:28:28Z,South Africa,710,Import,World,16,"Meat, fish, crustaceans, molluscs or other aquatic invertebrates, or insects; preparations thereof",2023,119587210.336
2026-09-03T12:28:28Z,South Africa,710,Import,World,17,Sugars and sugar confectionery,2023,439274491.751
2026-09-03T12:28:28Z,South Africa,710,Import,World,19,"Preparations of cereals, flour, starch or milk; pastrycooks' products",2023,267935388.871
2026-09-03T12:28:28Z,South Africa,710,Import,World,20,"Preparations of vegetables, fruit, nuts or other parts of plants",2023,341389154.582
2026-09-03T12:28:28Z,South Africa,710,Import,World,23,"Food industries, residues and wastes thereof; prepared animal fodder",2023,325478277.62
2026-09-03T12:28:28Z,South Africa,710,Import,World,25,"Salt; sulphur; earths, stone; plastering materials, lime and cement",2023,236110872.761
2026-09-03T12:28:28Z,South Africa,710,Import,World,26,"Ores, slag and ash",2023,47898633.079
2026-09-03T12:28:28Z,South Africa,710,Import,World,29,Organic chemicals,2023,1483462759.854
2026-09-03T12:28:28Z,South Africa,710,Import,World,30,Pharmaceutical products,2023,2414251551.231
2026-09-03T12:28:28Z,South Africa,710,Import,World,31,Fertilizers,2023,823413880.394
2026-09-03T12:28:28Z,South Africa,710,Import,World,32,"Tanning or dyeing extracts; tannins and their derivatives; dyes, pigments and other colouring matter; paints, varnishes; putty, other mastics; inks",2023,498652389.819
2026-09-03T12:28:28Z,South Africa,710,Import,World,34,"Soap, organic surface-active agents; washing, lubricating, polishing or scouring preparations; artificial or prepared waxes, candles and similar articles, modelling pastes, dental waxes and dental preparations with a basis of plaster",2023,329837639.926
2026-09-03T12:28:28Z,South Africa,710,Import,World,36,Explosives; pyrotechnic products; matches; pyrophoric alloys; certain combustible preparations,2023,84431925.949
2026-09-03T12:28:28Z,South Africa,710,Import,World,43,Furskins and artificial fur; manufactures thereof,2023,1309365.056
2026-09-03T12:28:28Z,South Africa,710,Import,World,45,Cork and articles of cork,2023,11597389.333
2026-09-03T12:28:28Z,South Africa,710,Import,World,46,"Manufactures of straw, esparto or other plaiting materials; basketware and wickerwork",2023,4742229.922
2026-09-03T12:28:28Z,South Africa,710,Import,World,48,"Paper and paperboard; articles of paper pulp, of paper or paperboard",2023,1083193499.912
2026-09-03T12:28:28Z,South Africa,710,Import,World,50,Silk,2023,2299376.832
2026-09-03T12:28:28Z,South Africa,710,Import,World,51,"Wool, fine or coarse animal hair; horsehair yarn and woven fabric",2023,59331687.297
2026-09-03T12:28:28Z,South Africa,710,Import,World,52,Cotton,2023,134189569.114
2026-09-03T12:28:28Z,South Africa,710,Import,World,53,Vegetable textile fibres; paper yarn and woven fabrics of paper yarn,2023,22206735.537
2026-09-03T12:28:28Z,South Africa,710,Import,World,54,Man-made filaments; strip and the like of man-made textile materials,2023,267974189.062
2026-09-03T12:28:28Z,South Africa,710,Import,World,56,"Wadding, felt and nonwovens, special yarns; twine, cordage, ropes and cables and articles thereof",2023,120681499.377
2026-09-03T12:28:28Z,South Africa,710,Import,World,60,Fabrics; knitted or crocheted,2023,179489827.042
2026-09-03T12:28:28Z,South Africa,710,Import,World,68,"Stone, plaster, cement, asbestos, mica or similar materials; articles thereof",2023,220170942.091
2026-09-03T12:28:28Z,South Africa,710,Import,World,71,"Natural, cultured pearls; precious, semi-precious stones; precious metals, metals clad with precious metal, and articles thereof; imitation jewellery; coin",2023,1457747606.305
2026-09-03T12:28:28Z,South Africa,710,Import,World,72,Iron and steel,2023,1591020947.979
2026-09-03T12:28:28Z,South Africa,710,Import,World,74,Copper and articles thereof,2023,900700930.008
2026-09-03T12:28:28Z,South Africa,710,Import,World,75,Nickel and articles thereof,2023,9970897.959
2026-09-03T12:28:28Z,South Africa,710,Import,World,78,Lead and articles thereof,2023,17765484.287
2026-09-03T12:28:28Z,South Africa,710,Import,World,80,Tin; articles thereof,2023,12535474.533
2026-09-03T12:28:28Z,South Africa,710,Import,World,81,"Metals; n.e.c., cermets and articles thereof",2023,64873352.981
2026-09-03T12:28:28Z,South Africa,710,Import,World,83,Metal; miscellaneous products of base metal,2023,310772789.041
2026-09-03T12:28:28Z,South Africa,710,Import,World,22,"Beverages, spirits and vinegar",2023,676353277.773
2026-09-03T12:28:28Z,South Africa,710,Import,World,99,Commodities not specified according to kind,2023,8832500573.886
2026-09-03T12:28:28Z,South Africa,710,Import,World,33,"Essential oils and resinoids; perfumery, cosmetic or toilet preparations",2023,1087202010.818
2026-09-03T12:28:28Z,South Africa,710,Import,World,49,"Printed books, newspapers, pictures and other products of the printing industry; manuscripts, typescripts and plans",2023,1902570193.627
2026-09-03T12:28:28Z,South Africa,710,Import,World,39,Plastics and articles thereof,2023,2637804124.666
2026-09-03T12:28:28Z,South Africa,710,Import,World,06,"Trees and other plants, live; bulbs, roots and the like; cut flowers and ornamental foliage",2023,14647450.431
2026-09-03T12:28:28Z,South Africa,710,Import,World,28,"Inorganic chemicals; organic and inorganic compounds of precious metals; of rare earth metals, of radio-active elements and of isotopes",2023,1529853109.589
2026-09-03T12:28:28Z,South Africa,710,Import,World,40,Rubber and articles thereof,2023,1336355358.286
2026-09-03T12:28:28Z,South Africa,710,Import,World,59,"Textile fabrics; impregnated, coated, covered or laminated; textile articles of a kind suitable for industrial use",2023,145323855.416
2026-09-03T12:28:28Z,South Africa,710,Import,World,63,"Textiles, made up articles; sets; worn clothing and worn textile articles; rags",2023,205050678.623
2026-09-03T12:28:28Z,South Africa,710,Import,World,65,Headgear and parts thereof,2023,70967828.367
2026-09-03T12:28:28Z,South Africa,710,Import,World,66,"Umbrellas, sun umbrellas, walking-sticks, seat sticks, whips, riding crops; and parts thereof",2023,7028517.496
2026-09-03T12:28:28Z,South Africa,710,Import,World,69,Ceramic products,2023,389583938.972
2026-09-03T12:28:28Z,South Africa,710,Import,World,70,Glass and glassware,2023,339829094.415
2026-09-03T12:28:28Z,South Africa,710,Import,World,73,Iron or steel articles,2023,1155301242.19
2026-09-03T12:28:28Z,South Africa,710,Import,World,76,Aluminium and articles thereof,2023,633127255.483
2026-09-03T12:28:28Z,South Africa,710,Import,World,94,"Furniture; bedding, mattresses, mattress supports, cushions and similar stuffed furnishings; lamps and lighting fittings, n.e.c.; illuminated signs, illuminated name-plates and the like; prefabricated buildings",2023,630545252.039
2026-09-03T12:28:28Z,South Africa,710,Import,World,95,"Toys, games and sports requisites; parts and accessories thereof",2023,388846326.783
2026-09-03T12:28:28Z,South Africa,710,Import,World,37,Photographic or cinematographic goods,2023,37496028.909
2026-09-03T12:28:28Z,South Africa,710,Import,World,42,"Articles of leather; saddlery and harness; travel goods, handbags and similar containers; articles of animal gut (other than silk-worm gut)",2023,237253480.295
2026-09-03T12:28:28Z,South Africa,710,Import,World,57,Carpets and other textile floor coverings,2023,42924972.833
2026-09-03T12:28:28Z,South Africa,710,Import,World,62,Apparel and clothing accessories; not knitted or crocheted,2023,923187698.911
2026-09-03T12:28:28Z,South Africa,710,Import,World,84,"Machinery and mechanical appliances, boilers, nuclear reactors; parts thereof",2023,12869330999.888
2026-09-03T12:28:28Z,South Africa,710,Import,World,86,"Railway, tramway locomotives, rolling-stock and parts thereof; railway or tramway track fixtures and fittings and parts thereof; mechanical (including electro-mechanical) traffic signalling equipment of all kinds",2023,113988054.573
2026-09-03T12:28:28Z,South Africa,710,Import,World,87,"Vehicles; other than railway or tramway rolling stock, and parts and accessories thereof",2023,8373932240.297
2026-09-03T12:28:28Z,South Africa,710,Import,World,89,"Ships, boats and floating structures",2023,67995472.637
2026-09-03T12:28:28Z,South Africa,710,Import,World,90,"Optical, photographic, cinematographic, measuring, checking, medical or surgical instruments and apparatus; parts and accessories",2023,2321694232.329
2026-09-03T12:28:28Z,South Africa,710,Import,World,92,Musical instruments; parts and accessories of such articles,2023,13414755.471
2026-09-03T12:28:28Z,South Africa,710,Import,World,96,Miscellaneous manufactured articles,2023,249076815.69
2026-09-03T12:28:28Z,South Africa,710,Import,World,97,Works of art; collectors' pieces and antiques,2023,53504034.288
2026-09-03T12:28:28Z,Eswatini,748,Import,World,01,Animals; live,2023,512442.6
2026-09-03T12:28:28Z,Eswatini,748,Import,World,04,"Dairy produce; birds' eggs; natural honey; edible products of animal origin, not elsewhere specified or included",2023,29435843.77
2026-09-03T12:28:28Z,Eswatini,748,Import,World,07,Vegetables and certain roots and tubers; edible,2023,15569971.31
2026-09-03T12:28:28Z,Eswatini,748,Import,World,21,Miscellaneous edible preparations,2023,23471927.43
2026-09-03T12:28:28Z,Eswatini,748,Import,World,24,"Tobacco and manufactured tobacco substitutes; products, whether or not containing nicotine, intended for inhalation without combustion; other nicotine containing products intended for the intake of nicotine into the human body",2023,4516784.7
2026-09-03T12:28:28Z,Eswatini,748,Import,World,27,"Mineral fuels, mineral oils and products of their distillation; bituminous substances; mineral waxes",2023,381738573.76
2026-09-03T12:28:28Z,Eswatini,748,Import,World,44,Wood and articles of wood; wood charcoal,2023,30266075.82
2026-09-03T12:28:28Z,Eswatini,748,Import,World,47,Pulp of wood or other fibrous cellulosic material; recovered (waste and scrap) paper or paperboard,2023,2383765.65
2026-09-03T12:28:28Z,Eswatini,748,Import,World,64,Footwear; gaiters and the like; parts of such articles,2023,17901405.73
2026-09-03T12:28:28Z,Eswatini,748,Import,World,67,"Feathers and down, prepared; and articles made of feather or of down; artificial flowers; articles of human hair",2023,2019678.54
2026-09-03T12:28:28Z,Eswatini,748,Import,World,85,"Electrical machinery and equipment and parts thereof; sound recorders and reproducers; television image and sound recorders and reproducers, parts and accessories of such articles",2023,88147306.94
2026-09-03T12:28:28Z,Eswatini,748,Import,World,88,"Aircraft, spacecraft, and parts thereof",2023,279930.45
2026-09-03T12:28:28Z,Eswatini,748,Import,World,91,Clocks and watches and parts thereof,2023,403231.51
2026-09-03T12:28:28Z,Eswatini,748,Import,World,15,"Animal, vegetable or microbial fats and oils and their cleavage products; prepared edible fats; animal or vegetable waxes",2023,20354446.6
2026-09-03T12:28:28Z,Eswatini,748,Import,World,18,Cocoa and cocoa preparations,2023,3866908.64
2026-09-03T12:28:28Z,Eswatini,748,Import,World,35,Albuminoidal substances; modified starches; glues; enzymes,2023,7062865.6
2026-09-03T12:28:28Z,Eswatini,748,Import,World,38,Chemical products n.e.c.,2023,32801749.54
2026-09-03T12:28:28Z,Eswatini,748,Import,World,41,Raw hides and skins (other than furskins) and leather,2023,12287.22
2026-09-03T12:28:28Z,Eswatini,748,Import,World,55,Man-made staple fibres,2023,16848336.61
2026-09-03T12:28:28Z,Eswatini,748,Import,World,58,"Fabrics; special woven fabrics, tufted textile fabrics, lace, tapestries, trimmings, embroidery",2023,3644449.62
2026-09-03T12:28:28Z,Eswatini,748,Import,World,61,Apparel and clothing accessories; knitted or crocheted,2023,22236343.82
2026-09-03T12:28:28Z,Eswatini,748,Import,World,79,Zinc and articles thereof,2023,43589.45
2026-09-03T12:28:28Z,Eswatini,748,Import,World,82,"Tools, implements, cutlery, spoons and forks, of base metal; parts thereof, of base metal",2023,7071812.13
2026-09-03T12:28:28Z,Eswatini,748,Import,World,11,"Products of the milling industry; malt, starches, inulin, wheat gluten",2023,15123469.18
2026-09-03T12:28:28Z,Eswatini,748,Import,World,14,Vegetable plaiting materials; vegetable products not elsewhere specified or included,2023,1659.84
2026-09-03T12:28:28Z,Eswatini,748,Import,World,17,Sugars and sugar confectionery,2023,18359636.16
2026-09-03T12:28:28Z,Eswatini,748,Import,World,31,Fertilizers,2023,30404549.61
2026-09-03T12:28:28Z,Eswatini,748,Import,World,34,"Soap, organic surface-active agents; washing, lubricating, polishing or scouring preparations; artificial or prepared waxes, candles and similar articles, modelling pastes, dental waxes and dental preparations with a basis of plaster",2023,24504508.85
2026-09-03T12:28:28Z,Eswatini,748,Import,World,37,Photographic or cinematographic goods,2023,353821.61
2026-09-03T12:28:28Z,Eswatini,748,Import,World,54,Man-made filaments; strip and the like of man-made textile materials,2023,18008168.89
2026-09-03T12:28:28Z,Eswatini,748,Import,World,57,Carpets and other textile floor coverings,2023,754929.22
2026-09-03T12:28:28Z,Eswatini,748,Import,World,74,Copper and articles thereof,2023,3006873.76
2026-09-03T12:28:28Z,Eswatini,748,Import,World,78,Lead and articles thereof,2023,21043.17
2026-09-03T12:28:28Z,Eswatini,748,Import,World,81,"Metals; n.e.c., cermets and articles thereof",2023,86382.05
2026-09-03T12:28:28Z,Eswatini,748,Import,World,95,"Toys, games and sports requisites; parts and accessories thereof",2023,2785996.22
2026-09-03T12:28:28Z,Eswatini,748,Import,World,02,Meat and edible meat offal,2023,4716857.09
2026-09-03T12:28:28Z,Eswatini,748,Import,World,03,"Fish and crustaceans, molluscs and other aquatic invertebrates",2023,2495931.83
2026-09-03T12:28:28Z,Eswatini,748,Import,World,05,Animal originated products; not elsewhere specified or included,2023,1282252.16
2026-09-03T12:28:28Z,Eswatini,748,Import,World,06,"Trees and other plants, live; bulbs, roots and the like; cut flowers and ornamental foliage",2023,2233220.5
2026-09-03T12:28:28Z,Eswatini,748,Import,World,08,"Fruit and nuts, edible; peel of citrus fruit or melons",2023,7166140.4
2026-09-03T12:28:28Z,Eswatini,748,Import,World,09,"Coffee, tea, mate and spices",2023,11535695.18
2026-09-03T12:28:28Z,Eswatini,748,Import,World,12,"Oil seeds and oleaginous fruits; miscellaneous grains, seeds and fruit, industrial or medicinal plants; straw and fodder",2023,2471062.87
2026-09-03T12:28:28Z,Eswatini,748,Import,World,16,"Meat, fish, crustaceans, molluscs or other aquatic invertebrates, or insects; preparations thereof",2023,9587699.12
2026-09-03T12:28:28Z,Eswatini,748,Import,World,19,"Preparations of cereals, flour, starch or milk; pastrycooks' products",2023,31514777.03
2026-09-03T12:28:28Z,Eswatini,748,Import,World,20,"Preparations of vegetables, fruit, nuts or other parts of plants",2023,20909104.13
2026-09-03T12:28:28Z,Eswatini,748,Import,World,22,"Beverages, spirits and vinegar",2023,64476488.1
2026-09-03T12:28:28Z,Eswatini,748,Import,World,23,"Food industries, residues and wastes thereof; prepared animal fodder",2023,28538259.6
2026-09-03T12:28:28Z,Eswatini,748,Import,World,25,"Salt; sulphur; earths, stone; plastering materials, lime and cement",2023,32992486.11
2026-09-03T12:28:28Z,Eswatini,748,Import,World,26,"Ores, slag and ash",2023,1031614.68
2026-09-03T12:28:28Z,Eswatini,748,Import,World,28,"Inorganic chemicals; organic and inorganic compounds of precious metals; of rare earth metals, of radio-active elements and of isotopes",2023,18238973.15
2026-09-03T12:28:28Z,Eswatini,748,Import,World,29,Organic chemicals,2023,54787567.88
2026-09-03T12:28:28Z,Eswatini,748,Import,World,32,"Tanning or dyeing extracts; tannins and their derivatives; dyes, pigments and other colouring matter; paints, varnishes; putty, other mastics; inks",2023,13618801.21
2026-09-03T12:28:28Z,Eswatini,748,Import,World,39,Plastics and articles thereof,2023,78785212.12
2026-09-03T12:28:28Z,Eswatini,748,Import,World,40,Rubber and articles thereof,2023,18459108.54
2026-09-03T12:28:28Z,Eswatini,748,Import,World,42,"Articles of leather; saddlery and harness; travel goods, handbags and similar containers; articles of animal gut (other than silk-worm gut)",2023,3799309.56
2026-09-03T12:28:28Z,Eswatini,748,Import,World,43,Furskins and artificial fur; manufactures thereof,2023,53878.03
2026-09-03T12:28:28Z,Eswatini,748,Import,World,45,Cork and articles of cork,2023,7325.32
2026-09-03T12:28:28Z,Eswatini,748,Import,World,46,"Manufactures of straw, esparto or other plaiting materials; basketware and wickerwork",2023,33932.88
2026-09-03T12:28:28Z,Eswatini,748,Import,World,48,"Paper and paperboard; articles of paper pulp, of paper or paperboard",2023,42784652.15
2026-09-03T12:28:28Z,Eswatini,748,Import,World,49,"Printed books, newspapers, pictures and other products of the printing industry; manuscripts, typescripts and plans",2023,9838395.67
2026-09-03T12:28:28Z,Eswatini,748,Import,World,51,"Wool, fine or coarse animal hair; horsehair yarn and woven fabric",2023,743713.49
2026-09-03T12:28:28Z,Eswatini,748,Import,World,52,Cotton,2023,61089105.19
2026-09-03T12:28:28Z,Eswatini,748,Import,World,59,"Textile fabrics; impregnated, coated, covered or laminated; textile articles of a kind suitable for industrial use",2023,2116801.94
2026-09-03T12:28:28Z,Eswatini,748,Import,World,60,Fabrics; knitted or crocheted,2023,13919864.62
2026-09-03T12:28:28Z,Eswatini,748,Import,World,62,Apparel and clothing accessories; not knitted or crocheted,2023,22715096.35
2026-09-03T12:28:28Z,Eswatini,748,Import,World,63,"Textiles, made up articles; sets; worn clothing and worn textile articles; rags",2023,8040315.62
2026-09-03T12:28:28Z,Eswatini,748,Import,World,65,Headgear and parts thereof,2023,1393747.06
2026-09-03T12:28:28Z,Eswatini,748,Import,World,66,"Umbrellas, sun umbrellas, walking-sticks, seat sticks, whips, riding crops; and parts thereof",2023,355852.97
2026-09-03T12:28:28Z,Eswatini,748,Import,World,68,"Stone, plaster, cement, asbestos, mica or similar materials; articles thereof",2023,11017743.52
2026-09-03T12:28:28Z,Eswatini,748,Import,World,69,Ceramic products,2023,8257728.23
2026-09-03T12:28:28Z,Eswatini,748,Import,World,71,"Natural, cultured pearls; precious, semi-precious stones; precious metals, metals clad with precious metal, and articles thereof; imitation jewellery; coin",2023,579708.96
2026-09-03T12:28:28Z,Eswatini,748,Import,World,72,Iron and steel,2023,30639626.92
2026-09-03T12:28:28Z,Eswatini,748,Import,World,75,Nickel and articles thereof,2023,21279.83
2026-09-03T12:28:28Z,Eswatini,748,Import,World,80,Tin; articles thereof,2023,14745.67
2026-09-03T12:28:28Z,Eswatini,748,Import,World,83,Metal; miscellaneous products of base metal,2023,8796781.6
2026-09-03T12:28:28Z,Eswatini,748,Import,World,84,"Machinery and mechanical appliances, boilers, nuclear reactors; parts thereof",2023,121759195.13
2026-09-03T12:28:28Z,Eswatini,748,Import,World,86,"Railway, tramway locomotives, rolling-stock and parts thereof; railway or tramway track fixtures and fittings and parts thereof; mechanical (including electro-mechanical) traffic signalling equipment of all kinds",2023,293415.77
2026-09-03T12:28:28Z,Eswatini,748,Import,World,87,"Vehicles; other than railway or tramway rolling stock, and parts and accessories thereof",2023,119672332.16
2026-09-03T12:28:28Z,Eswatini,748,Import,World,89,"Ships, boats and floating structures",2023,22120.44
2026-09-03T12:28:28Z,Eswatini,748,Import,World,90,"Optical, photographic, cinematographic, measuring, checking, medical or surgical instruments and apparatus; parts and accessories",2023,18299460.75
2026-09-03T12:28:28Z,Eswatini,748,Import,World,92,Musical instruments; parts and accessories of such articles,2023,200948.31
2026-09-03T12:28:28Z,Eswatini,748,Import,World,93,Arms and ammunition; parts and accessories thereof,2023,280898.59
2026-09-03T12:28:28Z,Eswatini,748,Import,World,96,Miscellaneous manufactured articles,2023,13214903.18
2026-09-03T12:28:28Z,Eswatini,748,Import,World,99,Commodities not specified according to kind,2023,20357426.12
2026-09-03T12:28:28Z,Eswatini,748,Import,World,10,Cereals,2023,86955887.53
2026-09-03T12:28:28Z,Eswatini,748,Import,World,13,"Lac; gums, resins and other vegetable saps and extracts",2023,11828855.11
2026-09-03T12:28:28Z,Eswatini,748,Import,World,30,Pharmaceutical products,2023,40456717.24
2026-09-03T12:28:28Z,Eswatini,748,Import,World,33,"Essential oils and resinoids; perfumery, cosmetic or toilet preparations",2023,52798263.94
2026-09-03T12:28:28Z,Eswatini,748,Import,World,36,Explosives; pyrotechnic products; matches; pyrophoric alloys; certain combustible preparations,2023,3005429.04
2026-09-03T12:28:28Z,Eswatini,748,Import,World,50,Silk,2023,213466.28
2026-09-03T12:28:28Z,Eswatini,748,Import,World,53,Vegetable textile fibres; paper yarn and woven fabrics of paper yarn,2023,118578.29
2026-09-03T12:28:28Z,Eswatini,748,Import,World,56,"Wadding, felt and nonwovens, special yarns; twine, cordage, ropes and cables and articles thereof",2023,1847110.87
2026-09-03T12:28:28Z,Eswatini,748,Import,World,70,Glass and glassware,2023,5265756.24
2026-09-03T12:28:28Z,Eswatini,748,Import,World,73,Iron or steel articles,2023,51984262.62
2026-09-03T12:28:28Z,Eswatini,748,Import,World,76,Aluminium and articles thereof,2023,7596946.21
2026-09-03T12:28:28Z,Eswatini,748,Import,World,94,"Furniture; bedding, mattresses, mattress supports, cushions and similar stuffed furnishings; lamps and lighting fittings, n.e.c.; illuminated signs, illuminated name-plates and the like; prefabricated buildings",2023,27195607.4
2026-09-03T12:28:28Z,Eswatini,748,Import,World,97,Works of art; collectors' pieces and antiques,2023,109764.62
2026-09-03T12:28:28Z,Lesotho,426,Import,World,99,Commodities not specified according to kind,2024,682753.225
2026-09-03T12:28:28Z,Lesotho,426,Import,World,51,"Wool, fine or coarse animal hair; horsehair yarn and woven fabric",2024,148622.632
2026-09-03T12:28:28Z,Lesotho,426,Import,World,52,Cotton,2024,43609773.179
2026-09-03T12:28:28Z,Lesotho,426,Import,World,53,Vegetable textile fibres; paper yarn and woven fabrics of paper yarn,2024,100874.667
2026-09-03T12:28:28Z,Lesotho,426,Import,World,54,Man-made filaments; strip and the like of man-made textile materials,2024,25228884.785
2026-09-03T12:28:28Z,Lesotho,426,Import,World,55,Man-made staple fibres,2024,12482599.64
2026-09-03T12:28:28Z,Lesotho,426,Import,World,56,"Wadding, felt and nonwovens, special yarns; twine, cordage, ropes and cables and articles thereof",2024,5243562.064
2026-09-03T12:28:28Z,Lesotho,426,Import,World,57,Carpets and other textile floor coverings,2024,1138318.746
2026-09-03T12:28:28Z,Lesotho,426,Import,World,58,"Fabrics; special woven fabrics, tufted textile fabrics, lace, tapestries, trimmings, embroidery",2024,7683123.386
2026-09-03T12:28:28Z,Lesotho,426,Import,World,59,"Textile fabrics; impregnated, coated, covered or laminated; textile articles of a kind suitable for industrial use",2024,8364222.684
2026-09-03T12:28:28Z,Lesotho,426,Import,World,60,Fabrics; knitted or crocheted,2024,89688595.852
2026-09-03T12:28:28Z,Lesotho,426,Import,World,61,Apparel and clothing accessories; knitted or crocheted,2024,17954745.555
2026-09-03T12:28:28Z,Lesotho,426,Import,World,62,Apparel and clothing accessories; not knitted or crocheted,2024,28911558.432
2026-09-03T12:28:28Z,Lesotho,426,Import,World,63,"Textiles, made up articles; sets; worn clothing and worn textile articles; rags",2024,15630909.397
2026-09-03T12:28:28Z,Lesotho,426,Import,World,64,Footwear; gaiters and the like; parts of such articles,2024,18926311.413
2026-09-03T12:28:28Z,Lesotho,426,Import,World,65,Headgear and parts thereof,2024,1276430.191
2026-09-03T12:28:28Z,Lesotho,426,Import,World,66,"Umbrellas, sun umbrellas, walking-sticks, seat sticks, whips, riding crops; and parts thereof",2024,166560.673
2026-09-03T12:28:28Z,Lesotho,426,Import,World,67,"Feathers and down, prepared; and articles made of feather or of down; artificial flowers; articles of human hair",2024,1549223.409
2026-09-03T12:28:28Z,Lesotho,426,Import,World,68,"Stone, plaster, cement, asbestos, mica or similar materials; articles thereof",2024,7078465.693
2026-09-03T12:28:28Z,Lesotho,426,Import,World,69,Ceramic products,2024,5012640.333
2026-09-03T12:28:28Z,Lesotho,426,Import,World,70,Glass and glassware,2024,4374313.186
2026-09-03T12:28:28Z,Lesotho,426,Import,World,71,"Natural, cultured pearls; precious, semi-precious stones; precious metals, metals clad with precious metal, and articles thereof; imitation jewellery; coin",2024,314812.584
2026-09-03T12:28:28Z,Lesotho,426,Import,World,72,Iron and steel,2024,28839074.01
2026-09-03T12:28:28Z,Lesotho,426,Import,World,73,Iron or steel articles,2024,60678195.21
2026-09-03T12:28:28Z,Lesotho,426,Import,World,74,Copper and articles thereof,2024,3772615.993
2026-09-03T12:28:28Z,Lesotho,426,Import,World,75,Nickel and articles thereof,2024,6162.354
2026-09-03T12:28:28Z,Lesotho,426,Import,World,76,Aluminium and articles thereof,2024,7562825.644
2026-09-03T12:28:28Z,Lesotho,426,Import,World,78,Lead and articles thereof,2024,23462.112
2026-09-03T12:28:28Z,Lesotho,426,Import,World,79,Zinc and articles thereof,2024,8334.252
2026-09-03T12:28:28Z,Lesotho,426,Import,World,80,Tin; articles thereof,2024,1692.778
2026-09-03T12:28:28Z,Lesotho,426,Import,World,81,"Metals; n.e.c., cermets and articles thereof",2024,5913.35
2026-09-03T12:28:28Z,Lesotho,426,Import,World,82,"Tools, implements, cutlery, spoons and forks, of base metal; parts thereof, of base metal",2024,5867277.21
2026-09-03T12:28:28Z,Lesotho,426,Import,World,83,Metal; miscellaneous products of base metal,2024,5345280.036
2026-09-03T12:28:28Z,Lesotho,426,Import,World,50,Silk,2024,126587.846
2026-09-03T12:28:28Z,Lesotho,426,Import,World,49,"Printed books, newspapers, pictures and other products of the printing industry; manuscripts, typescripts and plans",2024,10262928.207
2026-09-03T12:28:28Z,Lesotho,426,Import,World,48,"Paper and paperboard; articles of paper pulp, of paper or paperboard",2024,25649316.239
2026-09-03T12:28:28Z,Lesotho,426,Import,World,47,Pulp of wood or other fibrous cellulosic material; recovered (waste and scrap) paper or paperboard,2024,734.778
2026-09-03T12:28:28Z,Lesotho,426,Import,World,46,"Manufactures of straw, esparto or other plaiting materials; basketware and wickerwork",2024,21477.782
2026-09-03T12:28:28Z,Lesotho,426,Import,World,45,Cork and articles of cork,2024,2460.543
2026-09-03T12:28:28Z,Lesotho,426,Import,World,44,Wood and articles of wood; wood charcoal,2024,24390777.921
2026-09-03T12:28:28Z,Lesotho,426,Import,World,43,Furskins and artificial fur; manufactures thereof,2024,32325.675
2026-09-03T12:28:28Z,Lesotho,426,Import,World,42,"Articles of leather; saddlery and harness; travel goods, handbags and similar containers; articles of animal gut (other than silk-worm gut)",2024,2554038.029
2026-09-03T12:28:28Z,Lesotho,426,Import,World,41,Raw hides and skins (other than furskins) and leather,2024,3217574.115
2026-09-03T12:28:28Z,Lesotho,426,Import,World,40,Rubber and articles thereof,2024,13351863.218
2026-09-03T12:28:28Z,Lesotho,426,Import,World,39,Plastics and articles thereof,2024,48642333.082
2026-09-03T12:28:28Z,Lesotho,426,Import,World,38,Chemical products n.e.c.,2024,19217198.849
2026-09-03T12:28:28Z,Lesotho,426,Import,World,37,Photographic or cinematographic goods,2024,87847.184
2026-09-03T12:28:28Z,Lesotho,426,Import,World,36,Explosives; pyrotechnic products; matches; pyrophoric alloys; certain combustible preparations,2024,6926818.483
2026-09-03T12:28:28Z,Lesotho,426,Import,World,35,Albuminoidal substances; modified starches; glues; enzymes,2024,1855338.729
2026-09-03T12:28:28Z,Lesotho,426,Import,World,34,"Soap, organic surface-active agents; washing, lubricating, polishing or scouring preparations; artificial or prepared waxes, candles and similar articles, modelling pastes, dental waxes and dental preparations with a basis of plaster",2024,27827733.516
2026-09-03T12:28:28Z,Lesotho,426,Import,World,33,"Essential oils and resinoids; perfumery, cosmetic or toilet preparations",2024,17848743.682
2026-09-03T12:28:28Z,Lesotho,426,Import,World,32,"Tanning or dyeing extracts; tannins and their derivatives; dyes, pigments and other colouring matter; paints, varnishes; putty, other mastics; inks",2024,11203479.688
2026-09-03T12:28:28Z,Lesotho,426,Import,World,31,Fertilizers,2024,9631519.654
2026-09-03T12:28:28Z,Lesotho,426,Import,World,30,Pharmaceutical products,2024,33602698.571
2026-09-03T12:28:28Z,Lesotho,426,Import,World,29,Organic chemicals,2024,2317972.488
2026-09-03T12:28:28Z,Lesotho,426,Import,World,28,"Inorganic chemicals; organic and inorganic compounds of precious metals; of rare earth metals, of radio-active elements and of isotopes",2024,3118752.236
2026-09-03T12:28:28Z,Lesotho,426,Import,World,27,"Mineral fuels, mineral oils and products of their distillation; bituminous substances; mineral waxes",2024,288932670.427
2026-09-03T12:28:28Z,Lesotho,426,Import,World,26,"Ores, slag and ash",2024,888062.978
2026-09-03T12:28:28Z,Lesotho,426,Import,World,25,"Salt; sulphur; earths, stone; plastering materials, lime and cement",2024,28877285.479
2026-09-03T12:28:28Z,Lesotho,426,Import,World,24,"Tobacco and manufactured tobacco substitutes; products, whether or not containing nicotine, intended for inhalation without combustion; other nicotine containing products intended for the intake of nicotine into the human body",2024,7024203.201
2026-09-03T12:28:28Z,Lesotho,426,Import,World,23,"Food industries, residues and wastes thereof; prepared animal fodder",2024,7598549.738
2026-09-03T12:28:28Z,Lesotho,426,Import,World,22,"Beverages, spirits and vinegar",2024,51889793.191
2026-09-03T12:28:28Z,Lesotho,426,Import,World,21,Miscellaneous edible preparations,2024,16625667.115
2026-09-03T12:28:28Z,Lesotho,426,Import,World,20,"Preparations of vegetables, fruit, nuts or other parts of plants",2024,16531560.474
2026-09-03T12:28:28Z,Lesotho,426,Import,World,19,"Preparations of cereals, flour, starch or milk; pastrycooks' products",2024,26105727.841
2026-09-03T12:28:28Z,Lesotho,426,Import,World,18,Cocoa and cocoa preparations,2024,1671584.216
2026-09-03T12:28:28Z,Lesotho,426,Import,World,17,Sugars and sugar confectionery,2024,18391501.707
2026-09-03T12:28:28Z,Lesotho,426,Import,World,16,"Meat, fish, crustaceans, molluscs or other aquatic invertebrates, or insects; preparations thereof",2024,18069599.882
2026-09-03T12:28:28Z,Lesotho,426,Import,World,15,"Animal, vegetable or microbial fats and oils and their cleavage products; prepared edible fats; animal or vegetable waxes",2024,15522833.827
2026-09-03T12:28:28Z,Lesotho,426,Import,World,14,Vegetable plaiting materials; vegetable products not elsewhere specified or included,2024,2306.818
2026-09-03T12:28:28Z,Lesotho,426,Import,World,13,"Lac; gums, resins and other vegetable saps and extracts",2024,1640.827
2026-09-03T12:28:28Z,Lesotho,426,Import,World,12,"Oil seeds and oleaginous fruits; miscellaneous grains, seeds and fruit, industrial or medicinal plants; straw and fodder",2024,16080702.854
2026-09-03T12:28:28Z,Lesotho,426,Import,World,11,"Products of the milling industry; malt, starches, inulin, wheat gluten",2024,59780673.835
2026-09-03T12:28:28Z,Lesotho,426,Import,World,10,Cereals,2024,65304534.397
2026-09-03T12:28:28Z,Lesotho,426,Import,World,09,"Coffee, tea, mate and spices",2024,11187096.244
2026-09-03T12:28:28Z,Lesotho,426,Import,World,08,"Fruit and nuts, edible; peel of citrus fruit or melons",2024,5966384.305
2026-09-03T12:28:28Z,Lesotho,426,Import,World,07,Vegetables and certain roots and tubers; edible,2024,18046606.355
2026-09-03T12:28:28Z,Lesotho,426,Import,World,06,"Trees and other plants, live; bulbs, roots and the like; cut flowers and ornamental foliage",2024,668674.398
2026-09-03T12:28:28Z,Lesotho,426,Import,World,05,Animal originated products; not elsewhere specified or included,2024,507073.165
2026-09-03T12:28:28Z,Lesotho,426,Import,World,04,"Dairy produce; birds' eggs; natural honey; edible products of animal origin, not elsewhere specified or included",2024,21207276.825
2026-09-03T12:28:28Z,Lesotho,426,Import,World,03,"Fish and crustaceans, molluscs and other aquatic invertebrates",2024,3770041.664
2026-09-03T12:28:28Z,Lesotho,426,Import,World,02,Meat and edible meat offal,2024,47885174.754
2026-09-03T12:28:28Z,Lesotho,426,Import,World,01,Animals; live,2024,3279034.29
2026-09-03T12:28:28Z,Lesotho,426,Import,World,84,"Machinery and mechanical appliances, boilers, nuclear reactors; parts thereof",2024,155342772.211
2026-09-03T12:28:28Z,Lesotho,426,Import,World,85,"Electrical machinery and equipment and parts thereof; sound recorders and reproducers; television image and sound recorders and reproducers, parts and accessories of such articles",2024,120532753.776
2026-09-03T12:28:28Z,Lesotho,426,Import,World,86,"Railway, tramway locomotives, rolling-stock and parts thereof; railway or tramway track fixtures and fittings and parts thereof; mechanical (including electro-mechanical) traffic signalling equipment of all kinds",2024,1894001.995
2026-09-03T12:28:28Z,Lesotho,426,Import,World,87,"Vehicles; other than railway or tramway rolling stock, and parts and accessories thereof",2024,110521251.559
2026-09-03T12:28:28Z,Lesotho,426,Import,World,88,"Aircraft, spacecraft, and parts thereof",2024,31803.163
2026-09-03T12:28:28Z,Lesotho,426,Import,World,89,"Ships, boats and floating structures",2024,74693.438
2026-09-03T12:28:28Z,Lesotho,426,Import,World,90,"Optical, photographic, cinematographic, measuring, checking, medical or surgical instruments and apparatus; parts and accessories",2024,25377142.401
2026-09-03T12:28:28Z,Lesotho,426,Import,World,91,Clocks and watches and parts thereof,2024,177671.598
2026-09-03T12:28:28Z,Lesotho,426,Import,World,92,Musical instruments; parts and accessories of such articles,2024,30118.735
2026-09-03T12:28:28Z,Lesotho,426,Import,World,93,Arms and ammunition; parts and accessories thereof,2024,951286.203
2026-09-03T12:28:28Z,Lesotho,426,Import,World,94,"Furniture; bedding, mattresses, mattress supports, cushions and similar stuffed furnishings; lamps and lighting fittings, n.e.c.; illuminated signs, illuminated name-plates and the like; prefabricated buildings",2024,24113952.673
2026-09-03T12:28:28Z,Lesotho,426,Import,World,95,"Toys, games and sports requisites; parts and accessories thereof",2024,1511615.297
2026-09-03T12:28:28Z,Lesotho,426,Import,World,96,Miscellaneous manufactured articles,2024,16619920.515
2026-09-03T12:28:28Z,Lesotho,426,Import,World,97,Works of art; collectors' pieces and antiques,2024,13493.789
2026-09-03T12:28:28Z,Namibia,516,Import,World,66,"Umbrellas, sun umbrellas, walking-sticks, seat sticks, whips, riding crops; and parts thereof",2024,681056.053
2026-09-03T12:28:28Z,Namibia,516,Import,World,75,Nickel and articles thereof,2024,674329.249
2026-09-03T12:28:28Z,Namibia,516,Import,World,86,"Railway, tramway locomotives, rolling-stock and parts thereof; railway or tramway track fixtures and fittings and parts thereof; mechanical (including electro-mechanical) traffic signalling equipment of all kinds",2024,9340751.3
2026-09-03T12:28:28Z,Namibia,516,Import,World,09,"Coffee, tea, mate and spices",2024,27603533.834
2026-09-03T12:28:28Z,Namibia,516,Import,World,70,Glass and glassware,2024,42208590.001
2026-09-03T12:28:28Z,Namibia,516,Import,World,73,Iron or steel articles,2024,286051334.615
2026-09-03T12:28:28Z,Namibia,516,Import,World,27,"Mineral fuels, mineral oils and products of their distillation; bituminous substances; mineral waxes",2024,1413377349.352
2026-09-03T12:28:28Z,Namibia,516,Import,World,45,Cork and articles of cork,2024,53313.199
2026-09-03T12:28:28Z,Namibia,516,Import,World,76,Aluminium and articles thereof,2024,28136369.637
2026-09-03T12:28:28Z,Namibia,516,Import,World,57,Carpets and other textile floor coverings,2024,5010218.576
2026-09-03T12:28:28Z,Namibia,516,Import,World,14,Vegetable plaiting materials; vegetable products not elsewhere specified or included,2024,41442.0
2026-09-03T12:28:28Z,Namibia,516,Import,World,78,Lead and articles thereof,2024,667301.374
2026-09-03T12:28:28Z,Namibia,516,Import,World,01,Animals; live,2024,2842988.571
2026-09-03T12:28:28Z,Namibia,516,Import,World,93,Arms and ammunition; parts and accessories thereof,2024,4759602.792
2026-09-03T12:28:28Z,Namibia,516,Import,World,02,Meat and edible meat offal,2024,41412540.892
2026-09-03T12:28:28Z,Namibia,516,Import,World,68,"Stone, plaster, cement, asbestos, mica or similar materials; articles thereof",2024,15748356.566
2026-09-03T12:28:28Z,Namibia,516,Import,World,92,Musical instruments; parts and accessories of such articles,2024,783382.802
2026-09-03T12:28:28Z,Namibia,516,Import,World,79,Zinc and articles thereof,2024,301398.351
2026-09-03T12:28:28Z,Namibia,516,Import,World,55,Man-made staple fibres,2024,1029980.971
2026-09-03T12:28:28Z,Namibia,516,Import,World,53,Vegetable textile fibres; paper yarn and woven fabrics of paper yarn,2024,468249.499
2026-09-03T12:28:28Z,Namibia,516,Import,World,59,"Textile fabrics; impregnated, coated, covered or laminated; textile articles of a kind suitable for industrial use",2024,5069281.945
2026-09-03T12:28:28Z,Namibia,516,Import,World,69,Ceramic products,2024,32288708.207
2026-09-03T12:28:28Z,Namibia,516,Import,World,51,"Wool, fine or coarse animal hair; horsehair yarn and woven fabric",2024,223441.188
2026-09-03T12:28:28Z,Namibia,516,Import,World,99,Commodities not specified according to kind,2024,5635314.967
2026-09-03T12:28:28Z,Namibia,516,Import,World,52,Cotton,2024,989923.211
2026-09-03T12:28:28Z,Namibia,516,Import,World,05,Animal originated products; not elsewhere specified or included,2024,2393512.331
2026-09-03T12:28:28Z,Namibia,516,Import,World,60,Fabrics; knitted or crocheted,2024,999434.462
2026-09-03T12:28:28Z,Namibia,516,Import,World,24,"Tobacco and manufactured tobacco substitutes; products, whether or not containing nicotine, intended for inhalation without combustion; other nicotine containing products intended for the intake of nicotine into the human body",2024,35660337.381
2026-09-03T12:28:28Z,Namibia,516,Import,World,37,Photographic or cinematographic goods,2024,631287.904
2026-09-03T12:28:28Z,Namibia,516,Import,World,58,"Fabrics; special woven fabrics, tufted textile fabrics, lace, tapestries, trimmings, embroidery",2024,4067805.549
2026-09-03T12:28:28Z,Namibia,516,Import,World,41,Raw hides and skins (other than furskins) and leather,2024,1617957.313
2026-09-03T12:28:28Z,Namibia,516,Import,World,80,Tin; articles thereof,2024,2291474.693
2026-09-03T12:28:28Z,Namibia,516,Import,World,67,"Feathers and down, prepared; and articles made of feather or of down; artificial flowers; articles of human hair",2024,5879051.576
2026-09-03T12:28:28Z,Namibia,516,Import,World,95,"Toys, games and sports requisites; parts and accessories thereof",2024,17792413.67
2026-09-03T12:28:28Z,Namibia,516,Import,World,16,"Meat, fish, crustaceans, molluscs or other aquatic invertebrates, or insects; preparations thereof",2024,38643479.322
2026-09-03T12:28:28Z,Namibia,516,Import,World,42,"Articles of leather; saddlery and harness; travel goods, handbags and similar containers; articles of animal gut (other than silk-worm gut)",2024,17064786.208
2026-09-03T12:28:28Z,Namibia,516,Import,World,97,Works of art; collectors' pieces and antiques,2024,1457332.481
2026-09-03T12:28:28Z,Namibia,516,Import,World,33,"Essential oils and resinoids; perfumery, cosmetic or toilet preparations",2024,111061233.956
2026-09-03T12:28:28Z,Namibia,516,Import,World,49,"Printed books, newspapers, pictures and other products of the printing industry; manuscripts, typescripts and plans",2024,15483658.229
2026-09-03T12:28:28Z,Namibia,516,Import,World,20,"Preparations of vegetables, fruit, nuts or other parts of plants",2024,61949139.045
2026-09-03T12:28:28Z,Namibia,516,Import,World,34,"Soap, organic surface-active agents; washing, lubricating, polishing or scouring preparations; artificial or prepared waxes, candles and similar articles, modelling pastes, dental waxes and dental preparations with a basis of plaster",2024,91596210.908
2026-09-03T12:28:28Z,Namibia,516,Import,World,08,"Fruit and nuts, edible; peel of citrus fruit or melons",2024,25242716.613
2026-09-03T12:28:28Z,Namibia,516,Import,World,36,Explosives; pyrotechnic products; matches; pyrophoric alloys; certain combustible preparations,2024,18472328.881
2026-09-03T12:28:28Z,Namibia,516,Import,World,44,Wood and articles of wood; wood charcoal,2024,56284001.866
2026-09-03T12:28:28Z,Namibia,516,Import,World,29,Organic chemicals,2024,19191378.747
2026-09-03T12:28:28Z,Namibia,516,Import,World,17,Sugars and sugar confectionery,2024,129299091.915
2026-09-03T12:28:28Z,Namibia,516,Import,World,28,"Inorganic chemicals; organic and inorganic compounds of precious metals; of rare earth metals, of radio-active elements and of isotopes",2024,242496054.919
2026-09-03T12:28:28Z,Namibia,516,Import,World,12,"Oil seeds and oleaginous fruits; miscellaneous grains, seeds and fruit, industrial or medicinal plants; straw and fodder",2024,8535895.069
2026-09-03T12:28:28Z,Namibia,516,Import,World,65,Headgear and parts thereof,2024,7125026.272
2026-09-03T12:28:28Z,Namibia,516,Import,World,63,"Textiles, made up articles; sets; worn clothing and worn textile articles; rags",2024,46292013.849
2026-09-03T12:28:28Z,Namibia,516,Import,World,94,"Furniture; bedding, mattresses, mattress supports, cushions and similar stuffed furnishings; lamps and lighting fittings, n.e.c.; illuminated signs, illuminated name-plates and the like; prefabricated buildings",2024,78241245.099
2026-09-03T12:28:28Z,Namibia,516,Import,World,32,"Tanning or dyeing extracts; tannins and their derivatives; dyes, pigments and other colouring matter; paints, varnishes; putty, other mastics; inks",2024,41886305.182
2026-09-03T12:28:28Z,Namibia,516,Import,World,82,"Tools, implements, cutlery, spoons and forks, of base metal; parts thereof, of base metal",2024,43511098.653
2026-09-03T12:28:28Z,Namibia,516,Import,World,07,Vegetables and certain roots and tubers; edible,2024,24088852.657
2026-09-03T12:28:28Z,Namibia,516,Import,World,04,"Dairy produce; birds' eggs; natural honey; edible products of animal origin, not elsewhere specified or included",2024,52386371.433
2026-09-03T12:28:28Z,Namibia,516,Import,World,84,"Machinery and mechanical appliances, boilers, nuclear reactors; parts thereof",2024,980186715.793
2026-09-03T12:28:28Z,Namibia,516,Import,World,48,"Paper and paperboard; articles of paper pulp, of paper or paperboard",2024,112787426.45
2026-09-03T12:28:28Z,Namibia,516,Import,World,40,Rubber and articles thereof,2024,173176125.965
2026-09-03T12:28:28Z,Namibia,516,Import,World,22,"Beverages, spirits and vinegar",2024,190803552.709
2026-09-03T12:28:28Z,Namibia,516,Import,World,56,"Wadding, felt and nonwovens, special yarns; twine, cordage, ropes and cables and articles thereof",2024,12500731.497
2026-09-03T12:28:28Z,Namibia,516,Import,World,61,Apparel and clothing accessories; knitted or crocheted,2024,81490048.96
2026-09-03T12:28:28Z,Namibia,516,Import,World,15,"Animal, vegetable or microbial fats and oils and their cleavage products; prepared edible fats; animal or vegetable waxes",2024,60452247.382
2026-09-03T12:28:28Z,Namibia,516,Import,World,85,"Electrical machinery and equipment and parts thereof; sound recorders and reproducers; television image and sound recorders and reproducers, parts and accessories of such articles",2024,536704578.616
2026-09-03T12:28:28Z,Namibia,516,Import,World,87,"Vehicles; other than railway or tramway rolling stock, and parts and accessories thereof",2024,693973234.218
2026-09-03T12:28:28Z,Namibia,516,Import,World,03,"Fish and crustaceans, molluscs and other aquatic invertebrates",2024,30539410.16
2026-09-03T12:28:28Z,Namibia,516,Import,World,13,"Lac; gums, resins and other vegetable saps and extracts",2024,754869.236
2026-09-03T12:28:28Z,Namibia,516,Import,World,54,Man-made filaments; strip and the like of man-made textile materials,2024,3357756.062
2026-09-03T12:28:28Z,Namibia,516,Import,World,64,Footwear; gaiters and the like; parts of such articles,2024,53600080.801
2026-09-03T12:28:28Z,Namibia,516,Import,World,11,"Products of the milling industry; malt, starches, inulin, wheat gluten",2024,36454400.105
2026-09-03T12:28:28Z,Namibia,516,Import,World,62,Apparel and clothing accessories; not knitted or crocheted,2024,71025780.816
2026-09-03T12:28:28Z,Namibia,516,Import,World,21,Miscellaneous edible preparations,2024,81640455.995
2026-09-03T12:28:28Z,Namibia,516,Import,World,19,"Preparations of cereals, flour, starch or milk; pastrycooks' products",2024,65937812.049
2026-09-03T12:28:28Z,Namibia,516,Import,World,06,"Trees and other plants, live; bulbs, roots and the like; cut flowers and ornamental foliage",2024,4918629.915
2026-09-03T12:28:28Z,Namibia,516,Import,World,30,Pharmaceutical products,2024,164287706.814
2026-09-03T12:28:28Z,Namibia,516,Import,World,46,"Manufactures of straw, esparto or other plaiting materials; basketware and wickerwork",2024,420710.205
2026-09-03T12:28:28Z,Namibia,516,Import,World,10,Cereals,2024,175516056.45
2026-09-03T12:28:28Z,Namibia,516,Import,World,88,"Aircraft, spacecraft, and parts thereof",2024,160082998.258
2026-09-03T12:28:28Z,Namibia,516,Import,World,35,Albuminoidal substances; modified starches; glues; enzymes,2024,8263654.674
2026-09-03T12:28:28Z,Namibia,516,Import,World,50,Silk,2024,1637929.866
2026-09-03T12:28:28Z,Namibia,516,Import,World,81,"Metals; n.e.c., cermets and articles thereof",2024,144150.837
2026-09-03T12:28:28Z,Namibia,516,Import,World,89,"Ships, boats and floating structures",2024,16371085.158
2026-09-03T12:28:28Z,Namibia,516,Import,World,18,Cocoa and cocoa preparations,2024,17096073.863
2026-09-03T12:28:28Z,Namibia,516,Import,World,83,Metal; miscellaneous products of base metal,2024,31180633.525
2026-09-03T12:28:28Z,Namibia,516,Import,World,25,"Salt; sulphur; earths, stone; plastering materials, lime and cement",2024,69034625.729
2026-09-03T12:28:28Z,Namibia,516,Import,World,23,"Food industries, residues and wastes thereof; prepared animal fodder",2024,76386239.195
2026-09-03T12:28:28Z,Namibia,516,Import,World,96,Miscellaneous manufactured articles,2024,36047893.54
2026-09-03T12:28:28Z,Namibia,516,Import,World,71,"Natural, cultured pearls; precious, semi-precious stones; precious metals, metals clad with precious metal, and articles thereof; imitation jewellery; coin",2024,183045167.924
2026-09-03T12:28:28Z,Namibia,516,Import,World,26,"Ores, slag and ash",2024,795839718.529
2026-09-03T12:28:28Z,Namibia,516,Import,World,39,Plastics and articles thereof,2024,232495682.648
2026-09-03T12:28:28Z,Namibia,516,Import,World,47,Pulp of wood or other fibrous cellulosic material; recovered (waste and scrap) paper or paperboard,2024,237348.703
2026-09-03T12:28:28Z,Namibia,516,Import,World,74,Copper and articles thereof,2024,11752345.064
2026-09-03T12:28:28Z,Namibia,516,Import,World,31,Fertilizers,2024,193980158.172
2026-09-03T12:28:28Z,Namibia,516,Import,World,91,Clocks and watches and parts thereof,2024,3172513.955
2026-09-03T12:28:28Z,Namibia,516,Import,World,38,Chemical products n.e.c.,2024,128441631.28
2026-09-03T12:28:28Z,Namibia,516,Import,World,90,"Optical, photographic, cinematographic, measuring, checking, medical or surgical instruments and apparatus; parts and accessories",2024,140665610.999
2026-09-03T12:28:28Z,Namibia,516,Import,World,72,Iron and steel,2024,118544387.808
2026-09-03T12:28:28Z,Namibia,516,Import,World,43,Furskins and artificial fur; manufactures thereof,2024,89855.534
2026-09-03T12:28:28Z,South Africa,710,Import,World,10,Cereals,2024,1389508388.027
2026-09-03T12:28:28Z,South Africa,710,Import,World,32,"Tanning or dyeing extracts; tannins and their derivatives; dyes, pigments and other colouring matter; paints, varnishes; putty, other mastics; inks",2024,533599562.985
2026-09-03T12:28:28Z,South Africa,710,Import,World,31,Fertilizers,2024,911970537.38
2026-09-03T12:28:28Z,South Africa,710,Import,World,41,Raw hides and skins (other than furskins) and leather,2024,33230014.568
2026-09-03T12:28:28Z,South Africa,710,Import,World,03,"Fish and crustaceans, molluscs and other aquatic invertebrates",2024,295981662.233
2026-09-03T12:28:28Z,South Africa,710,Import,World,71,"Natural, cultured pearls; precious, semi-precious stones; precious metals, metals clad with precious metal, and articles thereof; imitation jewellery; coin",2024,1833890809.765
2026-09-03T12:28:28Z,South Africa,710,Import,World,22,"Beverages, spirits and vinegar",2024,696967727.97
2026-09-03T12:28:28Z,South Africa,710,Import,World,54,Man-made filaments; strip and the like of man-made textile materials,2024,309887945.089
2026-09-03T12:28:28Z,South Africa,710,Import,World,35,Albuminoidal substances; modified starches; glues; enzymes,2024,319561326.791
2026-09-03T12:28:28Z,South Africa,710,Import,World,36,Explosives; pyrotechnic products; matches; pyrophoric alloys; certain combustible preparations,2024,79030699.488
2026-09-03T12:28:28Z,South Africa,710,Import,World,29,Organic chemicals,2024,1483347963.051
2026-09-03T12:28:28Z,South Africa,710,Import,World,43,Furskins and artificial fur; manufactures thereof,2024,1235450.558
2026-09-03T12:28:28Z,South Africa,710,Import,World,80,Tin; articles thereof,2024,13846448.904
2026-09-03T12:28:28Z,South Africa,710,Import,World,94,"Furniture; bedding, mattresses, mattress supports, cushions and similar stuffed furnishings; lamps and lighting fittings, n.e.c.; illuminated signs, illuminated name-plates and the like; prefabricated buildings",2024,671274049.319
2026-09-03T12:28:28Z,South Africa,710,Import,World,06,"Trees and other plants, live; bulbs, roots and the like; cut flowers and ornamental foliage",2024,18021408.88
2026-09-03T12:28:28Z,South Africa,710,Import,World,44,Wood and articles of wood; wood charcoal,2024,383797111.885
2026-09-03T12:28:28Z,South Africa,710,Import,World,97,Works of art; collectors' pieces and antiques,2024,52081603.624
2026-09-03T12:28:28Z,South Africa,710,Import,World,62,Apparel and clothing accessories; not knitted or crocheted,2024,974820942.931
2026-09-03T12:28:28Z,South Africa,710,Import,World,88,"Aircraft, spacecraft, and parts thereof",2024,828623344.145
2026-09-03T12:28:28Z,South Africa,710,Import,World,57,Carpets and other textile floor coverings,2024,46021088.243
2026-09-03T12:28:28Z,South Africa,710,Import,World,90,"Optical, photographic, cinematographic, measuring, checking, medical or surgical instruments and apparatus; parts and accessories",2024,2393817051.775
2026-09-03T12:28:28Z,South Africa,710,Import,World,40,Rubber and articles thereof,2024,1363644796.658
2026-09-03T12:28:28Z,South Africa,710,Import,World,11,"Products of the milling industry; malt, starches, inulin, wheat gluten",2024,169264221.892
2026-09-03T12:28:28Z,South Africa,710,Import,World,24,"Tobacco and manufactured tobacco substitutes; products, whether or not containing nicotine, intended for inhalation without combustion; other nicotine containing products intended for the intake of nicotine into the human body",2024,234689646.388
2026-09-03T12:28:28Z,South Africa,710,Import,World,58,"Fabrics; special woven fabrics, tufted textile fabrics, lace, tapestries, trimmings, embroidery",2024,33688597.149
2026-09-03T12:28:28Z,South Africa,710,Import,World,38,Chemical products n.e.c.,2024,1989454688.708
2026-09-03T12:28:28Z,South Africa,710,Import,World,46,"Manufactures of straw, esparto or other plaiting materials; basketware and wickerwork",2024,4734449.729
2026-09-03T12:28:28Z,South Africa,710,Import,World,04,"Dairy produce; birds' eggs; natural honey; edible products of animal origin, not elsewhere specified or included",2024,144807727.261
2026-09-03T12:28:28Z,South Africa,710,Import,World,99,Commodities not specified according to kind,2024,8160115500.395
2026-09-03T12:28:28Z,South Africa,710,Import,World,79,Zinc and articles thereof,2024,154141618.848
2026-09-03T12:28:28Z,South Africa,710,Import,World,47,Pulp of wood or other fibrous cellulosic material; recovered (waste and scrap) paper or paperboard,2024,151262059.157
2026-09-03T12:28:28Z,South Africa,710,Import,World,60,Fabrics; knitted or crocheted,2024,226765546.115
2026-09-03T12:28:28Z,South Africa,710,Import,World,26,"Ores, slag and ash",2024,48967339.289
2026-09-03T12:28:28Z,South Africa,710,Import,World,39,Plastics and articles thereof,2024,2894885178.748
2026-09-03T12:28:28Z,South Africa,710,Import,World,05,Animal originated products; not elsewhere specified or included,2024,149489299.412
2026-09-03T12:28:28Z,South Africa,710,Import,World,19,"Preparations of cereals, flour, starch or milk; pastrycooks' products",2024,284777362.34
2026-09-03T12:28:28Z,South Africa,710,Import,World,68,"Stone, plaster, cement, asbestos, mica or similar materials; articles thereof",2024,226027219.367
2026-09-03T12:28:28Z,South Africa,710,Import,World,17,Sugars and sugar confectionery,2024,487328737.956
2026-09-03T12:28:28Z,South Africa,710,Import,World,81,"Metals; n.e.c., cermets and articles thereof",2024,52743703.73
2026-09-03T12:28:28Z,South Africa,710,Import,World,12,"Oil seeds and oleaginous fruits; miscellaneous grains, seeds and fruit, industrial or medicinal plants; straw and fodder",2024,182384065.202
2026-09-03T12:28:28Z,South Africa,710,Import,World,34,"Soap, organic surface-active agents; washing, lubricating, polishing or scouring preparations; artificial or prepared waxes, candles and similar articles, modelling pastes, dental waxes and dental preparations with a basis of plaster",2024,365425094.782
2026-09-03T12:28:28Z,South Africa,710,Import,World,75,Nickel and articles thereof,2024,15155957.697
2026-09-03T12:28:28Z,South Africa,710,Import,World,07,Vegetables and certain roots and tubers; edible,2024,145696801.657
2026-09-03T12:28:28Z,South Africa,710,Import,World,02,Meat and edible meat offal,2024,420979213.04
2026-09-03T12:28:28Z,South Africa,710,Import,World,56,"Wadding, felt and nonwovens, special yarns; twine, cordage, ropes and cables and articles thereof",2024,123388926.543
2026-09-03T12:28:28Z,South Africa,710,Import,World,73,Iron or steel articles,2024,1197353695.211
2026-09-03T12:28:28Z,South Africa,710,Import,World,59,"Textile fabrics; impregnated, coated, covered or laminated; textile articles of a kind suitable for industrial use",2024,157786101.998
2026-09-03T12:28:28Z,South Africa,710,Import,World,66,"Umbrellas, sun umbrellas, walking-sticks, seat sticks, whips, riding crops; and parts thereof",2024,8401801.111
2026-09-03T12:28:28Z,South Africa,710,Import,World,82,"Tools, implements, cutlery, spoons and forks, of base metal; parts thereof, of base metal",2024,451157281.477
2026-09-03T12:28:28Z,South Africa,710,Import,World,28,"Inorganic chemicals; organic and inorganic compounds of precious metals; of rare earth metals, of radio-active elements and of isotopes",2024,1587013866.333
2026-09-03T12:28:28Z,South Africa,710,Import,World,91,Clocks and watches and parts thereof,2024,116080056.659
2026-09-03T12:28:28Z,South Africa,710,Import,World,92,Musical instruments; parts and accessories of such articles,2024,15445599.752
2026-09-03T12:28:28Z,South Africa,710,Import,World,70,Glass and glassware,2024,282563600.953
2026-09-03T12:28:28Z,South Africa,710,Import,World,96,Miscellaneous manufactured articles,2024,267152662.004
2026-09-03T12:28:28Z,South Africa,710,Import,World,85,"Electrical machinery and equipment and parts thereof; sound recorders and reproducers; television image and sound recorders and reproducers, parts and accessories of such articles",2024,9856920338.837
2026-09-03T12:28:28Z,South Africa,710,Import,World,86,"Railway, tramway locomotives, rolling-stock and parts thereof; railway or tramway track fixtures and fittings and parts thereof; mechanical (including electro-mechanical) traffic signalling equipment of all kinds",2024,140634019.75
2026-09-03T12:28:28Z,South Africa,710,Import,World,13,"Lac; gums, resins and other vegetable saps and extracts",2024,41000781.679
2026-09-03T12:28:28Z,South Africa,710,Import,World,15,"Animal, vegetable or microbial fats and oils and their cleavage products; prepared edible fats; animal or vegetable waxes",2024,841155801.441
2026-09-03T12:28:28Z,South Africa,710,Import,World,33,"Essential oils and resinoids; perfumery, cosmetic or toilet preparations",2024,1213490422.836
2026-09-03T12:28:28Z,South Africa,710,Import,World,20,"Preparations of vegetables, fruit, nuts or other parts of plants",2024,338481562.937
2026-09-03T12:28:28Z,South Africa,710,Import,World,30,Pharmaceutical products,2024,2423265732.636
2026-09-03T12:28:28Z,South Africa,710,Import,World,25,"Salt; sulphur; earths, stone; plastering materials, lime and cement",2024,270425274.053
2026-09-03T12:28:28Z,South Africa,710,Import,World,14,Vegetable plaiting materials; vegetable products not elsewhere specified or included,2024,3052191.375
2026-09-03T12:28:28Z,South Africa,710,Import,World,52,Cotton,2024,143735047.163
2026-09-03T12:28:28Z,South Africa,710,Import,World,74,Copper and articles thereof,2024,841473960.37
2026-09-03T12:28:28Z,South Africa,710,Import,World,51,"Wool, fine or coarse animal hair; horsehair yarn and woven fabric",2024,56053859.39
2026-09-03T12:28:28Z,South Africa,710,Import,World,48,"Paper and paperboard; articles of paper pulp, of paper or paperboard",2024,1089313811.811
2026-09-03T12:28:28Z,South Africa,710,Import,World,49,"Printed books, newspapers, pictures and other products of the printing industry; manuscripts, typescripts and plans",2024,564552236.223
2026-09-03T12:28:28Z,South Africa,710,Import,World,09,"Coffee, tea, mate and spices",2024,273639092.815
2026-09-03T12:28:28Z,South Africa,710,Import,World,67,"Feathers and down, prepared; and articles made of feather or of down; artificial flowers; articles of human hair",2024,67226359.572
2026-09-03T12:28:28Z,South Africa,710,Import,World,78,Lead and articles thereof,2024,12862298.586
2026-09-03T12:28:28Z,South Africa,710,Import,World,08,"Fruit and nuts, edible; peel of citrus fruit or melons",2024,198937954.261
2026-09-03T12:28:28Z,South Africa,710,Import,World,23,"Food industries, residues and wastes thereof; prepared animal fodder",2024,318357724.065
2026-09-03T12:28:28Z,South Africa,710,Import,World,18,Cocoa and cocoa preparations,2024,221202541.316
2026-09-03T12:28:28Z,South Africa,710,Import,World,45,Cork and articles of cork,2024,13988727.029
2026-09-03T12:28:28Z,South Africa,710,Import,World,55,Man-made staple fibres,2024,237185413.264
2026-09-03T12:28:28Z,South Africa,710,Import,World,72,Iron and steel,2024,1706325993.664
2026-09-03T12:28:28Z,South Africa,710,Import,World,50,Silk,2024,3026432.751
2026-09-03T12:28:28Z,South Africa,710,Import,World,83,Metal; miscellaneous products of base metal,2024,332624068.537
2026-09-03T12:28:28Z,South Africa,710,Import,World,21,Miscellaneous edible preparations,2024,439097213.392
2026-09-03T12:28:28Z,South Africa,710,Import,World,76,Aluminium and articles thereof,2024,659236881.548
2026-09-03T12:28:28Z,South Africa,710,Import,World,16,"Meat, fish, crustaceans, molluscs or other aquatic invertebrates, or insects; preparations thereof",2024,148407173.014
2026-09-03T12:28:28Z,South Africa,710,Import,World,53,Vegetable textile fibres; paper yarn and woven fabrics of paper yarn,2024,28175429.825
2026-09-03T12:28:28Z,South Africa,710,Import,World,63,"Textiles, made up articles; sets; worn clothing and worn textile articles; rags",2024,241587971.635
2026-09-03T12:28:28Z,South Africa,710,Import,World,64,Footwear; gaiters and the like; parts of such articles,2024,988050942.645
2026-09-03T12:28:28Z,South Africa,710,Import,World,95,"Toys, games and sports requisites; parts and accessories thereof",2024,431044820.252
2026-09-03T12:28:28Z,South Africa,710,Import,World,69,Ceramic products,2024,370521305.706
2026-09-03T12:28:28Z,South Africa,710,Import,World,65,Headgear and parts thereof,2024,78978313.872
2026-09-03T12:28:28Z,South Africa,710,Import,World,01,Animals; live,2024,166844673.801
2026-09-03T12:28:28Z,South Africa,710,Import,World,87,"Vehicles; other than railway or tramway rolling stock, and parts and accessories thereof",2024,7134635195.004
2026-09-03T12:28:28Z,South Africa,710,Import,World,89,"Ships, boats and floating structures",2024,109150989.28
2026-09-03T12:28:28Z,South Africa,710,Import,World,42,"Articles of leather; saddlery and harness; travel goods, handbags and similar containers; articles of animal gut (other than silk-worm gut)",2024,263976414.625
2026-09-03T12:28:28Z,South Africa,710,Import,World,27,"Mineral fuels, mineral oils and products of their distillation; bituminous substances; mineral waxes",2024,19598299367.787
2026-09-03T12:28:28Z,South Africa,710,Import,World,84,"Machinery and mechanical appliances, boilers, nuclear reactors; parts thereof",2024,12903452739.978
2026-09-03T12:28:28Z,South Africa,710,Import,World,61,Apparel and clothing accessories; knitted or crocheted,2024,988429760.9
2026-09-03T12:28:28Z,South Africa,710,Import,World,37,Photographic or cinematographic goods,2024,36433637.33
2026-09-03T12:28:28Z,South Africa,710,Import,World,03,"Fish and crustaceans, molluscs and other aquatic invertebrates",2025,284058172.33
2026-09-03T12:28:28Z,South Africa,710,Import,World,05,Animal originated products; not elsewhere specified or included,2025,148029966.424
2026-09-03T12:28:28Z,South Africa,710,Import,World,08,"Fruit and nuts, edible; peel of citrus fruit or melons",2025,233156261.837
2026-09-03T12:28:28Z,South Africa,710,Import,World,09,"Coffee, tea, mate and spices",2025,307571578.409
2026-09-03T12:28:28Z,South Africa,710,Import,World,11,"Products of the milling industry; malt, starches, inulin, wheat gluten",2025,169284505.902
2026-09-03T12:28:28Z,South Africa,710,Import,World,12,"Oil seeds and oleaginous fruits; miscellaneous grains, seeds and fruit, industrial or medicinal plants; straw and fodder",2025,189920911.883
2026-09-03T12:28:28Z,South Africa,710,Import,World,14,Vegetable plaiting materials; vegetable products not elsewhere specified or included,2025,3284634.101
2026-09-03T12:28:28Z,South Africa,710,Import,World,17,Sugars and sugar confectionery,2025,614790485.068
2026-09-03T12:28:28Z,South Africa,710,Import,World,20,"Preparations of vegetables, fruit, nuts or other parts of plants",2025,338610345.536
2026-09-03T12:28:28Z,South Africa,710,Import,World,23,"Food industries, residues and wastes thereof; prepared animal fodder",2025,300690918.926
2026-09-03T12:28:28Z,South Africa,710,Import,World,25,"Salt; sulphur; earths, stone; plastering materials, lime and cement",2025,315007872.738
2026-09-03T12:28:28Z,South Africa,710,Import,World,26,"Ores, slag and ash",2025,43676456.026
2026-09-03T12:28:28Z,South Africa,710,Import,World,29,Organic chemicals,2025,1401868002.327
2026-09-03T12:28:28Z,South Africa,710,Import,World,31,Fertilizers,2025,1083611832.762
2026-09-03T12:28:28Z,South Africa,710,Import,World,32,"Tanning or dyeing extracts; tannins and their derivatives; dyes, pigments and other colouring matter; paints, varnishes; putty, other mastics; inks",2025,555113112.774
2026-09-03T12:28:28Z,South Africa,710,Import,World,34,"Soap, organic surface-active agents; washing, lubricating, polishing or scouring preparations; artificial or prepared waxes, candles and similar articles, modelling pastes, dental waxes and dental preparations with a basis of plaster",2025,400915888.533
2026-09-03T12:28:28Z,South Africa,710,Import,World,43,Furskins and artificial fur; manufactures thereof,2025,1411571.48
2026-09-03T12:28:28Z,South Africa,710,Import,World,45,Cork and articles of cork,2025,13077575.558
2026-09-03T12:28:28Z,South Africa,710,Import,World,46,"Manufactures of straw, esparto or other plaiting materials; basketware and wickerwork",2025,4685556.158
2026-09-03T12:28:28Z,South Africa,710,Import,World,48,"Paper and paperboard; articles of paper pulp, of paper or paperboard",2025,1075724947.831
2026-09-03T12:28:28Z,South Africa,710,Import,World,49,"Printed books, newspapers, pictures and other products of the printing industry; manuscripts, typescripts and plans",2025,113571402.492
2026-09-03T12:28:28Z,South Africa,710,Import,World,51,"Wool, fine or coarse animal hair; horsehair yarn and woven fabric",2025,60019568.962
2026-09-03T12:28:28Z,South Africa,710,Import,World,52,Cotton,2025,131663888.332
2026-09-03T12:28:28Z,South Africa,710,Import,World,54,Man-made filaments; strip and the like of man-made textile materials,2025,321286870.374
2026-09-03T12:28:28Z,South Africa,710,Import,World,60,Fabrics; knitted or crocheted,2025,191678937.227
2026-09-03T12:28:28Z,South Africa,710,Import,World,68,"Stone, plaster, cement, asbestos, mica or similar materials; articles thereof",2025,233567496.012
2026-09-03T12:28:28Z,South Africa,710,Import,World,71,"Natural, cultured pearls; precious, semi-precious stones; precious metals, metals clad with precious metal, and articles thereof; imitation jewellery; coin",2025,2026908475.866
2026-09-03T12:28:28Z,South Africa,710,Import,World,72,Iron and steel,2025,1526647118.895
2026-09-03T12:28:28Z,South Africa,710,Import,World,74,Copper and articles thereof,2025,805473111.844
2026-09-03T12:28:28Z,South Africa,710,Import,World,75,Nickel and articles thereof,2025,8471504.246
2026-09-03T12:28:28Z,South Africa,710,Import,World,78,Lead and articles thereof,2025,18125458.796
2026-09-03T12:28:28Z,South Africa,710,Import,World,81,"Metals; n.e.c., cermets and articles thereof",2025,47698265.883
2026-09-03T12:28:28Z,South Africa,710,Import,World,10,Cereals,2025,1328221337.27
2026-09-03T12:28:28Z,South Africa,710,Import,World,13,"Lac; gums, resins and other vegetable saps and extracts",2025,36504363.885
2026-09-03T12:28:28Z,South Africa,710,Import,World,30,Pharmaceutical products,2025,2504631303.303
2026-09-03T12:28:28Z,South Africa,710,Import,World,33,"Essential oils and resinoids; perfumery, cosmetic or toilet preparations",2025,1250495709.706
2026-09-03T12:28:28Z,South Africa,710,Import,World,36,Explosives; pyrotechnic products; matches; pyrophoric alloys; certain combustible preparations,2025,129729570.736
2026-09-03T12:28:28Z,South Africa,710,Import,World,50,Silk,2025,3641302.908
2026-09-03T12:28:28Z,South Africa,710,Import,World,53,Vegetable textile fibres; paper yarn and woven fabrics of paper yarn,2025,33955022.992
2026-09-03T12:28:28Z,South Africa,710,Import,World,56,"Wadding, felt and nonwovens, special yarns; twine, cordage, ropes and cables and articles thereof",2025,119603870.224
2026-09-03T12:28:28Z,South Africa,710,Import,World,76,Aluminium and articles thereof,2025,688309773.651
2026-09-03T12:28:28Z,South Africa,710,Import,World,15,"Animal, vegetable or microbial fats and oils and their cleavage products; prepared edible fats; animal or vegetable waxes",2025,944584246.315
2026-09-03T12:28:28Z,South Africa,710,Import,World,18,Cocoa and cocoa preparations,2025,308150654.921
2026-09-03T12:28:28Z,South Africa,710,Import,World,35,Albuminoidal substances; modified starches; glues; enzymes,2025,337534227.548
2026-09-03T12:28:28Z,South Africa,710,Import,World,38,Chemical products n.e.c.,2025,2008645487.906
2026-09-03T12:28:28Z,South Africa,710,Import,World,41,Raw hides and skins (other than furskins) and leather,2025,34175331.072
2026-09-03T12:28:28Z,South Africa,710,Import,World,55,Man-made staple fibres,2025,234628926.492
2026-09-03T12:28:28Z,South Africa,710,Import,World,58,"Fabrics; special woven fabrics, tufted textile fabrics, lace, tapestries, trimmings, embroidery",2025,32269649.679
2026-09-03T12:28:28Z,South Africa,710,Import,World,79,Zinc and articles thereof,2025,182477462.981
2026-09-03T12:28:28Z,South Africa,710,Import,World,40,Rubber and articles thereof,2025,1362926704.323
2026-09-03T12:28:28Z,South Africa,710,Import,World,63,"Textiles, made up articles; sets; worn clothing and worn textile articles; rags",2025,256674949.534
2026-09-03T12:28:28Z,South Africa,710,Import,World,65,Headgear and parts thereof,2025,80521169.016
2026-09-03T12:28:28Z,South Africa,710,Import,World,66,"Umbrellas, sun umbrellas, walking-sticks, seat sticks, whips, riding crops; and parts thereof",2025,8616254.154
2026-09-03T12:28:28Z,South Africa,710,Import,World,69,Ceramic products,2025,383886552.222
2026-09-03T12:28:28Z,South Africa,710,Import,World,95,"Toys, games and sports requisites; parts and accessories thereof",2025,458319483.712
2026-09-03T12:28:28Z,South Africa,710,Import,World,70,Glass and glassware,2025,285031719.834
2026-09-03T12:28:28Z,South Africa,710,Import,World,73,Iron or steel articles,2025,1200577214.207
2026-09-03T12:28:28Z,South Africa,710,Import,World,94,"Furniture; bedding, mattresses, mattress supports, cushions and similar stuffed furnishings; lamps and lighting fittings, n.e.c.; illuminated signs, illuminated name-plates and the like; prefabricated buildings",2025,735619863.871
2026-09-03T12:28:28Z,South Africa,710,Import,World,06,"Trees and other plants, live; bulbs, roots and the like; cut flowers and ornamental foliage",2025,19952475.377
2026-09-03T12:28:28Z,South Africa,710,Import,World,28,"Inorganic chemicals; organic and inorganic compounds of precious metals; of rare earth metals, of radio-active elements and of isotopes",2025,1700180013.15
2026-09-03T12:28:28Z,South Africa,710,Import,World,37,Photographic or cinematographic goods,2025,36953657.897
2026-09-03T12:28:28Z,South Africa,710,Import,World,57,Carpets and other textile floor coverings,2025,49881031.311
2026-09-03T12:28:28Z,South Africa,710,Import,World,84,"Machinery and mechanical appliances, boilers, nuclear reactors; parts thereof",2025,14010172641.826
2026-09-03T12:28:28Z,South Africa,710,Import,World,87,"Vehicles; other than railway or tramway rolling stock, and parts and accessories thereof",2025,8773746268.682
2026-09-03T12:28:28Z,South Africa,710,Import,World,89,"Ships, boats and floating structures",2025,94963762.544
2026-09-03T12:28:28Z,South Africa,710,Import,World,90,"Optical, photographic, cinematographic, measuring, checking, medical or surgical instruments and apparatus; parts and accessories",2025,2536366791.662
2026-09-03T12:28:28Z,South Africa,710,Import,World,92,Musical instruments; parts and accessories of such articles,2025,17610327.692
2026-09-03T12:28:28Z,South Africa,710,Import,World,96,Miscellaneous manufactured articles,2025,268488971.899
2026-09-03T12:28:28Z,South Africa,710,Import,World,97,Works of art; collectors' pieces and antiques,2025,98278324.071
2026-09-03T12:28:28Z,South Africa,710,Import,World,61,Apparel and clothing accessories; knitted or crocheted,2025,1044491579.16
2026-09-03T12:28:28Z,South Africa,710,Import,World,82,"Tools, implements, cutlery, spoons and forks, of base metal; parts thereof, of base metal",2025,448996364.208
2026-09-03T12:28:28Z,South Africa,710,Import,World,99,Commodities not specified according to kind,2025,8548408807.086
2026-09-03T12:28:28Z,South Africa,710,Import,World,04,"Dairy produce; birds' eggs; natural honey; edible products of animal origin, not elsewhere specified or included",2025,125984325.737
2026-09-03T12:28:28Z,South Africa,710,Import,World,07,Vegetables and certain roots and tubers; edible,2025,145686183.855
2026-09-03T12:28:28Z,South Africa,710,Import,World,21,Miscellaneous edible preparations,2025,474172674.445
2026-09-03T12:28:28Z,South Africa,710,Import,World,24,"Tobacco and manufactured tobacco substitutes; products, whether or not containing nicotine, intended for inhalation without combustion; other nicotine containing products intended for the intake of nicotine into the human body",2025,263089597.9
2026-09-03T12:28:28Z,South Africa,710,Import,World,47,Pulp of wood or other fibrous cellulosic material; recovered (waste and scrap) paper or paperboard,2025,134914491.024
2026-09-03T12:28:28Z,South Africa,710,Import,World,67,"Feathers and down, prepared; and articles made of feather or of down; artificial flowers; articles of human hair",2025,68356549.719
2026-09-03T12:28:28Z,South Africa,710,Import,World,01,Animals; live,2025,97907908.402
2026-09-03T12:28:28Z,South Africa,710,Import,World,27,"Mineral fuels, mineral oils and products of their distillation; bituminous substances; mineral waxes",2025,18496700554.443
2026-09-03T12:28:28Z,South Africa,710,Import,World,44,Wood and articles of wood; wood charcoal,2025,398851106.434
2026-09-03T12:28:28Z,South Africa,710,Import,World,64,Footwear; gaiters and the like; parts of such articles,2025,983536354.866
2026-09-03T12:28:28Z,South Africa,710,Import,World,85,"Electrical machinery and equipment and parts thereof; sound recorders and reproducers; television image and sound recorders and reproducers, parts and accessories of such articles",2025,10431809510.263
2026-09-03T12:28:28Z,South Africa,710,Import,World,88,"Aircraft, spacecraft, and parts thereof",2025,1233022150.554
2026-09-03T12:28:28Z,South Africa,710,Import,World,91,Clocks and watches and parts thereof,2025,142232841.556
2026-09-03T12:28:28Z,South Africa,710,Import,World,02,Meat and edible meat offal,2025,404404157.898
2026-09-03T12:28:28Z,South Africa,710,Import,World,16,"Meat, fish, crustaceans, molluscs or other aquatic invertebrates, or insects; preparations thereof",2025,137178380.613
2026-09-03T12:28:28Z,South Africa,710,Import,World,19,"Preparations of cereals, flour, starch or milk; pastrycooks' products",2025,299107293.709
2026-09-03T12:28:28Z,South Africa,710,Import,World,22,"Beverages, spirits and vinegar",2025,682916246.575
2026-09-03T12:28:28Z,South Africa,710,Import,World,39,Plastics and articles thereof,2025,2857429355.729
2026-09-03T12:28:28Z,South Africa,710,Import,World,80,Tin; articles thereof,2025,12121127.606
2026-09-03T12:28:28Z,South Africa,710,Import,World,83,Metal; miscellaneous products of base metal,2025,349748630.368
2026-09-03T12:28:28Z,South Africa,710,Import,World,59,"Textile fabrics; impregnated, coated, covered or laminated; textile articles of a kind suitable for industrial use",2025,141012269.632
2026-09-03T12:28:28Z,South Africa,710,Import,World,42,"Articles of leather; saddlery and harness; travel goods, handbags and similar containers; articles of animal gut (other than silk-worm gut)",2025,276966986.251
2026-09-03T12:28:28Z,South Africa,710,Import,World,62,Apparel and clothing accessories; not knitted or crocheted,2025,1090240275.811
2026-09-03T12:28:28Z,South Africa,710,Import,World,86,"Railway, tramway locomotives, rolling-stock and parts thereof; railway or tramway track fixtures and fittings and parts thereof; mechanical (including electro-mechanical) traffic signalling equipment of all kinds",2025,133419767.065
2026-09-03T12:28:28Z,Botswana,72,Export,World,76,Aluminium and articles thereof,2018,2569224.214
2026-09-03T12:28:28Z,Botswana,72,Export,World,06,"Trees and other plants, live; bulbs, roots and the like; cut flowers and ornamental foliage",2018,10165.808
2026-09-03T12:28:28Z,Botswana,72,Export,World,93,Arms and ammunition; parts and accessories thereof,2018,38667.904
2026-09-03T12:28:28Z,Botswana,72,Export,World,32,"Tanning or dyeing extracts; tannins and their derivatives; dyes, pigments and other colouring matter; paints, varnishes; putty, other mastics; inks",2018,1144310.342
2026-09-03T12:28:28Z,Botswana,72,Export,World,38,Chemical products n.e.c.,2018,222087.451
2026-09-03T12:28:28Z,Botswana,72,Export,World,97,Works of art; collectors' pieces and antiques,2018,12788.649
2026-09-03T12:28:28Z,Botswana,72,Export,World,89,"Ships, boats and floating structures",2018,440659.349
2026-09-03T12:28:28Z,Botswana,72,Export,World,19,"Preparations of cereals, flour, starch or milk; pastrycooks' products",2018,1709721.654
2026-09-03T12:28:28Z,Botswana,72,Export,World,14,Vegetable plaiting materials; vegetable products not elsewhere specified or included,2018,9.252
2026-09-03T12:28:28Z,Botswana,72,Export,World,99,Commodities not specified according to kind,2018,4352753.643
2026-09-03T12:28:28Z,Botswana,72,Export,World,21,Miscellaneous edible preparations,2018,487519.608
2026-09-03T12:28:28Z,Botswana,72,Export,World,45,Cork and articles of cork,2018,5764.125
2026-09-03T12:28:28Z,Botswana,72,Export,World,59,"Textile fabrics; impregnated, coated, covered or laminated; textile articles of a kind suitable for industrial use",2018,374594.409
2026-09-03T12:28:28Z,Botswana,72,Export,World,67,"Feathers and down, prepared; and articles made of feather or of down; artificial flowers; articles of human hair",2018,49371.761
2026-09-03T12:28:28Z,Botswana,72,Export,World,37,Photographic or cinematographic goods,2018,14402.856
2026-09-03T12:28:28Z,Botswana,72,Export,World,91,Clocks and watches and parts thereof,2018,154094.298
2026-09-03T12:28:28Z,Botswana,72,Export,World,26,"Ores, slag and ash",2018,7031180.004
2026-09-03T12:28:28Z,Botswana,72,Export,World,03,"Fish and crustaceans, molluscs and other aquatic invertebrates",2018,1817023.766
2026-09-03T12:28:28Z,Botswana,72,Export,World,81,"Metals; n.e.c., cermets and articles thereof",2018,228414.997
2026-09-03T12:28:28Z,Botswana,72,Export,World,87,"Vehicles; other than railway or tramway rolling stock, and parts and accessories thereof",2018,41107200.131
2026-09-03T12:28:28Z,Botswana,72,Export,World,08,"Fruit and nuts, edible; peel of citrus fruit or melons",2018,133382.855
2026-09-03T12:28:28Z,Botswana,72,Export,World,79,Zinc and articles thereof,2018,3158.091
2026-09-03T12:28:28Z,Botswana,72,Export,World,73,Iron or steel articles,2018,6397356.0
2026-09-03T12:28:28Z,Botswana,72,Export,World,20,"Preparations of vegetables, fruit, nuts or other parts of plants",2018,1625721.739
2026-09-03T12:28:28Z,Botswana,72,Export,World,42,"Articles of leather; saddlery and harness; travel goods, handbags and similar containers; articles of animal gut (other than silk-worm gut)",2018,275873.74
2026-09-03T12:28:28Z,Botswana,72,Export,World,92,Musical instruments; parts and accessories of such articles,2018,293577.921
2026-09-03T12:28:28Z,Botswana,72,Export,World,10,Cereals,2018,1373789.932
2026-09-03T12:28:28Z,Botswana,72,Export,World,48,"Paper and paperboard; articles of paper pulp, of paper or paperboard",2018,4599610.646
2026-09-03T12:28:28Z,Botswana,72,Export,World,28,"Inorganic chemicals; organic and inorganic compounds of precious metals; of rare earth metals, of radio-active elements and of isotopes",2018,47419161.872
2026-09-03T12:28:28Z,Botswana,72,Export,World,51,"Wool, fine or coarse animal hair; horsehair yarn and woven fabric",2018,52579.442
2026-09-03T12:28:28Z,Botswana,72,Export,World,46,"Manufactures of straw, esparto or other plaiting materials; basketware and wickerwork",2018,1479.052
2026-09-03T12:28:28Z,Botswana,72,Export,World,58,"Fabrics; special woven fabrics, tufted textile fabrics, lace, tapestries, trimmings, embroidery",2018,4823648.782
2026-09-03T12:28:28Z,Botswana,72,Export,World,88,"Aircraft, spacecraft and parts thereof",2018,19640550.537
2026-09-03T12:28:28Z,Botswana,72,Export,World,66,"Umbrellas, sun umbrellas, walking-sticks, seat sticks, whips, riding crops; and parts thereof",2018,3749.88
2026-09-03T12:28:28Z,Botswana,72,Export,World,54,Man-made filaments; strip and the like of man-made textile materials,2018,3270.055
2026-09-03T12:28:28Z,Botswana,72,Export,World,95,"Toys, games and sports requisites; parts and accessories thereof",2018,133869.632
2026-09-03T12:28:28Z,Botswana,72,Export,World,27,"Mineral fuels, mineral oils and products of their distillation; bituminous substances; mineral waxes",2018,12746553.302
2026-09-03T12:28:28Z,Botswana,72,Export,World,39,Plastics and articles thereof,2018,25768948.967
2026-09-03T12:28:28Z,Botswana,72,Export,World,49,"Printed books, newspapers, pictures and other products of the printing industry; manuscripts, typescripts and plans",2018,14603026.88
2026-09-03T12:28:28Z,Botswana,72,Export,World,52,Cotton,2018,26739.869
2026-09-03T12:28:28Z,Botswana,72,Export,World,96,Miscellaneous manufactured articles,2018,840554.341
2026-09-03T12:28:28Z,Botswana,72,Export,World,86,"Railway, tramway locomotives, rolling-stock and parts thereof; railway or tramway track fixtures and fittings and parts thereof; mechanical (including electro-mechanical) traffic signalling equipment of all kinds",2018,373122.392
2026-09-03T12:28:28Z,Botswana,72,Export,World,57,Carpets and other textile floor coverings,2018,32246.752
2026-09-03T12:28:28Z,Botswana,72,Export,World,85,"Electrical machinery and equipment and parts thereof; sound recorders and reproducers; television image and sound recorders and reproducers, parts and accessories of such articles",2018,143845800.833
2026-09-03T12:28:28Z,Botswana,72,Export,World,24,Tobacco and manufactured tobacco substitutes,2018,3961174.447
2026-09-03T12:28:28Z,Botswana,72,Export,World,62,Apparel and clothing accessories; not knitted or crocheted,2018,1170682.781
2026-09-03T12:28:28Z,Botswana,72,Export,World,55,Man-made staple fibres,2018,28738.689
2026-09-03T12:28:28Z,Botswana,72,Export,World,74,Copper and articles thereof,2018,2990413.064
2026-09-03T12:28:28Z,Botswana,72,Export,World,34,"Soap, organic surface-active agents; washing, lubricating, polishing or scouring preparations; artificial or prepared waxes, candles and similar articles, modelling pastes, dental waxes and dental preparations with a basis of plaster",2018,2393949.615
2026-09-03T12:28:28Z,Botswana,72,Export,World,11,"Products of the milling industry; malt, starches, inulin, wheat gluten",2018,865283.851
2026-09-03T12:28:28Z,Botswana,72,Export,World,15,Animal or vegetable fats and oils and their cleavage products; prepared animal fats; animal or vegetable waxes,2018,404514.354
2026-09-03T12:28:28Z,Botswana,72,Export,World,56,"Wadding, felt and nonwovens, special yarns; twine, cordage, ropes and cables and articles thereof",2018,12220.163
2026-09-03T12:28:28Z,Botswana,72,Export,World,75,Nickel and articles thereof,2018,116553.135
2026-09-03T12:28:28Z,Botswana,72,Export,World,65,Headgear and parts thereof,2018,56882.005
2026-09-03T12:28:28Z,Botswana,72,Export,World,33,"Essential oils and resinoids; perfumery, cosmetic or toilet preparations",2018,857717.067
2026-09-03T12:28:28Z,Botswana,72,Export,World,71,"Natural, cultured pearls; precious, semi-precious stones; precious metals, metals clad with precious metal, and articles thereof; imitation jewellery; coin",2018,6083303815.855
2026-09-03T12:28:28Z,Botswana,72,Export,World,63,"Textiles, made up articles; sets; worn clothing and worn textile articles; rags",2018,14890804.107
2026-09-03T12:28:28Z,Botswana,72,Export,World,40,Rubber and articles thereof,2018,2216170.555
2026-09-03T12:28:28Z,Botswana,72,Export,World,23,"Food industries, residues and wastes thereof; prepared animal fodder",2018,3016017.077
2026-09-03T12:28:28Z,Botswana,72,Export,World,09,"Coffee, tea, mate and spices",2018,107376.349
2026-09-03T12:28:28Z,Botswana,72,Export,World,29,Organic chemicals,2018,169511.636
2026-09-03T12:28:28Z,Botswana,72,Export,World,64,Footwear; gaiters and the like; parts of such articles,2018,1238086.397
2026-09-03T12:28:28Z,Botswana,72,Export,World,17,Sugars and sugar confectionery,2018,102291.608
2026-09-03T12:28:28Z,Botswana,72,Export,World,90,"Optical, photographic, cinematographic, measuring, checking, medical or surgical instruments and apparatus; parts and accessories",2018,2428381.807
2026-09-03T12:28:28Z,Botswana,72,Export,World,01,Animals; live,2018,201449.204
2026-09-03T12:28:28Z,Botswana,72,Export,World,83,Metal; miscellaneous products of base metal,2018,5991011.527
2026-09-03T12:28:28Z,Botswana,72,Export,World,70,Glass and glassware,2018,694329.664
2026-09-03T12:28:28Z,Botswana,72,Export,World,44,Wood and articles of wood; wood charcoal,2018,2160064.53
2026-09-03T12:28:28Z,Botswana,72,Export,World,82,"Tools, implements, cutlery, spoons and forks, of base metal; parts thereof, of base metal",2018,1350753.742
2026-09-03T12:28:28Z,Botswana,72,Export,World,18,Cocoa and cocoa preparations,2018,10975.832
2026-09-03T12:28:28Z,Botswana,72,Export,World,36,Explosives; pyrotechnic products; matches; pyrophoric alloys; certain combustible preparations,2018,796015.969
2026-09-03T12:28:28Z,Botswana,72,Export,World,30,Pharmaceutical products,2018,11089092.144
2026-09-03T12:28:28Z,Botswana,72,Export,World,68,"Stone, plaster, cement, asbestos, mica or similar materials; articles thereof",2018,4847452.359
2026-09-03T12:28:28Z,Botswana,72,Export,World,35,Albuminoidal substances; modified starches; glues; enzymes,2018,228032.131
2026-09-03T12:28:28Z,Botswana,72,Export,World,43,Furskins and artificial fur; manufactures thereof,2018,12608.822
2026-09-03T12:28:28Z,Botswana,72,Export,World,60,Fabrics; knitted or crocheted,2018,57486.774
2026-09-03T12:28:28Z,Botswana,72,Export,World,53,Vegetable textile fibres; paper yarn and woven fabrics of paper yarn,2018,48.201
2026-09-03T12:28:28Z,Botswana,72,Export,World,50,Silk,2018,2908.702
2026-09-03T12:28:28Z,Botswana,72,Export,World,12,"Oil seeds and oleaginous fruits; miscellaneous grains, seeds and fruit, industrial or medicinal plants; straw and fodder",2018,243803.288
2026-09-03T12:28:28Z,Botswana,72,Export,World,25,"Salt; sulphur; earths, stone; plastering materials, lime and cement",2018,41567357.713
2026-09-03T12:28:28Z,Botswana,72,Export,World,22,"Beverages, spirits and vinegar",2018,1373261.78
2026-09-03T12:28:28Z,Botswana,72,Export,World,61,Apparel and clothing accessories; knitted or crocheted,2018,2157589.248
2026-09-03T12:28:28Z,Botswana,72,Export,World,07,Vegetables and certain roots and tubers; edible,2018,5246767.034
2026-09-03T12:28:28Z,Botswana,72,Export,World,31,Fertilizers,2018,607092.371
2026-09-03T12:28:28Z,Botswana,72,Export,World,84,"Nuclear reactors, boilers, machinery and mechanical appliances; parts thereof",2018,50821369.665
2026-09-03T12:28:28Z,Botswana,72,Export,World,05,Animal originated products; not elsewhere specified or included,2018,73924.034
2026-09-03T12:28:28Z,Botswana,72,Export,World,47,Pulp of wood or other fibrous cellulosic material; recovered (waste and scrap) paper or paperboard,2018,1357346.26
2026-09-03T12:28:28Z,Botswana,72,Export,World,94,"Furniture; bedding, mattresses, mattress supports, cushions and similar stuffed furnishings; lamps and lighting fittings, n.e.c.; illuminated signs, illuminated name-plates and the like; prefabricated buildings",2018,4452512.195
2026-09-03T12:28:28Z,Botswana,72,Export,World,78,Lead and articles thereof,2018,965853.171
2026-09-03T12:28:28Z,Botswana,72,Export,World,41,Raw hides and skins (other than furskins) and leather,2018,2320394.133
2026-09-03T12:28:28Z,Botswana,72,Export,World,16,"Meat, fish or crustaceans, molluscs or other aquatic invertebrates; preparations thereof",2018,375771.55
2026-09-03T12:28:28Z,Botswana,72,Export,World,04,"Dairy produce; birds' eggs; natural honey; edible products of animal origin, not elsewhere specified or included",2018,899521.255
2026-09-03T12:28:28Z,Botswana,72,Export,World,13,"Lac; gums, resins and other vegetable saps and extracts",2018,3134834.857
2026-09-03T12:28:28Z,Botswana,72,Export,World,72,Iron and steel,2018,9812583.357
2026-09-03T12:28:28Z,Botswana,72,Export,World,02,Meat and edible meat offal,2018,97384008.208
2026-09-03T12:28:28Z,Botswana,72,Export,World,69,Ceramic products,2018,382693.203
2026-09-03T12:28:28Z,Lesotho,426,Export,World,41,Raw hides and skins (other than furskins) and leather,2018,27569.934
2026-09-03T12:28:28Z,Lesotho,426,Export,World,24,Tobacco and manufactured tobacco substitutes,2018,30654.842
2026-09-03T12:28:28Z,Lesotho,426,Export,World,85,"Electrical machinery and equipment and parts thereof; sound recorders and reproducers; television image and sound recorders and reproducers, parts and accessories of such articles",2018,54936223.813
2026-09-03T12:28:28Z,Lesotho,426,Export,World,86,"Railway, tramway locomotives, rolling-stock and parts thereof; railway or tramway track fixtures and fittings and parts thereof; mechanical (including electro-mechanical) traffic signalling equipment of all kinds",2018,1070.136
2026-09-03T12:28:28Z,Lesotho,426,Export,World,57,Carpets and other textile floor coverings,2018,6802.471
2026-09-03T12:28:28Z,Lesotho,426,Export,World,96,Miscellaneous manufactured articles,2018,123956.771
2026-09-03T12:28:28Z,Lesotho,426,Export,World,60,Fabrics; knitted or crocheted,2018,260042.229
2026-09-03T12:28:28Z,Lesotho,426,Export,World,58,"Fabrics; special woven fabrics, tufted textile fabrics, lace, tapestries, trimmings, embroidery",2018,98589.475
2026-09-03T12:28:28Z,Lesotho,426,Export,World,10,Cereals,2018,210104.092
2026-09-03T12:28:28Z,Lesotho,426,Export,World,92,Musical instruments; parts and accessories of such articles,2018,10198.333
2026-09-03T12:28:28Z,Lesotho,426,Export,World,80,Tin; articles thereof,2018,148280.627
2026-09-03T12:28:28Z,Lesotho,426,Export,World,48,"Paper and paperboard; articles of paper pulp, of paper or paperboard",2018,5631360.21
2026-09-03T12:28:28Z,Lesotho,426,Export,World,22,"Beverages, spirits and vinegar",2018,70757719.123
2026-09-03T12:28:28Z,Lesotho,426,Export,World,90,"Optical, photographic, cinematographic, measuring, checking, medical or surgical instruments and apparatus; parts and accessories",2018,418175.849
2026-09-03T12:28:28Z,Lesotho,426,Export,World,47,Pulp of wood or other fibrous cellulosic material; recovered (waste and scrap) paper or paperboard,2018,68261.347
2026-09-03T12:28:28Z,Lesotho,426,Export,World,29,Organic chemicals,2018,1792.88
2026-09-03T12:28:28Z,Lesotho,426,Export,World,09,"Coffee, tea, mate and spices",2018,812263.777
2026-09-03T12:28:28Z,Lesotho,426,Export,World,17,Sugars and sugar confectionery,2018,16789.617
2026-09-03T12:28:28Z,Lesotho,426,Export,World,64,Footwear; gaiters and the like; parts of such articles,2018,10082038.064
2026-09-03T12:28:28Z,Lesotho,426,Export,World,30,Pharmaceutical products,2018,496862.715
2026-09-03T12:28:28Z,Lesotho,426,Export,World,68,"Stone, plaster, cement, asbestos, mica or similar materials; articles thereof",2018,68748.25
2026-09-03T12:28:28Z,Lesotho,426,Export,World,72,Iron and steel,2018,471450.993
2026-09-03T12:28:28Z,Lesotho,426,Export,World,69,Ceramic products,2018,34737.691
2026-09-03T12:28:28Z,Lesotho,426,Export,World,94,"Furniture; bedding, mattresses, mattress supports, cushions and similar stuffed furnishings; lamps and lighting fittings, n.e.c.; illuminated signs, illuminated name-plates and the like; prefabricated buildings",2018,779987.735
2026-09-03T12:28:28Z,Lesotho,426,Export,World,07,Vegetables and certain roots and tubers; edible,2018,127367.77
2026-09-03T12:28:28Z,Lesotho,426,Export,World,84,"Nuclear reactors, boilers, machinery and mechanical appliances; parts thereof",2018,16551384.267
2026-09-03T12:28:28Z,Lesotho,426,Export,World,31,Fertilizers,2018,121.921
2026-09-03T12:28:28Z,Lesotho,426,Export,World,82,"Tools, implements, cutlery, spoons and forks, of base metal; parts thereof, of base metal",2018,108313.021
2026-09-03T12:28:28Z,Lesotho,426,Export,World,83,Metal; miscellaneous products of base metal,2018,17199.231
2026-09-03T12:28:28Z,Lesotho,426,Export,World,01,Animals; live,2018,606891.962
2026-09-03T12:28:28Z,Lesotho,426,Export,World,39,Plastics and articles thereof,2018,1750189.981
2026-09-03T12:28:28Z,Lesotho,426,Export,World,62,Apparel and clothing accessories; not knitted or crocheted,2018,195799015.671
2026-09-03T12:28:28Z,Lesotho,426,Export,World,55,Man-made staple fibres,2018,605219.04
2026-09-03T12:28:28Z,Lesotho,426,Export,World,43,Furskins and artificial fur; manufactures thereof,2018,2971.582
2026-09-03T12:28:28Z,Lesotho,426,Export,World,35,Albuminoidal substances; modified starches; glues; enzymes,2018,1022.746
2026-09-03T12:28:28Z,Lesotho,426,Export,World,26,"Ores, slag and ash",2018,2387.897
2026-09-03T12:28:28Z,Lesotho,426,Export,World,91,Clocks and watches and parts thereof,2018,23165.236
2026-09-03T12:28:28Z,Lesotho,426,Export,World,02,Meat and edible meat offal,2018,13464.605
2026-09-03T12:28:28Z,Lesotho,426,Export,World,49,"Printed books, newspapers, pictures and other products of the printing industry; manuscripts, typescripts and plans",2018,220776.271
2026-09-03T12:28:28Z,Lesotho,426,Export,World,52,Cotton,2018,28432689.311
2026-09-03T12:28:28Z,Lesotho,426,Export,World,76,Aluminium and articles thereof,2018,336135.041
2026-09-03T12:28:28Z,Lesotho,426,Export,World,06,"Trees and other plants, live; bulbs, roots and the like; cut flowers and ornamental foliage",2018,585214.029
2026-09-03T12:28:28Z,Lesotho,426,Export,World,32,"Tanning or dyeing extracts; tannins and their derivatives; dyes, pigments and other colouring matter; paints, varnishes; putty, other mastics; inks",2018,75279.521
2026-09-03T12:28:28Z,Lesotho,426,Export,World,73,Iron or steel articles,2018,813598.836
2026-09-03T12:28:28Z,Lesotho,426,Export,World,08,"Fruit and nuts, edible; peel of citrus fruit or melons",2018,7356.456
2026-09-03T12:28:28Z,Lesotho,426,Export,World,65,Headgear and parts thereof,2018,515154.889
2026-09-03T12:28:28Z,Lesotho,426,Export,World,97,Works of art; collectors' pieces and antiques,2018,759.412
2026-09-03T12:28:28Z,Lesotho,426,Export,World,38,Chemical products n.e.c.,2018,10755.123
2026-09-03T12:28:28Z,Lesotho,426,Export,World,53,Vegetable textile fibres; paper yarn and woven fabrics of paper yarn,2018,22.669
2026-09-03T12:28:28Z,Lesotho,426,Export,World,50,Silk,2018,30834.158
2026-09-03T12:28:28Z,Lesotho,426,Export,World,12,"Oil seeds and oleaginous fruits; miscellaneous grains, seeds and fruit, industrial or medicinal plants; straw and fodder",2018,1121443.638
2026-09-03T12:28:28Z,Lesotho,426,Export,World,25,"Salt; sulphur; earths, stone; plastering materials, lime and cement",2018,1588757.392
2026-09-03T12:28:28Z,Lesotho,426,Export,World,20,"Preparations of vegetables, fruit, nuts or other parts of plants",2018,11975.827
2026-09-03T12:28:28Z,Lesotho,426,Export,World,70,Glass and glassware,2018,385797.799
2026-09-03T12:28:28Z,Lesotho,426,Export,World,44,Wood and articles of wood; wood charcoal,2018,311692.413
2026-09-03T12:28:28Z,Lesotho,426,Export,World,18,Cocoa and cocoa preparations,2018,10919.152
2026-09-03T12:28:28Z,Lesotho,426,Export,World,42,"Articles of leather; saddlery and harness; travel goods, handbags and similar containers; articles of animal gut (other than silk-worm gut)",2018,365704.545
2026-09-03T12:28:28Z,Lesotho,426,Export,World,46,"Manufactures of straw, esparto or other plaiting materials; basketware and wickerwork",2018,7285.064
2026-09-03T12:28:28Z,Lesotho,426,Export,World,28,"Inorganic chemicals; organic and inorganic compounds of precious metals; of rare earth metals, of radio-active elements and of isotopes",2018,7502.4
2026-09-03T12:28:28Z,Lesotho,426,Export,World,51,"Wool, fine or coarse animal hair; horsehair yarn and woven fabric",2018,16562443.363
2026-09-03T12:28:28Z,Lesotho,426,Export,World,88,"Aircraft, spacecraft and parts thereof",2018,29391.88
2026-09-03T12:28:28Z,Lesotho,426,Export,World,66,"Umbrellas, sun umbrellas, walking-sticks, seat sticks, whips, riding crops; and parts thereof",2018,292.151
2026-09-03T12:28:28Z,Lesotho,426,Export,World,54,Man-made filaments; strip and the like of man-made textile materials,2018,359817.312
2026-09-03T12:28:28Z,Lesotho,426,Export,World,95,"Toys, games and sports requisites; parts and accessories thereof",2018,458416.28
2026-09-03T12:28:28Z,Lesotho,426,Export,World,27,"Mineral fuels, mineral oils and products of their distillation; bituminous substances; mineral waxes",2018,435401.018
2026-09-03T12:28:28Z,Lesotho,426,Export,World,04,"Dairy produce; birds' eggs; natural honey; edible products of animal origin, not elsewhere specified or included",2018,20871.582
2026-09-03T12:28:28Z,Lesotho,426,Export,World,13,"Lac; gums, resins and other vegetable saps and extracts",2018,151579.496
2026-09-03T12:28:28Z,Lesotho,426,Export,World,40,Rubber and articles thereof,2018,162733.782
2026-09-03T12:28:28Z,Lesotho,426,Export,World,23,"Food industries, residues and wastes thereof; prepared animal fodder",2018,2217265.836
2026-09-03T12:28:28Z,Lesotho,426,Export,World,71,"Natural, cultured pearls; precious, semi-precious stones; precious metals, metals clad with precious metal, and articles thereof; imitation jewellery; coin",2018,137941366.394
2026-09-03T12:28:28Z,Lesotho,426,Export,World,33,"Essential oils and resinoids; perfumery, cosmetic or toilet preparations",2018,792002.405
2026-09-03T12:28:28Z,Lesotho,426,Export,World,63,"Textiles, made up articles; sets; worn clothing and worn textile articles; rags",2018,24516858.998
2026-09-03T12:28:28Z,Lesotho,426,Export,World,61,Apparel and clothing accessories; knitted or crocheted,2018,282973404.203
2026-09-03T12:28:28Z,Lesotho,426,Export,World,11,"Products of the milling industry; malt, starches, inulin, wheat gluten",2018,6722373.253
2026-09-03T12:28:28Z,Lesotho,426,Export,World,34,"Soap, organic surface-active agents; washing, lubricating, polishing or scouring preparations; artificial or prepared waxes, candles and similar articles, modelling pastes, dental waxes and dental preparations with a basis of plaster",2018,540261.678
2026-09-03T12:28:28Z,Lesotho,426,Export,World,74,Copper and articles thereof,2018,4674.168
2026-09-03T12:28:28Z,Lesotho,426,Export,World,15,Animal or vegetable fats and oils and their cleavage products; prepared animal fats; animal or vegetable waxes,2018,667.326
2026-09-03T12:28:28Z,Lesotho,426,Export,World,56,"Wadding, felt and nonwovens, special yarns; twine, cordage, ropes and cables and articles thereof",2018,92853.646
2026-09-03T12:28:28Z,Lesotho,426,Export,World,03,"Fish and crustaceans, molluscs and other aquatic invertebrates",2018,3400919.237
2026-09-03T12:28:28Z,Lesotho,426,Export,World,87,"Vehicles; other than railway or tramway rolling stock, and parts and accessories thereof",2018,7042386.143
2026-09-03T12:28:28Z,Lesotho,426,Export,World,37,Photographic or cinematographic goods,2018,775.96
2026-09-03T12:28:28Z,Lesotho,426,Export,World,19,"Preparations of cereals, flour, starch or milk; pastrycooks' products",2018,1684678.876
2026-09-03T12:28:28Z,Lesotho,426,Export,World,89,"Ships, boats and floating structures",2018,880.313
2026-09-03T12:28:28Z,Lesotho,426,Export,World,99,Commodities not specified according to kind,2018,125643.946
2026-09-03T12:28:28Z,Lesotho,426,Export,World,21,Miscellaneous edible preparations,2018,191154.24
2026-09-03T12:28:28Z,Lesotho,426,Export,World,59,"Textile fabrics; impregnated, coated, covered or laminated; textile articles of a kind suitable for industrial use",2018,4977.488
2026-09-03T12:28:28Z,Lesotho,426,Export,World,67,"Feathers and down, prepared; and articles made of feather or of down; artificial flowers; articles of human hair",2018,9175.963
2026-09-03T12:28:28Z,Namibia,516,Export,World,01,Animals; live,2018,210121267.683
2026-09-03T12:28:28Z,Namibia,516,Export,World,02,Meat and edible meat offal,2018,73701770.73
2026-09-03T12:28:28Z,Namibia,516,Export,World,03,"Fish and crustaceans, molluscs and other aquatic invertebrates",2018,731085641.555
2026-09-03T12:28:28Z,Namibia,516,Export,World,04,"Dairy produce; birds' eggs; natural honey; edible products of animal origin, not elsewhere specified or included",2018,2826701.352
2026-09-03T12:28:28Z,Namibia,516,Export,World,06,"Trees and other plants, live; bulbs, roots and the like; cut flowers and ornamental foliage",2018,589241.016
2026-09-03T12:28:28Z,Namibia,516,Export,World,08,"Fruit and nuts, edible; peel of citrus fruit or melons",2018,57149126.873
2026-09-03T12:28:28Z,Namibia,516,Export,World,09,"Coffee, tea, mate and spices",2018,588946.309
2026-09-03T12:28:28Z,Namibia,516,Export,World,10,Cereals,2018,46006.913
2026-09-03T12:28:28Z,Namibia,516,Export,World,11,"Products of the milling industry; malt, starches, inulin, wheat gluten",2018,5708068.933
2026-09-03T12:28:28Z,Namibia,516,Export,World,17,Sugars and sugar confectionery,2018,1174204.625
2026-09-03T12:28:28Z,Namibia,516,Export,World,18,Cocoa and cocoa preparations,2018,441751.982
2026-09-03T12:28:28Z,Namibia,516,Export,World,19,"Preparations of cereals, flour, starch or milk; pastrycooks' products",2018,14691586.377
2026-09-03T12:28:28Z,Namibia,516,Export,World,21,Miscellaneous edible preparations,2018,1149693.636
2026-09-03T12:28:28Z,Namibia,516,Export,World,34,"Soap, organic surface-active agents; washing, lubricating, polishing or scouring preparations; artificial or prepared waxes, candles and similar articles, modelling pastes, dental waxes and dental preparations with a basis of plaster",2018,1363064.854
2026-09-03T12:28:28Z,Namibia,516,Export,World,35,Albuminoidal substances; modified starches; glues; enzymes,2018,119615.309
2026-09-03T12:28:28Z,Namibia,516,Export,World,37,Photographic or cinematographic goods,2018,7271.865
2026-09-03T12:28:28Z,Namibia,516,Export,World,45,Cork and articles of cork,2018,3216.114
2026-09-03T12:28:28Z,Namibia,516,Export,World,46,"Manufactures of straw, esparto or other plaiting materials; basketware and wickerwork",2018,22453.445
2026-09-03T12:28:28Z,Namibia,516,Export,World,47,Pulp of wood or other fibrous cellulosic material; recovered (waste and scrap) paper or paperboard,2018,2225492.865
2026-09-03T12:28:28Z,Namibia,516,Export,World,48,"Paper and paperboard; articles of paper pulp, of paper or paperboard",2018,11139831.837
2026-09-03T12:28:28Z,Namibia,516,Export,World,50,Silk,2018,3140.204
2026-09-03T12:28:28Z,Namibia,516,Export,World,51,"Wool, fine or coarse animal hair; horsehair yarn and woven fabric",2018,134659.995
2026-09-03T12:28:28Z,Namibia,516,Export,World,52,Cotton,2018,99420.152
2026-09-03T12:28:28Z,Namibia,516,Export,World,54,Man-made filaments; strip and the like of man-made textile materials,2018,12473.387
2026-09-03T12:28:28Z,Namibia,516,Export,World,55,Man-made staple fibres,2018,26768.323
2026-09-03T12:28:28Z,Namibia,516,Export,World,57,Carpets and other textile floor coverings,2018,149187.624
2026-09-03T12:28:28Z,Namibia,516,Export,World,59,"Textile fabrics; impregnated, coated, covered or laminated; textile articles of a kind suitable for industrial use",2018,67611.077
2026-09-03T12:28:28Z,Namibia,516,Export,World,65,Headgear and parts thereof,2018,84450.014
2026-09-03T12:28:28Z,Namibia,516,Export,World,66,"Umbrellas, sun umbrellas, walking-sticks, seat sticks, whips, riding crops; and parts thereof",2018,13700.719
2026-09-03T12:28:28Z,Namibia,516,Export,World,72,Iron and steel,2018,26307146.535
2026-09-03T12:28:28Z,Namibia,516,Export,World,74,Copper and articles thereof,2018,1557650052.144
2026-09-03T12:28:28Z,Namibia,516,Export,World,76,Aluminium and articles thereof,2018,4323416.616
2026-09-03T12:28:28Z,Namibia,516,Export,World,78,Lead and articles thereof,2018,6029230.543
2026-09-03T12:28:28Z,Namibia,516,Export,World,80,Tin; articles thereof,2018,19019.752
2026-09-03T12:28:28Z,Namibia,516,Export,World,81,"Metals; n.e.c., cermets and articles thereof",2018,73321.695
2026-09-03T12:28:28Z,Namibia,516,Export,World,84,"Nuclear reactors, boilers, machinery and mechanical appliances; parts thereof",2018,91410357.409
2026-09-03T12:28:28Z,Namibia,516,Export,World,85,"Electrical machinery and equipment and parts thereof; sound recorders and reproducers; television image and sound recorders and reproducers, parts and accessories of such articles",2018,37440637.639
2026-09-03T12:28:28Z,Namibia,516,Export,World,86,"Railway, tramway locomotives, rolling-stock and parts thereof; railway or tramway track fixtures and fittings and parts thereof; mechanical (including electro-mechanical) traffic signalling equipment of all kinds",2018,15745174.309
2026-09-03T12:28:28Z,Namibia,516,Export,World,87,"Vehicles; other than railway or tramway rolling stock, and parts and accessories thereof",2018,113585301.143
2026-09-03T12:28:28Z,Namibia,516,Export,World,88,"Aircraft, spacecraft and parts thereof",2018,3737910.043
2026-09-03T12:28:28Z,Namibia,516,Export,World,89,"Ships, boats and floating structures",2018,884678464.645
2026-09-03T12:28:28Z,Namibia,516,Export,World,90,"Optical, photographic, cinematographic, measuring, checking, medical or surgical instruments and apparatus; parts and accessories",2018,13007402.81
2026-09-03T12:28:28Z,Namibia,516,Export,World,92,Musical instruments; parts and accessories of such articles,2018,73707.367
2026-09-03T12:28:28Z,Namibia,516,Export,World,93,Arms and ammunition; parts and accessories thereof,2018,2515952.792
2026-09-03T12:28:28Z,Namibia,516,Export,World,94,"Furniture; bedding, mattresses, mattress supports, cushions and similar stuffed furnishings; lamps and lighting fittings, n.e.c.; illuminated signs, illuminated name-plates and the like; prefabricated buildings",2018,5372926.378
2026-09-03T12:28:28Z,Namibia,516,Export,World,99,Commodities not specified according to kind,2018,55706304.47
2026-09-03T12:28:28Z,Namibia,516,Export,World,05,Animal originated products; not elsewhere specified or included,2018,1072043.304
2026-09-03T12:28:28Z,Namibia,516,Export,World,07,Vegetables and certain roots and tubers; edible,2018,9490041.063
2026-09-03T12:28:28Z,Namibia,516,Export,World,12,"Oil seeds and oleaginous fruits; miscellaneous grains, seeds and fruit, industrial or medicinal plants; straw and fodder",2018,5398415.997
2026-09-03T12:28:28Z,Namibia,516,Export,World,13,"Lac; gums, resins and other vegetable saps and extracts",2018,23401.297
2026-09-03T12:28:28Z,Namibia,516,Export,World,14,Vegetable plaiting materials; vegetable products not elsewhere specified or included,2018,2274.811
2026-09-03T12:28:28Z,Namibia,516,Export,World,15,Animal or vegetable fats and oils and their cleavage products; prepared animal fats; animal or vegetable waxes,2018,1869525.217
2026-09-03T12:28:28Z,Namibia,516,Export,World,16,"Meat, fish or crustaceans, molluscs or other aquatic invertebrates; preparations thereof",2018,43057676.026
2026-09-03T12:28:28Z,Namibia,516,Export,World,20,"Preparations of vegetables, fruit, nuts or other parts of plants",2018,710954.27
2026-09-03T12:28:28Z,Namibia,516,Export,World,22,"Beverages, spirits and vinegar",2018,91753734.813
2026-09-03T12:28:28Z,Namibia,516,Export,World,23,"Food industries, residues and wastes thereof; prepared animal fodder",2018,14199597.411
2026-09-03T12:28:28Z,Namibia,516,Export,World,24,Tobacco and manufactured tobacco substitutes,2018,21978521.761
2026-09-03T12:28:28Z,Namibia,516,Export,World,25,"Salt; sulphur; earths, stone; plastering materials, lime and cement",2018,64012686.932
2026-09-03T12:28:28Z,Namibia,516,Export,World,26,"Ores, slag and ash",2018,825420378.21
2026-09-03T12:28:28Z,Namibia,516,Export,World,27,"Mineral fuels, mineral oils and products of their distillation; bituminous substances; mineral waxes",2018,43101893.003
2026-09-03T12:28:28Z,Namibia,516,Export,World,28,"Inorganic chemicals; organic and inorganic compounds of precious metals; of rare earth metals, of radio-active elements and of isotopes",2018,22874485.71
2026-09-03T12:28:28Z,Namibia,516,Export,World,29,Organic chemicals,2018,1525599.236
2026-09-03T12:28:28Z,Namibia,516,Export,World,30,Pharmaceutical products,2018,1383498.238
2026-09-03T12:28:28Z,Namibia,516,Export,World,31,Fertilizers,2018,1182279.924
2026-09-03T12:28:28Z,Namibia,516,Export,World,32,"Tanning or dyeing extracts; tannins and their derivatives; dyes, pigments and other colouring matter; paints, varnishes; putty, other mastics; inks",2018,1459283.115
2026-09-03T12:28:28Z,Namibia,516,Export,World,33,"Essential oils and resinoids; perfumery, cosmetic or toilet preparations",2018,2794102.627
2026-09-03T12:28:28Z,Namibia,516,Export,World,36,Explosives; pyrotechnic products; matches; pyrophoric alloys; certain combustible preparations,2018,649867.201
2026-09-03T12:28:28Z,Namibia,516,Export,World,38,Chemical products n.e.c.,2018,32755715.517
2026-09-03T12:28:28Z,Namibia,516,Export,World,39,Plastics and articles thereof,2018,47296558.29
2026-09-03T12:28:28Z,Namibia,516,Export,World,40,Rubber and articles thereof,2018,22843999.552
2026-09-03T12:28:28Z,Namibia,516,Export,World,41,Raw hides and skins (other than furskins) and leather,2018,18683536.75
2026-09-03T12:28:28Z,Namibia,516,Export,World,42,"Articles of leather; saddlery and harness; travel goods, handbags and similar containers; articles of animal gut (other than silk-worm gut)",2018,263332.017
2026-09-03T12:28:28Z,Namibia,516,Export,World,43,Furskins and artificial fur; manufactures thereof,2018,2975982.366
2026-09-03T12:28:28Z,Namibia,516,Export,World,44,Wood and articles of wood; wood charcoal,2018,38210150.599
2026-09-03T12:28:28Z,Namibia,516,Export,World,49,"Printed books, newspapers, pictures and other products of the printing industry; manuscripts, typescripts and plans",2018,371587.44
2026-09-03T12:28:28Z,Namibia,516,Export,World,53,Vegetable textile fibres; paper yarn and woven fabrics of paper yarn,2018,573.82
2026-09-03T12:28:28Z,Namibia,516,Export,World,56,"Wadding, felt and nonwovens, special yarns; twine, cordage, ropes and cables and articles thereof",2018,1829577.927
2026-09-03T12:28:28Z,Namibia,516,Export,World,58,"Fabrics; special woven fabrics, tufted textile fabrics, lace, tapestries, trimmings, embroidery",2018,95583.936
2026-09-03T12:28:28Z,Namibia,516,Export,World,60,Fabrics; knitted or crocheted,2018,10908.801
2026-09-03T12:28:28Z,Namibia,516,Export,World,61,Apparel and clothing accessories; knitted or crocheted,2018,606969.335
2026-09-03T12:28:28Z,Namibia,516,Export,World,62,Apparel and clothing accessories; not knitted or crocheted,2018,460026.706
2026-09-03T12:28:28Z,Namibia,516,Export,World,63,"Textiles, made up articles; sets; worn clothing and worn textile articles; rags",2018,1959790.198
2026-09-03T12:28:28Z,Namibia,516,Export,World,64,Footwear; gaiters and the like; parts of such articles,2018,1066077.435
2026-09-03T12:28:28Z,Namibia,516,Export,World,67,"Feathers and down, prepared; and articles made of feather or of down; artificial flowers; articles of human hair",2018,45597.085
2026-09-03T12:28:28Z,Namibia,516,Export,World,68,"Stone, plaster, cement, asbestos, mica or similar materials; articles thereof",2018,6820826.701
2026-09-03T12:28:28Z,Namibia,516,Export,World,69,Ceramic products,2018,505683.468
2026-09-03T12:28:28Z,Namibia,516,Export,World,70,Glass and glassware,2018,2968969.999
2026-09-03T12:28:28Z,Namibia,516,Export,World,71,"Natural, cultured pearls; precious, semi-precious stones; precious metals, metals clad with precious metal, and articles thereof; imitation jewellery; coin",2018,1958589473.879
2026-09-03T12:28:28Z,Namibia,516,Export,World,73,Iron or steel articles,2018,51494928.082
2026-09-03T12:28:28Z,Namibia,516,Export,World,79,Zinc and articles thereof,2018,201070856.307
2026-09-03T12:28:28Z,Namibia,516,Export,World,82,"Tools, implements, cutlery, spoons and forks, of base metal; parts thereof, of base metal",2018,2902811.031
2026-09-03T12:28:28Z,Namibia,516,Export,World,83,Metal; miscellaneous products of base metal,2018,945041.542
2026-09-03T12:28:28Z,Namibia,516,Export,World,91,Clocks and watches and parts thereof,2018,176203.089
2026-09-03T12:28:28Z,Namibia,516,Export,World,95,"Toys, games and sports requisites; parts and accessories thereof",2018,485759.233
2026-09-03T12:28:28Z,Namibia,516,Export,World,96,Miscellaneous manufactured articles,2018,469045.743
2026-09-03T12:28:28Z,Namibia,516,Export,World,97,Works of art; collectors' pieces and antiques,2018,6007481.191
2026-09-03T12:28:28Z,South Africa,710,Export,World,82,"Tools, implements, cutlery, spoons and forks, of base metal; parts thereof, of base metal",2018,190793876.117
2026-09-03T12:28:28Z,South Africa,710,Export,World,81,"Metals; n.e.c., cermets and articles thereof",2018,163626784.581
2026-09-03T12:28:28Z,South Africa,710,Export,World,79,Zinc and articles thereof,2018,9997378.282
2026-09-03T12:28:28Z,South Africa,710,Export,World,78,Lead and articles thereof,2018,30914335.013
2026-09-03T12:28:28Z,South Africa,710,Export,World,80,Tin; articles thereof,2018,540034.621
2026-09-03T12:28:28Z,South Africa,710,Export,World,08,"Fruit and nuts, edible; peel of citrus fruit or melons",2018,3676701830.352
2026-09-03T12:28:28Z,South Africa,710,Export,World,13,"Lac; gums, resins and other vegetable saps and extracts",2018,20245841.243
2026-09-03T12:28:28Z,South Africa,710,Export,World,14,Vegetable plaiting materials; vegetable products not elsewhere specified or included,2018,19361028.775
2026-09-03T12:28:28Z,South Africa,710,Export,World,36,Explosives; pyrotechnic products; matches; pyrophoric alloys; certain combustible preparations,2018,125940220.982
2026-09-03T12:28:28Z,South Africa,710,Export,World,96,Miscellaneous manufactured articles,2018,163148336.086
2026-09-03T12:28:28Z,South Africa,710,Export,World,97,Works of art; collectors' pieces and antiques,2018,69995238.535
2026-09-03T12:28:28Z,South Africa,710,Export,World,99,Commodities not specified according to kind,2018,199415013.446
2026-09-03T12:28:28Z,South Africa,710,Export,World,57,Carpets and other textile floor coverings,2018,31321009.666
2026-09-03T12:28:28Z,South Africa,710,Export,World,61,Apparel and clothing accessories; knitted or crocheted,2018,233208942.023
2026-09-03T12:28:28Z,South Africa,710,Export,World,62,Apparel and clothing accessories; not knitted or crocheted,2018,196755230.503
2026-09-03T12:28:28Z,South Africa,710,Export,World,64,Footwear; gaiters and the like; parts of such articles,2018,170516379.971
2026-09-03T12:28:28Z,South Africa,710,Export,World,47,Pulp of wood or other fibrous cellulosic material; recovered (waste and scrap) paper or paperboard,2018,907825591.979
2026-09-03T12:28:28Z,South Africa,710,Export,World,48,"Paper and paperboard; articles of paper pulp, of paper or paperboard",2018,686519877.616
2026-09-03T12:28:28Z,South Africa,710,Export,World,50,Silk,2018,2948351.74
2026-09-03T12:28:28Z,South Africa,710,Export,World,66,"Umbrellas, sun umbrellas, walking-sticks, seat sticks, whips, riding crops; and parts thereof",2018,9339921.633
2026-09-03T12:28:28Z,South Africa,710,Export,World,68,"Stone, plaster, cement, asbestos, mica or similar materials; articles thereof",2018,126117902.068
2026-09-03T12:28:28Z,South Africa,710,Export,World,69,Ceramic products,2018,179728263.637
2026-09-03T12:28:28Z,South Africa,710,Export,World,70,Glass and glassware,2018,176543432.281
2026-09-03T12:28:28Z,South Africa,710,Export,World,72,Iron and steel,2018,6281578065.78
2026-09-03T12:28:28Z,South Africa,710,Export,World,73,Iron or steel articles,2018,1406411789.749
2026-09-03T12:28:28Z,South Africa,710,Export,World,46,"Manufactures of straw, esparto or other plaiting materials; basketware and wickerwork",2018,2960538.884
2026-09-03T12:28:28Z,South Africa,710,Export,World,49,"Printed books, newspapers, pictures and other products of the printing industry; manuscripts, typescripts and plans",2018,108532629.825
2026-09-03T12:28:28Z,South Africa,710,Export,World,51,"Wool, fine or coarse animal hair; horsehair yarn and woven fabric",2018,482986837.524
2026-09-03T12:28:28Z,South Africa,710,Export,World,52,Cotton,2018,70274693.87
2026-09-03T12:28:28Z,South Africa,710,Export,World,53,Vegetable textile fibres; paper yarn and woven fabrics of paper yarn,2018,612287.082
2026-09-03T12:28:28Z,South Africa,710,Export,World,54,Man-made filaments; strip and the like of man-made textile materials,2018,43220234.621
2026-09-03T12:28:28Z,South Africa,710,Export,World,55,Man-made staple fibres,2018,56931498.697
2026-09-03T12:28:28Z,South Africa,710,Export,World,56,"Wadding, felt and nonwovens, special yarns; twine, cordage, ropes and cables and articles thereof",2018,47139619.602
2026-09-03T12:28:28Z,South Africa,710,Export,World,58,"Fabrics; special woven fabrics, tufted textile fabrics, lace, tapestries, trimmings, embroidery",2018,15553079.533
2026-09-03T12:28:28Z,South Africa,710,Export,World,59,"Textile fabrics; impregnated, coated, covered or laminated; textile articles of a kind suitable for industrial use",2018,29395745.718
2026-09-03T12:28:28Z,South Africa,710,Export,World,60,Fabrics; knitted or crocheted,2018,20379379.335
2026-09-03T12:28:28Z,South Africa,710,Export,World,63,"Textiles, made up articles; sets; worn clothing and worn textile articles; rags",2018,157871267.977
2026-09-03T12:28:28Z,South Africa,710,Export,World,65,Headgear and parts thereof,2018,17137920.137
2026-09-03T12:28:28Z,South Africa,710,Export,World,71,"Natural, cultured pearls; precious, semi-precious stones; precious metals, metals clad with precious metal, and articles thereof; imitation jewellery; coin",2018,16131691217.017
2026-09-03T12:28:28Z,South Africa,710,Export,World,74,Copper and articles thereof,2018,740741906.491
2026-09-03T12:28:28Z,South Africa,710,Export,World,76,Aluminium and articles thereof,2018,2027142019.914
2026-09-03T12:28:28Z,South Africa,710,Export,World,45,Cork and articles of cork,2018,891716.766
2026-09-03T12:28:28Z,South Africa,710,Export,World,67,"Feathers and down, prepared; and articles made of feather or of down; artificial flowers; articles of human hair",2018,29714753.932
2026-09-03T12:28:28Z,South Africa,710,Export,World,75,Nickel and articles thereof,2018,386857283.368
2026-09-03T12:28:28Z,South Africa,710,Export,World,84,"Nuclear reactors, boilers, machinery and mechanical appliances; parts thereof",2018,5799223733.015
2026-09-03T12:28:28Z,South Africa,710,Export,World,85,"Electrical machinery and equipment and parts thereof; sound recorders and reproducers; television image and sound recorders and reproducers, parts and accessories of such articles",2018,1815782951.822
2026-09-03T12:28:28Z,South Africa,710,Export,World,86,"Railway, tramway locomotives, rolling-stock and parts thereof; railway or tramway track fixtures and fittings and parts thereof; mechanical (including electro-mechanical) traffic signalling equipment of all kinds",2018,202142160.353
2026-09-03T12:28:28Z,South Africa,710,Export,World,88,"Aircraft, spacecraft and parts thereof",2018,323561708.996
2026-09-03T12:28:28Z,South Africa,710,Export,World,90,"Optical, photographic, cinematographic, measuring, checking, medical or surgical instruments and apparatus; parts and accessories",2018,551757319.168
2026-09-03T12:28:28Z,South Africa,710,Export,World,92,Musical instruments; parts and accessories of such articles,2018,2657270.493
2026-09-03T12:28:28Z,South Africa,710,Export,World,93,Arms and ammunition; parts and accessories thereof,2018,256570547.124
2026-09-03T12:28:28Z,South Africa,710,Export,World,89,"Ships, boats and floating structures",2018,189227505.142
2026-09-03T12:28:28Z,South Africa,710,Export,World,91,Clocks and watches and parts thereof,2018,30721343.986
2026-09-03T12:28:28Z,South Africa,710,Export,World,95,"Toys, games and sports requisites; parts and accessories thereof",2018,59155767.37
2026-09-03T12:28:28Z,South Africa,710,Export,World,83,Metal; miscellaneous products of base metal,2018,126055302.195
2026-09-03T12:28:28Z,South Africa,710,Export,World,94,"Furniture; bedding, mattresses, mattress supports, cushions and similar stuffed furnishings; lamps and lighting fittings, n.e.c.; illuminated signs, illuminated name-plates and the like; prefabricated buildings",2018,415062126.152
2026-09-03T12:28:28Z,South Africa,710,Export,World,87,"Vehicles; other than railway or tramway rolling stock, and parts and accessories thereof",2018,10841091337.51
2026-09-03T12:28:28Z,South Africa,710,Export,World,01,Animals; live,2018,71756333.043
2026-09-03T12:28:28Z,South Africa,710,Export,World,06,"Trees and other plants, live; bulbs, roots and the like; cut flowers and ornamental foliage",2018,90278550.466
2026-09-03T12:28:28Z,South Africa,710,Export,World,27,"Mineral fuels, mineral oils and products of their distillation; bituminous substances; mineral waxes",2018,10054720580.292
2026-09-03T12:28:28Z,South Africa,710,Export,World,37,Photographic or cinematographic goods,2018,11758560.683
2026-09-03T12:28:28Z,South Africa,710,Export,World,42,"Articles of leather; saddlery and harness; travel goods, handbags and similar containers; articles of animal gut (other than silk-worm gut)",2018,67035698.912
2026-09-03T12:28:28Z,South Africa,710,Export,World,28,"Inorganic chemicals; organic and inorganic compounds of precious metals; of rare earth metals, of radio-active elements and of isotopes",2018,1357929697.07
2026-09-03T12:28:28Z,South Africa,710,Export,World,02,Meat and edible meat offal,2018,266370644.457
2026-09-03T12:28:28Z,South Africa,710,Export,World,03,"Fish and crustaceans, molluscs and other aquatic invertebrates",2018,540919576.209
2026-09-03T12:28:28Z,South Africa,710,Export,World,04,"Dairy produce; birds' eggs; natural honey; edible products of animal origin, not elsewhere specified or included",2018,245904853.852
2026-09-03T12:28:28Z,South Africa,710,Export,World,05,Animal originated products; not elsewhere specified or included,2018,24380765.934
2026-09-03T12:28:28Z,South Africa,710,Export,World,07,Vegetables and certain roots and tubers; edible,2018,212176827.804
2026-09-03T12:28:28Z,South Africa,710,Export,World,09,"Coffee, tea, mate and spices",2018,145395931.926
2026-09-03T12:28:28Z,South Africa,710,Export,World,10,Cereals,2018,555531080.235
2026-09-03T12:28:28Z,South Africa,710,Export,World,11,"Products of the milling industry; malt, starches, inulin, wheat gluten",2018,162952300.876
2026-09-03T12:28:28Z,South Africa,710,Export,World,12,"Oil seeds and oleaginous fruits; miscellaneous grains, seeds and fruit, industrial or medicinal plants; straw and fodder",2018,226132169.355
2026-09-03T12:28:28Z,South Africa,710,Export,World,15,Animal or vegetable fats and oils and their cleavage products; prepared animal fats; animal or vegetable waxes,2018,243719793.504
2026-09-03T12:28:28Z,South Africa,710,Export,World,16,"Meat, fish or crustaceans, molluscs or other aquatic invertebrates; preparations thereof",2018,118721668.369
2026-09-03T12:28:28Z,South Africa,710,Export,World,17,Sugars and sugar confectionery,2018,481095505.241
2026-09-03T12:28:28Z,South Africa,710,Export,World,18,Cocoa and cocoa preparations,2018,74335597.38
2026-09-03T12:28:28Z,South Africa,710,Export,World,19,"Preparations of cereals, flour, starch or milk; pastrycooks' products",2018,269341974.839
2026-09-03T12:28:28Z,South Africa,710,Export,World,20,"Preparations of vegetables, fruit, nuts or other parts of plants",2018,670598942.914
2026-09-03T12:28:28Z,South Africa,710,Export,World,21,Miscellaneous edible preparations,2018,450128296.501
2026-09-03T12:28:28Z,South Africa,710,Export,World,22,"Beverages, spirits and vinegar",2018,1420573496.815
2026-09-03T12:28:28Z,South Africa,710,Export,World,23,"Food industries, residues and wastes thereof; prepared animal fodder",2018,319411529.212
2026-09-03T12:28:28Z,South Africa,710,Export,World,24,Tobacco and manufactured tobacco substitutes,2018,214062199.147
2026-09-03T12:28:28Z,South Africa,710,Export,World,25,"Salt; sulphur; earths, stone; plastering materials, lime and cement",2018,552322774.869
2026-09-03T12:28:28Z,South Africa,710,Export,World,26,"Ores, slag and ash",2018,11656011308.788
2026-09-03T12:28:28Z,South Africa,710,Export,World,29,Organic chemicals,2018,1127106496.021
2026-09-03T12:28:28Z,South Africa,710,Export,World,30,Pharmaceutical products,2018,426031985.529
2026-09-03T12:28:28Z,South Africa,710,Export,World,31,Fertilizers,2018,339047552.972
2026-09-03T12:28:28Z,South Africa,710,Export,World,32,"Tanning or dyeing extracts; tannins and their derivatives; dyes, pigments and other colouring matter; paints, varnishes; putty, other mastics; inks",2018,301395450.431
2026-09-03T12:28:28Z,South Africa,710,Export,World,33,"Essential oils and resinoids; perfumery, cosmetic or toilet preparations",2018,619384286.417
2026-09-03T12:28:28Z,South Africa,710,Export,World,34,"Soap, organic surface-active agents; washing, lubricating, polishing or scouring preparations; artificial or prepared waxes, candles and similar articles, modelling pastes, dental waxes and dental preparations with a basis of plaster",2018,446224113.047
2026-09-03T12:28:28Z,South Africa,710,Export,World,35,Albuminoidal substances; modified starches; glues; enzymes,2018,75115294.317
2026-09-03T12:28:28Z,South Africa,710,Export,World,38,Chemical products n.e.c.,2018,1040994056.638
2026-09-03T12:28:28Z,South Africa,710,Export,World,39,Plastics and articles thereof,2018,1439203174.583
2026-09-03T12:28:28Z,South Africa,710,Export,World,41,Raw hides and skins (other than furskins) and leather,2018,244935496.232
2026-09-03T12:28:28Z,South Africa,710,Export,World,43,Furskins and artificial fur; manufactures thereof,2018,2652786.679
2026-09-03T12:28:28Z,South Africa,710,Export,World,44,Wood and articles of wood; wood charcoal,2018,583930282.382
2026-09-03T12:28:28Z,South Africa,710,Export,World,40,Rubber and articles thereof,2018,465308330.362
2026-09-03T12:28:28Z,Eswatini,748,Export,World,07,Vegetables and certain roots and tubers; edible,2018,565853.029
2026-09-03T12:28:28Z,Eswatini,748,Export,World,13,"Lac; gums, resins and other vegetable saps and extracts",2018,3645872.413
2026-09-03T12:28:28Z,Eswatini,748,Export,World,03,"Fish and crustaceans, molluscs and other aquatic invertebrates",2018,577.665
2026-09-03T12:28:28Z,Eswatini,748,Export,World,04,"Dairy produce; birds' eggs; natural honey; edible products of animal origin, not elsewhere specified or included",2018,1814137.781
2026-09-03T12:28:28Z,Eswatini,748,Export,World,05,Animal originated products; not elsewhere specified or included,2018,2495.222
2026-09-03T12:28:28Z,Eswatini,748,Export,World,06,"Trees and other plants, live; bulbs, roots and the like; cut flowers and ornamental foliage",2018,51161.808
2026-09-03T12:28:28Z,Eswatini,748,Export,World,08,"Fruit and nuts, edible; peel of citrus fruit or melons",2018,16436462.277
2026-09-03T12:28:28Z,Eswatini,748,Export,World,09,"Coffee, tea, mate and spices",2018,406499.502
2026-09-03T12:28:28Z,Eswatini,748,Export,World,10,Cereals,2018,305223.615
2026-09-03T12:28:28Z,Eswatini,748,Export,World,22,"Beverages, spirits and vinegar",2018,31173959.615
2026-09-03T12:28:28Z,Eswatini,748,Export,World,11,"Products of the milling industry; malt, starches, inulin, wheat gluten",2018,112554.894
2026-09-03T12:28:28Z,Eswatini,748,Export,World,12,"Oil seeds and oleaginous fruits; miscellaneous grains, seeds and fruit, industrial or medicinal plants; straw and fodder",2018,106797.258
2026-09-03T12:28:28Z,Eswatini,748,Export,World,14,Vegetable plaiting materials; vegetable products not elsewhere specified or included,2018,480842.495
2026-09-03T12:28:28Z,Eswatini,748,Export,World,15,Animal or vegetable fats and oils and their cleavage products; prepared animal fats; animal or vegetable waxes,2018,90624.501
2026-09-03T12:28:28Z,Eswatini,748,Export,World,01,Animals; live,2018,629697.962
2026-09-03T12:28:28Z,Eswatini,748,Export,World,02,Meat and edible meat offal,2018,1802712.533
2026-09-03T12:28:28Z,Eswatini,748,Export,World,16,"Meat, fish or crustaceans, molluscs or other aquatic invertebrates; preparations thereof",2018,5246.504
2026-09-03T12:28:28Z,Eswatini,748,Export,World,17,Sugars and sugar confectionery,2018,376987324.277
2026-09-03T12:28:28Z,Eswatini,748,Export,World,18,Cocoa and cocoa preparations,2018,7091761.848
2026-09-03T12:28:28Z,Eswatini,748,Export,World,19,"Preparations of cereals, flour, starch or milk; pastrycooks' products",2018,1810695.595
2026-09-03T12:28:28Z,Eswatini,748,Export,World,20,"Preparations of vegetables, fruit, nuts or other parts of plants",2018,35560419.083
2026-09-03T12:28:28Z,Eswatini,748,Export,World,21,Miscellaneous edible preparations,2018,7418560.106
2026-09-03T12:28:28Z,Eswatini,748,Export,World,23,"Food industries, residues and wastes thereof; prepared animal fodder",2018,17566555.998
2026-09-03T12:28:28Z,Eswatini,748,Export,World,24,Tobacco and manufactured tobacco substitutes,2018,1921.77
2026-09-03T12:28:28Z,Eswatini,748,Export,World,25,"Salt; sulphur; earths, stone; plastering materials, lime and cement",2018,64141.531
2026-09-03T12:28:28Z,Eswatini,748,Export,World,26,"Ores, slag and ash",2018,86.918
2026-09-03T12:28:28Z,Eswatini,748,Export,World,27,"Mineral fuels, mineral oils and products of their distillation; bituminous substances; mineral waxes",2018,18419262.602
2026-09-03T12:28:28Z,Eswatini,748,Export,World,28,"Inorganic chemicals; organic and inorganic compounds of precious metals; of rare earth metals, of radio-active elements and of isotopes",2018,5267668.948
2026-09-03T12:28:28Z,Eswatini,748,Export,World,31,Fertilizers,2018,985908.666
2026-09-03T12:28:28Z,Eswatini,748,Export,World,34,"Soap, organic surface-active agents; washing, lubricating, polishing or scouring preparations; artificial or prepared waxes, candles and similar articles, modelling pastes, dental waxes and dental preparations with a basis of plaster",2018,4384302.358
2026-09-03T12:28:28Z,Eswatini,748,Export,World,33,"Essential oils and resinoids; perfumery, cosmetic or toilet preparations",2018,623963998.843
2026-09-03T12:28:28Z,Eswatini,748,Export,World,32,"Tanning or dyeing extracts; tannins and their derivatives; dyes, pigments and other colouring matter; paints, varnishes; putty, other mastics; inks",2018,2766597.567
2026-09-03T12:28:28Z,Eswatini,748,Export,World,30,Pharmaceutical products,2018,66854.841
2026-09-03T12:28:28Z,Eswatini,748,Export,World,29,Organic chemicals,2018,15065390.808
2026-09-03T12:28:28Z,Eswatini,748,Export,World,35,Albuminoidal substances; modified starches; glues; enzymes,2018,1598100.875
2026-09-03T12:28:28Z,Eswatini,748,Export,World,37,Photographic or cinematographic goods,2018,537.354
2026-09-03T12:28:28Z,Eswatini,748,Export,World,38,Chemical products n.e.c.,2018,230736034.116
2026-09-03T12:28:28Z,Eswatini,748,Export,World,39,Plastics and articles thereof,2018,8390287.002
2026-09-03T12:28:28Z,Eswatini,748,Export,World,40,Rubber and articles thereof,2018,1139430.953
2026-09-03T12:28:28Z,Eswatini,748,Export,World,41,Raw hides and skins (other than furskins) and leather,2018,160476.261
2026-09-03T12:28:28Z,Eswatini,748,Export,World,42,"Articles of leather; saddlery and harness; travel goods, handbags and similar containers; articles of animal gut (other than silk-worm gut)",2018,146313.317
2026-09-03T12:28:28Z,Eswatini,748,Export,World,44,Wood and articles of wood; wood charcoal,2018,103797208.36
2026-09-03T12:28:28Z,Eswatini,748,Export,World,45,Cork and articles of cork,2018,1762.843
2026-09-03T12:28:28Z,Eswatini,748,Export,World,46,"Manufactures of straw, esparto or other plaiting materials; basketware and wickerwork",2018,544138.803
2026-09-03T12:28:28Z,Eswatini,748,Export,World,47,Pulp of wood or other fibrous cellulosic material; recovered (waste and scrap) paper or paperboard,2018,589990.26
2026-09-03T12:28:28Z,Eswatini,748,Export,World,48,"Paper and paperboard; articles of paper pulp, of paper or paperboard",2018,3562931.828
2026-09-03T12:28:28Z,Eswatini,748,Export,World,49,"Printed books, newspapers, pictures and other products of the printing industry; manuscripts, typescripts and plans",2018,12759225.399
2026-09-03T12:28:28Z,Eswatini,748,Export,World,58,"Fabrics; special woven fabrics, tufted textile fabrics, lace, tapestries, trimmings, embroidery",2018,159919.243
2026-09-03T12:28:28Z,Eswatini,748,Export,World,61,Apparel and clothing accessories; knitted or crocheted,2018,43710177.378
2026-09-03T12:28:28Z,Eswatini,748,Export,World,60,Fabrics; knitted or crocheted,2018,15235845.384
2026-09-03T12:28:28Z,Eswatini,748,Export,World,59,"Textile fabrics; impregnated, coated, covered or laminated; textile articles of a kind suitable for industrial use",2018,650066.231
2026-09-03T12:28:28Z,Eswatini,748,Export,World,57,Carpets and other textile floor coverings,2018,124701.201
2026-09-03T12:28:28Z,Eswatini,748,Export,World,56,"Wadding, felt and nonwovens, special yarns; twine, cordage, ropes and cables and articles thereof",2018,53785.248
2026-09-03T12:28:28Z,Eswatini,748,Export,World,55,Man-made staple fibres,2018,123025.968
2026-09-03T12:28:28Z,Eswatini,748,Export,World,54,Man-made filaments; strip and the like of man-made textile materials,2018,1631354.855
2026-09-03T12:28:28Z,Eswatini,748,Export,World,53,Vegetable textile fibres; paper yarn and woven fabrics of paper yarn,2018,8.968
2026-09-03T12:28:28Z,Eswatini,748,Export,World,52,Cotton,2018,506717.473
2026-09-03T12:28:28Z,Eswatini,748,Export,World,51,"Wool, fine or coarse animal hair; horsehair yarn and woven fabric",2018,150.34
2026-09-03T12:28:28Z,Eswatini,748,Export,World,50,Silk,2018,1154.452
2026-09-03T12:28:28Z,Eswatini,748,Export,World,62,Apparel and clothing accessories; not knitted or crocheted,2018,150146402.036
2026-09-03T12:28:28Z,Eswatini,748,Export,World,63,"Textiles, made up articles; sets; worn clothing and worn textile articles; rags",2018,19340133.496
2026-09-03T12:28:28Z,Eswatini,748,Export,World,64,Footwear; gaiters and the like; parts of such articles,2018,72434.685
2026-09-03T12:28:28Z,Eswatini,748,Export,World,65,Headgear and parts thereof,2018,118879.125
2026-09-03T12:28:28Z,Eswatini,748,Export,World,66,"Umbrellas, sun umbrellas, walking-sticks, seat sticks, whips, riding crops; and parts thereof",2018,1460.498
2026-09-03T12:28:28Z,Eswatini,748,Export,World,67,"Feathers and down, prepared; and articles made of feather or of down; artificial flowers; articles of human hair",2018,4519.83
2026-09-03T12:28:28Z,Eswatini,748,Export,World,68,"Stone, plaster, cement, asbestos, mica or similar materials; articles thereof",2018,1150740.263
2026-09-03T12:28:28Z,Eswatini,748,Export,World,69,Ceramic products,2018,104638.664
2026-09-03T12:28:28Z,Eswatini,748,Export,World,70,Glass and glassware,2018,1289472.861
2026-09-03T12:28:28Z,Eswatini,748,Export,World,71,"Natural, cultured pearls; precious, semi-precious stones; precious metals, metals clad with precious metal, and articles thereof; imitation jewellery; coin",2018,591718.412
2026-09-03T12:28:28Z,Eswatini,748,Export,World,72,Iron and steel,2018,2864477.335
2026-09-03T12:28:28Z,Eswatini,748,Export,World,73,Iron or steel articles,2018,3075429.765
2026-09-03T12:28:28Z,Eswatini,748,Export,World,74,Copper and articles thereof,2018,1232215.176
2026-09-03T12:28:28Z,Eswatini,748,Export,World,76,Aluminium and articles thereof,2018,407671.669
2026-09-03T12:28:28Z,Eswatini,748,Export,World,78,Lead and articles thereof,2018,1047.206
2026-09-03T12:28:28Z,Eswatini,748,Export,World,79,Zinc and articles thereof,2018,54389.445
2026-09-03T12:28:28Z,Eswatini,748,Export,World,80,Tin; articles thereof,2018,6524.333
2026-09-03T12:28:28Z,Eswatini,748,Export,World,81,"Metals; n.e.c., cermets and articles thereof",2018,4.11
2026-09-03T12:28:28Z,Eswatini,748,Export,World,82,"Tools, implements, cutlery, spoons and forks, of base metal; parts thereof, of base metal",2018,329292.443
2026-09-03T12:28:28Z,Eswatini,748,Export,World,83,Metal; miscellaneous products of base metal,2018,320046.844
2026-09-03T12:28:28Z,Eswatini,748,Export,World,84,"Nuclear reactors, boilers, machinery and mechanical appliances; parts thereof",2018,26652946.126
2026-09-03T12:28:28Z,Eswatini,748,Export,World,85,"Electrical machinery and equipment and parts thereof; sound recorders and reproducers; television image and sound recorders and reproducers, parts and accessories of such articles",2018,11488373.048
2026-09-03T12:28:28Z,Eswatini,748,Export,World,89,"Ships, boats and floating structures",2018,322155.179
2026-09-03T12:28:28Z,Eswatini,748,Export,World,90,"Optical, photographic, cinematographic, measuring, checking, medical or surgical instruments and apparatus; parts and accessories",2018,386147.343
2026-09-03T12:28:28Z,Eswatini,748,Export,World,86,"Railway, tramway locomotives, rolling-stock and parts thereof; railway or tramway track fixtures and fittings and parts thereof; mechanical (including electro-mechanical) traffic signalling equipment of all kinds",2018,1617.024
2026-09-03T12:28:28Z,Eswatini,748,Export,World,87,"Vehicles; other than railway or tramway rolling stock, and parts and accessories thereof",2018,8113149.914
2026-09-03T12:28:28Z,Eswatini,748,Export,World,96,Miscellaneous manufactured articles,2018,11669294.09
2026-09-03T12:28:28Z,Eswatini,748,Export,World,88,"Aircraft, spacecraft and parts thereof",2018,6434.799
2026-09-03T12:28:28Z,Eswatini,748,Export,World,91,Clocks and watches and parts thereof,2018,2815.734
2026-09-03T12:28:28Z,Eswatini,748,Export,World,92,Musical instruments; parts and accessories of such articles,2018,39993.508
2026-09-03T12:28:28Z,Eswatini,748,Export,World,94,"Furniture; bedding, mattresses, mattress supports, cushions and similar stuffed furnishings; lamps and lighting fittings, n.e.c.; illuminated signs, illuminated name-plates and the like; prefabricated buildings",2018,702307.713
2026-09-03T12:28:28Z,Eswatini,748,Export,World,95,"Toys, games and sports requisites; parts and accessories thereof",2018,336082.296
2026-09-03T12:28:28Z,Eswatini,748,Export,World,97,Works of art; collectors' pieces and antiques,2018,2414.432
2026-09-03T12:28:28Z,Eswatini,748,Export,World,99,Commodities not specified according to kind,2018,927256.953
2026-09-03T12:28:28Z,Botswana,72,Export,World,59,"Textile fabrics; impregnated, coated, covered or laminated; textile articles of a kind suitable for industrial use",2019,145362.265
2026-09-03T12:28:28Z,Botswana,72,Export,World,29,Organic chemicals,2019,170976.653
2026-09-03T12:28:28Z,Botswana,72,Export,World,75,Nickel and articles thereof,2019,13884.771
2026-09-03T12:28:28Z,Botswana,72,Export,World,17,Sugars and sugar confectionery,2019,837779.326
2026-09-03T12:28:28Z,Botswana,72,Export,World,15,Animal or vegetable fats and oils and their cleavage products; prepared animal fats; animal or vegetable waxes,2019,750884.13
2026-09-03T12:28:28Z,Botswana,72,Export,World,56,"Wadding, felt and nonwovens, special yarns; twine, cordage, ropes and cables and articles thereof",2019,60073.349
2026-09-03T12:28:28Z,Botswana,72,Export,World,96,Miscellaneous manufactured articles,2019,156228.772
2026-09-03T12:28:28Z,Botswana,72,Export,World,11,"Products of the milling industry; malt, starches, inulin, wheat gluten",2019,1135419.945
2026-09-03T12:28:28Z,Botswana,72,Export,World,34,"Soap, organic surface-active agents; washing, lubricating, polishing or scouring preparations; artificial or prepared waxes, candles and similar articles, modelling pastes, dental waxes and dental preparations with a basis of plaster",2019,1273042.402
2026-09-03T12:28:28Z,Botswana,72,Export,World,85,"Electrical machinery and equipment and parts thereof; sound recorders and reproducers; television image and sound recorders and reproducers, parts and accessories of such articles",2019,106782455.448
2026-09-03T12:28:28Z,Botswana,72,Export,World,86,"Railway, tramway locomotives, rolling-stock and parts thereof; railway or tramway track fixtures and fittings and parts thereof; mechanical (including electro-mechanical) traffic signalling equipment of all kinds",2019,33948.347
2026-09-03T12:28:28Z,Botswana,72,Export,World,94,"Furniture; bedding, mattresses, mattress supports, cushions and similar stuffed furnishings; lamps and lighting fittings, n.e.c.; illuminated signs, illuminated name-plates and the like; prefabricated buildings",2019,3280846.568
2026-09-03T12:28:28Z,Botswana,72,Export,World,07,Vegetables and certain roots and tubers; edible,2019,5295668.751
2026-09-03T12:28:28Z,Botswana,72,Export,World,90,"Optical, photographic, cinematographic, measuring, checking, medical or surgical instruments and apparatus; parts and accessories",2019,2062795.894
2026-09-03T12:28:28Z,Botswana,72,Export,World,47,Pulp of wood or other fibrous cellulosic material; recovered (waste and scrap) paper or paperboard,2019,918312.595
2026-09-03T12:28:28Z,Botswana,72,Export,World,22,"Beverages, spirits and vinegar",2019,1089839.822
2026-09-03T12:28:28Z,Botswana,72,Export,World,31,Fertilizers,2019,22174.902
2026-09-03T12:28:28Z,Botswana,72,Export,World,68,"Stone, plaster, cement, asbestos, mica or similar materials; articles thereof",2019,4149107.324
2026-09-03T12:28:28Z,Botswana,72,Export,World,70,Glass and glassware,2019,658452.693
2026-09-03T12:28:28Z,Botswana,72,Export,World,35,Albuminoidal substances; modified starches; glues; enzymes,2019,55474.857
2026-09-03T12:28:28Z,Botswana,72,Export,World,25,"Salt; sulphur; earths, stone; plastering materials, lime and cement",2019,19706675.357
2026-09-03T12:28:28Z,Botswana,72,Export,World,20,"Preparations of vegetables, fruit, nuts or other parts of plants",2019,2539055.382
2026-09-03T12:28:28Z,Botswana,72,Export,World,83,Metal; miscellaneous products of base metal,2019,6110324.588
2026-09-03T12:28:28Z,Botswana,72,Export,World,30,Pharmaceutical products,2019,8443950.498
2026-09-03T12:28:28Z,Botswana,72,Export,World,44,Wood and articles of wood; wood charcoal,2019,1807920.78
2026-09-03T12:28:28Z,Botswana,72,Export,World,46,"Manufactures of straw, esparto or other plaiting materials; basketware and wickerwork",2019,2261.607
2026-09-03T12:28:28Z,Botswana,72,Export,World,27,"Mineral fuels, mineral oils and products of their distillation; bituminous substances; mineral waxes",2019,15560634.347
2026-09-03T12:28:28Z,Botswana,72,Export,World,92,Musical instruments; parts and accessories of such articles,2019,127482.806
2026-09-03T12:28:28Z,Botswana,72,Export,World,66,"Umbrellas, sun umbrellas, walking-sticks, seat sticks, whips, riding crops; and parts thereof",2019,9022.056
2026-09-03T12:28:28Z,Botswana,72,Export,World,42,"Articles of leather; saddlery and harness; travel goods, handbags and similar containers; articles of animal gut (other than silk-worm gut)",2019,159750.132
2026-09-03T12:28:28Z,Botswana,72,Export,World,48,"Paper and paperboard; articles of paper pulp, of paper or paperboard",2019,1769376.874
2026-09-03T12:28:28Z,Botswana,72,Export,World,54,Man-made filaments; strip and the like of man-made textile materials,2019,7680.373
2026-09-03T12:28:28Z,Botswana,72,Export,World,80,Tin; articles thereof,2019,3646.691
2026-09-03T12:28:28Z,Botswana,72,Export,World,88,"Aircraft, spacecraft and parts thereof",2019,4126249.506
2026-09-03T12:28:28Z,Botswana,72,Export,World,71,"Natural, cultured pearls; precious, semi-precious stones; precious metals, metals clad with precious metal, and articles thereof; imitation jewellery; coin",2019,4848414815.274
2026-09-03T12:28:28Z,Botswana,72,Export,World,08,"Fruit and nuts, edible; peel of citrus fruit or melons",2019,42661.798
2026-09-03T12:28:28Z,Botswana,72,Export,World,26,"Ores, slag and ash",2019,314004.103
2026-09-03T12:28:28Z,Botswana,72,Export,World,99,Commodities not specified according to kind,2019,2593549.45
2026-09-03T12:28:28Z,Botswana,72,Export,World,40,Rubber and articles thereof,2019,2450595.705
2026-09-03T12:28:28Z,Botswana,72,Export,World,97,Works of art; collectors' pieces and antiques,2019,12407.508
2026-09-03T12:28:28Z,Botswana,72,Export,World,16,"Meat, fish or crustaceans, molluscs or other aquatic invertebrates; preparations thereof",2019,132474.704
2026-09-03T12:28:28Z,Botswana,72,Export,World,64,Footwear; gaiters and the like; parts of such articles,2019,1343468.341
2026-09-03T12:28:28Z,Botswana,72,Export,World,23,"Food industries, residues and wastes thereof; prepared animal fodder",2019,2483074.891
2026-09-03T12:28:28Z,Botswana,72,Export,World,04,"Dairy produce; birds' eggs; natural honey; edible products of animal origin, not elsewhere specified or included",2019,667612.076
2026-09-03T12:28:28Z,Botswana,72,Export,World,93,Arms and ammunition; parts and accessories thereof,2019,152649.247
2026-09-03T12:28:28Z,Botswana,72,Export,World,65,Headgear and parts thereof,2019,39465.226
2026-09-03T12:28:28Z,Botswana,72,Export,World,45,Cork and articles of cork,2019,12982.619
2026-09-03T12:28:28Z,Botswana,72,Export,World,81,"Metals; n.e.c., cermets and articles thereof",2019,7659.475
2026-09-03T12:28:28Z,Botswana,72,Export,World,06,"Trees and other plants, live; bulbs, roots and the like; cut flowers and ornamental foliage",2019,6938.5
2026-09-03T12:28:28Z,Botswana,72,Export,World,09,"Coffee, tea, mate and spices",2019,241583.393
2026-09-03T12:28:28Z,Botswana,72,Export,World,14,Vegetable plaiting materials; vegetable products not elsewhere specified or included,2019,25.856
2026-09-03T12:28:28Z,Botswana,72,Export,World,57,Carpets and other textile floor coverings,2019,12280.413
2026-09-03T12:28:28Z,Botswana,72,Export,World,49,"Printed books, newspapers, pictures and other products of the printing industry; manuscripts, typescripts and plans",2019,312223.179
2026-09-03T12:28:28Z,Botswana,72,Export,World,55,Man-made staple fibres,2019,8477.006
2026-09-03T12:28:28Z,Botswana,72,Export,World,62,Apparel and clothing accessories; not knitted or crocheted,2019,448359.406
2026-09-03T12:28:28Z,Botswana,72,Export,World,39,Plastics and articles thereof,2019,25729816.676
2026-09-03T12:28:28Z,Botswana,72,Export,World,52,Cotton,2019,4355.211
2026-09-03T12:28:28Z,Botswana,72,Export,World,24,Tobacco and manufactured tobacco substitutes,2019,3782826.16
2026-09-03T12:28:28Z,Botswana,72,Export,World,74,Copper and articles thereof,2019,3333437.783
2026-09-03T12:28:28Z,Botswana,72,Export,World,95,"Toys, games and sports requisites; parts and accessories thereof",2019,123576.029
2026-09-03T12:28:28Z,Botswana,72,Export,World,28,"Inorganic chemicals; organic and inorganic compounds of precious metals; of rare earth metals, of radio-active elements and of isotopes",2019,34151184.643
2026-09-03T12:28:28Z,Botswana,72,Export,World,58,"Fabrics; special woven fabrics, tufted textile fabrics, lace, tapestries, trimmings, embroidery",2019,3329904.52
2026-09-03T12:28:28Z,Botswana,72,Export,World,10,Cereals,2019,1098427.979
2026-09-03T12:28:28Z,Botswana,72,Export,World,63,"Textiles, made up articles; sets; worn clothing and worn textile articles; rags",2019,9629158.957
2026-09-03T12:28:28Z,Botswana,72,Export,World,37,Photographic or cinematographic goods,2019,33757.451
2026-09-03T12:28:28Z,Botswana,72,Export,World,79,Zinc and articles thereof,2019,3678.729
2026-09-03T12:28:28Z,Botswana,72,Export,World,89,"Ships, boats and floating structures",2019,398687.455
2026-09-03T12:28:28Z,Botswana,72,Export,World,67,"Feathers and down, prepared; and articles made of feather or of down; artificial flowers; articles of human hair",2019,15807.832
2026-09-03T12:28:28Z,Botswana,72,Export,World,72,Iron and steel,2019,11871928.805
2026-09-03T12:28:28Z,Botswana,72,Export,World,02,Meat and edible meat offal,2019,61354958.481
2026-09-03T12:28:28Z,Botswana,72,Export,World,32,"Tanning or dyeing extracts; tannins and their derivatives; dyes, pigments and other colouring matter; paints, varnishes; putty, other mastics; inks",2019,803649.46
2026-09-03T12:28:28Z,Botswana,72,Export,World,38,Chemical products n.e.c.,2019,689352.478
2026-09-03T12:28:28Z,Botswana,72,Export,World,19,"Preparations of cereals, flour, starch or milk; pastrycooks' products",2019,709780.252
2026-09-03T12:28:28Z,Botswana,72,Export,World,76,Aluminium and articles thereof,2019,2665327.249
2026-09-03T12:28:28Z,Botswana,72,Export,World,50,Silk,2019,526.349
2026-09-03T12:28:28Z,Botswana,72,Export,World,36,Explosives; pyrotechnic products; matches; pyrophoric alloys; certain combustible preparations,2019,551374.064
2026-09-03T12:28:28Z,Botswana,72,Export,World,12,"Oil seeds and oleaginous fruits; miscellaneous grains, seeds and fruit, industrial or medicinal plants; straw and fodder",2019,143761.979
2026-09-03T12:28:28Z,Botswana,72,Export,World,60,Fabrics; knitted or crocheted,2019,5041.136
2026-09-03T12:28:28Z,Botswana,72,Export,World,53,Vegetable textile fibres; paper yarn and woven fabrics of paper yarn,2019,60.438
2026-09-03T12:28:28Z,Botswana,72,Export,World,82,"Tools, implements, cutlery, spoons and forks, of base metal; parts thereof, of base metal",2019,928508.298
2026-09-03T12:28:28Z,Botswana,72,Export,World,43,Furskins and artificial fur; manufactures thereof,2019,2658.759
2026-09-03T12:28:28Z,Botswana,72,Export,World,01,Animals; live,2019,6922748.555
2026-09-03T12:28:28Z,Botswana,72,Export,World,18,Cocoa and cocoa preparations,2019,9504.277
2026-09-03T12:28:28Z,Botswana,72,Export,World,51,"Wool, fine or coarse animal hair; horsehair yarn and woven fabric",2019,6314.879
2026-09-03T12:28:28Z,Botswana,72,Export,World,13,"Lac; gums, resins and other vegetable saps and extracts",2019,7214232.53
2026-09-03T12:28:28Z,Botswana,72,Export,World,87,"Vehicles; other than railway or tramway rolling stock, and parts and accessories thereof",2019,36057201.319
2026-09-03T12:28:28Z,Botswana,72,Export,World,73,Iron or steel articles,2019,5240207.424
2026-09-03T12:28:28Z,Botswana,72,Export,World,03,"Fish and crustaceans, molluscs and other aquatic invertebrates",2019,1604704.193
2026-09-03T12:28:28Z,Botswana,72,Export,World,69,Ceramic products,2019,127576.932
2026-09-03T12:28:28Z,Botswana,72,Export,World,33,"Essential oils and resinoids; perfumery, cosmetic or toilet preparations",2019,619701.655
2026-09-03T12:28:28Z,Botswana,72,Export,World,21,Miscellaneous edible preparations,2019,122723.898
2026-09-03T12:28:28Z,Botswana,72,Export,World,91,Clocks and watches and parts thereof,2019,40471.922
2026-09-03T12:28:28Z,Botswana,72,Export,World,84,"Nuclear reactors, boilers, machinery and mechanical appliances; parts thereof",2019,41325346.309
2026-09-03T12:28:28Z,Botswana,72,Export,World,61,Apparel and clothing accessories; knitted or crocheted,2019,1497846.545
2026-09-03T12:28:28Z,Botswana,72,Export,World,05,Animal originated products; not elsewhere specified or included,2019,16535.923
2026-09-03T12:28:28Z,Botswana,72,Export,World,41,Raw hides and skins (other than furskins) and leather,2019,618236.936
2026-09-03T12:28:28Z,Botswana,72,Export,World,78,Lead and articles thereof,2019,1158042.186
2026-09-03T12:28:28Z,Lesotho,426,Export,World,59,"Textile fabrics; impregnated, coated, covered or laminated; textile articles of a kind suitable for industrial use",2019,12193.161
2026-09-03T12:28:28Z,Lesotho,426,Export,World,22,"Beverages, spirits and vinegar",2019,57295470.478
2026-09-03T12:28:28Z,Lesotho,426,Export,World,58,"Fabrics; special woven fabrics, tufted textile fabrics, lace, tapestries, trimmings, embroidery",2019,157117.733
2026-09-03T12:28:28Z,Lesotho,426,Export,World,01,Animals; live,2019,444007.278
2026-09-03T12:28:28Z,Lesotho,426,Export,World,44,Wood and articles of wood; wood charcoal,2019,253804.572
2026-09-03T12:28:28Z,Lesotho,426,Export,World,85,"Electrical machinery and equipment and parts thereof; sound recorders and reproducers; television image and sound recorders and reproducers, parts and accessories of such articles",2019,41886695.283
2026-09-03T12:28:28Z,Lesotho,426,Export,World,32,"Tanning or dyeing extracts; tannins and their derivatives; dyes, pigments and other colouring matter; paints, varnishes; putty, other mastics; inks",2019,80531.028
2026-09-03T12:28:28Z,Lesotho,426,Export,World,72,Iron and steel,2019,383335.957
2026-09-03T12:28:28Z,Lesotho,426,Export,World,12,"Oil seeds and oleaginous fruits; miscellaneous grains, seeds and fruit, industrial or medicinal plants; straw and fodder",2019,1826742.623
2026-09-03T12:28:28Z,Lesotho,426,Export,World,09,"Coffee, tea, mate and spices",2019,855829.527
2026-09-03T12:28:28Z,Lesotho,426,Export,World,67,"Feathers and down, prepared; and articles made of feather or of down; artificial flowers; articles of human hair",2019,33241.959
2026-09-03T12:28:28Z,Lesotho,426,Export,World,23,"Food industries, residues and wastes thereof; prepared animal fodder",2019,3185696.588
2026-09-03T12:28:28Z,Lesotho,426,Export,World,60,Fabrics; knitted or crocheted,2019,278421.561
2026-09-03T12:28:28Z,Lesotho,426,Export,World,46,"Manufactures of straw, esparto or other plaiting materials; basketware and wickerwork",2019,8273.37
2026-09-03T12:28:28Z,Lesotho,426,Export,World,40,Rubber and articles thereof,2019,102393.256
2026-09-03T12:28:28Z,Lesotho,426,Export,World,28,"Inorganic chemicals; organic and inorganic compounds of precious metals; of rare earth metals, of radio-active elements and of isotopes",2019,7366.876
2026-09-03T12:28:28Z,Lesotho,426,Export,World,86,"Railway, tramway locomotives, rolling-stock and parts thereof; railway or tramway track fixtures and fittings and parts thereof; mechanical (including electro-mechanical) traffic signalling equipment of all kinds",2019,31196.827
2026-09-03T12:28:28Z,Lesotho,426,Export,World,74,Copper and articles thereof,2019,3043.568
2026-09-03T12:28:28Z,Lesotho,426,Export,World,25,"Salt; sulphur; earths, stone; plastering materials, lime and cement",2019,1453226.31
2026-09-03T12:28:28Z,Lesotho,426,Export,World,26,"Ores, slag and ash",2019,591.276
2026-09-03T12:28:28Z,Lesotho,426,Export,World,97,Works of art; collectors' pieces and antiques,2019,34.944
2026-09-03T12:28:28Z,Lesotho,426,Export,World,20,"Preparations of vegetables, fruit, nuts or other parts of plants",2019,31238.279
2026-09-03T12:28:28Z,Lesotho,426,Export,World,66,"Umbrellas, sun umbrellas, walking-sticks, seat sticks, whips, riding crops; and parts thereof",2019,1843.215
2026-09-03T12:28:28Z,Lesotho,426,Export,World,96,Miscellaneous manufactured articles,2019,109117.188
2026-09-03T12:28:28Z,Lesotho,426,Export,World,10,Cereals,2019,173832.177
2026-09-03T12:28:28Z,Lesotho,426,Export,World,76,Aluminium and articles thereof,2019,661132.369
2026-09-03T12:28:28Z,Lesotho,426,Export,World,56,"Wadding, felt and nonwovens, special yarns; twine, cordage, ropes and cables and articles thereof",2019,82147.716
2026-09-03T12:28:28Z,Lesotho,426,Export,World,33,"Essential oils and resinoids; perfumery, cosmetic or toilet preparations",2019,1233715.091
2026-09-03T12:28:28Z,Lesotho,426,Export,World,73,Iron or steel articles,2019,844892.654
2026-09-03T12:28:28Z,Lesotho,426,Export,World,68,"Stone, plaster, cement, asbestos, mica or similar materials; articles thereof",2019,133929.376
2026-09-03T12:28:28Z,Lesotho,426,Export,World,19,"Preparations of cereals, flour, starch or milk; pastrycooks' products",2019,2100141.608
2026-09-03T12:28:28Z,Lesotho,426,Export,World,53,Vegetable textile fibres; paper yarn and woven fabrics of paper yarn,2019,47036.318
2026-09-03T12:28:28Z,Lesotho,426,Export,World,13,"Lac; gums, resins and other vegetable saps and extracts",2019,20.689
2026-09-03T12:28:28Z,Lesotho,426,Export,World,36,Explosives; pyrotechnic products; matches; pyrophoric alloys; certain combustible preparations,2019,298.717
2026-09-03T12:28:28Z,Lesotho,426,Export,World,03,"Fish and crustaceans, molluscs and other aquatic invertebrates",2019,4217917.57
2026-09-03T12:28:28Z,Lesotho,426,Export,World,11,"Products of the milling industry; malt, starches, inulin, wheat gluten",2019,5595110.058
2026-09-03T12:28:28Z,Lesotho,426,Export,World,71,"Natural, cultured pearls; precious, semi-precious stones; precious metals, metals clad with precious metal, and articles thereof; imitation jewellery; coin",2019,167596963.527
2026-09-03T12:28:28Z,Lesotho,426,Export,World,39,Plastics and articles thereof,2019,2475693.115
2026-09-03T12:28:28Z,Lesotho,426,Export,World,42,"Articles of leather; saddlery and harness; travel goods, handbags and similar containers; articles of animal gut (other than silk-worm gut)",2019,290440.365
2026-09-03T12:28:28Z,Lesotho,426,Export,World,65,Headgear and parts thereof,2019,465795.245
2026-09-03T12:28:28Z,Lesotho,426,Export,World,27,"Mineral fuels, mineral oils and products of their distillation; bituminous substances; mineral waxes",2019,309837.478
2026-09-03T12:28:28Z,Lesotho,426,Export,World,24,Tobacco and manufactured tobacco substitutes,2019,61513.694
2026-09-03T12:28:28Z,Lesotho,426,Export,World,70,Glass and glassware,2019,536048.281
2026-09-03T12:28:28Z,Lesotho,426,Export,World,47,Pulp of wood or other fibrous cellulosic material; recovered (waste and scrap) paper or paperboard,2019,31803.327
2026-09-03T12:28:28Z,Lesotho,426,Export,World,41,Raw hides and skins (other than furskins) and leather,2019,173144.709
2026-09-03T12:28:28Z,Lesotho,426,Export,World,15,Animal or vegetable fats and oils and their cleavage products; prepared animal fats; animal or vegetable waxes,2019,17743.852
2026-09-03T12:28:28Z,Lesotho,426,Export,World,21,Miscellaneous edible preparations,2019,575610.856
2026-09-03T12:28:28Z,Lesotho,426,Export,World,38,Chemical products n.e.c.,2019,476058.517
2026-09-03T12:28:28Z,Lesotho,426,Export,World,57,Carpets and other textile floor coverings,2019,6.92
2026-09-03T12:28:28Z,Lesotho,426,Export,World,88,"Aircraft, spacecraft and parts thereof",2019,11447.509
2026-09-03T12:28:28Z,Lesotho,426,Export,World,82,"Tools, implements, cutlery, spoons and forks, of base metal; parts thereof, of base metal",2019,578030.585
2026-09-03T12:28:28Z,Lesotho,426,Export,World,62,Apparel and clothing accessories; not knitted or crocheted,2019,172887928.84
2026-09-03T12:28:28Z,Lesotho,426,Export,World,52,Cotton,2019,26587161.635
2026-09-03T12:28:28Z,Lesotho,426,Export,World,95,"Toys, games and sports requisites; parts and accessories thereof",2019,13552.075
2026-09-03T12:28:28Z,Lesotho,426,Export,World,69,Ceramic products,2019,32463.481
2026-09-03T12:28:28Z,Lesotho,426,Export,World,06,"Trees and other plants, live; bulbs, roots and the like; cut flowers and ornamental foliage",2019,368763.52
2026-09-03T12:28:28Z,Lesotho,426,Export,World,48,"Paper and paperboard; articles of paper pulp, of paper or paperboard",2019,4402766.711
2026-09-03T12:28:28Z,Lesotho,426,Export,World,08,"Fruit and nuts, edible; peel of citrus fruit or melons",2019,117962.248
2026-09-03T12:28:28Z,Lesotho,426,Export,World,54,Man-made filaments; strip and the like of man-made textile materials,2019,413870.806
2026-09-03T12:28:28Z,Lesotho,426,Export,World,91,Clocks and watches and parts thereof,2019,10656.348
2026-09-03T12:28:28Z,Lesotho,426,Export,World,34,"Soap, organic surface-active agents; washing, lubricating, polishing or scouring preparations; artificial or prepared waxes, candles and similar articles, modelling pastes, dental waxes and dental preparations with a basis of plaster",2019,760561.865
2026-09-03T12:28:28Z,Lesotho,426,Export,World,17,Sugars and sugar confectionery,2019,28566.337
2026-09-03T12:28:28Z,Lesotho,426,Export,World,94,"Furniture; bedding, mattresses, mattress supports, cushions and similar stuffed furnishings; lamps and lighting fittings, n.e.c.; illuminated signs, illuminated name-plates and the like; prefabricated buildings",2019,108461.621
2026-09-03T12:28:28Z,Lesotho,426,Export,World,31,Fertilizers,2019,27712.761
2026-09-03T12:28:28Z,Lesotho,426,Export,World,63,"Textiles, made up articles; sets; worn clothing and worn textile articles; rags",2019,24369375.687
2026-09-03T12:28:28Z,Lesotho,426,Export,World,83,Metal; miscellaneous products of base metal,2019,97977.477
2026-09-03T12:28:28Z,Lesotho,426,Export,World,81,"Metals; n.e.c., cermets and articles thereof",2019,311.38
2026-09-03T12:28:28Z,Lesotho,426,Export,World,61,Apparel and clothing accessories; knitted or crocheted,2019,295358370.997
2026-09-03T12:28:28Z,Lesotho,426,Export,World,78,Lead and articles thereof,2019,455.515
2026-09-03T12:28:28Z,Lesotho,426,Export,World,18,Cocoa and cocoa preparations,2019,19072.091
2026-09-03T12:28:28Z,Lesotho,426,Export,World,80,Tin; articles thereof,2019,158516.48
2026-09-03T12:28:28Z,Lesotho,426,Export,World,51,"Wool, fine or coarse animal hair; horsehair yarn and woven fabric",2019,33945288.483
2026-09-03T12:28:28Z,Lesotho,426,Export,World,29,Organic chemicals,2019,10589.899
2026-09-03T12:28:28Z,Lesotho,426,Export,World,64,Footwear; gaiters and the like; parts of such articles,2019,9335070.758
2026-09-03T12:28:28Z,Lesotho,426,Export,World,04,"Dairy produce; birds' eggs; natural honey; edible products of animal origin, not elsewhere specified or included",2019,27920.422
2026-09-03T12:28:28Z,Lesotho,426,Export,World,30,Pharmaceutical products,2019,504244.773
2026-09-03T12:28:28Z,Lesotho,426,Export,World,87,"Vehicles; other than railway or tramway rolling stock, and parts and accessories thereof",2019,4653031.336
2026-09-03T12:28:28Z,Lesotho,426,Export,World,92,Musical instruments; parts and accessories of such articles,2019,2120.222
2026-09-03T12:28:28Z,Lesotho,426,Export,World,99,Commodities not specified according to kind,2019,235200.833
2026-09-03T12:28:28Z,Lesotho,426,Export,World,90,"Optical, photographic, cinematographic, measuring, checking, medical or surgical instruments and apparatus; parts and accessories",2019,564077.672
2026-09-03T12:28:28Z,Lesotho,426,Export,World,07,Vegetables and certain roots and tubers; edible,2019,107933.896
2026-09-03T12:28:28Z,Lesotho,426,Export,World,50,Silk,2019,12264.83
2026-09-03T12:28:28Z,Lesotho,426,Export,World,49,"Printed books, newspapers, pictures and other products of the printing industry; manuscripts, typescripts and plans",2019,175296.4
2026-09-03T12:28:28Z,Lesotho,426,Export,World,35,Albuminoidal substances; modified starches; glues; enzymes,2019,2519.739
2026-09-03T12:28:28Z,Lesotho,426,Export,World,55,Man-made staple fibres,2019,1176646.294
2026-09-03T12:28:28Z,Lesotho,426,Export,World,84,"Nuclear reactors, boilers, machinery and mechanical appliances; parts thereof",2019,21259038.788
2026-09-03T12:28:28Z,Namibia,516,Export,World,93,Arms and ammunition; parts and accessories thereof,2019,239344.527
2026-09-03T12:28:28Z,Namibia,516,Export,World,13,"Lac; gums, resins and other vegetable saps and extracts",2019,298664.993
2026-09-03T12:28:28Z,Namibia,516,Export,World,43,Furskins and artificial fur; manufactures thereof,2019,1997548.249
2026-09-03T12:28:28Z,Namibia,516,Export,World,06,"Trees and other plants, live; bulbs, roots and the like; cut flowers and ornamental foliage",2019,10011.291
2026-09-03T12:28:28Z,Namibia,516,Export,World,92,Musical instruments; parts and accessories of such articles,2019,25223.869
2026-09-03T12:28:28Z,Namibia,516,Export,World,97,Works of art; collectors' pieces and antiques,2019,6393665.884
2026-09-03T12:28:28Z,Namibia,516,Export,World,67,"Feathers and down, prepared; and articles made of feather or of down; artificial flowers; articles of human hair",2019,28462.271
2026-09-03T12:28:28Z,Namibia,516,Export,World,59,"Textile fabrics; impregnated, coated, covered or laminated; textile articles of a kind suitable for industrial use",2019,90022.745
2026-09-03T12:28:28Z,Namibia,516,Export,World,56,"Wadding, felt and nonwovens, special yarns; twine, cordage, ropes and cables and articles thereof",2019,679452.396
2026-09-03T12:28:28Z,Namibia,516,Export,World,78,Lead and articles thereof,2019,1628299.837
2026-09-03T12:28:28Z,Namibia,516,Export,World,60,Fabrics; knitted or crocheted,2019,9574.079
2026-09-03T12:28:28Z,Namibia,516,Export,World,69,Ceramic products,2019,2909700.3
2026-09-03T12:28:28Z,Namibia,516,Export,World,16,"Meat, fish or crustaceans, molluscs or other aquatic invertebrates; preparations thereof",2019,20347443.47
2026-09-03T12:28:28Z,Namibia,516,Export,World,19,"Preparations of cereals, flour, starch or milk; pastrycooks' products",2019,11820879.716
2026-09-03T12:28:28Z,Namibia,516,Export,World,31,Fertilizers,2019,1254288.343
2026-09-03T12:28:28Z,Namibia,516,Export,World,66,"Umbrellas, sun umbrellas, walking-sticks, seat sticks, whips, riding crops; and parts thereof",2019,31170.487
2026-09-03T12:28:28Z,Namibia,516,Export,World,55,Man-made staple fibres,2019,262008.665
2026-09-03T12:28:28Z,Namibia,516,Export,World,11,"Products of the milling industry; malt, starches, inulin, wheat gluten",2019,2870484.278
2026-09-03T12:28:28Z,Namibia,516,Export,World,58,"Fabrics; special woven fabrics, tufted textile fabrics, lace, tapestries, trimmings, embroidery",2019,96377.01
2026-09-03T12:28:28Z,Namibia,516,Export,World,29,Organic chemicals,2019,1158956.878
2026-09-03T12:28:28Z,Namibia,516,Export,World,18,Cocoa and cocoa preparations,2019,431825.464
2026-09-03T12:28:28Z,Namibia,516,Export,World,80,Tin; articles thereof,2019,9452.414
2026-09-03T12:28:28Z,Namibia,516,Export,World,88,"Aircraft, spacecraft and parts thereof",2019,1070850.343
2026-09-03T12:28:28Z,Namibia,516,Export,World,26,"Ores, slag and ash",2019,830741261.51
2026-09-03T12:28:28Z,Namibia,516,Export,World,20,"Preparations of vegetables, fruit, nuts or other parts of plants",2019,281230.555
2026-09-03T12:28:28Z,Namibia,516,Export,World,10,Cereals,2019,132220.026
2026-09-03T12:28:28Z,Namibia,516,Export,World,36,Explosives; pyrotechnic products; matches; pyrophoric alloys; certain combustible preparations,2019,156760.971
2026-09-03T12:28:28Z,Namibia,516,Export,World,24,Tobacco and manufactured tobacco substitutes,2019,7885887.743
2026-09-03T12:28:28Z,Namibia,516,Export,World,09,"Coffee, tea, mate and spices",2019,120024.046
2026-09-03T12:28:28Z,Namibia,516,Export,World,41,Raw hides and skins (other than furskins) and leather,2019,13299442.498
2026-09-03T12:28:28Z,Namibia,516,Export,World,79,Zinc and articles thereof,2019,186562518.055
2026-09-03T12:28:28Z,Namibia,516,Export,World,15,Animal or vegetable fats and oils and their cleavage products; prepared animal fats; animal or vegetable waxes,2019,2688294.654
2026-09-03T12:28:28Z,Namibia,516,Export,World,89,"Ships, boats and floating structures",2019,6162678.706
2026-09-03T12:28:28Z,Namibia,516,Export,World,35,Albuminoidal substances; modified starches; glues; enzymes,2019,275863.361
2026-09-03T12:28:28Z,Namibia,516,Export,World,99,Commodities not specified according to kind,2019,9649647.377
2026-09-03T12:28:28Z,Namibia,516,Export,World,83,Metal; miscellaneous products of base metal,2019,1514444.641
2026-09-03T12:28:28Z,Namibia,516,Export,World,54,Man-made filaments; strip and the like of man-made textile materials,2019,31450.865
2026-09-03T12:28:28Z,Namibia,516,Export,World,46,"Manufactures of straw, esparto or other plaiting materials; basketware and wickerwork",2019,10115.131
2026-09-03T12:28:28Z,Namibia,516,Export,World,52,Cotton,2019,61598.662
2026-09-03T12:28:28Z,Namibia,516,Export,World,87,"Vehicles; other than railway or tramway rolling stock, and parts and accessories thereof",2019,34252362.767
2026-09-03T12:28:28Z,Namibia,516,Export,World,45,Cork and articles of cork,2019,587.112
2026-09-03T12:28:28Z,Namibia,516,Export,World,17,Sugars and sugar confectionery,2019,1381530.538
2026-09-03T12:28:28Z,Namibia,516,Export,World,51,"Wool, fine or coarse animal hair; horsehair yarn and woven fabric",2019,76460.313
2026-09-03T12:28:28Z,Namibia,516,Export,World,86,"Railway, tramway locomotives, rolling-stock and parts thereof; railway or tramway track fixtures and fittings and parts thereof; mechanical (including electro-mechanical) traffic signalling equipment of all kinds",2019,721183.99
2026-09-03T12:28:28Z,Namibia,516,Export,World,01,Animals; live,2019,122841511.935
2026-09-03T12:28:28Z,Namibia,516,Export,World,53,Vegetable textile fibres; paper yarn and woven fabrics of paper yarn,2019,436.925
2026-09-03T12:28:28Z,Namibia,516,Export,World,08,"Fruit and nuts, edible; peel of citrus fruit or melons",2019,43175950.534
2026-09-03T12:28:28Z,Namibia,516,Export,World,05,Animal originated products; not elsewhere specified or included,2019,1065146.939
2026-09-03T12:28:28Z,Namibia,516,Export,World,75,Nickel and articles thereof,2019,6438.163
2026-09-03T12:28:28Z,Namibia,516,Export,World,21,Miscellaneous edible preparations,2019,1074173.9
2026-09-03T12:28:28Z,Namibia,516,Export,World,33,"Essential oils and resinoids; perfumery, cosmetic or toilet preparations",2019,3392091.027
2026-09-03T12:28:28Z,Namibia,516,Export,World,82,"Tools, implements, cutlery, spoons and forks, of base metal; parts thereof, of base metal",2019,2255051.093
2026-09-03T12:28:28Z,Namibia,516,Export,World,68,"Stone, plaster, cement, asbestos, mica or similar materials; articles thereof",2019,10034337.718
2026-09-03T12:28:28Z,Namibia,516,Export,World,50,Silk,2019,14459.768
2026-09-03T12:28:28Z,Namibia,516,Export,World,72,Iron and steel,2019,28696046.561
2026-09-03T12:28:28Z,Namibia,516,Export,World,03,"Fish and crustaceans, molluscs and other aquatic invertebrates",2019,660338380.918
2026-09-03T12:28:28Z,Namibia,516,Export,World,94,"Furniture; bedding, mattresses, mattress supports, cushions and similar stuffed furnishings; lamps and lighting fittings, n.e.c.; illuminated signs, illuminated name-plates and the like; prefabricated buildings",2019,5112994.745
2026-09-03T12:28:28Z,Namibia,516,Export,World,91,Clocks and watches and parts thereof,2019,46969.284
2026-09-03T12:28:28Z,Namibia,516,Export,World,73,Iron or steel articles,2019,40021908.054
2026-09-03T12:28:28Z,Namibia,516,Export,World,42,"Articles of leather; saddlery and harness; travel goods, handbags and similar containers; articles of animal gut (other than silk-worm gut)",2019,258892.297
2026-09-03T12:28:28Z,Namibia,516,Export,World,96,Miscellaneous manufactured articles,2019,246645.735
2026-09-03T12:28:28Z,Namibia,516,Export,World,02,Meat and edible meat offal,2019,83164473.159
2026-09-03T12:28:28Z,Namibia,516,Export,World,71,"Natural, cultured pearls; precious, semi-precious stones; precious metals, metals clad with precious metal, and articles thereof; imitation jewellery; coin",2019,1778010406.08
2026-09-03T12:28:28Z,Namibia,516,Export,World,49,"Printed books, newspapers, pictures and other products of the printing industry; manuscripts, typescripts and plans",2019,274518.044
2026-09-03T12:28:28Z,Namibia,516,Export,World,04,"Dairy produce; birds' eggs; natural honey; edible products of animal origin, not elsewhere specified or included",2019,1786723.05
2026-09-03T12:28:28Z,Namibia,516,Export,World,25,"Salt; sulphur; earths, stone; plastering materials, lime and cement",2019,58037698.371
2026-09-03T12:28:28Z,Namibia,516,Export,World,07,Vegetables and certain roots and tubers; edible,2019,5662908.537
2026-09-03T12:28:28Z,Namibia,516,Export,World,95,"Toys, games and sports requisites; parts and accessories thereof",2019,419321.095
2026-09-03T12:28:28Z,Namibia,516,Export,World,76,Aluminium and articles thereof,2019,4352110.091
2026-09-03T12:28:28Z,Namibia,516,Export,World,64,Footwear; gaiters and the like; parts of such articles,2019,1014119.023
2026-09-03T12:28:28Z,Namibia,516,Export,World,84,"Nuclear reactors, boilers, machinery and mechanical appliances; parts thereof",2019,59761319.69
2026-09-03T12:28:28Z,Namibia,516,Export,World,47,Pulp of wood or other fibrous cellulosic material; recovered (waste and scrap) paper or paperboard,2019,1776190.558
2026-09-03T12:28:28Z,Namibia,516,Export,World,48,"Paper and paperboard; articles of paper pulp, of paper or paperboard",2019,5681709.195
2026-09-03T12:28:28Z,Namibia,516,Export,World,70,Glass and glassware,2019,2233699.188
2026-09-03T12:28:28Z,Namibia,516,Export,World,32,"Tanning or dyeing extracts; tannins and their derivatives; dyes, pigments and other colouring matter; paints, varnishes; putty, other mastics; inks",2019,2925831.179
2026-09-03T12:28:28Z,Namibia,516,Export,World,37,Photographic or cinematographic goods,2019,11103.022
2026-09-03T12:28:28Z,Namibia,516,Export,World,62,Apparel and clothing accessories; not knitted or crocheted,2019,556897.831
2026-09-03T12:28:28Z,Namibia,516,Export,World,28,"Inorganic chemicals; organic and inorganic compounds of precious metals; of rare earth metals, of radio-active elements and of isotopes",2019,7610136.938
2026-09-03T12:28:28Z,Namibia,516,Export,World,61,Apparel and clothing accessories; knitted or crocheted,2019,816581.618
2026-09-03T12:28:28Z,Namibia,516,Export,World,27,"Mineral fuels, mineral oils and products of their distillation; bituminous substances; mineral waxes",2019,63179687.028
2026-09-03T12:28:28Z,Namibia,516,Export,World,90,"Optical, photographic, cinematographic, measuring, checking, medical or surgical instruments and apparatus; parts and accessories",2019,6394559.738
2026-09-03T12:28:28Z,Namibia,516,Export,World,65,Headgear and parts thereof,2019,80795.074
2026-09-03T12:28:28Z,Namibia,516,Export,World,12,"Oil seeds and oleaginous fruits; miscellaneous grains, seeds and fruit, industrial or medicinal plants; straw and fodder",2019,6913617.828
2026-09-03T12:28:28Z,Namibia,516,Export,World,40,Rubber and articles thereof,2019,21806235.545
2026-09-03T12:28:28Z,Namibia,516,Export,World,34,"Soap, organic surface-active agents; washing, lubricating, polishing or scouring preparations; artificial or prepared waxes, candles and similar articles, modelling pastes, dental waxes and dental preparations with a basis of plaster",2019,2144190.172
2026-09-03T12:28:28Z,Namibia,516,Export,World,81,"Metals; n.e.c., cermets and articles thereof",2019,83353.775
2026-09-03T12:28:28Z,Namibia,516,Export,World,85,"Electrical machinery and equipment and parts thereof; sound recorders and reproducers; television image and sound recorders and reproducers, parts and accessories of such articles",2019,24508763.158
2026-09-03T12:28:28Z,Namibia,516,Export,World,30,Pharmaceutical products,2019,839082.176
2026-09-03T12:28:28Z,Namibia,516,Export,World,23,"Food industries, residues and wastes thereof; prepared animal fodder",2019,10764994.197
2026-09-03T12:28:28Z,Namibia,516,Export,World,22,"Beverages, spirits and vinegar",2019,50852307.433
2026-09-03T12:28:28Z,Namibia,516,Export,World,38,Chemical products n.e.c.,2019,31678635.137
2026-09-03T12:28:28Z,Namibia,516,Export,World,39,Plastics and articles thereof,2019,24683130.16
2026-09-03T12:28:28Z,Namibia,516,Export,World,57,Carpets and other textile floor coverings,2019,113812.633
2026-09-03T12:28:28Z,Namibia,516,Export,World,63,"Textiles, made up articles; sets; worn clothing and worn textile articles; rags",2019,1995558.937
2026-09-03T12:28:28Z,Namibia,516,Export,World,74,Copper and articles thereof,2019,370655270.576
2026-09-03T12:28:28Z,Namibia,516,Export,World,44,Wood and articles of wood; wood charcoal,2019,43466355.093
2026-09-03T12:28:28Z,South Africa,710,Export,World,82,"Tools, implements, cutlery, spoons and forks, of base metal; parts thereof, of base metal",2019,206847272.61
2026-09-03T12:28:28Z,South Africa,710,Export,World,81,"Metals; n.e.c., cermets and articles thereof",2019,168498645.43
2026-09-03T12:28:28Z,South Africa,710,Export,World,79,Zinc and articles thereof,2019,9029941.93
2026-09-03T12:28:28Z,South Africa,710,Export,World,80,Tin; articles thereof,2019,724039.591
2026-09-03T12:28:28Z,South Africa,710,Export,World,57,Carpets and other textile floor coverings,2019,34903742.187
2026-09-03T12:28:28Z,South Africa,710,Export,World,61,Apparel and clothing accessories; knitted or crocheted,2019,214134488.741
2026-09-03T12:28:28Z,South Africa,710,Export,World,62,Apparel and clothing accessories; not knitted or crocheted,2019,198154680.422
2026-09-03T12:28:28Z,South Africa,710,Export,World,64,Footwear; gaiters and the like; parts of such articles,2019,161179005.849
2026-09-03T12:28:28Z,South Africa,710,Export,World,70,Glass and glassware,2019,146668014.769
2026-09-03T12:28:28Z,South Africa,710,Export,World,28,"Inorganic chemicals; organic and inorganic compounds of precious metals; of rare earth metals, of radio-active elements and of isotopes",2019,1117108276.63
2026-09-03T12:28:28Z,South Africa,710,Export,World,06,"Trees and other plants, live; bulbs, roots and the like; cut flowers and ornamental foliage",2019,94123222.442
2026-09-03T12:28:28Z,South Africa,710,Export,World,02,Meat and edible meat offal,2019,234577101.822
2026-09-03T12:28:28Z,South Africa,710,Export,World,03,"Fish and crustaceans, molluscs and other aquatic invertebrates",2019,495119260.838
2026-09-03T12:28:28Z,South Africa,710,Export,World,04,"Dairy produce; birds' eggs; natural honey; edible products of animal origin, not elsewhere specified or included",2019,234345865.532
2026-09-03T12:28:28Z,South Africa,710,Export,World,08,"Fruit and nuts, edible; peel of citrus fruit or melons",2019,3418663156.918
2026-09-03T12:28:28Z,South Africa,710,Export,World,09,"Coffee, tea, mate and spices",2019,131959432.668
2026-09-03T12:28:28Z,South Africa,710,Export,World,11,"Products of the milling industry; malt, starches, inulin, wheat gluten",2019,188320445.531
2026-09-03T12:28:28Z,South Africa,710,Export,World,13,"Lac; gums, resins and other vegetable saps and extracts",2019,15250092.39
2026-09-03T12:28:28Z,South Africa,710,Export,World,15,Animal or vegetable fats and oils and their cleavage products; prepared animal fats; animal or vegetable waxes,2019,221180306.384
2026-09-03T12:28:28Z,South Africa,710,Export,World,16,"Meat, fish or crustaceans, molluscs or other aquatic invertebrates; preparations thereof",2019,118149734.038
2026-09-03T12:28:28Z,South Africa,710,Export,World,17,Sugars and sugar confectionery,2019,591865999.182
2026-09-03T12:28:28Z,South Africa,710,Export,World,18,Cocoa and cocoa preparations,2019,73090270.04
2026-09-03T12:28:28Z,South Africa,710,Export,World,19,"Preparations of cereals, flour, starch or milk; pastrycooks' products",2019,266350328.806
2026-09-03T12:28:28Z,South Africa,710,Export,World,20,"Preparations of vegetables, fruit, nuts or other parts of plants",2019,612736199.768
2026-09-03T12:28:28Z,South Africa,710,Export,World,21,Miscellaneous edible preparations,2019,447529692.385
2026-09-03T12:28:28Z,South Africa,710,Export,World,22,"Beverages, spirits and vinegar",2019,1292864622.892
2026-09-03T12:28:28Z,South Africa,710,Export,World,24,Tobacco and manufactured tobacco substitutes,2019,216001766.872
2026-09-03T12:28:28Z,South Africa,710,Export,World,29,Organic chemicals,2019,1080827608.434
2026-09-03T12:28:28Z,South Africa,710,Export,World,30,Pharmaceutical products,2019,433540325.143
2026-09-03T12:28:28Z,South Africa,710,Export,World,31,Fertilizers,2019,271186227.741
2026-09-03T12:28:28Z,South Africa,710,Export,World,32,"Tanning or dyeing extracts; tannins and their derivatives; dyes, pigments and other colouring matter; paints, varnishes; putty, other mastics; inks",2019,272120026.936
2026-09-03T12:28:28Z,South Africa,710,Export,World,33,"Essential oils and resinoids; perfumery, cosmetic or toilet preparations",2019,577850244.663
2026-09-03T12:28:28Z,South Africa,710,Export,World,34,"Soap, organic surface-active agents; washing, lubricating, polishing or scouring preparations; artificial or prepared waxes, candles and similar articles, modelling pastes, dental waxes and dental preparations with a basis of plaster",2019,425241181.344
2026-09-03T12:28:28Z,South Africa,710,Export,World,35,Albuminoidal substances; modified starches; glues; enzymes,2019,74302625.341
2026-09-03T12:28:28Z,South Africa,710,Export,World,38,Chemical products n.e.c.,2019,1163518983.533
2026-09-03T12:28:28Z,South Africa,710,Export,World,39,Plastics and articles thereof,2019,1433248302.064
2026-09-03T12:28:28Z,South Africa,710,Export,World,41,Raw hides and skins (other than furskins) and leather,2019,186565454.843
2026-09-03T12:28:28Z,South Africa,710,Export,World,43,Furskins and artificial fur; manufactures thereof,2019,2290900.881
2026-09-03T12:28:28Z,South Africa,710,Export,World,05,Animal originated products; not elsewhere specified or included,2019,24354664.003
2026-09-03T12:28:28Z,South Africa,710,Export,World,07,Vegetables and certain roots and tubers; edible,2019,212917418.367
2026-09-03T12:28:28Z,South Africa,710,Export,World,10,Cereals,2019,400461968.68
2026-09-03T12:28:28Z,South Africa,710,Export,World,12,"Oil seeds and oleaginous fruits; miscellaneous grains, seeds and fruit, industrial or medicinal plants; straw and fodder",2019,233020517.233
2026-09-03T12:28:28Z,South Africa,710,Export,World,23,"Food industries, residues and wastes thereof; prepared animal fodder",2019,297144997.41
2026-09-03T12:28:28Z,South Africa,710,Export,World,25,"Salt; sulphur; earths, stone; plastering materials, lime and cement",2019,523213431.198
2026-09-03T12:28:28Z,South Africa,710,Export,World,26,"Ores, slag and ash",2019,13060350800.954
2026-09-03T12:28:28Z,South Africa,710,Export,World,44,Wood and articles of wood; wood charcoal,2019,510165414.352
2026-09-03T12:28:28Z,South Africa,710,Export,World,40,Rubber and articles thereof,2019,436965288.261
2026-09-03T12:28:28Z,South Africa,710,Export,World,47,Pulp of wood or other fibrous cellulosic material; recovered (waste and scrap) paper or paperboard,2019,565873294.495
2026-09-03T12:28:28Z,South Africa,710,Export,World,65,Headgear and parts thereof,2019,18231733.591
2026-09-03T12:28:28Z,South Africa,710,Export,World,66,"Umbrellas, sun umbrellas, walking-sticks, seat sticks, whips, riding crops; and parts thereof",2019,7767194.277
2026-09-03T12:28:28Z,South Africa,710,Export,World,68,"Stone, plaster, cement, asbestos, mica or similar materials; articles thereof",2019,113865380.843
2026-09-03T12:28:28Z,South Africa,710,Export,World,69,Ceramic products,2019,183808993.142
2026-09-03T12:28:28Z,South Africa,710,Export,World,71,"Natural, cultured pearls; precious, semi-precious stones; precious metals, metals clad with precious metal, and articles thereof; imitation jewellery; coin",2019,15010281254.275
2026-09-03T12:28:28Z,South Africa,710,Export,World,78,Lead and articles thereof,2019,34501981.969
2026-09-03T12:28:28Z,South Africa,710,Export,World,48,"Paper and paperboard; articles of paper pulp, of paper or paperboard",2019,587346892.159
2026-09-03T12:28:28Z,South Africa,710,Export,World,49,"Printed books, newspapers, pictures and other products of the printing industry; manuscripts, typescripts and plans",2019,87383258.042
2026-09-03T12:28:28Z,South Africa,710,Export,World,50,Silk,2019,2088059.705
2026-09-03T12:28:28Z,South Africa,710,Export,World,51,"Wool, fine or coarse animal hair; horsehair yarn and woven fabric",2019,378698372.569
2026-09-03T12:28:28Z,South Africa,710,Export,World,52,Cotton,2019,61404199.606
2026-09-03T12:28:28Z,South Africa,710,Export,World,53,Vegetable textile fibres; paper yarn and woven fabrics of paper yarn,2019,545842.488
2026-09-03T12:28:28Z,South Africa,710,Export,World,55,Man-made staple fibres,2019,62393603.739
2026-09-03T12:28:28Z,South Africa,710,Export,World,58,"Fabrics; special woven fabrics, tufted textile fabrics, lace, tapestries, trimmings, embroidery",2019,17495750.34
2026-09-03T12:28:28Z,South Africa,710,Export,World,59,"Textile fabrics; impregnated, coated, covered or laminated; textile articles of a kind suitable for industrial use",2019,24857878.709
2026-09-03T12:28:28Z,South Africa,710,Export,World,63,"Textiles, made up articles; sets; worn clothing and worn textile articles; rags",2019,148333929.253
2026-09-03T12:28:28Z,South Africa,710,Export,World,67,"Feathers and down, prepared; and articles made of feather or of down; artificial flowers; articles of human hair",2019,28889540.307
2026-09-03T12:28:28Z,South Africa,710,Export,World,72,Iron and steel,2019,5358629389.38
2026-09-03T12:28:28Z,South Africa,710,Export,World,73,Iron or steel articles,2019,1244231792.514
2026-09-03T12:28:28Z,South Africa,710,Export,World,74,Copper and articles thereof,2019,629854000.277
2026-09-03T12:28:28Z,South Africa,710,Export,World,76,Aluminium and articles thereof,2019,1741537721.109
2026-09-03T12:28:28Z,South Africa,710,Export,World,45,Cork and articles of cork,2019,636797.498
2026-09-03T12:28:28Z,South Africa,710,Export,World,46,"Manufactures of straw, esparto or other plaiting materials; basketware and wickerwork",2019,2825309.815
2026-09-03T12:28:28Z,South Africa,710,Export,World,54,Man-made filaments; strip and the like of man-made textile materials,2019,39850447.645
2026-09-03T12:28:28Z,South Africa,710,Export,World,56,"Wadding, felt and nonwovens, special yarns; twine, cordage, ropes and cables and articles thereof",2019,46140213.142
2026-09-03T12:28:28Z,South Africa,710,Export,World,60,Fabrics; knitted or crocheted,2019,19892259.134
2026-09-03T12:28:28Z,South Africa,710,Export,World,75,Nickel and articles thereof,2019,325489946.728
2026-09-03T12:28:28Z,South Africa,710,Export,World,14,Vegetable plaiting materials; vegetable products not elsewhere specified or included,2019,38282664.87
2026-09-03T12:28:28Z,South Africa,710,Export,World,36,Explosives; pyrotechnic products; matches; pyrophoric alloys; certain combustible preparations,2019,116147941.254
2026-09-03T12:28:28Z,South Africa,710,Export,World,84,"Nuclear reactors, boilers, machinery and mechanical appliances; parts thereof",2019,5480309026.669
2026-09-03T12:28:28Z,South Africa,710,Export,World,85,"Electrical machinery and equipment and parts thereof; sound recorders and reproducers; television image and sound recorders and reproducers, parts and accessories of such articles",2019,1746613736.798
2026-09-03T12:28:28Z,South Africa,710,Export,World,87,"Vehicles; other than railway or tramway rolling stock, and parts and accessories thereof",2019,11400910791.251
2026-09-03T12:28:28Z,South Africa,710,Export,World,88,"Aircraft, spacecraft and parts thereof",2019,399376183.442
2026-09-03T12:28:28Z,South Africa,710,Export,World,92,Musical instruments; parts and accessories of such articles,2019,1992671.899
2026-09-03T12:28:28Z,South Africa,710,Export,World,93,Arms and ammunition; parts and accessories thereof,2019,113184874.814
2026-09-03T12:28:28Z,South Africa,710,Export,World,90,"Optical, photographic, cinematographic, measuring, checking, medical or surgical instruments and apparatus; parts and accessories",2019,568321263.244
2026-09-03T12:28:28Z,South Africa,710,Export,World,91,Clocks and watches and parts thereof,2019,26248610.511
2026-09-03T12:28:28Z,South Africa,710,Export,World,89,"Ships, boats and floating structures",2019,205068908.235
2026-09-03T12:28:28Z,South Africa,710,Export,World,86,"Railway, tramway locomotives, rolling-stock and parts thereof; railway or tramway track fixtures and fittings and parts thereof; mechanical (including electro-mechanical) traffic signalling equipment of all kinds",2019,185853744.001
2026-09-03T12:28:28Z,South Africa,710,Export,World,95,"Toys, games and sports requisites; parts and accessories thereof",2019,63736776.551
2026-09-03T12:28:28Z,South Africa,710,Export,World,96,Miscellaneous manufactured articles,2019,149863151.256
2026-09-03T12:28:28Z,South Africa,710,Export,World,83,Metal; miscellaneous products of base metal,2019,111338806.519
2026-09-03T12:28:28Z,South Africa,710,Export,World,94,"Furniture; bedding, mattresses, mattress supports, cushions and similar stuffed furnishings; lamps and lighting fittings, n.e.c.; illuminated signs, illuminated name-plates and the like; prefabricated buildings",2019,362017852.199
2026-09-03T12:28:28Z,South Africa,710,Export,World,97,Works of art; collectors' pieces and antiques,2019,99860135.282
2026-09-03T12:28:28Z,South Africa,710,Export,World,99,Commodities not specified according to kind,2019,143613545.965
2026-09-03T12:28:28Z,South Africa,710,Export,World,01,Animals; live,2019,71566754.194
2026-09-03T12:28:28Z,South Africa,710,Export,World,27,"Mineral fuels, mineral oils and products of their distillation; bituminous substances; mineral waxes",2019,8780495853.612
2026-09-03T12:28:28Z,South Africa,710,Export,World,37,Photographic or cinematographic goods,2019,9807590.936
2026-09-03T12:28:28Z,South Africa,710,Export,World,42,"Articles of leather; saddlery and harness; travel goods, handbags and similar containers; articles of animal gut (other than silk-worm gut)",2019,49860425.622
2026-09-03T12:28:28Z,Eswatini,748,Export,World,05,Animal originated products; not elsewhere specified or included,2019,1190.12
2026-09-03T12:28:28Z,Eswatini,748,Export,World,03,"Fish and crustaceans, molluscs and other aquatic invertebrates",2019,19118.51
2026-09-03T12:28:28Z,Eswatini,748,Export,World,04,"Dairy produce; birds' eggs; natural honey; edible products of animal origin, not elsewhere specified or included",2019,683163.38
2026-09-03T12:28:28Z,Eswatini,748,Export,World,06,"Trees and other plants, live; bulbs, roots and the like; cut flowers and ornamental foliage",2019,66892.06
2026-09-03T12:28:28Z,Eswatini,748,Export,World,07,Vegetables and certain roots and tubers; edible,2019,540589.1
2026-09-03T12:28:28Z,Eswatini,748,Export,World,09,"Coffee, tea, mate and spices",2019,197113.59
2026-09-03T12:28:28Z,Eswatini,748,Export,World,10,Cereals,2019,269080.12
2026-09-03T12:28:28Z,Eswatini,748,Export,World,11,"Products of the milling industry; malt, starches, inulin, wheat gluten",2019,466061.9
2026-09-03T12:28:28Z,Eswatini,748,Export,World,12,"Oil seeds and oleaginous fruits; miscellaneous grains, seeds and fruit, industrial or medicinal plants; straw and fodder",2019,176807.75
2026-09-03T12:28:28Z,Eswatini,748,Export,World,01,Animals; live,2019,785212.22
2026-09-03T12:28:28Z,Eswatini,748,Export,World,02,Meat and edible meat offal,2019,2661643.93
2026-09-03T12:28:28Z,Eswatini,748,Export,World,22,"Beverages, spirits and vinegar",2019,41013040.34
2026-09-03T12:28:28Z,Eswatini,748,Export,World,13,"Lac; gums, resins and other vegetable saps and extracts",2019,1972978.5
2026-09-03T12:28:28Z,Eswatini,748,Export,World,14,Vegetable plaiting materials; vegetable products not elsewhere specified or included,2019,254294.26
2026-09-03T12:28:28Z,Eswatini,748,Export,World,15,Animal or vegetable fats and oils and their cleavage products; prepared animal fats; animal or vegetable waxes,2019,37401.46
2026-09-03T12:28:28Z,Eswatini,748,Export,World,16,"Meat, fish or crustaceans, molluscs or other aquatic invertebrates; preparations thereof",2019,4165.74
2026-09-03T12:28:28Z,Eswatini,748,Export,World,17,Sugars and sugar confectionery,2019,474430426.33
2026-09-03T12:28:28Z,Eswatini,748,Export,World,08,"Fruit and nuts, edible; peel of citrus fruit or melons",2019,16499869.84
2026-09-03T12:28:28Z,Eswatini,748,Export,World,18,Cocoa and cocoa preparations,2019,3625952.71
2026-09-03T12:28:28Z,Eswatini,748,Export,World,19,"Preparations of cereals, flour, starch or milk; pastrycooks' products",2019,1720817.44
2026-09-03T12:28:28Z,Eswatini,748,Export,World,20,"Preparations of vegetables, fruit, nuts or other parts of plants",2019,33846492.44
2026-09-03T12:28:28Z,Eswatini,748,Export,World,21,Miscellaneous edible preparations,2019,7112230.65
2026-09-03T12:28:28Z,Eswatini,748,Export,World,23,"Food industries, residues and wastes thereof; prepared animal fodder",2019,20462180.95
2026-09-03T12:28:28Z,Eswatini,748,Export,World,25,"Salt; sulphur; earths, stone; plastering materials, lime and cement",2019,54258.14
2026-09-03T12:28:28Z,Eswatini,748,Export,World,26,"Ores, slag and ash",2019,34.77
2026-09-03T12:28:28Z,Eswatini,748,Export,World,27,"Mineral fuels, mineral oils and products of their distillation; bituminous substances; mineral waxes",2019,16703979.77
2026-09-03T12:28:28Z,Eswatini,748,Export,World,28,"Inorganic chemicals; organic and inorganic compounds of precious metals; of rare earth metals, of radio-active elements and of isotopes",2019,5285031.95
2026-09-03T12:28:28Z,Eswatini,748,Export,World,29,Organic chemicals,2019,47461295.78
2026-09-03T12:28:28Z,Eswatini,748,Export,World,30,Pharmaceutical products,2019,190727.67
2026-09-03T12:28:28Z,Eswatini,748,Export,World,31,Fertilizers,2019,720939.96
2026-09-03T12:28:28Z,Eswatini,748,Export,World,32,"Tanning or dyeing extracts; tannins and their derivatives; dyes, pigments and other colouring matter; paints, varnishes; putty, other mastics; inks",2019,2689830.09
2026-09-03T12:28:28Z,Eswatini,748,Export,World,33,"Essential oils and resinoids; perfumery, cosmetic or toilet preparations",2019,639293159.56
2026-09-03T12:28:28Z,Eswatini,748,Export,World,34,"Soap, organic surface-active agents; washing, lubricating, polishing or scouring preparations; artificial or prepared waxes, candles and similar articles, modelling pastes, dental waxes and dental preparations with a basis of plaster",2019,2146890.55
2026-09-03T12:28:28Z,Eswatini,748,Export,World,35,Albuminoidal substances; modified starches; glues; enzymes,2019,1649000.24
2026-09-03T12:28:28Z,Eswatini,748,Export,World,37,Photographic or cinematographic goods,2019,485.43
2026-09-03T12:28:28Z,Eswatini,748,Export,World,38,Chemical products n.e.c.,2019,242502149.29
2026-09-03T12:28:28Z,Eswatini,748,Export,World,39,Plastics and articles thereof,2019,7879851.69
2026-09-03T12:28:28Z,Eswatini,748,Export,World,40,Rubber and articles thereof,2019,904359.86
2026-09-03T12:28:28Z,Eswatini,748,Export,World,41,Raw hides and skins (other than furskins) and leather,2019,32193.3
2026-09-03T12:28:28Z,Eswatini,748,Export,World,42,"Articles of leather; saddlery and harness; travel goods, handbags and similar containers; articles of animal gut (other than silk-worm gut)",2019,132534.79
2026-09-03T12:28:28Z,Eswatini,748,Export,World,43,Furskins and artificial fur; manufactures thereof,2019,18.29
2026-09-03T12:28:28Z,Eswatini,748,Export,World,44,Wood and articles of wood; wood charcoal,2019,107824169.49
2026-09-03T12:28:28Z,Eswatini,748,Export,World,45,Cork and articles of cork,2019,208.46
2026-09-03T12:28:28Z,Eswatini,748,Export,World,46,"Manufactures of straw, esparto or other plaiting materials; basketware and wickerwork",2019,508987.82
2026-09-03T12:28:28Z,Eswatini,748,Export,World,47,Pulp of wood or other fibrous cellulosic material; recovered (waste and scrap) paper or paperboard,2019,643246.13
2026-09-03T12:28:28Z,Eswatini,748,Export,World,56,"Wadding, felt and nonwovens, special yarns; twine, cordage, ropes and cables and articles thereof",2019,41657.56
2026-09-03T12:28:28Z,Eswatini,748,Export,World,55,Man-made staple fibres,2019,148240.24
2026-09-03T12:28:28Z,Eswatini,748,Export,World,54,Man-made filaments; strip and the like of man-made textile materials,2019,1524571.31
2026-09-03T12:28:28Z,Eswatini,748,Export,World,53,Vegetable textile fibres; paper yarn and woven fabrics of paper yarn,2019,1397.6
2026-09-03T12:28:28Z,Eswatini,748,Export,World,52,Cotton,2019,1478775.23
2026-09-03T12:28:28Z,Eswatini,748,Export,World,51,"Wool, fine or coarse animal hair; horsehair yarn and woven fabric",2019,40398.38
2026-09-03T12:28:28Z,Eswatini,748,Export,World,50,Silk,2019,72.92
2026-09-03T12:28:28Z,Eswatini,748,Export,World,49,"Printed books, newspapers, pictures and other products of the printing industry; manuscripts, typescripts and plans",2019,7458613.26
2026-09-03T12:28:28Z,Eswatini,748,Export,World,48,"Paper and paperboard; articles of paper pulp, of paper or paperboard",2019,3140991.5
2026-09-03T12:28:28Z,Eswatini,748,Export,World,57,Carpets and other textile floor coverings,2019,85369.2
2026-09-03T12:28:28Z,Eswatini,748,Export,World,58,"Fabrics; special woven fabrics, tufted textile fabrics, lace, tapestries, trimmings, embroidery",2019,107124.95
2026-09-03T12:28:28Z,Eswatini,748,Export,World,59,"Textile fabrics; impregnated, coated, covered or laminated; textile articles of a kind suitable for industrial use",2019,697348.29
2026-09-03T12:28:28Z,Eswatini,748,Export,World,60,Fabrics; knitted or crocheted,2019,14868938.53
2026-09-03T12:28:28Z,Eswatini,748,Export,World,61,Apparel and clothing accessories; knitted or crocheted,2019,45572985.53
2026-09-03T12:28:28Z,Eswatini,748,Export,World,63,"Textiles, made up articles; sets; worn clothing and worn textile articles; rags",2019,19770433.72
2026-09-03T12:28:28Z,Eswatini,748,Export,World,62,Apparel and clothing accessories; not knitted or crocheted,2019,157232087.94
2026-09-03T12:28:28Z,Eswatini,748,Export,World,64,Footwear; gaiters and the like; parts of such articles,2019,208659.47
2026-09-03T12:28:28Z,Eswatini,748,Export,World,65,Headgear and parts thereof,2019,35781.87
2026-09-03T12:28:28Z,Eswatini,748,Export,World,66,"Umbrellas, sun umbrellas, walking-sticks, seat sticks, whips, riding crops; and parts thereof",2019,1963.03
2026-09-03T12:28:28Z,Eswatini,748,Export,World,67,"Feathers and down, prepared; and articles made of feather or of down; artificial flowers; articles of human hair",2019,14375.0
2026-09-03T12:28:28Z,Eswatini,748,Export,World,68,"Stone, plaster, cement, asbestos, mica or similar materials; articles thereof",2019,1026991.55
2026-09-03T12:28:28Z,Eswatini,748,Export,World,73,Iron or steel articles,2019,2238048.18
2026-09-03T12:28:28Z,Eswatini,748,Export,World,72,Iron and steel,2019,2519679.48
2026-09-03T12:28:28Z,Eswatini,748,Export,World,71,"Natural, cultured pearls; precious, semi-precious stones; precious metals, metals clad with precious metal, and articles thereof; imitation jewellery; coin",2019,384955.64
2026-09-03T12:28:28Z,Eswatini,748,Export,World,70,Glass and glassware,2019,1745101.4
2026-09-03T12:28:28Z,Eswatini,748,Export,World,69,Ceramic products,2019,35417.33
2026-09-03T12:28:28Z,Eswatini,748,Export,World,74,Copper and articles thereof,2019,1147184.08
2026-09-03T12:28:28Z,Eswatini,748,Export,World,76,Aluminium and articles thereof,2019,276906.6
2026-09-03T12:28:28Z,Eswatini,748,Export,World,79,Zinc and articles thereof,2019,11196.79
2026-09-03T12:28:28Z,Eswatini,748,Export,World,80,Tin; articles thereof,2019,6255.86
2026-09-03T12:28:28Z,Eswatini,748,Export,World,81,"Metals; n.e.c., cermets and articles thereof",2019,0.2
2026-09-03T12:28:28Z,Eswatini,748,Export,World,82,"Tools, implements, cutlery, spoons and forks, of base metal; parts thereof, of base metal",2019,328572.84
2026-09-03T12:28:28Z,Eswatini,748,Export,World,83,Metal; miscellaneous products of base metal,2019,168119.1
2026-09-03T12:28:28Z,Eswatini,748,Export,World,84,"Nuclear reactors, boilers, machinery and mechanical appliances; parts thereof",2019,27659409.95
2026-09-03T12:28:28Z,Eswatini,748,Export,World,85,"Electrical machinery and equipment and parts thereof; sound recorders and reproducers; television image and sound recorders and reproducers, parts and accessories of such articles",2019,1633571.74
2026-09-03T12:28:28Z,Eswatini,748,Export,World,86,"Railway, tramway locomotives, rolling-stock and parts thereof; railway or tramway track fixtures and fittings and parts thereof; mechanical (including electro-mechanical) traffic signalling equipment of all kinds",2019,4058.11
2026-09-03T12:28:28Z,Eswatini,748,Export,World,87,"Vehicles; other than railway or tramway rolling stock, and parts and accessories thereof",2019,10671708.19
2026-09-03T12:28:28Z,Eswatini,748,Export,World,94,"Furniture; bedding, mattresses, mattress supports, cushions and similar stuffed furnishings; lamps and lighting fittings, n.e.c.; illuminated signs, illuminated name-plates and the like; prefabricated buildings",2019,171528.73
2026-09-03T12:28:28Z,Eswatini,748,Export,World,91,Clocks and watches and parts thereof,2019,24149.03
2026-09-03T12:28:28Z,Eswatini,748,Export,World,99,Commodities not specified according to kind,2019,651603.35
2026-09-03T12:28:28Z,Eswatini,748,Export,World,90,"Optical, photographic, cinematographic, measuring, checking, medical or surgical instruments and apparatus; parts and accessories",2019,644956.54
2026-09-03T12:28:28Z,Eswatini,748,Export,World,89,"Ships, boats and floating structures",2019,1657653.58
2026-09-03T12:28:28Z,Eswatini,748,Export,World,88,"Aircraft, spacecraft and parts thereof",2019,116085.87
2026-09-03T12:28:28Z,Eswatini,748,Export,World,92,Musical instruments; parts and accessories of such articles,2019,14443.43
2026-09-03T12:28:28Z,Eswatini,748,Export,World,95,"Toys, games and sports requisites; parts and accessories thereof",2019,80541.12
2026-09-03T12:28:28Z,Eswatini,748,Export,World,96,Miscellaneous manufactured articles,2019,12502107.86
2026-09-03T12:28:28Z,Eswatini,748,Export,World,97,Works of art; collectors' pieces and antiques,2019,16492.84
2026-09-03T12:28:28Z,Botswana,72,Export,World,88,"Aircraft, spacecraft and parts thereof",2020,1104162.322
2026-09-03T12:28:28Z,Botswana,72,Export,World,95,"Toys, games and sports requisites; parts and accessories thereof",2020,27662.651
2026-09-03T12:28:28Z,Botswana,72,Export,World,28,"Inorganic chemicals; organic and inorganic compounds of precious metals; of rare earth metals, of radio-active elements and of isotopes",2020,40170878.043
2026-09-03T12:28:28Z,Botswana,72,Export,World,46,"Manufactures of straw, esparto or other plaiting materials; basketware and wickerwork",2020,26061.446
2026-09-03T12:28:28Z,Botswana,72,Export,World,54,Man-made filaments; strip and the like of man-made textile materials,2020,4085.271
2026-09-03T12:28:28Z,Botswana,72,Export,World,51,"Wool, fine or coarse animal hair; horsehair yarn and woven fabric",2020,1488.445
2026-09-03T12:28:28Z,Botswana,72,Export,World,61,Apparel and clothing accessories; knitted or crocheted,2020,1089736.755
2026-09-03T12:28:28Z,Botswana,72,Export,World,47,Pulp of wood or other fibrous cellulosic material; recovered (waste and scrap) paper or paperboard,2020,1127538.93
2026-09-03T12:28:28Z,Botswana,72,Export,World,22,"Beverages, spirits and vinegar",2020,784970.069
2026-09-03T12:28:28Z,Botswana,72,Export,World,31,Fertilizers,2020,111278.602
2026-09-03T12:28:28Z,Botswana,72,Export,World,83,Metal; miscellaneous products of base metal,2020,864704.045
2026-09-03T12:28:28Z,Botswana,72,Export,World,70,Glass and glassware,2020,564061.903
2026-09-03T12:28:28Z,Botswana,72,Export,World,30,Pharmaceutical products,2020,11099780.309
2026-09-03T12:28:28Z,Botswana,72,Export,World,60,Fabrics; knitted or crocheted,2020,7016.235
2026-09-03T12:28:28Z,Botswana,72,Export,World,12,"Oil seeds and oleaginous fruits; miscellaneous grains, seeds and fruit, industrial or medicinal plants; straw and fodder",2020,242339.495
2026-09-03T12:28:28Z,Botswana,72,Export,World,36,Explosives; pyrotechnic products; matches; pyrophoric alloys; certain combustible preparations,2020,503023.563
2026-09-03T12:28:28Z,Botswana,72,Export,World,43,Furskins and artificial fur; manufactures thereof,2020,4272.547
2026-09-03T12:28:28Z,Botswana,72,Export,World,44,Wood and articles of wood; wood charcoal,2020,1138296.278
2026-09-03T12:28:28Z,Botswana,72,Export,World,42,"Articles of leather; saddlery and harness; travel goods, handbags and similar containers; articles of animal gut (other than silk-worm gut)",2020,163691.179
2026-09-03T12:28:28Z,Botswana,72,Export,World,10,Cereals,2020,1765135.603
2026-09-03T12:28:28Z,Botswana,72,Export,World,80,Tin; articles thereof,2020,39.777
2026-09-03T12:28:28Z,Botswana,72,Export,World,27,"Mineral fuels, mineral oils and products of their distillation; bituminous substances; mineral waxes",2020,16905186.242
2026-09-03T12:28:28Z,Botswana,72,Export,World,58,"Fabrics; special woven fabrics, tufted textile fabrics, lace, tapestries, trimmings, embroidery",2020,3029135.979
2026-09-03T12:28:28Z,Botswana,72,Export,World,41,Raw hides and skins (other than furskins) and leather,2020,228453.716
2026-09-03T12:28:28Z,Botswana,72,Export,World,84,"Nuclear reactors, boilers, machinery and mechanical appliances; parts thereof",2020,44783523.522
2026-09-03T12:28:28Z,Botswana,72,Export,World,05,Animal originated products; not elsewhere specified or included,2020,43135.233
2026-09-03T12:28:28Z,Botswana,72,Export,World,94,"Furniture; bedding, mattresses, mattress supports, cushions and similar stuffed furnishings; lamps and lighting fittings, n.e.c.; illuminated signs, illuminated name-plates and the like; prefabricated buildings",2020,2559558.619
2026-09-03T12:28:28Z,Botswana,72,Export,World,07,Vegetables and certain roots and tubers; edible,2020,3715325.938
2026-09-03T12:28:28Z,Botswana,72,Export,World,78,Lead and articles thereof,2020,640623.921
2026-09-03T12:28:28Z,Botswana,72,Export,World,90,"Optical, photographic, cinematographic, measuring, checking, medical or surgical instruments and apparatus; parts and accessories",2020,2838366.079
2026-09-03T12:28:28Z,Botswana,72,Export,World,20,"Preparations of vegetables, fruit, nuts or other parts of plants",2020,5097757.822
2026-09-03T12:28:28Z,Botswana,72,Export,World,25,"Salt; sulphur; earths, stone; plastering materials, lime and cement",2020,24588070.106
2026-09-03T12:28:28Z,Botswana,72,Export,World,35,Albuminoidal substances; modified starches; glues; enzymes,2020,50994.068
2026-09-03T12:28:28Z,Botswana,72,Export,World,01,Animals; live,2020,41053841.005
2026-09-03T12:28:28Z,Botswana,72,Export,World,18,Cocoa and cocoa preparations,2020,2085.665
2026-09-03T12:28:28Z,Botswana,72,Export,World,68,"Stone, plaster, cement, asbestos, mica or similar materials; articles thereof",2020,4178252.29
2026-09-03T12:28:28Z,Botswana,72,Export,World,82,"Tools, implements, cutlery, spoons and forks, of base metal; parts thereof, of base metal",2020,1047289.966
2026-09-03T12:28:28Z,Botswana,72,Export,World,48,"Paper and paperboard; articles of paper pulp, of paper or paperboard",2020,1027783.863
2026-09-03T12:28:28Z,Botswana,72,Export,World,92,Musical instruments; parts and accessories of such articles,2020,27500.823
2026-09-03T12:28:28Z,Botswana,72,Export,World,37,Photographic or cinematographic goods,2020,3453.252
2026-09-03T12:28:28Z,Botswana,72,Export,World,99,Commodities not specified according to kind,2020,2659142.61
2026-09-03T12:28:28Z,Botswana,72,Export,World,06,"Trees and other plants, live; bulbs, roots and the like; cut flowers and ornamental foliage",2020,242268.021
2026-09-03T12:28:28Z,Botswana,72,Export,World,29,Organic chemicals,2020,140821.585
2026-09-03T12:28:28Z,Botswana,72,Export,World,75,Nickel and articles thereof,2020,775.153
2026-09-03T12:28:28Z,Botswana,72,Export,World,89,"Ships, boats and floating structures",2020,215320.188
2026-09-03T12:28:28Z,Botswana,72,Export,World,64,Footwear; gaiters and the like; parts of such articles,2020,1012960.193
2026-09-03T12:28:28Z,Botswana,72,Export,World,21,Miscellaneous edible preparations,2020,375554.576
2026-09-03T12:28:28Z,Botswana,72,Export,World,23,"Food industries, residues and wastes thereof; prepared animal fodder",2020,5009233.4
2026-09-03T12:28:28Z,Botswana,72,Export,World,45,Cork and articles of cork,2020,114.704
2026-09-03T12:28:28Z,Botswana,72,Export,World,67,"Feathers and down, prepared; and articles made of feather or of down; artificial flowers; articles of human hair",2020,9053.936
2026-09-03T12:28:28Z,Botswana,72,Export,World,26,"Ores, slag and ash",2020,25400976.072
2026-09-03T12:28:28Z,Botswana,72,Export,World,65,Headgear and parts thereof,2020,141525.328
2026-09-03T12:28:28Z,Botswana,72,Export,World,76,Aluminium and articles thereof,2020,2248100.561
2026-09-03T12:28:28Z,Botswana,72,Export,World,08,"Fruit and nuts, edible; peel of citrus fruit or melons",2020,16542.433
2026-09-03T12:28:28Z,Botswana,72,Export,World,04,"Dairy produce; birds' eggs; natural honey; edible products of animal origin, not elsewhere specified or included",2020,48571.356
2026-09-03T12:28:28Z,Botswana,72,Export,World,81,"Metals; n.e.c., cermets and articles thereof",2020,2499.262
2026-09-03T12:28:28Z,Botswana,72,Export,World,74,Copper and articles thereof,2020,2977897.04
2026-09-03T12:28:28Z,Botswana,72,Export,World,55,Man-made staple fibres,2020,27199.746
2026-09-03T12:28:28Z,Botswana,72,Export,World,56,"Wadding, felt and nonwovens, special yarns; twine, cordage, ropes and cables and articles thereof",2020,1637.068
2026-09-03T12:28:28Z,Botswana,72,Export,World,34,"Soap, organic surface-active agents; washing, lubricating, polishing or scouring preparations; artificial or prepared waxes, candles and similar articles, modelling pastes, dental waxes and dental preparations with a basis of plaster",2020,1078748.221
2026-09-03T12:28:28Z,Botswana,72,Export,World,85,"Electrical machinery and equipment and parts thereof; sound recorders and reproducers; television image and sound recorders and reproducers, parts and accessories of such articles",2020,100430348.635
2026-09-03T12:28:28Z,Botswana,72,Export,World,24,Tobacco and manufactured tobacco substitutes,2020,2016076.677
2026-09-03T12:28:28Z,Botswana,72,Export,World,15,Animal or vegetable fats and oils and their cleavage products; prepared animal fats; animal or vegetable waxes,2020,319836.043
2026-09-03T12:28:28Z,Botswana,72,Export,World,62,Apparel and clothing accessories; not knitted or crocheted,2020,473671.685
2026-09-03T12:28:28Z,Botswana,72,Export,World,86,"Railway, tramway locomotives, rolling-stock and parts thereof; railway or tramway track fixtures and fittings and parts thereof; mechanical (including electro-mechanical) traffic signalling equipment of all kinds",2020,16479.175
2026-09-03T12:28:28Z,Botswana,72,Export,World,59,"Textile fabrics; impregnated, coated, covered or laminated; textile articles of a kind suitable for industrial use",2020,132879.204
2026-09-03T12:28:28Z,Botswana,72,Export,World,16,"Meat, fish or crustaceans, molluscs or other aquatic invertebrates; preparations thereof",2020,132998.238
2026-09-03T12:28:28Z,Botswana,72,Export,World,03,"Fish and crustaceans, molluscs and other aquatic invertebrates",2020,1092630.119
2026-09-03T12:28:28Z,Botswana,72,Export,World,63,"Textiles, made up articles; sets; worn clothing and worn textile articles; rags",2020,9663303.712
2026-09-03T12:28:28Z,Botswana,72,Export,World,97,Works of art; collectors' pieces and antiques,2020,38294.49
2026-09-03T12:28:28Z,Botswana,72,Export,World,02,Meat and edible meat offal,2020,19565931.909
2026-09-03T12:28:28Z,Botswana,72,Export,World,69,Ceramic products,2020,79926.805
2026-09-03T12:28:28Z,Botswana,72,Export,World,91,Clocks and watches and parts thereof,2020,25105.78
2026-09-03T12:28:28Z,Botswana,72,Export,World,71,"Natural, cultured pearls; precious, semi-precious stones; precious metals, metals clad with precious metal, and articles thereof; imitation jewellery; coin",2020,3912742243.711
2026-09-03T12:28:28Z,Botswana,72,Export,World,79,Zinc and articles thereof,2020,13237.335
2026-09-03T12:28:28Z,Botswana,72,Export,World,33,"Essential oils and resinoids; perfumery, cosmetic or toilet preparations",2020,380604.456
2026-09-03T12:28:28Z,Botswana,72,Export,World,87,"Vehicles; other than railway or tramway rolling stock, and parts and accessories thereof",2020,24858802.036
2026-09-03T12:28:28Z,Botswana,72,Export,World,09,"Coffee, tea, mate and spices",2020,129114.102
2026-09-03T12:28:28Z,Botswana,72,Export,World,73,Iron or steel articles,2020,3652579.335
2026-09-03T12:28:28Z,Botswana,72,Export,World,13,"Lac; gums, resins and other vegetable saps and extracts",2020,2824675.0
2026-09-03T12:28:28Z,Botswana,72,Export,World,40,Rubber and articles thereof,2020,1230371.506
2026-09-03T12:28:28Z,Botswana,72,Export,World,72,Iron and steel,2020,9750185.632
2026-09-03T12:28:28Z,Botswana,72,Export,World,57,Carpets and other textile floor coverings,2020,1870.748
2026-09-03T12:28:28Z,Botswana,72,Export,World,11,"Products of the milling industry; malt, starches, inulin, wheat gluten",2020,2787398.774
2026-09-03T12:28:28Z,Botswana,72,Export,World,49,"Printed books, newspapers, pictures and other products of the printing industry; manuscripts, typescripts and plans",2020,99210.829
2026-09-03T12:28:28Z,Botswana,72,Export,World,52,Cotton,2020,11232.163
2026-09-03T12:28:28Z,Botswana,72,Export,World,96,Miscellaneous manufactured articles,2020,478469.673
2026-09-03T12:28:28Z,Botswana,72,Export,World,39,Plastics and articles thereof,2020,25649176.948
2026-09-03T12:28:28Z,Botswana,72,Export,World,32,"Tanning or dyeing extracts; tannins and their derivatives; dyes, pigments and other colouring matter; paints, varnishes; putty, other mastics; inks",2020,706607.486
2026-09-03T12:28:28Z,Botswana,72,Export,World,38,Chemical products n.e.c.,2020,953616.77
2026-09-03T12:28:28Z,Botswana,72,Export,World,93,Arms and ammunition; parts and accessories thereof,2020,828035.243
2026-09-03T12:28:28Z,Botswana,72,Export,World,17,Sugars and sugar confectionery,2020,117842.153
2026-09-03T12:28:28Z,Botswana,72,Export,World,19,"Preparations of cereals, flour, starch or milk; pastrycooks' products",2020,1023978.441
2026-09-03T12:28:28Z,Lesotho,426,Export,World,87,"Vehicles; other than railway or tramway rolling stock, and parts and accessories thereof",2020,3452550.263
2026-09-03T12:28:28Z,Lesotho,426,Export,World,33,"Essential oils and resinoids; perfumery, cosmetic or toilet preparations",2020,1391816.208
2026-09-03T12:28:28Z,Lesotho,426,Export,World,32,"Tanning or dyeing extracts; tannins and their derivatives; dyes, pigments and other colouring matter; paints, varnishes; putty, other mastics; inks",2020,15011.204
2026-09-03T12:28:28Z,Lesotho,426,Export,World,07,Vegetables and certain roots and tubers; edible,2020,18065.744
2026-09-03T12:28:28Z,Lesotho,426,Export,World,23,"Food industries, residues and wastes thereof; prepared animal fodder",2020,2614850.409
2026-09-03T12:28:28Z,Lesotho,426,Export,World,26,"Ores, slag and ash",2020,3753.181
2026-09-03T12:28:28Z,Lesotho,426,Export,World,21,Miscellaneous edible preparations,2020,232136.479
2026-09-03T12:28:28Z,Lesotho,426,Export,World,89,"Ships, boats and floating structures",2020,182.27
2026-09-03T12:28:28Z,Lesotho,426,Export,World,11,"Products of the milling industry; malt, starches, inulin, wheat gluten",2020,7558714.626
2026-09-03T12:28:28Z,Lesotho,426,Export,World,57,Carpets and other textile floor coverings,2020,179.232
2026-09-03T12:28:28Z,Lesotho,426,Export,World,49,"Printed books, newspapers, pictures and other products of the printing industry; manuscripts, typescripts and plans",2020,89667.262
2026-09-03T12:28:28Z,Lesotho,426,Export,World,61,Apparel and clothing accessories; knitted or crocheted,2020,200626110.57
2026-09-03T12:28:28Z,Lesotho,426,Export,World,31,Fertilizers,2020,698.519
2026-09-03T12:28:28Z,Lesotho,426,Export,World,41,Raw hides and skins (other than furskins) and leather,2020,89225.986
2026-09-03T12:28:28Z,Lesotho,426,Export,World,84,"Nuclear reactors, boilers, machinery and mechanical appliances; parts thereof",2020,10990355.37
2026-09-03T12:28:28Z,Lesotho,426,Export,World,46,"Manufactures of straw, esparto or other plaiting materials; basketware and wickerwork",2020,227.837
2026-09-03T12:28:28Z,Lesotho,426,Export,World,54,Man-made filaments; strip and the like of man-made textile materials,2020,393559.216
2026-09-03T12:28:28Z,Lesotho,426,Export,World,51,"Wool, fine or coarse animal hair; horsehair yarn and woven fabric",2020,39630935.035
2026-09-03T12:28:28Z,Lesotho,426,Export,World,70,Glass and glassware,2020,139416.864
2026-09-03T12:28:28Z,Lesotho,426,Export,World,83,Metal; miscellaneous products of base metal,2020,88080.663
2026-09-03T12:28:28Z,Lesotho,426,Export,World,56,"Wadding, felt and nonwovens, special yarns; twine, cordage, ropes and cables and articles thereof",2020,49361.003
2026-09-03T12:28:28Z,Lesotho,426,Export,World,18,Cocoa and cocoa preparations,2020,13714.718
2026-09-03T12:28:28Z,Lesotho,426,Export,World,68,"Stone, plaster, cement, asbestos, mica or similar materials; articles thereof",2020,367450.326
2026-09-03T12:28:28Z,Lesotho,426,Export,World,82,"Tools, implements, cutlery, spoons and forks, of base metal; parts thereof, of base metal",2020,146733.969
2026-09-03T12:28:28Z,Lesotho,426,Export,World,53,Vegetable textile fibres; paper yarn and woven fabrics of paper yarn,2020,1240.043
2026-09-03T12:28:28Z,Lesotho,426,Export,World,20,"Preparations of vegetables, fruit, nuts or other parts of plants",2020,29501.055
2026-09-03T12:28:28Z,Lesotho,426,Export,World,25,"Salt; sulphur; earths, stone; plastering materials, lime and cement",2020,1259501.551
2026-09-03T12:28:28Z,Lesotho,426,Export,World,88,"Aircraft, spacecraft and parts thereof",2020,887.047
2026-09-03T12:28:28Z,Lesotho,426,Export,World,95,"Toys, games and sports requisites; parts and accessories thereof",2020,188.771
2026-09-03T12:28:28Z,Lesotho,426,Export,World,28,"Inorganic chemicals; organic and inorganic compounds of precious metals; of rare earth metals, of radio-active elements and of isotopes",2020,140.105
2026-09-03T12:28:28Z,Lesotho,426,Export,World,80,Tin; articles thereof,2020,59510.886
2026-09-03T12:28:28Z,Lesotho,426,Export,World,27,"Mineral fuels, mineral oils and products of their distillation; bituminous substances; mineral waxes",2020,125893.408
2026-09-03T12:28:28Z,Lesotho,426,Export,World,58,"Fabrics; special woven fabrics, tufted textile fabrics, lace, tapestries, trimmings, embroidery",2020,104468.248
2026-09-03T12:28:28Z,Lesotho,426,Export,World,12,"Oil seeds and oleaginous fruits; miscellaneous grains, seeds and fruit, industrial or medicinal plants; straw and fodder",2020,2841703.612
2026-09-03T12:28:28Z,Lesotho,426,Export,World,60,Fabrics; knitted or crocheted,2020,257513.859
2026-09-03T12:28:28Z,Lesotho,426,Export,World,36,Explosives; pyrotechnic products; matches; pyrophoric alloys; certain combustible preparations,2020,1035.961
2026-09-03T12:28:28Z,Lesotho,426,Export,World,44,Wood and articles of wood; wood charcoal,2020,215627.381
2026-09-03T12:28:28Z,Lesotho,426,Export,World,92,Musical instruments; parts and accessories of such articles,2020,379.425
2026-09-03T12:28:28Z,Lesotho,426,Export,World,48,"Paper and paperboard; articles of paper pulp, of paper or paperboard",2020,2414453.624
2026-09-03T12:28:28Z,Lesotho,426,Export,World,35,Albuminoidal substances; modified starches; glues; enzymes,2020,479.248
2026-09-03T12:28:28Z,Lesotho,426,Export,World,01,Animals; live,2020,488031.842
2026-09-03T12:28:28Z,Lesotho,426,Export,World,66,"Umbrellas, sun umbrellas, walking-sticks, seat sticks, whips, riding crops; and parts thereof",2020,653.681
2026-09-03T12:28:28Z,Lesotho,426,Export,World,10,Cereals,2020,93220.857
2026-09-03T12:28:28Z,Lesotho,426,Export,World,50,Silk,2020,939.905
2026-09-03T12:28:28Z,Lesotho,426,Export,World,30,Pharmaceutical products,2020,778330.653
2026-09-03T12:28:28Z,Lesotho,426,Export,World,42,"Articles of leather; saddlery and harness; travel goods, handbags and similar containers; articles of animal gut (other than silk-worm gut)",2020,288153.615
2026-09-03T12:28:28Z,Lesotho,426,Export,World,62,Apparel and clothing accessories; not knitted or crocheted,2020,142446330.094
2026-09-03T12:28:28Z,Lesotho,426,Export,World,15,Animal or vegetable fats and oils and their cleavage products; prepared animal fats; animal or vegetable waxes,2020,121680.604
2026-09-03T12:28:28Z,Lesotho,426,Export,World,86,"Railway, tramway locomotives, rolling-stock and parts thereof; railway or tramway track fixtures and fittings and parts thereof; mechanical (including electro-mechanical) traffic signalling equipment of all kinds",2020,46369.225
2026-09-03T12:28:28Z,Lesotho,426,Export,World,52,Cotton,2020,20399238.063
2026-09-03T12:28:28Z,Lesotho,426,Export,World,34,"Soap, organic surface-active agents; washing, lubricating, polishing or scouring preparations; artificial or prepared waxes, candles and similar articles, modelling pastes, dental waxes and dental preparations with a basis of plaster",2020,827832.125
2026-09-03T12:28:28Z,Lesotho,426,Export,World,24,Tobacco and manufactured tobacco substitutes,2020,812016.625
2026-09-03T12:28:28Z,Lesotho,426,Export,World,74,Copper and articles thereof,2020,3926.398
2026-09-03T12:28:28Z,Lesotho,426,Export,World,40,Rubber and articles thereof,2020,38317.208
2026-09-03T12:28:28Z,Lesotho,426,Export,World,39,Plastics and articles thereof,2020,2048216.122
2026-09-03T12:28:28Z,Lesotho,426,Export,World,55,Man-made staple fibres,2020,1833073.7
2026-09-03T12:28:28Z,Lesotho,426,Export,World,05,Animal originated products; not elsewhere specified or included,2020,30.439
2026-09-03T12:28:28Z,Lesotho,426,Export,World,94,"Furniture; bedding, mattresses, mattress supports, cushions and similar stuffed furnishings; lamps and lighting fittings, n.e.c.; illuminated signs, illuminated name-plates and the like; prefabricated buildings",2020,307702.672
2026-09-03T12:28:28Z,Lesotho,426,Export,World,16,"Meat, fish or crustaceans, molluscs or other aquatic invertebrates; preparations thereof",2020,3325.15
2026-09-03T12:28:28Z,Lesotho,426,Export,World,13,"Lac; gums, resins and other vegetable saps and extracts",2020,6684.446
2026-09-03T12:28:28Z,Lesotho,426,Export,World,29,Organic chemicals,2020,33215.594
2026-09-03T12:28:28Z,Lesotho,426,Export,World,99,Commodities not specified according to kind,2020,169244.0
2026-09-03T12:28:28Z,Lesotho,426,Export,World,97,Works of art; collectors' pieces and antiques,2020,48.605
2026-09-03T12:28:28Z,Lesotho,426,Export,World,93,Arms and ammunition; parts and accessories thereof,2020,1407.731
2026-09-03T12:28:28Z,Lesotho,426,Export,World,67,"Feathers and down, prepared; and articles made of feather or of down; artificial flowers; articles of human hair",2020,27707.762
2026-09-03T12:28:28Z,Lesotho,426,Export,World,59,"Textile fabrics; impregnated, coated, covered or laminated; textile articles of a kind suitable for industrial use",2020,16590.33
2026-09-03T12:28:28Z,Lesotho,426,Export,World,90,"Optical, photographic, cinematographic, measuring, checking, medical or surgical instruments and apparatus; parts and accessories",2020,352440.155
2026-09-03T12:28:28Z,Lesotho,426,Export,World,47,Pulp of wood or other fibrous cellulosic material; recovered (waste and scrap) paper or paperboard,2020,41451.461
2026-09-03T12:28:28Z,Lesotho,426,Export,World,72,Iron and steel,2020,231430.973
2026-09-03T12:28:28Z,Lesotho,426,Export,World,38,Chemical products n.e.c.,2020,70322.287
2026-09-03T12:28:28Z,Lesotho,426,Export,World,37,Photographic or cinematographic goods,2020,253.294
2026-09-03T12:28:28Z,Lesotho,426,Export,World,19,"Preparations of cereals, flour, starch or milk; pastrycooks' products",2020,1578781.522
2026-09-03T12:28:28Z,Lesotho,426,Export,World,17,Sugars and sugar confectionery,2020,19469.526
2026-09-03T12:28:28Z,Lesotho,426,Export,World,06,"Trees and other plants, live; bulbs, roots and the like; cut flowers and ornamental foliage",2020,447984.103
2026-09-03T12:28:28Z,Lesotho,426,Export,World,79,Zinc and articles thereof,2020,10.025
2026-09-03T12:28:28Z,Lesotho,426,Export,World,91,Clocks and watches and parts thereof,2020,13431.956
2026-09-03T12:28:28Z,Lesotho,426,Export,World,69,Ceramic products,2020,41222.833
2026-09-03T12:28:28Z,Lesotho,426,Export,World,03,"Fish and crustaceans, molluscs and other aquatic invertebrates",2020,3585668.669
2026-09-03T12:28:28Z,Lesotho,426,Export,World,63,"Textiles, made up articles; sets; worn clothing and worn textile articles; rags",2020,15318590.174
2026-09-03T12:28:28Z,Lesotho,426,Export,World,85,"Electrical machinery and equipment and parts thereof; sound recorders and reproducers; television image and sound recorders and reproducers, parts and accessories of such articles",2020,31347591.396
2026-09-03T12:28:28Z,Lesotho,426,Export,World,22,"Beverages, spirits and vinegar",2020,62546319.073
2026-09-03T12:28:28Z,Lesotho,426,Export,World,73,Iron or steel articles,2020,391574.115
2026-09-03T12:28:28Z,Lesotho,426,Export,World,09,"Coffee, tea, mate and spices",2020,483400.607
2026-09-03T12:28:28Z,Lesotho,426,Export,World,71,"Natural, cultured pearls; precious, semi-precious stones; precious metals, metals clad with precious metal, and articles thereof; imitation jewellery; coin",2020,266615779.089
2026-09-03T12:28:28Z,Lesotho,426,Export,World,02,Meat and edible meat offal,2020,4538.035
2026-09-03T12:28:28Z,Lesotho,426,Export,World,96,Miscellaneous manufactured articles,2020,176947.517
2026-09-03T12:28:28Z,Lesotho,426,Export,World,04,"Dairy produce; birds' eggs; natural honey; edible products of animal origin, not elsewhere specified or included",2020,73399.915
2026-09-03T12:28:28Z,Lesotho,426,Export,World,65,Headgear and parts thereof,2020,500841.894
2026-09-03T12:28:28Z,Lesotho,426,Export,World,76,Aluminium and articles thereof,2020,913408.946
2026-09-03T12:28:28Z,Lesotho,426,Export,World,64,Footwear; gaiters and the like; parts of such articles,2020,6151450.253
2026-09-03T12:28:28Z,Lesotho,426,Export,World,81,"Metals; n.e.c., cermets and articles thereof",2020,122.789
2026-09-03T12:28:28Z,Lesotho,426,Export,World,08,"Fruit and nuts, edible; peel of citrus fruit or melons",2020,361517.987
2026-09-03T12:28:28Z,Namibia,516,Export,World,36,Explosives; pyrotechnic products; matches; pyrophoric alloys; certain combustible preparations,2020,229696.574
2026-09-03T12:28:28Z,Namibia,516,Export,World,20,"Preparations of vegetables, fruit, nuts or other parts of plants",2020,393008.943
2026-09-03T12:28:28Z,Namibia,516,Export,World,50,Silk,2020,14623.951
2026-09-03T12:28:28Z,Namibia,516,Export,World,51,"Wool, fine or coarse animal hair; horsehair yarn and woven fabric",2020,34777.113
2026-09-03T12:28:28Z,Namibia,516,Export,World,45,Cork and articles of cork,2020,2617.26
2026-09-03T12:28:28Z,Namibia,516,Export,World,78,Lead and articles thereof,2020,255264.317
2026-09-03T12:28:28Z,Namibia,516,Export,World,54,Man-made filaments; strip and the like of man-made textile materials,2020,9031.833
2026-09-03T12:28:28Z,Namibia,516,Export,World,57,Carpets and other textile floor coverings,2020,187704.701
2026-09-03T12:28:28Z,Namibia,516,Export,World,99,Commodities not specified according to kind,2020,7151658.449
2026-09-03T12:28:28Z,Namibia,516,Export,World,75,Nickel and articles thereof,2020,949.386
2026-09-03T12:28:28Z,Namibia,516,Export,World,46,"Manufactures of straw, esparto or other plaiting materials; basketware and wickerwork",2020,11533.192
2026-09-03T12:28:28Z,Namibia,516,Export,World,32,"Tanning or dyeing extracts; tannins and their derivatives; dyes, pigments and other colouring matter; paints, varnishes; putty, other mastics; inks",2020,716498.734
2026-09-03T12:28:28Z,Namibia,516,Export,World,12,"Oil seeds and oleaginous fruits; miscellaneous grains, seeds and fruit, industrial or medicinal plants; straw and fodder",2020,4986273.726
2026-09-03T12:28:28Z,Namibia,516,Export,World,13,"Lac; gums, resins and other vegetable saps and extracts",2020,244808.258
2026-09-03T12:28:28Z,Namibia,516,Export,World,58,"Fabrics; special woven fabrics, tufted textile fabrics, lace, tapestries, trimmings, embroidery",2020,38980.771
2026-09-03T12:28:28Z,Namibia,516,Export,World,18,Cocoa and cocoa preparations,2020,29033.085
2026-09-03T12:28:28Z,Namibia,516,Export,World,01,Animals; live,2020,68229707.485
2026-09-03T12:28:28Z,Namibia,516,Export,World,34,"Soap, organic surface-active agents; washing, lubricating, polishing or scouring preparations; artificial or prepared waxes, candles and similar articles, modelling pastes, dental waxes and dental preparations with a basis of plaster",2020,4861667.532
2026-09-03T12:28:28Z,Namibia,516,Export,World,41,Raw hides and skins (other than furskins) and leather,2020,8354464.056
2026-09-03T12:28:28Z,Namibia,516,Export,World,89,"Ships, boats and floating structures",2020,678928.51
2026-09-03T12:28:28Z,Namibia,516,Export,World,35,Albuminoidal substances; modified starches; glues; enzymes,2020,109547.733
2026-09-03T12:28:28Z,Namibia,516,Export,World,31,Fertilizers,2020,1108755.233
2026-09-03T12:28:28Z,Namibia,516,Export,World,60,Fabrics; knitted or crocheted,2020,5684.669
2026-09-03T12:28:28Z,Namibia,516,Export,World,43,Furskins and artificial fur; manufactures thereof,2020,1098977.235
2026-09-03T12:28:28Z,Namibia,516,Export,World,81,"Metals; n.e.c., cermets and articles thereof",2020,98279.777
2026-09-03T12:28:28Z,Namibia,516,Export,World,37,Photographic or cinematographic goods,2020,2912.318
2026-09-03T12:28:28Z,Namibia,516,Export,World,66,"Umbrellas, sun umbrellas, walking-sticks, seat sticks, whips, riding crops; and parts thereof",2020,23409.254
2026-09-03T12:28:28Z,Namibia,516,Export,World,09,"Coffee, tea, mate and spices",2020,71869.899
2026-09-03T12:28:28Z,Namibia,516,Export,World,97,Works of art; collectors' pieces and antiques,2020,3428815.066
2026-09-03T12:28:28Z,Namibia,516,Export,World,52,Cotton,2020,8180.209
2026-09-03T12:28:28Z,Namibia,516,Export,World,24,Tobacco and manufactured tobacco substitutes,2020,3694554.201
2026-09-03T12:28:28Z,Namibia,516,Export,World,05,Animal originated products; not elsewhere specified or included,2020,1077466.56
2026-09-03T12:28:28Z,Namibia,516,Export,World,80,Tin; articles thereof,2020,31.1
2026-09-03T12:28:28Z,Namibia,516,Export,World,86,"Railway, tramway locomotives, rolling-stock and parts thereof; railway or tramway track fixtures and fittings and parts thereof; mechanical (including electro-mechanical) traffic signalling equipment of all kinds",2020,82754.667
2026-09-03T12:28:28Z,Namibia,516,Export,World,06,"Trees and other plants, live; bulbs, roots and the like; cut flowers and ornamental foliage",2020,2769.73
2026-09-03T12:28:28Z,Namibia,516,Export,World,53,Vegetable textile fibres; paper yarn and woven fabrics of paper yarn,2020,2491.441
2026-09-03T12:28:28Z,Namibia,516,Export,World,69,Ceramic products,2020,290685.239
2026-09-03T12:28:28Z,Namibia,516,Export,World,55,Man-made staple fibres,2020,15059.281
2026-09-03T12:28:28Z,Namibia,516,Export,World,21,Miscellaneous edible preparations,2020,834694.18
2026-09-03T12:28:28Z,Namibia,516,Export,World,19,"Preparations of cereals, flour, starch or milk; pastrycooks' products",2020,10045536.343
2026-09-03T12:28:28Z,Namibia,516,Export,World,67,"Feathers and down, prepared; and articles made of feather or of down; artificial flowers; articles of human hair",2020,20318.602
2026-09-03T12:28:28Z,Namibia,516,Export,World,93,Arms and ammunition; parts and accessories thereof,2020,258705.942
2026-09-03T12:28:28Z,Namibia,516,Export,World,68,"Stone, plaster, cement, asbestos, mica or similar materials; articles thereof",2020,8323654.656
2026-09-03T12:28:28Z,Namibia,516,Export,World,08,"Fruit and nuts, edible; peel of citrus fruit or melons",2020,30688351.447
2026-09-03T12:28:28Z,Namibia,516,Export,World,82,"Tools, implements, cutlery, spoons and forks, of base metal; parts thereof, of base metal",2020,1342211.81
2026-09-03T12:28:28Z,Namibia,516,Export,World,88,"Aircraft, spacecraft and parts thereof",2020,468253.416
2026-09-03T12:28:28Z,Namibia,516,Export,World,48,"Paper and paperboard; articles of paper pulp, of paper or paperboard",2020,1421136.226
2026-09-03T12:28:28Z,Namibia,516,Export,World,49,"Printed books, newspapers, pictures and other products of the printing industry; manuscripts, typescripts and plans",2020,263070.074
2026-09-03T12:28:28Z,Namibia,516,Export,World,44,Wood and articles of wood; wood charcoal,2020,51535761.096
2026-09-03T12:28:28Z,Namibia,516,Export,World,26,"Ores, slag and ash",2020,717725427.513
2026-09-03T12:28:28Z,Namibia,516,Export,World,91,Clocks and watches and parts thereof,2020,43716.38
2026-09-03T12:28:28Z,Namibia,516,Export,World,87,"Vehicles; other than railway or tramway rolling stock, and parts and accessories thereof",2020,31160963.901
2026-09-03T12:28:28Z,Namibia,516,Export,World,39,Plastics and articles thereof,2020,22762455.67
2026-09-03T12:28:28Z,Namibia,516,Export,World,96,Miscellaneous manufactured articles,2020,211091.082
2026-09-03T12:28:28Z,Namibia,516,Export,World,62,Apparel and clothing accessories; not knitted or crocheted,2020,545607.497
2026-09-03T12:28:28Z,Namibia,516,Export,World,79,Zinc and articles thereof,2020,60578476.621
2026-09-03T12:28:28Z,Namibia,516,Export,World,63,"Textiles, made up articles; sets; worn clothing and worn textile articles; rags",2020,1843084.962
2026-09-03T12:28:28Z,Namibia,516,Export,World,73,Iron or steel articles,2020,11665313.14
2026-09-03T12:28:28Z,Namibia,516,Export,World,64,Footwear; gaiters and the like; parts of such articles,2020,765750.473
2026-09-03T12:28:28Z,Namibia,516,Export,World,25,"Salt; sulphur; earths, stone; plastering materials, lime and cement",2020,52526719.601
2026-09-03T12:28:28Z,Namibia,516,Export,World,10,Cereals,2020,159396.378
2026-09-03T12:28:28Z,Namibia,516,Export,World,03,"Fish and crustaceans, molluscs and other aquatic invertebrates",2020,553550198.27
2026-09-03T12:28:28Z,Namibia,516,Export,World,42,"Articles of leather; saddlery and harness; travel goods, handbags and similar containers; articles of animal gut (other than silk-worm gut)",2020,93846.08
2026-09-03T12:28:28Z,Namibia,516,Export,World,59,"Textile fabrics; impregnated, coated, covered or laminated; textile articles of a kind suitable for industrial use",2020,375028.587
2026-09-03T12:28:28Z,Namibia,516,Export,World,65,Headgear and parts thereof,2020,29419.135
2026-09-03T12:28:28Z,Namibia,516,Export,World,16,"Meat, fish or crustaceans, molluscs or other aquatic invertebrates; preparations thereof",2020,14061531.104
2026-09-03T12:28:28Z,Namibia,516,Export,World,92,Musical instruments; parts and accessories of such articles,2020,11996.942
2026-09-03T12:28:28Z,Namibia,516,Export,World,94,"Furniture; bedding, mattresses, mattress supports, cushions and similar stuffed furnishings; lamps and lighting fittings, n.e.c.; illuminated signs, illuminated name-plates and the like; prefabricated buildings",2020,3242345.914
2026-09-03T12:28:28Z,Namibia,516,Export,World,07,Vegetables and certain roots and tubers; edible,2020,7082728.893
2026-09-03T12:28:28Z,Namibia,516,Export,World,40,Rubber and articles thereof,2020,25373599.04
2026-09-03T12:28:28Z,Namibia,516,Export,World,33,"Essential oils and resinoids; perfumery, cosmetic or toilet preparations",2020,2202429.551
2026-09-03T12:28:28Z,Namibia,516,Export,World,22,"Beverages, spirits and vinegar",2020,22232669.649
2026-09-03T12:28:28Z,Namibia,516,Export,World,76,Aluminium and articles thereof,2020,2382936.413
2026-09-03T12:28:28Z,Namibia,516,Export,World,27,"Mineral fuels, mineral oils and products of their distillation; bituminous substances; mineral waxes",2020,78025331.757
2026-09-03T12:28:28Z,Namibia,516,Export,World,17,Sugars and sugar confectionery,2020,539995.644
2026-09-03T12:28:28Z,Namibia,516,Export,World,47,Pulp of wood or other fibrous cellulosic material; recovered (waste and scrap) paper or paperboard,2020,1141139.233
2026-09-03T12:28:28Z,Namibia,516,Export,World,56,"Wadding, felt and nonwovens, special yarns; twine, cordage, ropes and cables and articles thereof",2020,495407.236
2026-09-03T12:28:28Z,Namibia,516,Export,World,04,"Dairy produce; birds' eggs; natural honey; edible products of animal origin, not elsewhere specified or included",2020,1378655.507
2026-09-03T12:28:28Z,Namibia,516,Export,World,72,Iron and steel,2020,21969217.555
2026-09-03T12:28:28Z,Namibia,516,Export,World,70,Glass and glassware,2020,1192025.462
2026-09-03T12:28:28Z,Namibia,516,Export,World,29,Organic chemicals,2020,942588.223
2026-09-03T12:28:28Z,Namibia,516,Export,World,30,Pharmaceutical products,2020,887797.97
2026-09-03T12:28:28Z,Namibia,516,Export,World,85,"Electrical machinery and equipment and parts thereof; sound recorders and reproducers; television image and sound recorders and reproducers, parts and accessories of such articles",2020,18588072.21
2026-09-03T12:28:28Z,Namibia,516,Export,World,61,Apparel and clothing accessories; knitted or crocheted,2020,474118.504
2026-09-03T12:28:28Z,Namibia,516,Export,World,11,"Products of the milling industry; malt, starches, inulin, wheat gluten",2020,2295841.205
2026-09-03T12:28:28Z,Namibia,516,Export,World,02,Meat and edible meat offal,2020,42045172.227
2026-09-03T12:28:28Z,Namibia,516,Export,World,83,Metal; miscellaneous products of base metal,2020,589179.969
2026-09-03T12:28:28Z,Namibia,516,Export,World,90,"Optical, photographic, cinematographic, measuring, checking, medical or surgical instruments and apparatus; parts and accessories",2020,3528053.966
2026-09-03T12:28:28Z,Namibia,516,Export,World,23,"Food industries, residues and wastes thereof; prepared animal fodder",2020,12442191.875
2026-09-03T12:28:28Z,Namibia,516,Export,World,15,Animal or vegetable fats and oils and their cleavage products; prepared animal fats; animal or vegetable waxes,2020,1498883.314
2026-09-03T12:28:28Z,Namibia,516,Export,World,71,"Natural, cultured pearls; precious, semi-precious stones; precious metals, metals clad with precious metal, and articles thereof; imitation jewellery; coin",2020,1458356558.943
2026-09-03T12:28:28Z,Namibia,516,Export,World,95,"Toys, games and sports requisites; parts and accessories thereof",2020,165656.824
2026-09-03T12:28:28Z,Namibia,516,Export,World,74,Copper and articles thereof,2020,341809126.444
2026-09-03T12:28:28Z,Namibia,516,Export,World,38,Chemical products n.e.c.,2020,16795840.519
2026-09-03T12:28:28Z,Namibia,516,Export,World,28,"Inorganic chemicals; organic and inorganic compounds of precious metals; of rare earth metals, of radio-active elements and of isotopes",2020,71411189.766
2026-09-03T12:28:28Z,Namibia,516,Export,World,84,"Nuclear reactors, boilers, machinery and mechanical appliances; parts thereof",2020,47864576.228
2026-09-03T12:28:28Z,South Africa,710,Export,World,01,Animals; live,2020,70476971.874
2026-09-03T12:28:28Z,South Africa,710,Export,World,05,Animal originated products; not elsewhere specified or included,2020,16162857.621
2026-09-03T12:28:28Z,South Africa,710,Export,World,10,Cereals,2020,703462696.965
2026-09-03T12:28:28Z,South Africa,710,Export,World,11,"Products of the milling industry; malt, starches, inulin, wheat gluten",2020,245961419.818
2026-09-03T12:28:28Z,South Africa,710,Export,World,23,"Food industries, residues and wastes thereof; prepared animal fodder",2020,325988532.433
2026-09-03T12:28:28Z,South Africa,710,Export,World,24,Tobacco and manufactured tobacco substitutes,2020,205920421.827
2026-09-03T12:28:28Z,South Africa,710,Export,World,25,"Salt; sulphur; earths, stone; plastering materials, lime and cement",2020,422380307.462
2026-09-03T12:28:28Z,South Africa,710,Export,World,26,"Ores, slag and ash",2020,12782690148.571
2026-09-03T12:28:28Z,South Africa,710,Export,World,27,"Mineral fuels, mineral oils and products of their distillation; bituminous substances; mineral waxes",2020,6900700404.487
2026-09-03T12:28:28Z,South Africa,710,Export,World,28,"Inorganic chemicals; organic and inorganic compounds of precious metals; of rare earth metals, of radio-active elements and of isotopes",2020,908223928.55
2026-09-03T12:28:28Z,South Africa,710,Export,World,34,"Soap, organic surface-active agents; washing, lubricating, polishing or scouring preparations; artificial or prepared waxes, candles and similar articles, modelling pastes, dental waxes and dental preparations with a basis of plaster",2020,414225941.675
2026-09-03T12:28:28Z,South Africa,710,Export,World,37,Photographic or cinematographic goods,2020,7753484.124
2026-09-03T12:28:28Z,South Africa,710,Export,World,40,Rubber and articles thereof,2020,373518020.458
2026-09-03T12:28:28Z,South Africa,710,Export,World,42,"Articles of leather; saddlery and harness; travel goods, handbags and similar containers; articles of animal gut (other than silk-worm gut)",2020,35937339.177
2026-09-03T12:28:28Z,South Africa,710,Export,World,47,Pulp of wood or other fibrous cellulosic material; recovered (waste and scrap) paper or paperboard,2020,774041468.129
2026-09-03T12:28:28Z,South Africa,710,Export,World,06,"Trees and other plants, live; bulbs, roots and the like; cut flowers and ornamental foliage",2020,82172016.525
2026-09-03T12:28:28Z,South Africa,710,Export,World,02,Meat and edible meat offal,2020,276434721.814
2026-09-03T12:28:28Z,South Africa,710,Export,World,03,"Fish and crustaceans, molluscs and other aquatic invertebrates",2020,440238534.011
2026-09-03T12:28:28Z,South Africa,710,Export,World,04,"Dairy produce; birds' eggs; natural honey; edible products of animal origin, not elsewhere specified or included",2020,220011041.145
2026-09-03T12:28:28Z,South Africa,710,Export,World,07,Vegetables and certain roots and tubers; edible,2020,204456852.072
2026-09-03T12:28:28Z,South Africa,710,Export,World,08,"Fruit and nuts, edible; peel of citrus fruit or melons",2020,3834931908.794
2026-09-03T12:28:28Z,South Africa,710,Export,World,09,"Coffee, tea, mate and spices",2020,121733335.768
2026-09-03T12:28:28Z,South Africa,710,Export,World,12,"Oil seeds and oleaginous fruits; miscellaneous grains, seeds and fruit, industrial or medicinal plants; straw and fodder",2020,237333636.285
2026-09-03T12:28:28Z,South Africa,710,Export,World,15,Animal or vegetable fats and oils and their cleavage products; prepared animal fats; animal or vegetable waxes,2020,299947405.793
2026-09-03T12:28:28Z,South Africa,710,Export,World,16,"Meat, fish or crustaceans, molluscs or other aquatic invertebrates; preparations thereof",2020,106358403.873
2026-09-03T12:28:28Z,South Africa,710,Export,World,17,Sugars and sugar confectionery,2020,457621212.067
2026-09-03T12:28:28Z,South Africa,710,Export,World,18,Cocoa and cocoa preparations,2020,73463222.224
2026-09-03T12:28:28Z,South Africa,710,Export,World,19,"Preparations of cereals, flour, starch or milk; pastrycooks' products",2020,251781165.892
2026-09-03T12:28:28Z,South Africa,710,Export,World,20,"Preparations of vegetables, fruit, nuts or other parts of plants",2020,559343976.187
2026-09-03T12:28:28Z,South Africa,710,Export,World,21,Miscellaneous edible preparations,2020,477622604.766
2026-09-03T12:28:28Z,South Africa,710,Export,World,22,"Beverages, spirits and vinegar",2020,1116945064.524
2026-09-03T12:28:28Z,South Africa,710,Export,World,29,Organic chemicals,2020,1060862614.944
2026-09-03T12:28:28Z,South Africa,710,Export,World,30,Pharmaceutical products,2020,393280405.056
2026-09-03T12:28:28Z,South Africa,710,Export,World,31,Fertilizers,2020,288780383.894
2026-09-03T12:28:28Z,South Africa,710,Export,World,32,"Tanning or dyeing extracts; tannins and their derivatives; dyes, pigments and other colouring matter; paints, varnishes; putty, other mastics; inks",2020,234870799.75
2026-09-03T12:28:28Z,South Africa,710,Export,World,33,"Essential oils and resinoids; perfumery, cosmetic or toilet preparations",2020,569514696.822
2026-09-03T12:28:28Z,South Africa,710,Export,World,35,Albuminoidal substances; modified starches; glues; enzymes,2020,89355194.447
2026-09-03T12:28:28Z,South Africa,710,Export,World,38,Chemical products n.e.c.,2020,1506450825.549
2026-09-03T12:28:28Z,South Africa,710,Export,World,39,Plastics and articles thereof,2020,1238026383.963
2026-09-03T12:28:28Z,South Africa,710,Export,World,41,Raw hides and skins (other than furskins) and leather,2020,145954954.195
2026-09-03T12:28:28Z,South Africa,710,Export,World,43,Furskins and artificial fur; manufactures thereof,2020,1993464.206
2026-09-03T12:28:28Z,South Africa,710,Export,World,46,"Manufactures of straw, esparto or other plaiting materials; basketware and wickerwork",2020,2789526.618
2026-09-03T12:28:28Z,South Africa,710,Export,World,48,"Paper and paperboard; articles of paper pulp, of paper or paperboard",2020,548097311.034
2026-09-03T12:28:28Z,South Africa,710,Export,World,49,"Printed books, newspapers, pictures and other products of the printing industry; manuscripts, typescripts and plans",2020,96576730.793
2026-09-03T12:28:28Z,South Africa,710,Export,World,44,Wood and articles of wood; wood charcoal,2020,424558008.213
2026-09-03T12:28:28Z,South Africa,710,Export,World,13,"Lac; gums, resins and other vegetable saps and extracts",2020,12512430.969
2026-09-03T12:28:28Z,South Africa,710,Export,World,14,Vegetable plaiting materials; vegetable products not elsewhere specified or included,2020,37138403.455
2026-09-03T12:28:28Z,South Africa,710,Export,World,36,Explosives; pyrotechnic products; matches; pyrophoric alloys; certain combustible preparations,2020,96039990.242
2026-09-03T12:28:28Z,South Africa,710,Export,World,45,Cork and articles of cork,2020,780732.737
2026-09-03T12:28:28Z,South Africa,710,Export,World,61,Apparel and clothing accessories; knitted or crocheted,2020,156142184.937
2026-09-03T12:28:28Z,South Africa,710,Export,World,62,Apparel and clothing accessories; not knitted or crocheted,2020,166762020.228
2026-09-03T12:28:28Z,South Africa,710,Export,World,64,Footwear; gaiters and the like; parts of such articles,2020,123358448.502
2026-09-03T12:28:28Z,South Africa,710,Export,World,70,Glass and glassware,2020,113921640.12
2026-09-03T12:28:28Z,South Africa,710,Export,World,72,Iron and steel,2020,3984425821.625
2026-09-03T12:28:28Z,South Africa,710,Export,World,76,Aluminium and articles thereof,2020,1615696343.058
2026-09-03T12:28:28Z,South Africa,710,Export,World,82,"Tools, implements, cutlery, spoons and forks, of base metal; parts thereof, of base metal",2020,134044296.82
2026-09-03T12:28:28Z,South Africa,710,Export,World,84,"Nuclear reactors, boilers, machinery and mechanical appliances; parts thereof",2020,4937261731.373
2026-09-03T12:28:28Z,South Africa,710,Export,World,57,Carpets and other textile floor coverings,2020,26935027.763
2026-09-03T12:28:28Z,South Africa,710,Export,World,69,Ceramic products,2020,157413318.508
2026-09-03T12:28:28Z,South Africa,710,Export,World,50,Silk,2020,1972900.223
2026-09-03T12:28:28Z,South Africa,710,Export,World,51,"Wool, fine or coarse animal hair; horsehair yarn and woven fabric",2020,323343533.093
2026-09-03T12:28:28Z,South Africa,710,Export,World,55,Man-made staple fibres,2020,58426289.436
2026-09-03T12:28:28Z,South Africa,710,Export,World,56,"Wadding, felt and nonwovens, special yarns; twine, cordage, ropes and cables and articles thereof",2020,47263622.635
2026-09-03T12:28:28Z,South Africa,710,Export,World,59,"Textile fabrics; impregnated, coated, covered or laminated; textile articles of a kind suitable for industrial use",2020,24175701.612
2026-09-03T12:28:28Z,South Africa,710,Export,World,63,"Textiles, made up articles; sets; worn clothing and worn textile articles; rags",2020,177435838.955
2026-09-03T12:28:28Z,South Africa,710,Export,World,65,Headgear and parts thereof,2020,14597778.152
2026-09-03T12:28:28Z,South Africa,710,Export,World,66,"Umbrellas, sun umbrellas, walking-sticks, seat sticks, whips, riding crops; and parts thereof",2020,6276125.01
2026-09-03T12:28:28Z,South Africa,710,Export,World,67,"Feathers and down, prepared; and articles made of feather or of down; artificial flowers; articles of human hair",2020,23097461.33
2026-09-03T12:28:28Z,South Africa,710,Export,World,68,"Stone, plaster, cement, asbestos, mica or similar materials; articles thereof",2020,107280199.892
2026-09-03T12:28:28Z,South Africa,710,Export,World,71,"Natural, cultured pearls; precious, semi-precious stones; precious metals, metals clad with precious metal, and articles thereof; imitation jewellery; coin",2020,19297637519.244
2026-09-03T12:28:28Z,South Africa,710,Export,World,73,Iron or steel articles,2020,974452250.361
2026-09-03T12:28:28Z,South Africa,710,Export,World,74,Copper and articles thereof,2020,589628882.206
2026-09-03T12:28:28Z,South Africa,710,Export,World,81,"Metals; n.e.c., cermets and articles thereof",2020,94258189.766
2026-09-03T12:28:28Z,South Africa,710,Export,World,83,Metal; miscellaneous products of base metal,2020,98103973.492
2026-09-03T12:28:28Z,South Africa,710,Export,World,52,Cotton,2020,43657348.005
2026-09-03T12:28:28Z,South Africa,710,Export,World,53,Vegetable textile fibres; paper yarn and woven fabrics of paper yarn,2020,423949.827
2026-09-03T12:28:28Z,South Africa,710,Export,World,54,Man-made filaments; strip and the like of man-made textile materials,2020,32798012.874
2026-09-03T12:28:28Z,South Africa,710,Export,World,58,"Fabrics; special woven fabrics, tufted textile fabrics, lace, tapestries, trimmings, embroidery",2020,15057965.952
2026-09-03T12:28:28Z,South Africa,710,Export,World,60,Fabrics; knitted or crocheted,2020,11455931.362
2026-09-03T12:28:28Z,South Africa,710,Export,World,75,Nickel and articles thereof,2020,305529884.287
2026-09-03T12:28:28Z,South Africa,710,Export,World,78,Lead and articles thereof,2020,26395873.754
2026-09-03T12:28:28Z,South Africa,710,Export,World,79,Zinc and articles thereof,2020,6085795.668
2026-09-03T12:28:28Z,South Africa,710,Export,World,80,Tin; articles thereof,2020,1444927.859
2026-09-03T12:28:28Z,South Africa,710,Export,World,95,"Toys, games and sports requisites; parts and accessories thereof",2020,49556258.527
2026-09-03T12:28:28Z,South Africa,710,Export,World,91,Clocks and watches and parts thereof,2020,25289737.228
2026-09-03T12:28:28Z,South Africa,710,Export,World,92,Musical instruments; parts and accessories of such articles,2020,1792860.871
2026-09-03T12:28:28Z,South Africa,710,Export,World,96,Miscellaneous manufactured articles,2020,142938419.705
2026-09-03T12:28:28Z,South Africa,710,Export,World,97,Works of art; collectors' pieces and antiques,2020,65450225.66
2026-09-03T12:28:28Z,South Africa,710,Export,World,93,Arms and ammunition; parts and accessories thereof,2020,19802489.303
2026-09-03T12:28:28Z,South Africa,710,Export,World,94,"Furniture; bedding, mattresses, mattress supports, cushions and similar stuffed furnishings; lamps and lighting fittings, n.e.c.; illuminated signs, illuminated name-plates and the like; prefabricated buildings",2020,260527572.855
2026-09-03T12:28:28Z,South Africa,710,Export,World,99,Commodities not specified according to kind,2020,259353748.679
2026-09-03T12:28:28Z,South Africa,710,Export,World,85,"Electrical machinery and equipment and parts thereof; sound recorders and reproducers; television image and sound recorders and reproducers, parts and accessories of such articles",2020,1518322997.551
2026-09-03T12:28:28Z,South Africa,710,Export,World,86,"Railway, tramway locomotives, rolling-stock and parts thereof; railway or tramway track fixtures and fittings and parts thereof; mechanical (including electro-mechanical) traffic signalling equipment of all kinds",2020,129915992.87
2026-09-03T12:28:28Z,South Africa,710,Export,World,87,"Vehicles; other than railway or tramway rolling stock, and parts and accessories thereof",2020,8377803555.083
2026-09-03T12:28:28Z,South Africa,710,Export,World,88,"Aircraft, spacecraft and parts thereof",2020,271407330.982
2026-09-03T12:28:28Z,South Africa,710,Export,World,89,"Ships, boats and floating structures",2020,176662781.875
2026-09-03T12:28:28Z,South Africa,710,Export,World,90,"Optical, photographic, cinematographic, measuring, checking, medical or surgical instruments and apparatus; parts and accessories",2020,535759789.134
2026-09-03T12:28:28Z,Eswatini,748,Export,World,01,Animals; live,2020,695666.02
2026-09-03T12:28:28Z,Eswatini,748,Export,World,02,Meat and edible meat offal,2020,2558473.18
2026-09-03T12:28:28Z,Eswatini,748,Export,World,03,"Fish and crustaceans, molluscs and other aquatic invertebrates",2020,5036.55
2026-09-03T12:28:28Z,Eswatini,748,Export,World,04,"Dairy produce; birds' eggs; natural honey; edible products of animal origin, not elsewhere specified or included",2020,1006483.96
2026-09-03T12:28:28Z,Eswatini,748,Export,World,05,Animal originated products; not elsewhere specified or included,2020,2609.08
2026-09-03T12:28:28Z,Eswatini,748,Export,World,06,"Trees and other plants, live; bulbs, roots and the like; cut flowers and ornamental foliage",2020,14460.78
2026-09-03T12:28:28Z,Eswatini,748,Export,World,07,Vegetables and certain roots and tubers; edible,2020,362056.17
2026-09-03T12:28:28Z,Eswatini,748,Export,World,08,"Fruit and nuts, edible; peel of citrus fruit or melons",2020,14394153.34
2026-09-03T12:28:28Z,Eswatini,748,Export,World,09,"Coffee, tea, mate and spices",2020,13993.91
2026-09-03T12:28:28Z,Eswatini,748,Export,World,10,Cereals,2020,75171.3
2026-09-03T12:28:28Z,Eswatini,748,Export,World,11,"Products of the milling industry; malt, starches, inulin, wheat gluten",2020,549509.12
2026-09-03T12:28:28Z,Eswatini,748,Export,World,12,"Oil seeds and oleaginous fruits; miscellaneous grains, seeds and fruit, industrial or medicinal plants; straw and fodder",2020,204303.71
2026-09-03T12:28:28Z,Eswatini,748,Export,World,13,"Lac; gums, resins and other vegetable saps and extracts",2020,2012885.59
2026-09-03T12:28:28Z,Eswatini,748,Export,World,14,Vegetable plaiting materials; vegetable products not elsewhere specified or included,2020,287636.98
2026-09-03T12:28:28Z,Eswatini,748,Export,World,15,Animal or vegetable fats and oils and their cleavage products; prepared animal fats; animal or vegetable waxes,2020,24752.87
2026-09-03T12:28:28Z,Eswatini,748,Export,World,16,"Meat, fish or crustaceans, molluscs or other aquatic invertebrates; preparations thereof",2020,7024.94
2026-09-03T12:28:28Z,Eswatini,748,Export,World,17,Sugars and sugar confectionery,2020,440113020.6
2026-09-03T12:28:28Z,Eswatini,748,Export,World,18,Cocoa and cocoa preparations,2020,2290779.1
2026-09-03T12:28:28Z,Eswatini,748,Export,World,19,"Preparations of cereals, flour, starch or milk; pastrycooks' products",2020,1515745.79
2026-09-03T12:28:28Z,Eswatini,748,Export,World,20,"Preparations of vegetables, fruit, nuts or other parts of plants",2020,34408369.51
2026-09-03T12:28:28Z,Eswatini,748,Export,World,21,Miscellaneous edible preparations,2020,4918078.3
2026-09-03T12:28:28Z,Eswatini,748,Export,World,22,"Beverages, spirits and vinegar",2020,50928825.14
2026-09-03T12:28:28Z,Eswatini,748,Export,World,23,"Food industries, residues and wastes thereof; prepared animal fodder",2020,18562808.28
2026-09-03T12:28:28Z,Eswatini,748,Export,World,24,Tobacco and manufactured tobacco substitutes,2020,86399.25
2026-09-03T12:28:28Z,Eswatini,748,Export,World,25,"Salt; sulphur; earths, stone; plastering materials, lime and cement",2020,11188.77
2026-09-03T12:28:28Z,Eswatini,748,Export,World,26,"Ores, slag and ash",2020,12231.86
2026-09-03T12:28:28Z,Eswatini,748,Export,World,27,"Mineral fuels, mineral oils and products of their distillation; bituminous substances; mineral waxes",2020,19872910.01
2026-09-03T12:28:28Z,Eswatini,748,Export,World,28,"Inorganic chemicals; organic and inorganic compounds of precious metals; of rare earth metals, of radio-active elements and of isotopes",2020,4072552.84
2026-09-03T12:28:28Z,Eswatini,748,Export,World,29,Organic chemicals,2020,43992258.6
2026-09-03T12:28:28Z,Eswatini,748,Export,World,30,Pharmaceutical products,2020,181828.54
2026-09-03T12:28:28Z,Eswatini,748,Export,World,31,Fertilizers,2020,663458.71
2026-09-03T12:28:28Z,Eswatini,748,Export,World,32,"Tanning or dyeing extracts; tannins and their derivatives; dyes, pigments and other colouring matter; paints, varnishes; putty, other mastics; inks",2020,2378663.63
2026-09-03T12:28:28Z,Eswatini,748,Export,World,33,"Essential oils and resinoids; perfumery, cosmetic or toilet preparations",2020,529703027.27
2026-09-03T12:28:28Z,Eswatini,748,Export,World,34,"Soap, organic surface-active agents; washing, lubricating, polishing or scouring preparations; artificial or prepared waxes, candles and similar articles, modelling pastes, dental waxes and dental preparations with a basis of plaster",2020,414829.23
2026-09-03T12:28:28Z,Eswatini,748,Export,World,35,Albuminoidal substances; modified starches; glues; enzymes,2020,2481236.56
2026-09-03T12:28:28Z,Eswatini,748,Export,World,36,Explosives; pyrotechnic products; matches; pyrophoric alloys; certain combustible preparations,2020,0.6
2026-09-03T12:28:28Z,Eswatini,748,Export,World,37,Photographic or cinematographic goods,2020,17.95
2026-09-03T12:28:28Z,Eswatini,748,Export,World,38,Chemical products n.e.c.,2020,207935524.9
2026-09-03T12:28:28Z,Eswatini,748,Export,World,39,Plastics and articles thereof,2020,6143810.02
2026-09-03T12:28:28Z,Eswatini,748,Export,World,40,Rubber and articles thereof,2020,807937.02
2026-09-03T12:28:28Z,Eswatini,748,Export,World,41,Raw hides and skins (other than furskins) and leather,2020,16906.45
2026-09-03T12:28:28Z,Eswatini,748,Export,World,42,"Articles of leather; saddlery and harness; travel goods, handbags and similar containers; articles of animal gut (other than silk-worm gut)",2020,60929.19
2026-09-03T12:28:28Z,Eswatini,748,Export,World,43,Furskins and artificial fur; manufactures thereof,2020,2186.06
2026-09-03T12:28:28Z,Eswatini,748,Export,World,44,Wood and articles of wood; wood charcoal,2020,94994183.91
2026-09-03T12:28:28Z,Eswatini,748,Export,World,45,Cork and articles of cork,2020,18.86
2026-09-03T12:28:28Z,Eswatini,748,Export,World,46,"Manufactures of straw, esparto or other plaiting materials; basketware and wickerwork",2020,285771.9
2026-09-03T12:28:28Z,Eswatini,748,Export,World,47,Pulp of wood or other fibrous cellulosic material; recovered (waste and scrap) paper or paperboard,2020,460929.52
2026-09-03T12:28:28Z,Eswatini,748,Export,World,48,"Paper and paperboard; articles of paper pulp, of paper or paperboard",2020,4059938.25
2026-09-03T12:28:28Z,Eswatini,748,Export,World,49,"Printed books, newspapers, pictures and other products of the printing industry; manuscripts, typescripts and plans",2020,4602862.07
2026-09-03T12:28:28Z,Eswatini,748,Export,World,50,Silk,2020,1896.13
2026-09-03T12:28:28Z,Eswatini,748,Export,World,51,"Wool, fine or coarse animal hair; horsehair yarn and woven fabric",2020,522.07
2026-09-03T12:28:28Z,Eswatini,748,Export,World,52,Cotton,2020,960777.03
2026-09-03T12:28:28Z,Eswatini,748,Export,World,53,Vegetable textile fibres; paper yarn and woven fabrics of paper yarn,2020,3936.93
2026-09-03T12:28:28Z,Eswatini,748,Export,World,54,Man-made filaments; strip and the like of man-made textile materials,2020,1145935.41
2026-09-03T12:28:28Z,Eswatini,748,Export,World,55,Man-made staple fibres,2020,78340.14
2026-09-03T12:28:28Z,Eswatini,748,Export,World,56,"Wadding, felt and nonwovens, special yarns; twine, cordage, ropes and cables and articles thereof",2020,8820.69
2026-09-03T12:28:28Z,Eswatini,748,Export,World,57,Carpets and other textile floor coverings,2020,114228.07
2026-09-03T12:28:28Z,Eswatini,748,Export,World,58,"Fabrics; special woven fabrics, tufted textile fabrics, lace, tapestries, trimmings, embroidery",2020,91897.19
2026-09-03T12:28:28Z,Eswatini,748,Export,World,59,"Textile fabrics; impregnated, coated, covered or laminated; textile articles of a kind suitable for industrial use",2020,525447.38
2026-09-03T12:28:28Z,Eswatini,748,Export,World,60,Fabrics; knitted or crocheted,2020,12465613.65
2026-09-03T12:28:28Z,Eswatini,748,Export,World,61,Apparel and clothing accessories; knitted or crocheted,2020,50085539.01
2026-09-03T12:28:28Z,Eswatini,748,Export,World,62,Apparel and clothing accessories; not knitted or crocheted,2020,117340711.7
2026-09-03T12:28:28Z,Eswatini,748,Export,World,63,"Textiles, made up articles; sets; worn clothing and worn textile articles; rags",2020,16699371.87
2026-09-03T12:28:28Z,Eswatini,748,Export,World,64,Footwear; gaiters and the like; parts of such articles,2020,84718.99
2026-09-03T12:28:28Z,Eswatini,748,Export,World,65,Headgear and parts thereof,2020,22364.26
2026-09-03T12:28:28Z,Eswatini,748,Export,World,66,"Umbrellas, sun umbrellas, walking-sticks, seat sticks, whips, riding crops; and parts thereof",2020,299.39
2026-09-03T12:28:28Z,Eswatini,748,Export,World,67,"Feathers and down, prepared; and articles made of feather or of down; artificial flowers; articles of human hair",2020,1871.58
2026-09-03T12:28:28Z,Eswatini,748,Export,World,68,"Stone, plaster, cement, asbestos, mica or similar materials; articles thereof",2020,413428.41
2026-09-03T12:28:28Z,Eswatini,748,Export,World,69,Ceramic products,2020,27404.91
2026-09-03T12:28:28Z,Eswatini,748,Export,World,70,Glass and glassware,2020,682950.52
2026-09-03T12:28:28Z,Eswatini,748,Export,World,71,"Natural, cultured pearls; precious, semi-precious stones; precious metals, metals clad with precious metal, and articles thereof; imitation jewellery; coin",2020,152535.14
2026-09-03T12:28:28Z,Eswatini,748,Export,World,72,Iron and steel,2020,1822757.6
2026-09-03T12:28:28Z,Eswatini,748,Export,World,73,Iron or steel articles,2020,1721502.05
2026-09-03T12:28:28Z,Eswatini,748,Export,World,74,Copper and articles thereof,2020,1058515.21
2026-09-03T12:28:28Z,Eswatini,748,Export,World,76,Aluminium and articles thereof,2020,191145.51
2026-09-03T12:28:28Z,Eswatini,748,Export,World,78,Lead and articles thereof,2020,7677.24
2026-09-03T12:28:28Z,Eswatini,748,Export,World,79,Zinc and articles thereof,2020,6754.34
2026-09-03T12:28:28Z,Eswatini,748,Export,World,80,Tin; articles thereof,2020,12286.74
2026-09-03T12:28:28Z,Eswatini,748,Export,World,81,"Metals; n.e.c., cermets and articles thereof",2020,1.62
2026-09-03T12:28:28Z,Eswatini,748,Export,World,82,"Tools, implements, cutlery, spoons and forks, of base metal; parts thereof, of base metal",2020,312886.9
2026-09-03T12:28:28Z,Eswatini,748,Export,World,83,Metal; miscellaneous products of base metal,2020,133253.33
2026-09-03T12:28:28Z,Eswatini,748,Export,World,84,"Nuclear reactors, boilers, machinery and mechanical appliances; parts thereof",2020,25817918.87
2026-09-03T12:28:28Z,Eswatini,748,Export,World,85,"Electrical machinery and equipment and parts thereof; sound recorders and reproducers; television image and sound recorders and reproducers, parts and accessories of such articles",2020,1429409.91
2026-09-03T12:28:28Z,Eswatini,748,Export,World,86,"Railway, tramway locomotives, rolling-stock and parts thereof; railway or tramway track fixtures and fittings and parts thereof; mechanical (including electro-mechanical) traffic signalling equipment of all kinds",2020,448154.99
2026-09-03T12:28:28Z,Eswatini,748,Export,World,87,"Vehicles; other than railway or tramway rolling stock, and parts and accessories thereof",2020,8551623.39
2026-09-03T12:28:28Z,Eswatini,748,Export,World,88,"Aircraft, spacecraft and parts thereof",2020,105.77
2026-09-03T12:28:28Z,Eswatini,748,Export,World,89,"Ships, boats and floating structures",2020,61354.59
2026-09-03T12:28:28Z,Eswatini,748,Export,World,90,"Optical, photographic, cinematographic, measuring, checking, medical or surgical instruments and apparatus; parts and accessories",2020,381410.41
2026-09-03T12:28:28Z,Eswatini,748,Export,World,91,Clocks and watches and parts thereof,2020,1130.88
2026-09-03T12:28:28Z,Eswatini,748,Export,World,92,Musical instruments; parts and accessories of such articles,2020,3665.4
2026-09-03T12:28:28Z,Eswatini,748,Export,World,94,"Furniture; bedding, mattresses, mattress supports, cushions and similar stuffed furnishings; lamps and lighting fittings, n.e.c.; illuminated signs, illuminated name-plates and the like; prefabricated buildings",2020,184339.56
2026-09-03T12:28:28Z,Eswatini,748,Export,World,95,"Toys, games and sports requisites; parts and accessories thereof",2020,31725.51
2026-09-03T12:28:28Z,Eswatini,748,Export,World,96,Miscellaneous manufactured articles,2020,10251089.95
2026-09-03T12:28:28Z,Eswatini,748,Export,World,97,Works of art; collectors' pieces and antiques,2020,3776.75
2026-09-03T12:28:28Z,Eswatini,748,Export,World,99,Commodities not specified according to kind,2020,579398.74
2026-09-03T12:28:28Z,Botswana,72,Export,World,64,Footwear; gaiters and the like; parts of such articles,2021,1254903.556
2026-09-03T12:28:28Z,Botswana,72,Export,World,71,"Natural, cultured pearls; precious, semi-precious stones; precious metals, metals clad with precious metal, and articles thereof; imitation jewellery; coin",2021,6776025645.479
2026-09-03T12:28:28Z,Botswana,72,Export,World,33,"Essential oils and resinoids; perfumery, cosmetic or toilet preparations",2021,369681.002
2026-09-03T12:28:28Z,Botswana,72,Export,World,63,"Textiles, made up articles; sets; worn clothing and worn textile articles; rags",2021,12167804.226
2026-09-03T12:28:28Z,Botswana,72,Export,World,25,"Salt; sulphur; earths, stone; plastering materials, lime and cement",2021,29826393.948
2026-09-03T12:28:28Z,Botswana,72,Export,World,18,Cocoa and cocoa preparations,2021,1617.507
2026-09-03T12:28:28Z,Botswana,72,Export,World,82,"Tools, implements, cutlery, spoons and forks, of base metal; parts thereof, of base metal",2021,970068.926
2026-09-03T12:28:28Z,Botswana,72,Export,World,68,"Stone, plaster, cement, asbestos, mica or similar materials; articles thereof",2021,5747897.166
2026-09-03T12:28:28Z,Botswana,72,Export,World,36,Explosives; pyrotechnic products; matches; pyrophoric alloys; certain combustible preparations,2021,20702.971
2026-09-03T12:28:28Z,Botswana,72,Export,World,20,"Preparations of vegetables, fruit, nuts or other parts of plants",2021,1939139.143
2026-09-03T12:28:28Z,Botswana,72,Export,World,30,Pharmaceutical products,2021,13548439.444
2026-09-03T12:28:28Z,Botswana,72,Export,World,60,Fabrics; knitted or crocheted,2021,11556.638
2026-09-03T12:28:28Z,Botswana,72,Export,World,83,Metal; miscellaneous products of base metal,2021,211733.788
2026-09-03T12:28:28Z,Botswana,72,Export,World,09,"Coffee, tea, mate and spices",2021,288793.389
2026-09-03T12:28:28Z,Botswana,72,Export,World,32,"Tanning or dyeing extracts; tannins and their derivatives; dyes, pigments and other colouring matter; paints, varnishes; putty, other mastics; inks",2021,748770.043
2026-09-03T12:28:28Z,Botswana,72,Export,World,91,Clocks and watches and parts thereof,2021,12831.259
2026-09-03T12:28:28Z,Botswana,72,Export,World,65,Headgear and parts thereof,2021,205358.726
2026-09-03T12:28:28Z,Botswana,72,Export,World,67,"Feathers and down, prepared; and articles made of feather or of down; artificial flowers; articles of human hair",2021,50407.087
2026-09-03T12:28:28Z,Botswana,72,Export,World,19,"Preparations of cereals, flour, starch or milk; pastrycooks' products",2021,1918830.895
2026-09-03T12:28:28Z,Botswana,72,Export,World,26,"Ores, slag and ash",2021,110187587.561
2026-09-03T12:28:28Z,Botswana,72,Export,World,76,Aluminium and articles thereof,2021,5682759.036
2026-09-03T12:28:28Z,Botswana,72,Export,World,13,"Lac; gums, resins and other vegetable saps and extracts",2021,3130017.572
2026-09-03T12:28:28Z,Botswana,72,Export,World,89,"Ships, boats and floating structures",2021,501657.967
2026-09-03T12:28:28Z,Botswana,72,Export,World,16,"Meat, fish or crustaceans, molluscs or other aquatic invertebrates; preparations thereof",2021,315897.732
2026-09-03T12:28:28Z,Botswana,72,Export,World,03,"Fish and crustaceans, molluscs and other aquatic invertebrates",2021,2518882.904
2026-09-03T12:28:28Z,Botswana,72,Export,World,75,Nickel and articles thereof,2021,5719.686
2026-09-03T12:28:28Z,Botswana,72,Export,World,96,Miscellaneous manufactured articles,2021,257617.719
2026-09-03T12:28:28Z,Botswana,72,Export,World,52,Cotton,2021,99801.389
2026-09-03T12:28:28Z,Botswana,72,Export,World,86,"Railway, tramway locomotives, rolling-stock and parts thereof; railway or tramway track fixtures and fittings and parts thereof; mechanical (including electro-mechanical) traffic signalling equipment of all kinds",2021,20770.698
2026-09-03T12:28:28Z,Botswana,72,Export,World,24,Tobacco and manufactured tobacco substitutes,2021,1687085.895
2026-09-03T12:28:28Z,Botswana,72,Export,World,35,Albuminoidal substances; modified starches; glues; enzymes,2021,15933.491
2026-09-03T12:28:28Z,Botswana,72,Export,World,47,Pulp of wood or other fibrous cellulosic material; recovered (waste and scrap) paper or paperboard,2021,1589103.779
2026-09-03T12:28:28Z,Botswana,72,Export,World,61,Apparel and clothing accessories; knitted or crocheted,2021,1830827.079
2026-09-03T12:28:28Z,Botswana,72,Export,World,05,Animal originated products; not elsewhere specified or included,2021,19405.404
2026-09-03T12:28:28Z,Botswana,72,Export,World,78,Lead and articles thereof,2021,513509.054
2026-09-03T12:28:28Z,Botswana,72,Export,World,94,"Furniture; bedding, mattresses, mattress supports, cushions and similar stuffed furnishings; lamps and lighting fittings, n.e.c.; illuminated signs, illuminated name-plates and the like; prefabricated buildings",2021,1707440.8
2026-09-03T12:28:28Z,Botswana,72,Export,World,34,"Soap, organic surface-active agents; washing, lubricating, polishing or scouring preparations; artificial or prepared waxes, candles and similar articles, modelling pastes, dental waxes and dental preparations with a basis of plaster",2021,414839.853
2026-09-03T12:28:28Z,Botswana,72,Export,World,62,Apparel and clothing accessories; not knitted or crocheted,2021,709218.896
2026-09-03T12:28:28Z,Botswana,72,Export,World,85,"Electrical machinery and equipment and parts thereof; sound recorders and reproducers; television image and sound recorders and reproducers, parts and accessories of such articles",2021,131861472.4
2026-09-03T12:28:28Z,Botswana,72,Export,World,39,Plastics and articles thereof,2021,32665298.691
2026-09-03T12:28:28Z,Botswana,72,Export,World,15,Animal or vegetable fats and oils and their cleavage products; prepared animal fats; animal or vegetable waxes,2021,1034798.597
2026-09-03T12:28:28Z,Botswana,72,Export,World,11,"Products of the milling industry; malt, starches, inulin, wheat gluten",2021,3094479.038
2026-09-03T12:28:28Z,Botswana,72,Export,World,56,"Wadding, felt and nonwovens, special yarns; twine, cordage, ropes and cables and articles thereof",2021,119272.778
2026-09-03T12:28:28Z,Botswana,72,Export,World,55,Man-made staple fibres,2021,11459.439
2026-09-03T12:28:28Z,Botswana,72,Export,World,49,"Printed books, newspapers, pictures and other products of the printing industry; manuscripts, typescripts and plans",2021,144813.041
2026-09-03T12:28:28Z,Botswana,72,Export,World,74,Copper and articles thereof,2021,5638298.417
2026-09-03T12:28:28Z,Botswana,72,Export,World,57,Carpets and other textile floor coverings,2021,9191.79
2026-09-03T12:28:28Z,Botswana,72,Export,World,07,Vegetables and certain roots and tubers; edible,2021,9597652.188
2026-09-03T12:28:28Z,Botswana,72,Export,World,84,"Nuclear reactors, boilers, machinery and mechanical appliances; parts thereof",2021,44144896.422
2026-09-03T12:28:28Z,Botswana,72,Export,World,41,Raw hides and skins (other than furskins) and leather,2021,1420081.758
2026-09-03T12:28:28Z,Botswana,72,Export,World,31,Fertilizers,2021,346035.779
2026-09-03T12:28:28Z,Botswana,72,Export,World,22,"Beverages, spirits and vinegar",2021,2562586.931
2026-09-03T12:28:28Z,Botswana,72,Export,World,90,"Optical, photographic, cinematographic, measuring, checking, medical or surgical instruments and apparatus; parts and accessories",2021,2125804.864
2026-09-03T12:28:28Z,Botswana,72,Export,World,66,"Umbrellas, sun umbrellas, walking-sticks, seat sticks, whips, riding crops; and parts thereof",2021,8950.288
2026-09-03T12:28:28Z,Botswana,72,Export,World,46,"Manufactures of straw, esparto or other plaiting materials; basketware and wickerwork",2021,70957.65
2026-09-03T12:28:28Z,Botswana,72,Export,World,95,"Toys, games and sports requisites; parts and accessories thereof",2021,166985.462
2026-09-03T12:28:28Z,Botswana,72,Export,World,58,"Fabrics; special woven fabrics, tufted textile fabrics, lace, tapestries, trimmings, embroidery",2021,4505961.01
2026-09-03T12:28:28Z,Botswana,72,Export,World,27,"Mineral fuels, mineral oils and products of their distillation; bituminous substances; mineral waxes",2021,29134522.835
2026-09-03T12:28:28Z,Botswana,72,Export,World,88,"Aircraft, spacecraft and parts thereof",2021,6344832.013
2026-09-03T12:28:28Z,Botswana,72,Export,World,92,Musical instruments; parts and accessories of such articles,2021,26115.018
2026-09-03T12:28:28Z,Botswana,72,Export,World,51,"Wool, fine or coarse animal hair; horsehair yarn and woven fabric",2021,4596.38
2026-09-03T12:28:28Z,Botswana,72,Export,World,93,Arms and ammunition; parts and accessories thereof,2021,1792.935
2026-09-03T12:28:28Z,Botswana,72,Export,World,17,Sugars and sugar confectionery,2021,1203214.004
2026-09-03T12:28:28Z,Botswana,72,Export,World,72,Iron and steel,2021,16687061.486
2026-09-03T12:28:28Z,Botswana,72,Export,World,06,"Trees and other plants, live; bulbs, roots and the like; cut flowers and ornamental foliage",2021,222025.072
2026-09-03T12:28:28Z,Botswana,72,Export,World,37,Photographic or cinematographic goods,2021,5743.69
2026-09-03T12:28:28Z,Botswana,72,Export,World,69,Ceramic products,2021,180375.903
2026-09-03T12:28:28Z,Botswana,72,Export,World,02,Meat and edible meat offal,2021,14833200.766
2026-09-03T12:28:28Z,Botswana,72,Export,World,08,"Fruit and nuts, edible; peel of citrus fruit or melons",2021,10110.137
2026-09-03T12:28:28Z,Botswana,72,Export,World,29,Organic chemicals,2021,109257.677
2026-09-03T12:28:28Z,Botswana,72,Export,World,73,Iron or steel articles,2021,5393013.249
2026-09-03T12:28:28Z,Botswana,72,Export,World,97,Works of art; collectors' pieces and antiques,2021,56089.19
2026-09-03T12:28:28Z,Botswana,72,Export,World,40,Rubber and articles thereof,2021,1329719.157
2026-09-03T12:28:28Z,Botswana,72,Export,World,79,Zinc and articles thereof,2021,70380.297
2026-09-03T12:28:28Z,Botswana,72,Export,World,21,Miscellaneous edible preparations,2021,631730.783
2026-09-03T12:28:28Z,Botswana,72,Export,World,87,"Vehicles; other than railway or tramway rolling stock, and parts and accessories thereof",2021,34235283.392
2026-09-03T12:28:28Z,Botswana,72,Export,World,38,Chemical products n.e.c.,2021,430091.812
2026-09-03T12:28:28Z,Botswana,72,Export,World,59,"Textile fabrics; impregnated, coated, covered or laminated; textile articles of a kind suitable for industrial use",2021,61535.35
2026-09-03T12:28:28Z,Botswana,72,Export,World,81,"Metals; n.e.c., cermets and articles thereof",2021,208427.561
2026-09-03T12:28:28Z,Botswana,72,Export,World,23,"Food industries, residues and wastes thereof; prepared animal fodder",2021,5153552.251
2026-09-03T12:28:28Z,Botswana,72,Export,World,99,Commodities not specified according to kind,2021,2684324.429
2026-09-03T12:28:28Z,Botswana,72,Export,World,28,"Inorganic chemicals; organic and inorganic compounds of precious metals; of rare earth metals, of radio-active elements and of isotopes",2021,47581605.721
2026-09-03T12:28:28Z,Botswana,72,Export,World,42,"Articles of leather; saddlery and harness; travel goods, handbags and similar containers; articles of animal gut (other than silk-worm gut)",2021,2245390.193
2026-09-03T12:28:28Z,Botswana,72,Export,World,10,Cereals,2021,3063563.035
2026-09-03T12:28:28Z,Botswana,72,Export,World,48,"Paper and paperboard; articles of paper pulp, of paper or paperboard",2021,3648504.212
2026-09-03T12:28:28Z,Botswana,72,Export,World,04,"Dairy produce; birds' eggs; natural honey; edible products of animal origin, not elsewhere specified or included",2021,135035.853
2026-09-03T12:28:28Z,Botswana,72,Export,World,12,"Oil seeds and oleaginous fruits; miscellaneous grains, seeds and fruit, industrial or medicinal plants; straw and fodder",2021,858516.835
2026-09-03T12:28:28Z,Botswana,72,Export,World,43,Furskins and artificial fur; manufactures thereof,2021,10646.194
2026-09-03T12:28:28Z,Botswana,72,Export,World,50,Silk,2021,151.991
2026-09-03T12:28:28Z,Botswana,72,Export,World,70,Glass and glassware,2021,1049162.878
2026-09-03T12:28:28Z,Botswana,72,Export,World,01,Animals; live,2021,80131160.053
2026-09-03T12:28:28Z,Botswana,72,Export,World,44,Wood and articles of wood; wood charcoal,2021,1035439.2
2026-09-03T12:28:28Z,Botswana,72,Export,World,54,Man-made filaments; strip and the like of man-made textile materials,2021,57838.197
2026-09-03T12:28:28Z,Lesotho,426,Export,World,04,"Dairy produce; birds' eggs; natural honey; edible products of animal origin, not elsewhere specified or included",2021,78380.016
2026-09-03T12:28:28Z,Lesotho,426,Export,World,63,"Textiles, made up articles; sets; worn clothing and worn textile articles; rags",2021,27149337.075
2026-09-03T12:28:28Z,Lesotho,426,Export,World,03,"Fish and crustaceans, molluscs and other aquatic invertebrates",2021,5279173.957
2026-09-03T12:28:28Z,Lesotho,426,Export,World,44,Wood and articles of wood; wood charcoal,2021,234248.644
2026-09-03T12:28:28Z,Lesotho,426,Export,World,70,Glass and glassware,2021,232707.73
2026-09-03T12:28:28Z,Lesotho,426,Export,World,50,Silk,2021,3543.019
2026-09-03T12:28:28Z,Lesotho,426,Export,World,12,"Oil seeds and oleaginous fruits; miscellaneous grains, seeds and fruit, industrial or medicinal plants; straw and fodder",2021,3650219.236
2026-09-03T12:28:28Z,Lesotho,426,Export,World,53,Vegetable textile fibres; paper yarn and woven fabrics of paper yarn,2021,915775.762
2026-09-03T12:28:28Z,Lesotho,426,Export,World,54,Man-made filaments; strip and the like of man-made textile materials,2021,1234579.508
2026-09-03T12:28:28Z,Lesotho,426,Export,World,46,"Manufactures of straw, esparto or other plaiting materials; basketware and wickerwork",2021,1051.988
2026-09-03T12:28:28Z,Lesotho,426,Export,World,66,"Umbrellas, sun umbrellas, walking-sticks, seat sticks, whips, riding crops; and parts thereof",2021,432.849
2026-09-03T12:28:28Z,Lesotho,426,Export,World,58,"Fabrics; special woven fabrics, tufted textile fabrics, lace, tapestries, trimmings, embroidery",2021,288619.696
2026-09-03T12:28:28Z,Lesotho,426,Export,World,95,"Toys, games and sports requisites; parts and accessories thereof",2021,5104.361
2026-09-03T12:28:28Z,Lesotho,426,Export,World,27,"Mineral fuels, mineral oils and products of their distillation; bituminous substances; mineral waxes",2021,325795.76
2026-09-03T12:28:28Z,Lesotho,426,Export,World,76,Aluminium and articles thereof,2021,695876.961
2026-09-03T12:28:28Z,Lesotho,426,Export,World,13,"Lac; gums, resins and other vegetable saps and extracts",2021,0.676
2026-09-03T12:28:28Z,Lesotho,426,Export,World,89,"Ships, boats and floating structures",2021,27.057
2026-09-03T12:28:28Z,Lesotho,426,Export,World,16,"Meat, fish or crustaceans, molluscs or other aquatic invertebrates; preparations thereof",2021,21.916
2026-09-03T12:28:28Z,Lesotho,426,Export,World,87,"Vehicles; other than railway or tramway rolling stock, and parts and accessories thereof",2021,9307747.706
2026-09-03T12:28:28Z,Lesotho,426,Export,World,38,Chemical products n.e.c.,2021,31936.688
2026-09-03T12:28:28Z,Lesotho,426,Export,World,59,"Textile fabrics; impregnated, coated, covered or laminated; textile articles of a kind suitable for industrial use",2021,74907.278
2026-09-03T12:28:28Z,Lesotho,426,Export,World,23,"Food industries, residues and wastes thereof; prepared animal fodder",2021,3330013.245
2026-09-03T12:28:28Z,Lesotho,426,Export,World,99,Commodities not specified according to kind,2021,363199.986
2026-09-03T12:28:28Z,Lesotho,426,Export,World,21,Miscellaneous edible preparations,2021,177136.552
2026-09-03T12:28:28Z,Lesotho,426,Export,World,64,Footwear; gaiters and the like; parts of such articles,2021,7036321.468
2026-09-03T12:28:28Z,Lesotho,426,Export,World,71,"Natural, cultured pearls; precious, semi-precious stones; precious metals, metals clad with precious metal, and articles thereof; imitation jewellery; coin",2021,175432704.196
2026-09-03T12:28:28Z,Lesotho,426,Export,World,33,"Essential oils and resinoids; perfumery, cosmetic or toilet preparations",2021,1470610.62
2026-09-03T12:28:28Z,Lesotho,426,Export,World,29,Organic chemicals,2021,28593.487
2026-09-03T12:28:28Z,Lesotho,426,Export,World,73,Iron or steel articles,2021,1056859.668
2026-09-03T12:28:28Z,Lesotho,426,Export,World,97,Works of art; collectors' pieces and antiques,2021,3325.276
2026-09-03T12:28:28Z,Lesotho,426,Export,World,40,Rubber and articles thereof,2021,64567.26
2026-09-03T12:28:28Z,Lesotho,426,Export,World,02,Meat and edible meat offal,2021,50.8
2026-09-03T12:28:28Z,Lesotho,426,Export,World,08,"Fruit and nuts, edible; peel of citrus fruit or melons",2021,860864.376
2026-09-03T12:28:28Z,Lesotho,426,Export,World,17,Sugars and sugar confectionery,2021,48902.905
2026-09-03T12:28:28Z,Lesotho,426,Export,World,72,Iron and steel,2021,311415.748
2026-09-03T12:28:28Z,Lesotho,426,Export,World,06,"Trees and other plants, live; bulbs, roots and the like; cut flowers and ornamental foliage",2021,654555.175
2026-09-03T12:28:28Z,Lesotho,426,Export,World,69,Ceramic products,2021,33099.543
2026-09-03T12:28:28Z,Lesotho,426,Export,World,09,"Coffee, tea, mate and spices",2021,646450.024
2026-09-03T12:28:28Z,Lesotho,426,Export,World,19,"Preparations of cereals, flour, starch or milk; pastrycooks' products",2021,1562550.338
2026-09-03T12:28:28Z,Lesotho,426,Export,World,32,"Tanning or dyeing extracts; tannins and their derivatives; dyes, pigments and other colouring matter; paints, varnishes; putty, other mastics; inks",2021,7859.336
2026-09-03T12:28:28Z,Lesotho,426,Export,World,65,Headgear and parts thereof,2021,728029.092
2026-09-03T12:28:28Z,Lesotho,426,Export,World,67,"Feathers and down, prepared; and articles made of feather or of down; artificial flowers; articles of human hair",2021,29226.492
2026-09-03T12:28:28Z,Lesotho,426,Export,World,91,Clocks and watches and parts thereof,2021,85798.791
2026-09-03T12:28:28Z,Lesotho,426,Export,World,26,"Ores, slag and ash",2021,125.816
2026-09-03T12:28:28Z,Lesotho,426,Export,World,88,"Aircraft, spacecraft and parts thereof",2021,229701.528
2026-09-03T12:28:28Z,Lesotho,426,Export,World,51,"Wool, fine or coarse animal hair; horsehair yarn and woven fabric",2021,47038573.119
2026-09-03T12:28:28Z,Lesotho,426,Export,World,92,Musical instruments; parts and accessories of such articles,2021,49.38
2026-09-03T12:28:28Z,Lesotho,426,Export,World,28,"Inorganic chemicals; organic and inorganic compounds of precious metals; of rare earth metals, of radio-active elements and of isotopes",2021,142.66
2026-09-03T12:28:28Z,Lesotho,426,Export,World,42,"Articles of leather; saddlery and harness; travel goods, handbags and similar containers; articles of animal gut (other than silk-worm gut)",2021,439784.208
2026-09-03T12:28:28Z,Lesotho,426,Export,World,10,Cereals,2021,104611.332
2026-09-03T12:28:28Z,Lesotho,426,Export,World,48,"Paper and paperboard; articles of paper pulp, of paper or paperboard",2021,4505479.907
2026-09-03T12:28:28Z,Lesotho,426,Export,World,61,Apparel and clothing accessories; knitted or crocheted,2021,282601597.431
2026-09-03T12:28:28Z,Lesotho,426,Export,World,05,Animal originated products; not elsewhere specified or included,2021,10476.251
2026-09-03T12:28:28Z,Lesotho,426,Export,World,94,"Furniture; bedding, mattresses, mattress supports, cushions and similar stuffed furnishings; lamps and lighting fittings, n.e.c.; illuminated signs, illuminated name-plates and the like; prefabricated buildings",2021,1019647.955
2026-09-03T12:28:28Z,Lesotho,426,Export,World,15,Animal or vegetable fats and oils and their cleavage products; prepared animal fats; animal or vegetable waxes,2021,676410.242
2026-09-03T12:28:28Z,Lesotho,426,Export,World,34,"Soap, organic surface-active agents; washing, lubricating, polishing or scouring preparations; artificial or prepared waxes, candles and similar articles, modelling pastes, dental waxes and dental preparations with a basis of plaster",2021,928793.168
2026-09-03T12:28:28Z,Lesotho,426,Export,World,11,"Products of the milling industry; malt, starches, inulin, wheat gluten",2021,7928742.511
2026-09-03T12:28:28Z,Lesotho,426,Export,World,62,Apparel and clothing accessories; not knitted or crocheted,2021,165790888.566
2026-09-03T12:28:28Z,Lesotho,426,Export,World,39,Plastics and articles thereof,2021,2035332.15
2026-09-03T12:28:28Z,Lesotho,426,Export,World,85,"Electrical machinery and equipment and parts thereof; sound recorders and reproducers; television image and sound recorders and reproducers, parts and accessories of such articles",2021,46877564.549
2026-09-03T12:28:28Z,Lesotho,426,Export,World,56,"Wadding, felt and nonwovens, special yarns; twine, cordage, ropes and cables and articles thereof",2021,41905.141
2026-09-03T12:28:28Z,Lesotho,426,Export,World,55,Man-made staple fibres,2021,1533901.654
2026-09-03T12:28:28Z,Lesotho,426,Export,World,75,Nickel and articles thereof,2021,53.776
2026-09-03T12:28:28Z,Lesotho,426,Export,World,84,"Nuclear reactors, boilers, machinery and mechanical appliances; parts thereof",2021,22432222.818
2026-09-03T12:28:28Z,Lesotho,426,Export,World,07,Vegetables and certain roots and tubers; edible,2021,48563.945
2026-09-03T12:28:28Z,Lesotho,426,Export,World,90,"Optical, photographic, cinematographic, measuring, checking, medical or surgical instruments and apparatus; parts and accessories",2021,595382.128
2026-09-03T12:28:28Z,Lesotho,426,Export,World,31,Fertilizers,2021,453.21
2026-09-03T12:28:28Z,Lesotho,426,Export,World,22,"Beverages, spirits and vinegar",2021,83031292.871
2026-09-03T12:28:28Z,Lesotho,426,Export,World,47,Pulp of wood or other fibrous cellulosic material; recovered (waste and scrap) paper or paperboard,2021,116486.987
2026-09-03T12:28:28Z,Lesotho,426,Export,World,49,"Printed books, newspapers, pictures and other products of the printing industry; manuscripts, typescripts and plans",2021,66320.168
2026-09-03T12:28:28Z,Lesotho,426,Export,World,74,Copper and articles thereof,2021,21830.783
2026-09-03T12:28:28Z,Lesotho,426,Export,World,52,Cotton,2021,32203299.393
2026-09-03T12:28:28Z,Lesotho,426,Export,World,57,Carpets and other textile floor coverings,2021,181.555
2026-09-03T12:28:28Z,Lesotho,426,Export,World,96,Miscellaneous manufactured articles,2021,382384.497
2026-09-03T12:28:28Z,Lesotho,426,Export,World,86,"Railway, tramway locomotives, rolling-stock and parts thereof; railway or tramway track fixtures and fittings and parts thereof; mechanical (including electro-mechanical) traffic signalling equipment of all kinds",2021,10380.401
2026-09-03T12:28:28Z,Lesotho,426,Export,World,24,Tobacco and manufactured tobacco substitutes,2021,13845.63
2026-09-03T12:28:28Z,Lesotho,426,Export,World,35,Albuminoidal substances; modified starches; glues; enzymes,2021,4079.43
2026-09-03T12:28:28Z,Lesotho,426,Export,World,25,"Salt; sulphur; earths, stone; plastering materials, lime and cement",2021,1506389.039
2026-09-03T12:28:28Z,Lesotho,426,Export,World,18,Cocoa and cocoa preparations,2021,7467.005
2026-09-03T12:28:28Z,Lesotho,426,Export,World,68,"Stone, plaster, cement, asbestos, mica or similar materials; articles thereof",2021,323100.785
2026-09-03T12:28:28Z,Lesotho,426,Export,World,82,"Tools, implements, cutlery, spoons and forks, of base metal; parts thereof, of base metal",2021,79079.718
2026-09-03T12:28:28Z,Lesotho,426,Export,World,60,Fabrics; knitted or crocheted,2021,1407918.905
2026-09-03T12:28:28Z,Lesotho,426,Export,World,20,"Preparations of vegetables, fruit, nuts or other parts of plants",2021,19033.396
2026-09-03T12:28:28Z,Lesotho,426,Export,World,30,Pharmaceutical products,2021,566095.298
2026-09-03T12:28:28Z,Lesotho,426,Export,World,83,Metal; miscellaneous products of base metal,2021,54606.112
2026-09-03T12:28:28Z,Lesotho,426,Export,World,01,Animals; live,2021,374892.531
2026-09-03T12:28:28Z,Lesotho,426,Export,World,41,Raw hides and skins (other than furskins) and leather,2021,64478.241
2026-09-03T12:28:28Z,Namibia,516,Export,World,31,Fertilizers,2021,1845089.199
2026-09-03T12:28:28Z,Namibia,516,Export,World,68,"Stone, plaster, cement, asbestos, mica or similar materials; articles thereof",2021,11461999.182
2026-09-03T12:28:28Z,Namibia,516,Export,World,13,"Lac; gums, resins and other vegetable saps and extracts",2021,331837.705
2026-09-03T12:28:28Z,Namibia,516,Export,World,92,Musical instruments; parts and accessories of such articles,2021,27078.423
2026-09-03T12:28:28Z,Namibia,516,Export,World,65,Headgear and parts thereof,2021,60023.288
2026-09-03T12:28:28Z,Namibia,516,Export,World,75,Nickel and articles thereof,2021,13162.032
2026-09-03T12:28:28Z,Namibia,516,Export,World,51,"Wool, fine or coarse animal hair; horsehair yarn and woven fabric",2021,63982.31
2026-09-03T12:28:28Z,Namibia,516,Export,World,97,Works of art; collectors' pieces and antiques,2021,3602487.458
2026-09-03T12:28:28Z,Namibia,516,Export,World,99,Commodities not specified according to kind,2021,7469134.087
2026-09-03T12:28:28Z,Namibia,516,Export,World,15,Animal or vegetable fats and oils and their cleavage products; prepared animal fats; animal or vegetable waxes,2021,2369096.385
2026-09-03T12:28:28Z,Namibia,516,Export,World,16,"Meat, fish or crustaceans, molluscs or other aquatic invertebrates; preparations thereof",2021,9392120.816
2026-09-03T12:28:28Z,Namibia,516,Export,World,01,Animals; live,2021,75399475.577
2026-09-03T12:28:28Z,Namibia,516,Export,World,79,Zinc and articles thereof,2021,345755.653
2026-09-03T12:28:28Z,Namibia,516,Export,World,02,Meat and edible meat offal,2021,60320408.955
2026-09-03T12:28:28Z,Namibia,516,Export,World,55,Man-made staple fibres,2021,8641.312
2026-09-03T12:28:28Z,Namibia,516,Export,World,35,Albuminoidal substances; modified starches; glues; enzymes,2021,221156.675
2026-09-03T12:28:28Z,Namibia,516,Export,World,45,Cork and articles of cork,2021,5254.498
2026-09-03T12:28:28Z,Namibia,516,Export,World,56,"Wadding, felt and nonwovens, special yarns; twine, cordage, ropes and cables and articles thereof",2021,1298723.09
2026-09-03T12:28:28Z,Namibia,516,Export,World,18,Cocoa and cocoa preparations,2021,121317.654
2026-09-03T12:28:28Z,Namibia,516,Export,World,21,Miscellaneous edible preparations,2021,1445977.728
2026-09-03T12:28:28Z,Namibia,516,Export,World,46,"Manufactures of straw, esparto or other plaiting materials; basketware and wickerwork",2021,16322.658
2026-09-03T12:28:28Z,Namibia,516,Export,World,24,Tobacco and manufactured tobacco substitutes,2021,1860122.275
2026-09-03T12:28:28Z,Namibia,516,Export,World,06,"Trees and other plants, live; bulbs, roots and the like; cut flowers and ornamental foliage",2021,12908.009
2026-09-03T12:28:28Z,Namibia,516,Export,World,64,Footwear; gaiters and the like; parts of such articles,2021,572236.184
2026-09-03T12:28:28Z,Namibia,516,Export,World,59,"Textile fabrics; impregnated, coated, covered or laminated; textile articles of a kind suitable for industrial use",2021,38338.212
2026-09-03T12:28:28Z,Namibia,516,Export,World,57,Carpets and other textile floor coverings,2021,25913.239
2026-09-03T12:28:28Z,Namibia,516,Export,World,72,Iron and steel,2021,35685046.427
2026-09-03T12:28:28Z,Namibia,516,Export,World,52,Cotton,2021,33557.307
2026-09-03T12:28:28Z,Namibia,516,Export,World,36,Explosives; pyrotechnic products; matches; pyrophoric alloys; certain combustible preparations,2021,32186.843
2026-09-03T12:28:28Z,Namibia,516,Export,World,05,Animal originated products; not elsewhere specified or included,2021,808428.921
2026-09-03T12:28:28Z,Namibia,516,Export,World,53,Vegetable textile fibres; paper yarn and woven fabrics of paper yarn,2021,119.233
2026-09-03T12:28:28Z,Namibia,516,Export,World,58,"Fabrics; special woven fabrics, tufted textile fabrics, lace, tapestries, trimmings, embroidery",2021,15382.59
2026-09-03T12:28:28Z,Namibia,516,Export,World,09,"Coffee, tea, mate and spices",2021,617697.938
2026-09-03T12:28:28Z,Namibia,516,Export,World,17,Sugars and sugar confectionery,2021,1500361.807
2026-09-03T12:28:28Z,Namibia,516,Export,World,88,"Aircraft, spacecraft and parts thereof",2021,8718113.861
2026-09-03T12:28:28Z,Namibia,516,Export,World,78,Lead and articles thereof,2021,5766.572
2026-09-03T12:28:28Z,Namibia,516,Export,World,29,Organic chemicals,2021,1394471.623
2026-09-03T12:28:28Z,Namibia,516,Export,World,19,"Preparations of cereals, flour, starch or milk; pastrycooks' products",2021,14709409.625
2026-09-03T12:28:28Z,Namibia,516,Export,World,93,Arms and ammunition; parts and accessories thereof,2021,371765.666
2026-09-03T12:28:28Z,Namibia,516,Export,World,66,"Umbrellas, sun umbrellas, walking-sticks, seat sticks, whips, riding crops; and parts thereof",2021,32756.183
2026-09-03T12:28:28Z,Namibia,516,Export,World,80,Tin; articles thereof,2021,280.227
2026-09-03T12:28:28Z,Namibia,516,Export,World,67,"Feathers and down, prepared; and articles made of feather or of down; artificial flowers; articles of human hair",2021,20272.643
2026-09-03T12:28:28Z,Namibia,516,Export,World,10,Cereals,2021,398651.295
2026-09-03T12:28:28Z,Namibia,516,Export,World,54,Man-made filaments; strip and the like of man-made textile materials,2021,89375.094
2026-09-03T12:28:28Z,Namibia,516,Export,World,89,"Ships, boats and floating structures",2021,459759.283
2026-09-03T12:28:28Z,Namibia,516,Export,World,41,Raw hides and skins (other than furskins) and leather,2021,11615989.752
2026-09-03T12:28:28Z,Namibia,516,Export,World,86,"Railway, tramway locomotives, rolling-stock and parts thereof; railway or tramway track fixtures and fittings and parts thereof; mechanical (including electro-mechanical) traffic signalling equipment of all kinds",2021,265393.203
2026-09-03T12:28:28Z,Namibia,516,Export,World,32,"Tanning or dyeing extracts; tannins and their derivatives; dyes, pigments and other colouring matter; paints, varnishes; putty, other mastics; inks",2021,672702.134
2026-09-03T12:28:28Z,Namibia,516,Export,World,14,Vegetable plaiting materials; vegetable products not elsewhere specified or included,2021,1154.984
2026-09-03T12:28:28Z,Namibia,516,Export,World,37,Photographic or cinematographic goods,2021,10169.09
2026-09-03T12:28:28Z,Namibia,516,Export,World,23,"Food industries, residues and wastes thereof; prepared animal fodder",2021,12337408.539
2026-09-03T12:28:28Z,Namibia,516,Export,World,08,"Fruit and nuts, edible; peel of citrus fruit or melons",2021,36211186.291
2026-09-03T12:28:28Z,Namibia,516,Export,World,69,Ceramic products,2021,192492.108
2026-09-03T12:28:28Z,Namibia,516,Export,World,60,Fabrics; knitted or crocheted,2021,1879.91
2026-09-03T12:28:28Z,Namibia,516,Export,World,33,"Essential oils and resinoids; perfumery, cosmetic or toilet preparations",2021,4060387.237
2026-09-03T12:28:28Z,Namibia,516,Export,World,12,"Oil seeds and oleaginous fruits; miscellaneous grains, seeds and fruit, industrial or medicinal plants; straw and fodder",2021,4872611.171
2026-09-03T12:28:28Z,Namibia,516,Export,World,87,"Vehicles; other than railway or tramway rolling stock, and parts and accessories thereof",2021,49946843.517
2026-09-03T12:28:28Z,Namibia,516,Export,World,34,"Soap, organic surface-active agents; washing, lubricating, polishing or scouring preparations; artificial or prepared waxes, candles and similar articles, modelling pastes, dental waxes and dental preparations with a basis of plaster",2021,6073382.518
2026-09-03T12:28:28Z,Namibia,516,Export,World,22,"Beverages, spirits and vinegar",2021,33582963.443
2026-09-03T12:28:28Z,Namibia,516,Export,World,76,Aluminium and articles thereof,2021,4154795.702
2026-09-03T12:28:28Z,Namibia,516,Export,World,70,Glass and glassware,2021,1642037.599
2026-09-03T12:28:28Z,Namibia,516,Export,World,20,"Preparations of vegetables, fruit, nuts or other parts of plants",2021,1170722.452
2026-09-03T12:28:28Z,Namibia,516,Export,World,42,"Articles of leather; saddlery and harness; travel goods, handbags and similar containers; articles of animal gut (other than silk-worm gut)",2021,112321.054
2026-09-03T12:28:28Z,Namibia,516,Export,World,71,"Natural, cultured pearls; precious, semi-precious stones; precious metals, metals clad with precious metal, and articles thereof; imitation jewellery; coin",2021,1665931332.449
2026-09-03T12:28:28Z,Namibia,516,Export,World,85,"Electrical machinery and equipment and parts thereof; sound recorders and reproducers; television image and sound recorders and reproducers, parts and accessories of such articles",2021,18224378.038
2026-09-03T12:28:28Z,Namibia,516,Export,World,61,Apparel and clothing accessories; knitted or crocheted,2021,776100.552
2026-09-03T12:28:28Z,Namibia,516,Export,World,90,"Optical, photographic, cinematographic, measuring, checking, medical or surgical instruments and apparatus; parts and accessories",2021,3910023.252
2026-09-03T12:28:28Z,Namibia,516,Export,World,81,"Metals; n.e.c., cermets and articles thereof",2021,6629545.872
2026-09-03T12:28:28Z,Namibia,516,Export,World,44,Wood and articles of wood; wood charcoal,2021,61439190.4
2026-09-03T12:28:28Z,Namibia,516,Export,World,49,"Printed books, newspapers, pictures and other products of the printing industry; manuscripts, typescripts and plans",2021,30019253.902
2026-09-03T12:28:28Z,Namibia,516,Export,World,43,Furskins and artificial fur; manufactures thereof,2021,537852.095
2026-09-03T12:28:28Z,Namibia,516,Export,World,30,Pharmaceutical products,2021,1712487.853
2026-09-03T12:28:28Z,Namibia,516,Export,World,39,Plastics and articles thereof,2021,34295663.86
2026-09-03T12:28:28Z,Namibia,516,Export,World,74,Copper and articles thereof,2021,236768027.144
2026-09-03T12:28:28Z,Namibia,516,Export,World,25,"Salt; sulphur; earths, stone; plastering materials, lime and cement",2021,87792709.627
2026-09-03T12:28:28Z,Namibia,516,Export,World,40,Rubber and articles thereof,2021,39310227.908
2026-09-03T12:28:28Z,Namibia,516,Export,World,63,"Textiles, made up articles; sets; worn clothing and worn textile articles; rags",2021,2589170.709
2026-09-03T12:28:28Z,Namibia,516,Export,World,83,Metal; miscellaneous products of base metal,2021,1370604.954
2026-09-03T12:28:28Z,Namibia,516,Export,World,84,"Nuclear reactors, boilers, machinery and mechanical appliances; parts thereof",2021,46997118.075
2026-09-03T12:28:28Z,Namibia,516,Export,World,82,"Tools, implements, cutlery, spoons and forks, of base metal; parts thereof, of base metal",2021,960687.281
2026-09-03T12:28:28Z,Namibia,516,Export,World,04,"Dairy produce; birds' eggs; natural honey; edible products of animal origin, not elsewhere specified or included",2021,4527748.253
2026-09-03T12:28:28Z,Namibia,516,Export,World,03,"Fish and crustaceans, molluscs and other aquatic invertebrates",2021,668910550.094
2026-09-03T12:28:28Z,Namibia,516,Export,World,11,"Products of the milling industry; malt, starches, inulin, wheat gluten",2021,3336923.266
2026-09-03T12:28:28Z,Namibia,516,Export,World,91,Clocks and watches and parts thereof,2021,80078.763
2026-09-03T12:28:28Z,Namibia,516,Export,World,96,Miscellaneous manufactured articles,2021,319286.831
2026-09-03T12:28:28Z,Namibia,516,Export,World,95,"Toys, games and sports requisites; parts and accessories thereof",2021,211669.805
2026-09-03T12:28:28Z,Namibia,516,Export,World,28,"Inorganic chemicals; organic and inorganic compounds of precious metals; of rare earth metals, of radio-active elements and of isotopes",2021,83125075.128
2026-09-03T12:28:28Z,Namibia,516,Export,World,07,Vegetables and certain roots and tubers; edible,2021,9081182.976
2026-09-03T12:28:28Z,Namibia,516,Export,World,73,Iron or steel articles,2021,12599399.916
2026-09-03T12:28:28Z,Namibia,516,Export,World,48,"Paper and paperboard; articles of paper pulp, of paper or paperboard",2021,1492605.347
2026-09-03T12:28:28Z,Namibia,516,Export,World,38,Chemical products n.e.c.,2021,21979582.912
2026-09-03T12:28:28Z,Namibia,516,Export,World,26,"Ores, slag and ash",2021,805021047.437
2026-09-03T12:28:28Z,Namibia,516,Export,World,62,Apparel and clothing accessories; not knitted or crocheted,2021,647702.51
2026-09-03T12:28:28Z,Namibia,516,Export,World,47,Pulp of wood or other fibrous cellulosic material; recovered (waste and scrap) paper or paperboard,2021,1670789.603
2026-09-03T12:28:28Z,Namibia,516,Export,World,94,"Furniture; bedding, mattresses, mattress supports, cushions and similar stuffed furnishings; lamps and lighting fittings, n.e.c.; illuminated signs, illuminated name-plates and the like; prefabricated buildings",2021,5444208.498
2026-09-03T12:28:28Z,Namibia,516,Export,World,50,Silk,2021,4579.645
2026-09-03T12:28:28Z,Namibia,516,Export,World,27,"Mineral fuels, mineral oils and products of their distillation; bituminous substances; mineral waxes",2021,149199518.436
2026-09-03T12:28:28Z,South Africa,710,Export,World,79,Zinc and articles thereof,2021,8671795.96
2026-09-03T12:28:28Z,South Africa,710,Export,World,70,Glass and glassware,2021,152896464.076
2026-09-03T12:28:28Z,South Africa,710,Export,World,72,Iron and steel,2021,6256880854.587
2026-09-03T12:28:28Z,South Africa,710,Export,World,26,"Ores, slag and ash",2021,18071554696.475
2026-09-03T12:28:28Z,South Africa,710,Export,World,27,"Mineral fuels, mineral oils and products of their distillation; bituminous substances; mineral waxes",2021,10512502104.551
2026-09-03T12:28:28Z,South Africa,710,Export,World,37,Photographic or cinematographic goods,2021,9392598.853
2026-09-03T12:28:28Z,South Africa,710,Export,World,39,Plastics and articles thereof,2021,1538333230.162
2026-09-03T12:28:28Z,South Africa,710,Export,World,97,Works of art; collectors' pieces and antiques,2021,71562952.518
2026-09-03T12:28:28Z,South Africa,710,Export,World,91,Clocks and watches and parts thereof,2021,34583668.36
2026-09-03T12:28:28Z,South Africa,710,Export,World,95,"Toys, games and sports requisites; parts and accessories thereof",2021,66672982.591
2026-09-03T12:28:28Z,South Africa,710,Export,World,74,Copper and articles thereof,2021,967947250.486
2026-09-03T12:28:28Z,South Africa,710,Export,World,75,Nickel and articles thereof,2021,652791960.759
2026-09-03T12:28:28Z,South Africa,710,Export,World,76,Aluminium and articles thereof,2021,2048368087.812
2026-09-03T12:28:28Z,South Africa,710,Export,World,81,"Metals; n.e.c., cermets and articles thereof",2021,127295564.819
2026-09-03T12:28:28Z,South Africa,710,Export,World,82,"Tools, implements, cutlery, spoons and forks, of base metal; parts thereof, of base metal",2021,188786452.306
2026-09-03T12:28:28Z,South Africa,710,Export,World,83,Metal; miscellaneous products of base metal,2021,136449808.391
2026-09-03T12:28:28Z,South Africa,710,Export,World,71,"Natural, cultured pearls; precious, semi-precious stones; precious metals, metals clad with precious metal, and articles thereof; imitation jewellery; coin",2021,33395468213.912
2026-09-03T12:28:28Z,South Africa,710,Export,World,73,Iron or steel articles,2021,1209686734.579
2026-09-03T12:28:28Z,South Africa,710,Export,World,28,"Inorganic chemicals; organic and inorganic compounds of precious metals; of rare earth metals, of radio-active elements and of isotopes",2021,1348119763.565
2026-09-03T12:28:28Z,South Africa,710,Export,World,29,Organic chemicals,2021,1306642607.401
2026-09-03T12:28:28Z,South Africa,710,Export,World,34,"Soap, organic surface-active agents; washing, lubricating, polishing or scouring preparations; artificial or prepared waxes, candles and similar articles, modelling pastes, dental waxes and dental preparations with a basis of plaster",2021,515806830.881
2026-09-03T12:28:28Z,South Africa,710,Export,World,35,Albuminoidal substances; modified starches; glues; enzymes,2021,87075574.062
2026-09-03T12:28:28Z,South Africa,710,Export,World,38,Chemical products n.e.c.,2021,2098395101.291
2026-09-03T12:28:28Z,South Africa,710,Export,World,92,Musical instruments; parts and accessories of such articles,2021,2364536.497
2026-09-03T12:28:28Z,South Africa,710,Export,World,93,Arms and ammunition; parts and accessories thereof,2021,128899588.58
2026-09-03T12:28:28Z,South Africa,710,Export,World,94,"Furniture; bedding, mattresses, mattress supports, cushions and similar stuffed furnishings; lamps and lighting fittings, n.e.c.; illuminated signs, illuminated name-plates and the like; prefabricated buildings",2021,306566049.256
2026-09-03T12:28:28Z,South Africa,710,Export,World,84,"Nuclear reactors, boilers, machinery and mechanical appliances; parts thereof",2021,6620541831.212
2026-09-03T12:28:28Z,South Africa,710,Export,World,99,Commodities not specified according to kind,2021,79583498.152
2026-09-03T12:28:28Z,South Africa,710,Export,World,78,Lead and articles thereof,2021,31755502.173
2026-09-03T12:28:28Z,South Africa,710,Export,World,80,Tin; articles thereof,2021,1646408.201
2026-09-03T12:28:28Z,South Africa,710,Export,World,36,Explosives; pyrotechnic products; matches; pyrophoric alloys; certain combustible preparations,2021,124630206.021
2026-09-03T12:28:28Z,South Africa,710,Export,World,41,Raw hides and skins (other than furskins) and leather,2021,190477100.322
2026-09-03T12:28:28Z,South Africa,710,Export,World,46,"Manufactures of straw, esparto or other plaiting materials; basketware and wickerwork",2021,4031386.986
2026-09-03T12:28:28Z,South Africa,710,Export,World,11,"Products of the milling industry; malt, starches, inulin, wheat gluten",2021,219535879.66
2026-09-03T12:28:28Z,South Africa,710,Export,World,14,Vegetable plaiting materials; vegetable products not elsewhere specified or included,2021,20673960.327
2026-09-03T12:28:28Z,South Africa,710,Export,World,65,Headgear and parts thereof,2021,17774087.186
2026-09-03T12:28:28Z,South Africa,710,Export,World,66,"Umbrellas, sun umbrellas, walking-sticks, seat sticks, whips, riding crops; and parts thereof",2021,8223607.367
2026-09-03T12:28:28Z,South Africa,710,Export,World,67,"Feathers and down, prepared; and articles made of feather or of down; artificial flowers; articles of human hair",2021,29845684.826
2026-09-03T12:28:28Z,South Africa,710,Export,World,68,"Stone, plaster, cement, asbestos, mica or similar materials; articles thereof",2021,151640529.091
2026-09-03T12:28:28Z,South Africa,710,Export,World,69,Ceramic products,2021,182190258.545
2026-09-03T12:28:28Z,South Africa,710,Export,World,63,"Textiles, made up articles; sets; worn clothing and worn textile articles; rags",2021,169074502.572
2026-09-03T12:28:28Z,South Africa,710,Export,World,43,Furskins and artificial fur; manufactures thereof,2021,2675323.628
2026-09-03T12:28:28Z,South Africa,710,Export,World,47,Pulp of wood or other fibrous cellulosic material; recovered (waste and scrap) paper or paperboard,2021,845582408.697
2026-09-03T12:28:28Z,South Africa,710,Export,World,48,"Paper and paperboard; articles of paper pulp, of paper or paperboard",2021,587701427.604
2026-09-03T12:28:28Z,South Africa,710,Export,World,09,"Coffee, tea, mate and spices",2021,133721713.671
2026-09-03T12:28:28Z,South Africa,710,Export,World,12,"Oil seeds and oleaginous fruits; miscellaneous grains, seeds and fruit, industrial or medicinal plants; straw and fodder",2021,300256337.34
2026-09-03T12:28:28Z,South Africa,710,Export,World,13,"Lac; gums, resins and other vegetable saps and extracts",2021,15383716.715
2026-09-03T12:28:28Z,South Africa,710,Export,World,16,"Meat, fish or crustaceans, molluscs or other aquatic invertebrates; preparations thereof",2021,132029145.929
2026-09-03T12:28:28Z,South Africa,710,Export,World,17,Sugars and sugar confectionery,2021,387669547.89
2026-09-03T12:28:28Z,South Africa,710,Export,World,18,Cocoa and cocoa preparations,2021,84247031.252
2026-09-03T12:28:28Z,South Africa,710,Export,World,19,"Preparations of cereals, flour, starch or milk; pastrycooks' products",2021,298006621.734
2026-09-03T12:28:28Z,South Africa,710,Export,World,88,"Aircraft, spacecraft and parts thereof",2021,320439279.465
2026-09-03T12:28:28Z,South Africa,710,Export,World,40,Rubber and articles thereof,2021,453629312.164
2026-09-03T12:28:28Z,South Africa,710,Export,World,64,Footwear; gaiters and the like; parts of such articles,2021,164630218.512
2026-09-03T12:28:28Z,South Africa,710,Export,World,62,Apparel and clothing accessories; not knitted or crocheted,2021,218935057.051
2026-09-03T12:28:28Z,South Africa,710,Export,World,89,"Ships, boats and floating structures",2021,224979552.758
2026-09-03T12:28:28Z,South Africa,710,Export,World,90,"Optical, photographic, cinematographic, measuring, checking, medical or surgical instruments and apparatus; parts and accessories",2021,574396702.634
2026-09-03T12:28:28Z,South Africa,710,Export,World,86,"Railway, tramway locomotives, rolling-stock and parts thereof; railway or tramway track fixtures and fittings and parts thereof; mechanical (including electro-mechanical) traffic signalling equipment of all kinds",2021,166831363.468
2026-09-03T12:28:28Z,South Africa,710,Export,World,87,"Vehicles; other than railway or tramway rolling stock, and parts and accessories thereof",2021,10633949580.267
2026-09-03T12:28:28Z,South Africa,710,Export,World,42,"Articles of leather; saddlery and harness; travel goods, handbags and similar containers; articles of animal gut (other than silk-worm gut)",2021,50941105.917
2026-09-03T12:28:28Z,South Africa,710,Export,World,44,Wood and articles of wood; wood charcoal,2021,590524823.27
2026-09-03T12:28:28Z,South Africa,710,Export,World,45,Cork and articles of cork,2021,578759.404
2026-09-03T12:28:28Z,South Africa,710,Export,World,10,Cereals,2021,1000464493.448
2026-09-03T12:28:28Z,South Africa,710,Export,World,15,Animal or vegetable fats and oils and their cleavage products; prepared animal fats; animal or vegetable waxes,2021,375845546.953
2026-09-03T12:28:28Z,South Africa,710,Export,World,96,Miscellaneous manufactured articles,2021,170874953.304
2026-09-03T12:28:28Z,South Africa,710,Export,World,52,Cotton,2021,69104142.096
2026-09-03T12:28:28Z,South Africa,710,Export,World,21,Miscellaneous edible preparations,2021,527960577.545
2026-09-03T12:28:28Z,South Africa,710,Export,World,23,"Food industries, residues and wastes thereof; prepared animal fodder",2021,356637328.534
2026-09-03T12:28:28Z,South Africa,710,Export,World,57,Carpets and other textile floor coverings,2021,29607616.445
2026-09-03T12:28:28Z,South Africa,710,Export,World,61,Apparel and clothing accessories; knitted or crocheted,2021,215892966.388
2026-09-03T12:28:28Z,South Africa,710,Export,World,85,"Electrical machinery and equipment and parts thereof; sound recorders and reproducers; television image and sound recorders and reproducers, parts and accessories of such articles",2021,1695136486.522
2026-09-03T12:28:28Z,South Africa,710,Export,World,01,Animals; live,2021,67769161.273
2026-09-03T12:28:28Z,South Africa,710,Export,World,06,"Trees and other plants, live; bulbs, roots and the like; cut flowers and ornamental foliage",2021,120390648.253
2026-09-03T12:28:28Z,South Africa,710,Export,World,59,"Textile fabrics; impregnated, coated, covered or laminated; textile articles of a kind suitable for industrial use",2021,28239483.604
2026-09-03T12:28:28Z,South Africa,710,Export,World,30,Pharmaceutical products,2021,747549343.802
2026-09-03T12:28:28Z,South Africa,710,Export,World,31,Fertilizers,2021,413524131.268
2026-09-03T12:28:28Z,South Africa,710,Export,World,32,"Tanning or dyeing extracts; tannins and their derivatives; dyes, pigments and other colouring matter; paints, varnishes; putty, other mastics; inks",2021,333777001.297
2026-09-03T12:28:28Z,South Africa,710,Export,World,33,"Essential oils and resinoids; perfumery, cosmetic or toilet preparations",2021,663635825.868
2026-09-03T12:28:28Z,South Africa,710,Export,World,49,"Printed books, newspapers, pictures and other products of the printing industry; manuscripts, typescripts and plans",2021,66831274.69
2026-09-03T12:28:28Z,South Africa,710,Export,World,50,Silk,2021,2554580.488
2026-09-03T12:28:28Z,South Africa,710,Export,World,51,"Wool, fine or coarse animal hair; horsehair yarn and woven fabric",2021,427521176.475
2026-09-03T12:28:28Z,South Africa,710,Export,World,55,Man-made staple fibres,2021,93937403.284
2026-09-03T12:28:28Z,South Africa,710,Export,World,20,"Preparations of vegetables, fruit, nuts or other parts of plants",2021,669755384.851
2026-09-03T12:28:28Z,South Africa,710,Export,World,22,"Beverages, spirits and vinegar",2021,1396119724.788
2026-09-03T12:28:28Z,South Africa,710,Export,World,25,"Salt; sulphur; earths, stone; plastering materials, lime and cement",2021,517078184.092
2026-09-03T12:28:28Z,South Africa,710,Export,World,56,"Wadding, felt and nonwovens, special yarns; twine, cordage, ropes and cables and articles thereof",2021,62438134.852
2026-09-03T12:28:28Z,South Africa,710,Export,World,58,"Fabrics; special woven fabrics, tufted textile fabrics, lace, tapestries, trimmings, embroidery",2021,32739708.324
2026-09-03T12:28:28Z,South Africa,710,Export,World,02,Meat and edible meat offal,2021,304191591.236
2026-09-03T12:28:28Z,South Africa,710,Export,World,03,"Fish and crustaceans, molluscs and other aquatic invertebrates",2021,531529793.022
2026-09-03T12:28:28Z,South Africa,710,Export,World,04,"Dairy produce; birds' eggs; natural honey; edible products of animal origin, not elsewhere specified or included",2021,260501975.369
2026-09-03T12:28:28Z,South Africa,710,Export,World,05,Animal originated products; not elsewhere specified or included,2021,18255298.895
2026-09-03T12:28:28Z,South Africa,710,Export,World,07,Vegetables and certain roots and tubers; edible,2021,224376191.83
2026-09-03T12:28:28Z,South Africa,710,Export,World,08,"Fruit and nuts, edible; peel of citrus fruit or melons",2021,4374556509.264
2026-09-03T12:28:28Z,South Africa,710,Export,World,53,Vegetable textile fibres; paper yarn and woven fabrics of paper yarn,2021,2200436.571
2026-09-03T12:28:28Z,South Africa,710,Export,World,54,Man-made filaments; strip and the like of man-made textile materials,2021,38642906.144
2026-09-03T12:28:28Z,South Africa,710,Export,World,24,Tobacco and manufactured tobacco substitutes,2021,178872794.202
2026-09-03T12:28:28Z,South Africa,710,Export,World,60,Fabrics; knitted or crocheted,2021,20317125.844
2026-09-03T12:28:28Z,Eswatini,748,Export,World,03,"Fish and crustaceans, molluscs and other aquatic invertebrates",2021,4044.06
2026-09-03T12:28:28Z,Eswatini,748,Export,World,15,Animal or vegetable fats and oils and their cleavage products; prepared animal fats; animal or vegetable waxes,2021,196217.78
2026-09-03T12:28:28Z,Eswatini,748,Export,World,25,"Salt; sulphur; earths, stone; plastering materials, lime and cement",2021,6580.99
2026-09-03T12:28:28Z,Eswatini,748,Export,World,35,Albuminoidal substances; modified starches; glues; enzymes,2021,1939361.52
2026-09-03T12:28:28Z,Eswatini,748,Export,World,63,"Textiles, made up articles; sets; worn clothing and worn textile articles; rags",2021,18644811.3
2026-09-03T12:28:28Z,Eswatini,748,Export,World,84,"Nuclear reactors, boilers, machinery and mechanical appliances; parts thereof",2021,26582117.88
2026-09-03T12:28:28Z,Eswatini,748,Export,World,41,Raw hides and skins (other than furskins) and leather,2021,132275.09
2026-09-03T12:28:28Z,Eswatini,748,Export,World,56,"Wadding, felt and nonwovens, special yarns; twine, cordage, ropes and cables and articles thereof",2021,16975.27
2026-09-03T12:28:28Z,Eswatini,748,Export,World,54,Man-made filaments; strip and the like of man-made textile materials,2021,1704585.52
2026-09-03T12:28:28Z,Eswatini,748,Export,World,85,"Electrical machinery and equipment and parts thereof; sound recorders and reproducers; television image and sound recorders and reproducers, parts and accessories of such articles",2021,895749.29
2026-09-03T12:28:28Z,Eswatini,748,Export,World,08,"Fruit and nuts, edible; peel of citrus fruit or melons",2021,16097347.15
2026-09-03T12:28:28Z,Eswatini,748,Export,World,29,Organic chemicals,2021,22693224.01
2026-09-03T12:28:28Z,Eswatini,748,Export,World,40,Rubber and articles thereof,2021,963407.62
2026-09-03T12:28:28Z,Eswatini,748,Export,World,66,"Umbrellas, sun umbrellas, walking-sticks, seat sticks, whips, riding crops; and parts thereof",2021,250.15
2026-09-03T12:28:28Z,Eswatini,748,Export,World,68,"Stone, plaster, cement, asbestos, mica or similar materials; articles thereof",2021,273369.34
2026-09-03T12:28:28Z,Eswatini,748,Export,World,73,Iron or steel articles,2021,1299634.3
2026-09-03T12:28:28Z,Eswatini,748,Export,World,97,Works of art; collectors' pieces and antiques,2021,12747.07
2026-09-03T12:28:28Z,Eswatini,748,Export,World,20,"Preparations of vegetables, fruit, nuts or other parts of plants",2021,38462357.19
2026-09-03T12:28:28Z,Eswatini,748,Export,World,23,"Food industries, residues and wastes thereof; prepared animal fodder",2021,20017473.29
2026-09-03T12:28:28Z,Eswatini,748,Export,World,59,"Textile fabrics; impregnated, coated, covered or laminated; textile articles of a kind suitable for industrial use",2021,771956.27
2026-09-03T12:28:28Z,Eswatini,748,Export,World,60,Fabrics; knitted or crocheted,2021,16122620.15
2026-09-03T12:28:28Z,Eswatini,748,Export,World,74,Copper and articles thereof,2021,1219300.38
2026-09-03T12:28:28Z,Eswatini,748,Export,World,95,"Toys, games and sports requisites; parts and accessories thereof",2021,12427.9
2026-09-03T12:28:28Z,Eswatini,748,Export,World,21,Miscellaneous edible preparations,2021,5084069.62
2026-09-03T12:28:28Z,Eswatini,748,Export,World,22,"Beverages, spirits and vinegar",2021,49373816.07
2026-09-03T12:28:28Z,Eswatini,748,Export,World,31,Fertilizers,2021,653158.32
2026-09-03T12:28:28Z,Eswatini,748,Export,World,33,"Essential oils and resinoids; perfumery, cosmetic or toilet preparations",2021,621315331.58
2026-09-03T12:28:28Z,Eswatini,748,Export,World,64,Footwear; gaiters and the like; parts of such articles,2021,119348.69
2026-09-03T12:28:28Z,Eswatini,748,Export,World,82,"Tools, implements, cutlery, spoons and forks, of base metal; parts thereof, of base metal",2021,94177.14
2026-09-03T12:28:28Z,Eswatini,748,Export,World,51,"Wool, fine or coarse animal hair; horsehair yarn and woven fabric",2021,1296.02
2026-09-03T12:28:28Z,Eswatini,748,Export,World,05,Animal originated products; not elsewhere specified or included,2021,10.53
2026-09-03T12:28:28Z,Eswatini,748,Export,World,16,"Meat, fish or crustaceans, molluscs or other aquatic invertebrates; preparations thereof",2021,7218.7
2026-09-03T12:28:28Z,Eswatini,748,Export,World,26,"Ores, slag and ash",2021,36.36
2026-09-03T12:28:28Z,Eswatini,748,Export,World,47,Pulp of wood or other fibrous cellulosic material; recovered (waste and scrap) paper or paperboard,2021,581608.03
2026-09-03T12:28:28Z,Eswatini,748,Export,World,52,Cotton,2021,837234.6
2026-09-03T12:28:28Z,Eswatini,748,Export,World,61,Apparel and clothing accessories; knitted or crocheted,2021,73428089.83
2026-09-03T12:28:28Z,Eswatini,748,Export,World,67,"Feathers and down, prepared; and articles made of feather or of down; artificial flowers; articles of human hair",2021,187.18
2026-09-03T12:28:28Z,Eswatini,748,Export,World,76,Aluminium and articles thereof,2021,240671.33
2026-09-03T12:28:28Z,Eswatini,748,Export,World,88,"Aircraft, spacecraft and parts thereof",2021,50.73
2026-09-03T12:28:28Z,Eswatini,748,Export,World,96,Miscellaneous manufactured articles,2021,12585185.88
2026-09-03T12:28:28Z,Eswatini,748,Export,World,57,Carpets and other textile floor coverings,2021,148053.06
2026-09-03T12:28:28Z,Eswatini,748,Export,World,87,"Vehicles; other than railway or tramway rolling stock, and parts and accessories thereof",2021,5007499.63
2026-09-03T12:28:28Z,Eswatini,748,Export,World,02,Meat and edible meat offal,2021,4950777.17
2026-09-03T12:28:28Z,Eswatini,748,Export,World,46,"Manufactures of straw, esparto or other plaiting materials; basketware and wickerwork",2021,505114.02
2026-09-03T12:28:28Z,Eswatini,748,Export,World,90,"Optical, photographic, cinematographic, measuring, checking, medical or surgical instruments and apparatus; parts and accessories",2021,543253.27
2026-09-03T12:28:28Z,Eswatini,748,Export,World,01,Animals; live,2021,936395.9
2026-09-03T12:28:28Z,Eswatini,748,Export,World,04,"Dairy produce; birds' eggs; natural honey; edible products of animal origin, not elsewhere specified or included",2021,1137253.18
2026-09-03T12:28:28Z,Eswatini,748,Export,World,06,"Trees and other plants, live; bulbs, roots and the like; cut flowers and ornamental foliage",2021,5823.17
2026-09-03T12:28:28Z,Eswatini,748,Export,World,28,"Inorganic chemicals; organic and inorganic compounds of precious metals; of rare earth metals, of radio-active elements and of isotopes",2021,5962999.82
2026-09-03T12:28:28Z,Eswatini,748,Export,World,37,Photographic or cinematographic goods,2021,1859.3
2026-09-03T12:28:28Z,Eswatini,748,Export,World,42,"Articles of leather; saddlery and harness; travel goods, handbags and similar containers; articles of animal gut (other than silk-worm gut)",2021,57106.32
2026-09-03T12:28:28Z,Eswatini,748,Export,World,44,Wood and articles of wood; wood charcoal,2021,142246629.25
2026-09-03T12:28:28Z,Eswatini,748,Export,World,70,Glass and glassware,2021,1097770.78
2026-09-03T12:28:28Z,Eswatini,748,Export,World,86,"Railway, tramway locomotives, rolling-stock and parts thereof; railway or tramway track fixtures and fittings and parts thereof; mechanical (including electro-mechanical) traffic signalling equipment of all kinds",2021,175179.04
2026-09-03T12:28:28Z,Eswatini,748,Export,World,14,Vegetable plaiting materials; vegetable products not elsewhere specified or included,2021,518509.05
2026-09-03T12:28:28Z,Eswatini,748,Export,World,50,Silk,2021,1586.28
2026-09-03T12:28:28Z,Eswatini,748,Export,World,13,"Lac; gums, resins and other vegetable saps and extracts",2021,1119778.58
2026-09-03T12:28:28Z,Eswatini,748,Export,World,19,"Preparations of cereals, flour, starch or milk; pastrycooks' products",2021,28947297.66
2026-09-03T12:28:28Z,Eswatini,748,Export,World,32,"Tanning or dyeing extracts; tannins and their derivatives; dyes, pigments and other colouring matter; paints, varnishes; putty, other mastics; inks",2021,3401710.43
2026-09-03T12:28:28Z,Eswatini,748,Export,World,65,Headgear and parts thereof,2021,140307.48
2026-09-03T12:28:28Z,Eswatini,748,Export,World,83,Metal; miscellaneous products of base metal,2021,247053.96
2026-09-03T12:28:28Z,Eswatini,748,Export,World,89,"Ships, boats and floating structures",2021,248338.93
2026-09-03T12:28:28Z,Eswatini,748,Export,World,91,Clocks and watches and parts thereof,2021,1973.22
2026-09-03T12:28:28Z,Eswatini,748,Export,World,27,"Mineral fuels, mineral oils and products of their distillation; bituminous substances; mineral waxes",2021,24423779.89
2026-09-03T12:28:28Z,Eswatini,748,Export,World,38,Chemical products n.e.c.,2021,267116158.76
2026-09-03T12:28:28Z,Eswatini,748,Export,World,09,"Coffee, tea, mate and spices",2021,116436.83
2026-09-03T12:28:28Z,Eswatini,748,Export,World,92,Musical instruments; parts and accessories of such articles,2021,628.78
2026-09-03T12:28:28Z,Eswatini,748,Export,World,53,Vegetable textile fibres; paper yarn and woven fabrics of paper yarn,2021,12299.78
2026-09-03T12:28:28Z,Eswatini,748,Export,World,94,"Furniture; bedding, mattresses, mattress supports, cushions and similar stuffed furnishings; lamps and lighting fittings, n.e.c.; illuminated signs, illuminated name-plates and the like; prefabricated buildings",2021,144392.43
2026-09-03T12:28:28Z,Eswatini,748,Export,World,12,"Oil seeds and oleaginous fruits; miscellaneous grains, seeds and fruit, industrial or medicinal plants; straw and fodder",2021,100341.78
2026-09-03T12:28:28Z,Eswatini,748,Export,World,55,Man-made staple fibres,2021,52300.13
2026-09-03T12:28:28Z,Eswatini,748,Export,World,34,"Soap, organic surface-active agents; washing, lubricating, polishing or scouring preparations; artificial or prepared waxes, candles and similar articles, modelling pastes, dental waxes and dental preparations with a basis of plaster",2021,802387.72
2026-09-03T12:28:28Z,Eswatini,748,Export,World,39,Plastics and articles thereof,2021,7634618.13
2026-09-03T12:28:28Z,Eswatini,748,Export,World,62,Apparel and clothing accessories; not knitted or crocheted,2021,149793922.14
2026-09-03T12:28:28Z,Eswatini,748,Export,World,80,Tin; articles thereof,2021,686.56
2026-09-03T12:28:28Z,Eswatini,748,Export,World,10,Cereals,2021,185132.11
2026-09-03T12:28:28Z,Eswatini,748,Export,World,17,Sugars and sugar confectionery,2021,469374135.44
2026-09-03T12:28:28Z,Eswatini,748,Export,World,48,"Paper and paperboard; articles of paper pulp, of paper or paperboard",2021,3383414.47
2026-09-03T12:28:28Z,Eswatini,748,Export,World,69,Ceramic products,2021,14311.71
2026-09-03T12:28:28Z,Eswatini,748,Export,World,72,Iron and steel,2021,3963688.74
2026-09-03T12:28:28Z,Eswatini,748,Export,World,30,Pharmaceutical products,2021,446464.09
2026-09-03T12:28:28Z,Eswatini,748,Export,World,49,"Printed books, newspapers, pictures and other products of the printing industry; manuscripts, typescripts and plans",2021,6955037.37
2026-09-03T12:28:28Z,Eswatini,748,Export,World,58,"Fabrics; special woven fabrics, tufted textile fabrics, lace, tapestries, trimmings, embroidery",2021,526924.29
2026-09-03T12:28:28Z,Eswatini,748,Export,World,71,"Natural, cultured pearls; precious, semi-precious stones; precious metals, metals clad with precious metal, and articles thereof; imitation jewellery; coin",2021,77373.21
2026-09-03T12:28:28Z,Eswatini,748,Export,World,79,Zinc and articles thereof,2021,4983.37
2026-09-03T12:28:28Z,Eswatini,748,Export,World,99,Commodities not specified according to kind,2021,718096.82
2026-09-03T12:28:28Z,Eswatini,748,Export,World,07,Vegetables and certain roots and tubers; edible,2021,702880.86
2026-09-03T12:28:28Z,Eswatini,748,Export,World,11,"Products of the milling industry; malt, starches, inulin, wheat gluten",2021,783559.06
2026-09-03T12:28:28Z,Eswatini,748,Export,World,18,Cocoa and cocoa preparations,2021,1342262.31
2026-09-03T12:28:28Z,Botswana,72,Export,World,57,Carpets and other textile floor coverings,2022,10812.62
2026-09-03T12:28:28Z,Botswana,72,Export,World,74,Copper and articles thereof,2022,7300776.482
2026-09-03T12:28:28Z,Botswana,72,Export,World,48,"Paper and paperboard; articles of paper pulp, of paper or paperboard",2022,2929046.268
2026-09-03T12:28:28Z,Botswana,72,Export,World,04,"Dairy produce; birds' eggs; natural honey; edible products of animal origin, not elsewhere specified or included",2022,120222.893
2026-09-03T12:28:28Z,Botswana,72,Export,World,91,Clocks and watches and parts thereof,2022,24799.522
2026-09-03T12:28:28Z,Botswana,72,Export,World,01,Animals; live,2022,98032189.958
2026-09-03T12:28:28Z,Botswana,72,Export,World,44,Wood and articles of wood; wood charcoal,2022,1542925.695
2026-09-03T12:28:28Z,Botswana,72,Export,World,07,Vegetables and certain roots and tubers; edible,2022,12330513.185
2026-09-03T12:28:28Z,Botswana,72,Export,World,32,"Tanning or dyeing extracts; tannins and their derivatives; dyes, pigments and other colouring matter; paints, varnishes; putty, other mastics; inks",2022,747872.311
2026-09-03T12:28:28Z,Botswana,72,Export,World,08,"Fruit and nuts, edible; peel of citrus fruit or melons",2022,36679.061
2026-09-03T12:28:28Z,Botswana,72,Export,World,25,"Salt; sulphur; earths, stone; plastering materials, lime and cement",2022,25525522.028
2026-09-03T12:28:28Z,Botswana,72,Export,World,28,"Inorganic chemicals; organic and inorganic compounds of precious metals; of rare earth metals, of radio-active elements and of isotopes",2022,56513680.039
2026-09-03T12:28:28Z,Botswana,72,Export,World,14,Vegetable plaiting materials; vegetable products not elsewhere specified or included,2022,5.804
2026-09-03T12:28:28Z,Botswana,72,Export,World,90,"Optical, photographic, cinematographic, measuring, checking, medical or surgical instruments and apparatus; parts and accessories",2022,4884524.467
2026-09-03T12:28:28Z,Botswana,72,Export,World,95,"Toys, games and sports requisites; parts and accessories thereof",2022,58836.685
2026-09-03T12:28:28Z,Botswana,72,Export,World,99,Commodities not specified according to kind,2022,2494218.54
2026-09-03T12:28:28Z,Botswana,72,Export,World,82,"Tools, implements, cutlery, spoons and forks, of base metal; parts thereof, of base metal",2022,2079414.872
2026-09-03T12:28:28Z,Botswana,72,Export,World,62,Apparel and clothing accessories; not knitted or crocheted,2022,3668743.371
2026-09-03T12:28:28Z,Botswana,72,Export,World,19,"Preparations of cereals, flour, starch or milk; pastrycooks' products",2022,1391450.994
2026-09-03T12:28:28Z,Botswana,72,Export,World,83,Metal; miscellaneous products of base metal,2022,183505.194
2026-09-03T12:28:28Z,Botswana,72,Export,World,59,"Textile fabrics; impregnated, coated, covered or laminated; textile articles of a kind suitable for industrial use",2022,56224.449
2026-09-03T12:28:28Z,Botswana,72,Export,World,39,Plastics and articles thereof,2022,29437208.434
2026-09-03T12:28:28Z,Botswana,72,Export,World,02,Meat and edible meat offal,2022,11317388.097
2026-09-03T12:28:28Z,Botswana,72,Export,World,42,"Articles of leather; saddlery and harness; travel goods, handbags and similar containers; articles of animal gut (other than silk-worm gut)",2022,1369210.802
2026-09-03T12:28:28Z,Botswana,72,Export,World,86,"Railway, tramway locomotives, rolling-stock and parts thereof; railway or tramway track fixtures and fittings and parts thereof; mechanical (including electro-mechanical) traffic signalling equipment of all kinds",2022,721353.697
2026-09-03T12:28:28Z,Botswana,72,Export,World,52,Cotton,2022,75614.271
2026-09-03T12:28:28Z,Botswana,72,Export,World,65,Headgear and parts thereof,2022,96510.788
2026-09-03T12:28:28Z,Botswana,72,Export,World,66,"Umbrellas, sun umbrellas, walking-sticks, seat sticks, whips, riding crops; and parts thereof",2022,386.205
2026-09-03T12:28:28Z,Botswana,72,Export,World,96,Miscellaneous manufactured articles,2022,217723.436
2026-09-03T12:28:28Z,Botswana,72,Export,World,87,"Vehicles; other than railway or tramway rolling stock, and parts and accessories thereof",2022,34000393.093
2026-09-03T12:28:28Z,Botswana,72,Export,World,20,"Preparations of vegetables, fruit, nuts or other parts of plants",2022,946784.22
2026-09-03T12:28:28Z,Botswana,72,Export,World,68,"Stone, plaster, cement, asbestos, mica or similar materials; articles thereof",2022,6493106.402
2026-09-03T12:28:28Z,Botswana,72,Export,World,38,Chemical products n.e.c.,2022,773515.016
2026-09-03T12:28:28Z,Botswana,72,Export,World,35,Albuminoidal substances; modified starches; glues; enzymes,2022,74270.051
2026-09-03T12:28:28Z,Botswana,72,Export,World,41,Raw hides and skins (other than furskins) and leather,2022,1764432.196
2026-09-03T12:28:28Z,Botswana,72,Export,World,70,Glass and glassware,2022,564013.571
2026-09-03T12:28:28Z,Botswana,72,Export,World,10,Cereals,2022,1903579.352
2026-09-03T12:28:28Z,Botswana,72,Export,World,97,Works of art; collectors' pieces and antiques,2022,48228.7
2026-09-03T12:28:28Z,Botswana,72,Export,World,76,Aluminium and articles thereof,2022,4316137.715
2026-09-03T12:28:28Z,Botswana,72,Export,World,30,Pharmaceutical products,2022,21275571.999
2026-09-03T12:28:28Z,Botswana,72,Export,World,88,"Aircraft, spacecraft, and parts thereof",2022,16497824.626
2026-09-03T12:28:28Z,Botswana,72,Export,World,47,Pulp of wood or other fibrous cellulosic material; recovered (waste and scrap) paper or paperboard,2022,1260205.167
2026-09-03T12:28:28Z,Botswana,72,Export,World,05,Animal originated products; not elsewhere specified or included,2022,71478.162
2026-09-03T12:28:28Z,Botswana,72,Export,World,11,"Products of the milling industry; malt, starches, inulin, wheat gluten",2022,4074074.53
2026-09-03T12:28:28Z,Botswana,72,Export,World,12,"Oil seeds and oleaginous fruits; miscellaneous grains, seeds and fruit, industrial or medicinal plants; straw and fodder",2022,4606230.307
2026-09-03T12:28:28Z,Botswana,72,Export,World,40,Rubber and articles thereof,2022,990317.432
2026-09-03T12:28:28Z,Botswana,72,Export,World,06,"Trees and other plants, live; bulbs, roots and the like; cut flowers and ornamental foliage",2022,212296.392
2026-09-03T12:28:28Z,Botswana,72,Export,World,29,Organic chemicals,2022,109877.833
2026-09-03T12:28:28Z,Botswana,72,Export,World,46,"Manufactures of straw, esparto or other plaiting materials; basketware and wickerwork",2022,30473.045
2026-09-03T12:28:28Z,Botswana,72,Export,World,60,Fabrics; knitted or crocheted,2022,184640.941
2026-09-03T12:28:28Z,Botswana,72,Export,World,71,"Natural, cultured pearls; precious, semi-precious stones; precious metals, metals clad with precious metal, and articles thereof; imitation jewellery; coin",2022,7372566805.657
2026-09-03T12:28:28Z,Botswana,72,Export,World,93,Arms and ammunition; parts and accessories thereof,2022,17111.369
2026-09-03T12:28:28Z,Botswana,72,Export,World,16,"Meat, fish, crustaceans, molluscs or other aquatic invertebrates, or insects; preparations thereof",2022,39415.522
2026-09-03T12:28:28Z,Botswana,72,Export,World,22,"Beverages, spirits and vinegar",2022,2029526.848
2026-09-03T12:28:28Z,Botswana,72,Export,World,80,Tin; articles thereof,2022,38631.628
2026-09-03T12:28:28Z,Botswana,72,Export,World,51,"Wool, fine or coarse animal hair; horsehair yarn and woven fabric",2022,1629.662
2026-09-03T12:28:28Z,Botswana,72,Export,World,75,Nickel and articles thereof,2022,2701207.95
2026-09-03T12:28:28Z,Botswana,72,Export,World,78,Lead and articles thereof,2022,5001891.825
2026-09-03T12:28:28Z,Botswana,72,Export,World,09,"Coffee, tea, mate and spices",2022,489084.865
2026-09-03T12:28:28Z,Botswana,72,Export,World,84,"Machinery and mechanical appliances, boilers, nuclear reactors; parts thereof",2022,45408657.569
2026-09-03T12:28:28Z,Botswana,72,Export,World,37,Photographic or cinematographic goods,2022,9571.567
2026-09-03T12:28:28Z,Botswana,72,Export,World,89,"Ships, boats and floating structures",2022,608294.422
2026-09-03T12:28:28Z,Botswana,72,Export,World,54,Man-made filaments; strip and the like of man-made textile materials,2022,7176.404
2026-09-03T12:28:28Z,Botswana,72,Export,World,26,"Ores, slag and ash",2022,324187979.426
2026-09-03T12:28:28Z,Botswana,72,Export,World,55,Man-made staple fibres,2022,17945.277
2026-09-03T12:28:28Z,Botswana,72,Export,World,24,"Tobacco and manufactured tobacco substitutes; products, whether or not containing nicotine, intended for inhalation without combustion; other nicotine containing products intended for the intake of nicotine into the human body",2022,1554820.293
2026-09-03T12:28:28Z,Botswana,72,Export,World,64,Footwear; gaiters and the like; parts of such articles,2022,3337206.925
2026-09-03T12:28:28Z,Botswana,72,Export,World,21,Miscellaneous edible preparations,2022,2050056.332
2026-09-03T12:28:28Z,Botswana,72,Export,World,67,"Feathers and down, prepared; and articles made of feather or of down; artificial flowers; articles of human hair",2022,1855.763
2026-09-03T12:28:28Z,Botswana,72,Export,World,85,"Electrical machinery and equipment and parts thereof; sound recorders and reproducers; television image and sound recorders and reproducers, parts and accessories of such articles",2022,169057172.11
2026-09-03T12:28:28Z,Botswana,72,Export,World,27,"Mineral fuels, mineral oils and products of their distillation; bituminous substances; mineral waxes",2022,58381260.697
2026-09-03T12:28:28Z,Botswana,72,Export,World,49,"Printed books, newspapers, pictures and other products of the printing industry; manuscripts, typescripts and plans",2022,99654.23
2026-09-03T12:28:28Z,Botswana,72,Export,World,31,Fertilizers,2022,557286.314
2026-09-03T12:28:28Z,Botswana,72,Export,World,69,Ceramic products,2022,121933.593
2026-09-03T12:28:28Z,Botswana,72,Export,World,56,"Wadding, felt and nonwovens, special yarns; twine, cordage, ropes and cables and articles thereof",2022,22110.903
2026-09-03T12:28:28Z,Botswana,72,Export,World,13,"Lac; gums, resins and other vegetable saps and extracts",2022,19.674
2026-09-03T12:28:28Z,Botswana,72,Export,World,34,"Soap, organic surface-active agents; washing, lubricating, polishing or scouring preparations; artificial or prepared waxes, candles and similar articles, modelling pastes, dental waxes and dental preparations with a basis of plaster",2022,1174747.019
2026-09-03T12:28:28Z,Botswana,72,Export,World,81,"Metals; n.e.c., cermets and articles thereof",2022,2992871.201
2026-09-03T12:28:28Z,Botswana,72,Export,World,63,"Textiles, made up articles; sets; worn clothing and worn textile articles; rags",2022,15672100.9
2026-09-03T12:28:28Z,Botswana,72,Export,World,17,Sugars and sugar confectionery,2022,1316849.034
2026-09-03T12:28:28Z,Botswana,72,Export,World,03,"Fish and crustaceans, molluscs and other aquatic invertebrates",2022,4371836.398
2026-09-03T12:28:28Z,Botswana,72,Export,World,79,Zinc and articles thereof,2022,3510.36
2026-09-03T12:28:28Z,Botswana,72,Export,World,15,"Animal, vegetable or microbial fats and oils and their cleavage products; prepared edible fats; animal or vegetable waxes",2022,991656.402
2026-09-03T12:28:28Z,Botswana,72,Export,World,61,Apparel and clothing accessories; knitted or crocheted,2022,2262841.915
2026-09-03T12:28:28Z,Botswana,72,Export,World,18,Cocoa and cocoa preparations,2022,1460.686
2026-09-03T12:28:28Z,Botswana,72,Export,World,58,"Fabrics; special woven fabrics, tufted textile fabrics, lace, tapestries, trimmings, embroidery",2022,3950064.213
2026-09-03T12:28:28Z,Botswana,72,Export,World,36,Explosives; pyrotechnic products; matches; pyrophoric alloys; certain combustible preparations,2022,102125.299
2026-09-03T12:28:28Z,Botswana,72,Export,World,73,Iron or steel articles,2022,6170235.016
2026-09-03T12:28:28Z,Botswana,72,Export,World,94,"Furniture; bedding, mattresses, mattress supports, cushions and similar stuffed furnishings; lamps and lighting fittings, n.e.c.; illuminated signs, illuminated name-plates and the like; prefabricated buildings",2022,2496478.071
2026-09-03T12:28:28Z,Botswana,72,Export,World,50,Silk,2022,19.999
2026-09-03T12:28:28Z,Botswana,72,Export,World,33,"Essential oils and resinoids; perfumery, cosmetic or toilet preparations",2022,416102.882
2026-09-03T12:28:28Z,Botswana,72,Export,World,23,"Food industries, residues and wastes thereof; prepared animal fodder",2022,6840248.598
2026-09-03T12:28:28Z,Botswana,72,Export,World,43,Furskins and artificial fur; manufactures thereof,2022,16264.669
2026-09-03T12:28:28Z,Botswana,72,Export,World,72,Iron and steel,2022,14309621.008
2026-09-03T12:28:28Z,Botswana,72,Export,World,92,Musical instruments; parts and accessories of such articles,2022,51444.507
2026-09-03T12:28:28Z,Lesotho,426,Export,World,56,"Wadding, felt and nonwovens, special yarns; twine, cordage, ropes and cables and articles thereof",2022,3176.709
2026-09-03T12:28:28Z,Lesotho,426,Export,World,85,"Electrical machinery and equipment and parts thereof; sound recorders and reproducers; television image and sound recorders and reproducers, parts and accessories of such articles",2022,48455222.681
2026-09-03T12:28:28Z,Lesotho,426,Export,World,15,Animal or vegetable fats and oils and their cleavage products; prepared animal fats; animal or vegetable waxes,2022,425959.992
2026-09-03T12:28:28Z,Lesotho,426,Export,World,24,Tobacco and manufactured tobacco substitutes,2022,950.43
2026-09-03T12:28:28Z,Lesotho,426,Export,World,34,"Soap, organic surface-active agents; washing, lubricating, polishing or scouring preparations; artificial or prepared waxes, candles and similar articles, modelling pastes, dental waxes and dental preparations with a basis of plaster",2022,1580379.561
2026-09-03T12:28:28Z,Lesotho,426,Export,World,96,Miscellaneous manufactured articles,2022,187762.787
2026-09-03T12:28:28Z,Lesotho,426,Export,World,55,Man-made staple fibres,2022,278426.555
2026-09-03T12:28:28Z,Lesotho,426,Export,World,06,"Trees and other plants, live; bulbs, roots and the like; cut flowers and ornamental foliage",2022,567757.403
2026-09-03T12:28:28Z,Lesotho,426,Export,World,71,"Natural, cultured pearls; precious, semi-precious stones; precious metals, metals clad with precious metal, and articles thereof; imitation jewellery; coin",2022,172206355.839
2026-09-03T12:28:28Z,Lesotho,426,Export,World,65,Headgear and parts thereof,2022,653578.602
2026-09-03T12:28:28Z,Lesotho,426,Export,World,69,Ceramic products,2022,161543.83
2026-09-03T12:28:28Z,Lesotho,426,Export,World,66,"Umbrellas, sun umbrellas, walking-sticks, seat sticks, whips, riding crops; and parts thereof",2022,22.146
2026-09-03T12:28:28Z,Lesotho,426,Export,World,07,Vegetables and certain roots and tubers; edible,2022,31241.468
2026-09-03T12:28:28Z,Lesotho,426,Export,World,31,Fertilizers,2022,3912.451
2026-09-03T12:28:28Z,Lesotho,426,Export,World,37,Photographic or cinematographic goods,2022,3.076
2026-09-03T12:28:28Z,Lesotho,426,Export,World,86,"Railway, tramway locomotives, rolling-stock and parts thereof; railway or tramway track fixtures and fittings and parts thereof; mechanical (including electro-mechanical) traffic signalling equipment of all kinds",2022,81091.686
2026-09-03T12:28:28Z,Lesotho,426,Export,World,49,"Printed books, newspapers, pictures and other products of the printing industry; manuscripts, typescripts and plans",2022,47662.276
2026-09-03T12:28:28Z,Lesotho,426,Export,World,52,Cotton,2022,39177020.602
2026-09-03T12:28:28Z,Lesotho,426,Export,World,57,Carpets and other textile floor coverings,2022,2679.414
2026-09-03T12:28:28Z,Lesotho,426,Export,World,62,Apparel and clothing accessories; not knitted or crocheted,2022,149689030.499
2026-09-03T12:28:28Z,Lesotho,426,Export,World,74,Copper and articles thereof,2022,9232.945
2026-09-03T12:28:28Z,Lesotho,426,Export,World,12,"Oil seeds and oleaginous fruits; miscellaneous grains, seeds and fruit, industrial or medicinal plants; straw and fodder",2022,2211521.04
2026-09-03T12:28:28Z,Lesotho,426,Export,World,53,Vegetable textile fibres; paper yarn and woven fabrics of paper yarn,2022,1263058.4
2026-09-03T12:28:28Z,Lesotho,426,Export,World,83,Metal; miscellaneous products of base metal,2022,137169.146
2026-09-03T12:28:28Z,Lesotho,426,Export,World,59,"Textile fabrics; impregnated, coated, covered or laminated; textile articles of a kind suitable for industrial use",2022,10472.802
2026-09-03T12:28:28Z,Lesotho,426,Export,World,02,Meat and edible meat offal,2022,1983.908
2026-09-03T12:28:28Z,Lesotho,426,Export,World,08,"Fruit and nuts, edible; peel of citrus fruit or melons",2022,2466782.923
2026-09-03T12:28:28Z,Lesotho,426,Export,World,04,"Dairy produce; birds' eggs; natural honey; edible products of animal origin, not elsewhere specified or included",2022,92379.278
2026-09-03T12:28:28Z,Lesotho,426,Export,World,92,Musical instruments; parts and accessories of such articles,2022,24.791
2026-09-03T12:28:28Z,Lesotho,426,Export,World,42,"Articles of leather; saddlery and harness; travel goods, handbags and similar containers; articles of animal gut (other than silk-worm gut)",2022,443200.577
2026-09-03T12:28:28Z,Lesotho,426,Export,World,48,"Paper and paperboard; articles of paper pulp, of paper or paperboard",2022,3347016.883
2026-09-03T12:28:28Z,Lesotho,426,Export,World,27,"Mineral fuels, mineral oils and products of their distillation; bituminous substances; mineral waxes",2022,255459.644
2026-09-03T12:28:28Z,Lesotho,426,Export,World,54,Man-made filaments; strip and the like of man-made textile materials,2022,114751.369
2026-09-03T12:28:28Z,Lesotho,426,Export,World,41,Raw hides and skins (other than furskins) and leather,2022,62955.206
2026-09-03T12:28:28Z,Lesotho,426,Export,World,22,"Beverages, spirits and vinegar",2022,85650419.696
2026-09-03T12:28:28Z,Lesotho,426,Export,World,84,"Nuclear reactors, boilers, machinery and mechanical appliances; parts thereof",2022,12708803.283
2026-09-03T12:28:28Z,Lesotho,426,Export,World,18,Cocoa and cocoa preparations,2022,5578.144
2026-09-03T12:28:28Z,Lesotho,426,Export,World,25,"Salt; sulphur; earths, stone; plastering materials, lime and cement",2022,1295724.925
2026-09-03T12:28:28Z,Lesotho,426,Export,World,30,Pharmaceutical products,2022,470824.832
2026-09-03T12:28:28Z,Lesotho,426,Export,World,35,Albuminoidal substances; modified starches; glues; enzymes,2022,1189.689
2026-09-03T12:28:28Z,Lesotho,426,Export,World,44,Wood and articles of wood; wood charcoal,2022,379850.696
2026-09-03T12:28:28Z,Lesotho,426,Export,World,50,Silk,2022,316.81
2026-09-03T12:28:28Z,Lesotho,426,Export,World,68,"Stone, plaster, cement, asbestos, mica or similar materials; articles thereof",2022,160245.346
2026-09-03T12:28:28Z,Lesotho,426,Export,World,70,Glass and glassware,2022,881567.069
2026-09-03T12:28:28Z,Lesotho,426,Export,World,82,"Tools, implements, cutlery, spoons and forks, of base metal; parts thereof, of base metal",2022,74021.904
2026-09-03T12:28:28Z,Lesotho,426,Export,World,67,"Feathers and down, prepared; and articles made of feather or of down; artificial flowers; articles of human hair",2022,4388.785
2026-09-03T12:28:28Z,Lesotho,426,Export,World,40,Rubber and articles thereof,2022,38684.153
2026-09-03T12:28:28Z,Lesotho,426,Export,World,76,Aluminium and articles thereof,2022,516335.167
2026-09-03T12:28:28Z,Lesotho,426,Export,World,88,"Aircraft, spacecraft and parts thereof",2022,1484.767
2026-09-03T12:28:28Z,Lesotho,426,Export,World,95,"Toys, games and sports requisites; parts and accessories thereof",2022,850.343
2026-09-03T12:28:28Z,Lesotho,426,Export,World,46,"Manufactures of straw, esparto or other plaiting materials; basketware and wickerwork",2022,195.007
2026-09-03T12:28:28Z,Lesotho,426,Export,World,51,"Wool, fine or coarse animal hair; horsehair yarn and woven fabric",2022,47582489.763
2026-09-03T12:28:28Z,Lesotho,426,Export,World,58,"Fabrics; special woven fabrics, tufted textile fabrics, lace, tapestries, trimmings, embroidery",2022,58443.989
2026-09-03T12:28:28Z,Lesotho,426,Export,World,90,"Optical, photographic, cinematographic, measuring, checking, medical or surgical instruments and apparatus; parts and accessories",2022,209397.998
2026-09-03T12:28:28Z,Lesotho,426,Export,World,94,"Furniture; bedding, mattresses, mattress supports, cushions and similar stuffed furnishings; lamps and lighting fittings, n.e.c.; illuminated signs, illuminated name-plates and the like; prefabricated buildings",2022,112861.808
2026-09-03T12:28:28Z,Lesotho,426,Export,World,47,Pulp of wood or other fibrous cellulosic material; recovered (waste and scrap) paper or paperboard,2022,151609.937
2026-09-03T12:28:28Z,Lesotho,426,Export,World,61,Apparel and clothing accessories; knitted or crocheted,2022,243892589.766
2026-09-03T12:28:28Z,Lesotho,426,Export,World,63,"Textiles, made up articles; sets; worn clothing and worn textile articles; rags",2022,23822591.21
2026-09-03T12:28:28Z,Lesotho,426,Export,World,72,Iron and steel,2022,550523.958
2026-09-03T12:28:28Z,Lesotho,426,Export,World,16,"Meat, fish or crustaceans, molluscs or other aquatic invertebrates; preparations thereof",2022,444.538
2026-09-03T12:28:28Z,Lesotho,426,Export,World,01,Animals; live,2022,270569.399
2026-09-03T12:28:28Z,Lesotho,426,Export,World,20,"Preparations of vegetables, fruit, nuts or other parts of plants",2022,13808.594
2026-09-03T12:28:28Z,Lesotho,426,Export,World,60,Fabrics; knitted or crocheted,2022,4223535.002
2026-09-03T12:28:28Z,Lesotho,426,Export,World,10,Cereals,2022,106702.044
2026-09-03T12:28:28Z,Lesotho,426,Export,World,28,"Inorganic chemicals; organic and inorganic compounds of precious metals; of rare earth metals, of radio-active elements and of isotopes",2022,796.085
2026-09-03T12:28:28Z,Lesotho,426,Export,World,29,Organic chemicals,2022,22302.668
2026-09-03T12:28:28Z,Lesotho,426,Export,World,09,"Coffee, tea, mate and spices",2022,771927.984
2026-09-03T12:28:28Z,Lesotho,426,Export,World,64,Footwear; gaiters and the like; parts of such articles,2022,8559478.192
2026-09-03T12:28:28Z,Lesotho,426,Export,World,38,Chemical products n.e.c.,2022,50591.64
2026-09-03T12:28:28Z,Lesotho,426,Export,World,91,Clocks and watches and parts thereof,2022,40914.387
2026-09-03T12:28:28Z,Lesotho,426,Export,World,99,Commodities not specified according to kind,2022,261448.011
2026-09-03T12:28:28Z,Lesotho,426,Export,World,03,"Fish and crustaceans, molluscs and other aquatic invertebrates",2022,8524422.969
2026-09-03T12:28:28Z,Lesotho,426,Export,World,17,Sugars and sugar confectionery,2022,19848.787
2026-09-03T12:28:28Z,Lesotho,426,Export,World,13,"Lac; gums, resins and other vegetable saps and extracts",2022,6.644
2026-09-03T12:28:28Z,Lesotho,426,Export,World,19,"Preparations of cereals, flour, starch or milk; pastrycooks' products",2022,2278228.116
2026-09-03T12:28:28Z,Lesotho,426,Export,World,32,"Tanning or dyeing extracts; tannins and their derivatives; dyes, pigments and other colouring matter; paints, varnishes; putty, other mastics; inks",2022,28605.677
2026-09-03T12:28:28Z,Lesotho,426,Export,World,89,"Ships, boats and floating structures",2022,553.649
2026-09-03T12:28:28Z,Lesotho,426,Export,World,33,"Essential oils and resinoids; perfumery, cosmetic or toilet preparations",2022,2359025.939
2026-09-03T12:28:28Z,Lesotho,426,Export,World,11,"Products of the milling industry; malt, starches, inulin, wheat gluten",2022,19008387.038
2026-09-03T12:28:28Z,Lesotho,426,Export,World,39,Plastics and articles thereof,2022,2968703.565
2026-09-03T12:28:28Z,Lesotho,426,Export,World,73,Iron or steel articles,2022,779130.344
2026-09-03T12:28:28Z,Lesotho,426,Export,World,21,Miscellaneous edible preparations,2022,209014.996
2026-09-03T12:28:28Z,Lesotho,426,Export,World,23,"Food industries, residues and wastes thereof; prepared animal fodder",2022,3098815.165
2026-09-03T12:28:28Z,Lesotho,426,Export,World,87,"Vehicles; other than railway or tramway rolling stock, and parts and accessories thereof",2022,3417890.509
2026-09-03T12:28:28Z,Lesotho,426,Export,World,93,Arms and ammunition; parts and accessories thereof,2022,199.929
2026-09-03T12:28:28Z,Lesotho,426,Export,World,97,Works of art; collectors' pieces and antiques,2022,99866.225
2026-09-03T12:28:28Z,Namibia,516,Export,World,99,Commodities not specified according to kind,2022,8763445.972
2026-09-03T12:28:28Z,Namibia,516,Export,World,19,"Preparations of cereals, flour, starch or milk; pastrycooks' products",2022,20081092.07
2026-09-03T12:28:28Z,Namibia,516,Export,World,22,"Beverages, spirits and vinegar",2022,34173205.516
2026-09-03T12:28:28Z,Namibia,516,Export,World,23,"Food industries, residues and wastes thereof; prepared animal fodder",2022,13362540.887
2026-09-03T12:28:28Z,Namibia,516,Export,World,29,Organic chemicals,2022,1494920.005
2026-09-03T12:28:28Z,Namibia,516,Export,World,32,"Tanning or dyeing extracts; tannins and their derivatives; dyes, pigments and other colouring matter; paints, varnishes; putty, other mastics; inks",2022,1219531.331
2026-09-03T12:28:28Z,Namibia,516,Export,World,42,"Articles of leather; saddlery and harness; travel goods, handbags and similar containers; articles of animal gut (other than silk-worm gut)",2022,172112.102
2026-09-03T12:28:28Z,Namibia,516,Export,World,45,Cork and articles of cork,2022,3882.826
2026-09-03T12:28:28Z,Namibia,516,Export,World,46,"Manufactures of straw, esparto or other plaiting materials; basketware and wickerwork",2022,16712.846
2026-09-03T12:28:28Z,Namibia,516,Export,World,51,"Wool, fine or coarse animal hair; horsehair yarn and woven fabric",2022,43670.212
2026-09-03T12:28:28Z,Namibia,516,Export,World,52,Cotton,2022,29299.712
2026-09-03T12:28:28Z,Namibia,516,Export,World,59,"Textile fabrics; impregnated, coated, covered or laminated; textile articles of a kind suitable for industrial use",2022,105722.882
2026-09-03T12:28:28Z,Namibia,516,Export,World,60,Fabrics; knitted or crocheted,2022,10355.337
2026-09-03T12:28:28Z,Namibia,516,Export,World,66,"Umbrellas, sun umbrellas, walking-sticks, seat sticks, whips, riding crops; and parts thereof",2022,14147.54
2026-09-03T12:28:28Z,Namibia,516,Export,World,68,"Stone, plaster, cement, asbestos, mica or similar materials; articles thereof",2022,10423505.357
2026-09-03T12:28:28Z,Namibia,516,Export,World,69,Ceramic products,2022,825256.497
2026-09-03T12:28:28Z,Namibia,516,Export,World,75,Nickel and articles thereof,2022,7014.412
2026-09-03T12:28:28Z,Namibia,516,Export,World,80,Tin; articles thereof,2022,2696.034
2026-09-03T12:28:28Z,Namibia,516,Export,World,86,"Railway, tramway locomotives, rolling-stock and parts thereof; railway or tramway track fixtures and fittings and parts thereof; mechanical (including electro-mechanical) traffic signalling equipment of all kinds",2022,576280.454
2026-09-03T12:28:28Z,Namibia,516,Export,World,89,"Ships, boats and floating structures",2022,559282.09
2026-09-03T12:28:28Z,Namibia,516,Export,World,92,Musical instruments; parts and accessories of such articles,2022,32725.2
2026-09-03T12:28:28Z,Namibia,516,Export,World,93,Arms and ammunition; parts and accessories thereof,2022,262524.8
2026-09-03T12:28:28Z,Namibia,516,Export,World,07,Vegetables and certain roots and tubers; edible,2022,10916394.082
2026-09-03T12:28:28Z,Namibia,516,Export,World,21,Miscellaneous edible preparations,2022,2336251.622
2026-09-03T12:28:28Z,Namibia,516,Export,World,24,"Tobacco and manufactured tobacco substitutes; products, whether or not containing nicotine, intended for inhalation without combustion; other nicotine containing products intended for the intake of nicotine into the human body",2022,332413.708
2026-09-03T12:28:28Z,Namibia,516,Export,World,67,"Feathers and down, prepared; and articles made of feather or of down; artificial flowers; articles of human hair",2022,14657.764
2026-09-03T12:28:28Z,Namibia,516,Export,World,91,Clocks and watches and parts thereof,2022,10991.632
2026-09-03T12:28:28Z,Namibia,516,Export,World,34,"Soap, organic surface-active agents; washing, lubricating, polishing or scouring preparations; artificial or prepared waxes, candles and similar articles, modelling pastes, dental waxes and dental preparations with a basis of plaster",2022,12131115.132
2026-09-03T12:28:28Z,Namibia,516,Export,World,54,Man-made filaments; strip and the like of man-made textile materials,2022,52380.863
2026-09-03T12:28:28Z,Namibia,516,Export,World,78,Lead and articles thereof,2022,114602.39
2026-09-03T12:28:28Z,Namibia,516,Export,World,06,"Trees and other plants, live; bulbs, roots and the like; cut flowers and ornamental foliage",2022,59841.171
2026-09-03T12:28:28Z,Namibia,516,Export,World,08,"Fruit and nuts, edible; peel of citrus fruit or melons",2022,41934097.837
2026-09-03T12:28:28Z,Namibia,516,Export,World,09,"Coffee, tea, mate and spices",2022,110834.722
2026-09-03T12:28:28Z,Namibia,516,Export,World,12,"Oil seeds and oleaginous fruits; miscellaneous grains, seeds and fruit, industrial or medicinal plants; straw and fodder",2022,5931445.909
2026-09-03T12:28:28Z,Namibia,516,Export,World,15,"Animal, vegetable or microbial fats and oils and their cleavage products; prepared edible fats; animal or vegetable waxes",2022,1183930.303
2026-09-03T12:28:28Z,Namibia,516,Export,World,18,Cocoa and cocoa preparations,2022,143200.401
2026-09-03T12:28:28Z,Namibia,516,Export,World,38,Chemical products n.e.c.,2022,35698825.671
2026-09-03T12:28:28Z,Namibia,516,Export,World,41,Raw hides and skins (other than furskins) and leather,2022,10124075.617
2026-09-03T12:28:28Z,Namibia,516,Export,World,55,Man-made staple fibres,2022,20341.836
2026-09-03T12:28:28Z,Namibia,516,Export,World,58,"Fabrics; special woven fabrics, tufted textile fabrics, lace, tapestries, trimmings, embroidery",2022,11042.912
2026-09-03T12:28:28Z,Namibia,516,Export,World,10,Cereals,2022,330506.294
2026-09-03T12:28:28Z,Namibia,516,Export,World,36,Explosives; pyrotechnic products; matches; pyrophoric alloys; certain combustible preparations,2022,254189.349
2026-09-03T12:28:28Z,Namibia,516,Export,World,50,Silk,2022,16541.211
2026-09-03T12:28:28Z,Namibia,516,Export,World,53,Vegetable textile fibres; paper yarn and woven fabrics of paper yarn,2022,1540.252
2026-09-03T12:28:28Z,Namibia,516,Export,World,14,Vegetable plaiting materials; vegetable products not elsewhere specified or included,2022,3.057
2026-09-03T12:28:28Z,Namibia,516,Export,World,31,Fertilizers,2022,2491326.21
2026-09-03T12:28:28Z,Namibia,516,Export,World,16,"Meat, fish, crustaceans, molluscs or other aquatic invertebrates, or insects; preparations thereof",2022,10704378.11
2026-09-03T12:28:28Z,Namibia,516,Export,World,20,"Preparations of vegetables, fruit, nuts or other parts of plants",2022,2725326.273
2026-09-03T12:28:28Z,Namibia,516,Export,World,26,"Ores, slag and ash",2022,1157448759.377
2026-09-03T12:28:28Z,Namibia,516,Export,World,39,Plastics and articles thereof,2022,33958625.751
2026-09-03T12:28:28Z,Namibia,516,Export,World,40,Rubber and articles thereof,2022,44321754.54
2026-09-03T12:28:28Z,Namibia,516,Export,World,43,Furskins and artificial fur; manufactures thereof,2022,202230.0
2026-09-03T12:28:28Z,Namibia,516,Export,World,48,"Paper and paperboard; articles of paper pulp, of paper or paperboard",2022,3303753.602
2026-09-03T12:28:28Z,Namibia,516,Export,World,49,"Printed books, newspapers, pictures and other products of the printing industry; manuscripts, typescripts and plans",2022,61260496.351
2026-09-03T12:28:28Z,Namibia,516,Export,World,62,Apparel and clothing accessories; not knitted or crocheted,2022,558105.342
2026-09-03T12:28:28Z,Namibia,516,Export,World,65,Headgear and parts thereof,2022,78234.241
2026-09-03T12:28:28Z,Namibia,516,Export,World,72,Iron and steel,2022,38072461.803
2026-09-03T12:28:28Z,Namibia,516,Export,World,83,Metal; miscellaneous products of base metal,2022,2446901.425
2026-09-03T12:28:28Z,Namibia,516,Export,World,84,"Machinery and mechanical appliances, boilers, nuclear reactors; parts thereof",2022,108331523.699
2026-09-03T12:28:28Z,Namibia,516,Export,World,87,"Vehicles; other than railway or tramway rolling stock, and parts and accessories thereof",2022,57564368.174
2026-09-03T12:28:28Z,Namibia,516,Export,World,90,"Optical, photographic, cinematographic, measuring, checking, medical or surgical instruments and apparatus; parts and accessories",2022,8915817.657
2026-09-03T12:28:28Z,Namibia,516,Export,World,96,Miscellaneous manufactured articles,2022,402317.354
2026-09-03T12:28:28Z,Namibia,516,Export,World,01,Animals; live,2022,81419953.761
2026-09-03T12:28:28Z,Namibia,516,Export,World,04,"Dairy produce; birds' eggs; natural honey; edible products of animal origin, not elsewhere specified or included",2022,3722130.467
2026-09-03T12:28:28Z,Namibia,516,Export,World,27,"Mineral fuels, mineral oils and products of their distillation; bituminous substances; mineral waxes",2022,412400163.249
2026-09-03T12:28:28Z,Namibia,516,Export,World,44,Wood and articles of wood; wood charcoal,2022,76556878.485
2026-09-03T12:28:28Z,Namibia,516,Export,World,47,Pulp of wood or other fibrous cellulosic material; recovered (waste and scrap) paper or paperboard,2022,1973518.797
2026-09-03T12:28:28Z,Namibia,516,Export,World,64,Footwear; gaiters and the like; parts of such articles,2022,390284.32
2026-09-03T12:28:28Z,Namibia,516,Export,World,85,"Electrical machinery and equipment and parts thereof; sound recorders and reproducers; television image and sound recorders and reproducers, parts and accessories of such articles",2022,53599455.746
2026-09-03T12:28:28Z,Namibia,516,Export,World,57,Carpets and other textile floor coverings,2022,89023.98
2026-09-03T12:28:28Z,Namibia,516,Export,World,81,"Metals; n.e.c., cermets and articles thereof",2022,17126.272
2026-09-03T12:28:28Z,Namibia,516,Export,World,95,"Toys, games and sports requisites; parts and accessories thereof",2022,381976.663
2026-09-03T12:28:28Z,Namibia,516,Export,World,02,Meat and edible meat offal,2022,84902167.821
2026-09-03T12:28:28Z,Namibia,516,Export,World,03,"Fish and crustaceans, molluscs and other aquatic invertebrates",2022,679090171.683
2026-09-03T12:28:28Z,Namibia,516,Export,World,05,Animal originated products; not elsewhere specified or included,2022,1197719.401
2026-09-03T12:28:28Z,Namibia,516,Export,World,35,Albuminoidal substances; modified starches; glues; enzymes,2022,548227.588
2026-09-03T12:28:28Z,Namibia,516,Export,World,61,Apparel and clothing accessories; knitted or crocheted,2022,812939.652
2026-09-03T12:28:28Z,Namibia,516,Export,World,79,Zinc and articles thereof,2022,59352.472
2026-09-03T12:28:28Z,Namibia,516,Export,World,82,"Tools, implements, cutlery, spoons and forks, of base metal; parts thereof, of base metal",2022,1335855.432
2026-09-03T12:28:28Z,Namibia,516,Export,World,30,Pharmaceutical products,2022,1660639.063
2026-09-03T12:28:28Z,Namibia,516,Export,World,33,"Essential oils and resinoids; perfumery, cosmetic or toilet preparations",2022,2671556.891
2026-09-03T12:28:28Z,Namibia,516,Export,World,56,"Wadding, felt and nonwovens, special yarns; twine, cordage, ropes and cables and articles thereof",2022,767342.54
2026-09-03T12:28:28Z,Namibia,516,Export,World,70,Glass and glassware,2022,1900546.785
2026-09-03T12:28:28Z,Namibia,516,Export,World,73,Iron or steel articles,2022,20624905.874
2026-09-03T12:28:28Z,Namibia,516,Export,World,76,Aluminium and articles thereof,2022,6476800.754
2026-09-03T12:28:28Z,Namibia,516,Export,World,94,"Furniture; bedding, mattresses, mattress supports, cushions and similar stuffed furnishings; lamps and lighting fittings, n.e.c.; illuminated signs, illuminated name-plates and the like; prefabricated buildings",2022,6579679.066
2026-09-03T12:28:28Z,Namibia,516,Export,World,11,"Products of the milling industry; malt, starches, inulin, wheat gluten",2022,3171075.767
2026-09-03T12:28:28Z,Namibia,516,Export,World,17,Sugars and sugar confectionery,2022,6282672.47
2026-09-03T12:28:28Z,Namibia,516,Export,World,25,"Salt; sulphur; earths, stone; plastering materials, lime and cement",2022,131708186.324
2026-09-03T12:28:28Z,Namibia,516,Export,World,28,"Inorganic chemicals; organic and inorganic compounds of precious metals; of rare earth metals, of radio-active elements and of isotopes",2022,130645108.029
2026-09-03T12:28:28Z,Namibia,516,Export,World,63,"Textiles, made up articles; sets; worn clothing and worn textile articles; rags",2022,1917919.235
2026-09-03T12:28:28Z,Namibia,516,Export,World,71,"Natural, cultured pearls; precious, semi-precious stones; precious metals, metals clad with precious metal, and articles thereof; imitation jewellery; coin",2022,2159586167.438
2026-09-03T12:28:28Z,Namibia,516,Export,World,88,"Aircraft, spacecraft, and parts thereof",2022,5108335.598
2026-09-03T12:28:28Z,Namibia,516,Export,World,37,Photographic or cinematographic goods,2022,14196.272
2026-09-03T12:28:28Z,Namibia,516,Export,World,74,Copper and articles thereof,2022,199414288.067
2026-09-03T12:28:28Z,Namibia,516,Export,World,13,"Lac; gums, resins and other vegetable saps and extracts",2022,535781.801
2026-09-03T12:28:28Z,Namibia,516,Export,World,97,Works of art; collectors' pieces and antiques,2022,3960566.507
2026-09-03T12:28:28Z,South Africa,710,Export,World,18,Cocoa and cocoa preparations,2022,89094848.783
2026-09-03T12:28:28Z,South Africa,710,Export,World,99,Commodities not specified according to kind,2022,178917401.131
2026-09-03T12:28:28Z,South Africa,710,Export,World,02,Meat and edible meat offal,2022,308639133.785
2026-09-03T12:28:28Z,South Africa,710,Export,World,19,"Preparations of cereals, flour, starch or milk; pastrycooks' products",2022,336552089.762
2026-09-03T12:28:28Z,South Africa,710,Export,World,17,Sugars and sugar confectionery,2022,416628901.938
2026-09-03T12:28:28Z,South Africa,710,Export,World,39,Plastics and articles thereof,2022,1674375029.932
2026-09-03T12:28:28Z,South Africa,710,Export,World,51,"Wool, fine or coarse animal hair; horsehair yarn and woven fabric",2022,339907673.712
2026-09-03T12:28:28Z,South Africa,710,Export,World,56,"Wadding, felt and nonwovens, special yarns; twine, cordage, ropes and cables and articles thereof",2022,54731920.446
2026-09-03T12:28:28Z,South Africa,710,Export,World,43,Furskins and artificial fur; manufactures thereof,2022,3132703.134
2026-09-03T12:28:28Z,South Africa,710,Export,World,73,Iron or steel articles,2022,1282633068.451
2026-09-03T12:28:28Z,South Africa,710,Export,World,82,"Tools, implements, cutlery, spoons and forks, of base metal; parts thereof, of base metal",2022,191471610.0
2026-09-03T12:28:28Z,South Africa,710,Export,World,52,Cotton,2022,64435651.377
2026-09-03T12:28:28Z,South Africa,710,Export,World,49,"Printed books, newspapers, pictures and other products of the printing industry; manuscripts, typescripts and plans",2022,73814243.424
2026-09-03T12:28:28Z,South Africa,710,Export,World,34,"Soap, organic surface-active agents; washing, lubricating, polishing or scouring preparations; artificial or prepared waxes, candles and similar articles, modelling pastes, dental waxes and dental preparations with a basis of plaster",2022,545937093.291
2026-09-03T12:28:28Z,South Africa,710,Export,World,21,Miscellaneous edible preparations,2022,553606404.882
2026-09-03T12:28:28Z,South Africa,710,Export,World,59,"Textile fabrics; impregnated, coated, covered or laminated; textile articles of a kind suitable for industrial use",2022,33593671.516
2026-09-03T12:28:28Z,South Africa,710,Export,World,06,"Trees and other plants, live; bulbs, roots and the like; cut flowers and ornamental foliage",2022,112137005.248
2026-09-03T12:28:28Z,South Africa,710,Export,World,24,"Tobacco and manufactured tobacco substitutes; products, whether or not containing nicotine, intended for inhalation without combustion; other nicotine containing products intended for the intake of nicotine into the human body",2022,152980789.201
2026-09-03T12:28:28Z,South Africa,710,Export,World,65,Headgear and parts thereof,2022,20784973.148
2026-09-03T12:28:28Z,South Africa,710,Export,World,94,"Furniture; bedding, mattresses, mattress supports, cushions and similar stuffed furnishings; lamps and lighting fittings, n.e.c.; illuminated signs, illuminated name-plates and the like; prefabricated buildings",2022,339392638.717
2026-09-03T12:28:28Z,South Africa,710,Export,World,45,Cork and articles of cork,2022,324803.836
2026-09-03T12:28:28Z,South Africa,710,Export,World,28,"Inorganic chemicals; organic and inorganic compounds of precious metals; of rare earth metals, of radio-active elements and of isotopes",2022,1951355941.227
2026-09-03T12:28:28Z,South Africa,710,Export,World,78,Lead and articles thereof,2022,39973356.747
2026-09-03T12:28:28Z,South Africa,710,Export,World,42,"Articles of leather; saddlery and harness; travel goods, handbags and similar containers; articles of animal gut (other than silk-worm gut)",2022,60076421.494
2026-09-03T12:28:28Z,South Africa,710,Export,World,30,Pharmaceutical products,2022,722619881.067
2026-09-03T12:28:28Z,South Africa,710,Export,World,92,Musical instruments; parts and accessories of such articles,2022,3324280.906
2026-09-03T12:28:28Z,South Africa,710,Export,World,71,"Natural, cultured pearls; precious, semi-precious stones; precious metals, metals clad with precious metal, and articles thereof; imitation jewellery; coin",2022,25237094093.272
2026-09-03T12:28:28Z,South Africa,710,Export,World,01,Animals; live,2022,49695476.14
2026-09-03T12:28:28Z,South Africa,710,Export,World,93,Arms and ammunition; parts and accessories thereof,2022,176694325.603
2026-09-03T12:28:28Z,South Africa,710,Export,World,97,Works of art; collectors' pieces and antiques,2022,74868953.399
2026-09-03T12:28:28Z,South Africa,710,Export,World,50,Silk,2022,3820796.415
2026-09-03T12:28:28Z,South Africa,710,Export,World,11,"Products of the milling industry; malt, starches, inulin, wheat gluten",2022,225043464.067
2026-09-03T12:28:28Z,South Africa,710,Export,World,67,"Feathers and down, prepared; and articles made of feather or of down; artificial flowers; articles of human hair",2022,38007445.845
2026-09-03T12:28:28Z,South Africa,710,Export,World,53,Vegetable textile fibres; paper yarn and woven fabrics of paper yarn,2022,1775777.933
2026-09-03T12:28:28Z,South Africa,710,Export,World,66,"Umbrellas, sun umbrellas, walking-sticks, seat sticks, whips, riding crops; and parts thereof",2022,9214222.455
2026-09-03T12:28:28Z,South Africa,710,Export,World,25,"Salt; sulphur; earths, stone; plastering materials, lime and cement",2022,811981442.068
2026-09-03T12:28:28Z,South Africa,710,Export,World,31,Fertilizers,2022,658723170.744
2026-09-03T12:28:28Z,South Africa,710,Export,World,38,Chemical products n.e.c.,2022,1335053194.062
2026-09-03T12:28:28Z,South Africa,710,Export,World,76,Aluminium and articles thereof,2022,2179300790.999
2026-09-03T12:28:28Z,South Africa,710,Export,World,13,"Lac; gums, resins and other vegetable saps and extracts",2022,16527871.655
2026-09-03T12:28:28Z,South Africa,710,Export,World,23,"Food industries, residues and wastes thereof; prepared animal fodder",2022,408524119.772
2026-09-03T12:28:28Z,South Africa,710,Export,World,07,Vegetables and certain roots and tubers; edible,2022,205204129.852
2026-09-03T12:28:28Z,South Africa,710,Export,World,03,"Fish and crustaceans, molluscs and other aquatic invertebrates",2022,487991835.216
2026-09-03T12:28:28Z,South Africa,710,Export,World,15,"Animal, vegetable or microbial fats and oils and their cleavage products; prepared edible fats; animal or vegetable waxes",2022,523724419.426
2026-09-03T12:28:28Z,South Africa,710,Export,World,54,Man-made filaments; strip and the like of man-made textile materials,2022,42147381.518
2026-09-03T12:28:28Z,South Africa,710,Export,World,36,Explosives; pyrotechnic products; matches; pyrophoric alloys; certain combustible preparations,2022,139228200.326
2026-09-03T12:28:28Z,South Africa,710,Export,World,22,"Beverages, spirits and vinegar",2022,1433527532.308
2026-09-03T12:28:28Z,South Africa,710,Export,World,12,"Oil seeds and oleaginous fruits; miscellaneous grains, seeds and fruit, industrial or medicinal plants; straw and fodder",2022,426100940.468
2026-09-03T12:28:28Z,South Africa,710,Export,World,41,Raw hides and skins (other than furskins) and leather,2022,192905572.879
2026-09-03T12:28:28Z,South Africa,710,Export,World,72,Iron and steel,2022,6578775061.037
2026-09-03T12:28:28Z,South Africa,710,Export,World,64,Footwear; gaiters and the like; parts of such articles,2022,172672195.398
2026-09-03T12:28:28Z,South Africa,710,Export,World,57,Carpets and other textile floor coverings,2022,22405760.149
2026-09-03T12:28:28Z,South Africa,710,Export,World,70,Glass and glassware,2022,131181342.926
2026-09-03T12:28:28Z,South Africa,710,Export,World,91,Clocks and watches and parts thereof,2022,24778830.661
2026-09-03T12:28:28Z,South Africa,710,Export,World,90,"Optical, photographic, cinematographic, measuring, checking, medical or surgical instruments and apparatus; parts and accessories",2022,626908746.929
2026-09-03T12:28:28Z,South Africa,710,Export,World,74,Copper and articles thereof,2022,990916278.242
2026-09-03T12:28:28Z,South Africa,710,Export,World,84,"Machinery and mechanical appliances, boilers, nuclear reactors; parts thereof",2022,6630834711.608
2026-09-03T12:28:28Z,South Africa,710,Export,World,80,Tin; articles thereof,2022,826463.863
2026-09-03T12:28:28Z,South Africa,710,Export,World,75,Nickel and articles thereof,2022,839162136.419
2026-09-03T12:28:28Z,South Africa,710,Export,World,47,Pulp of wood or other fibrous cellulosic material; recovered (waste and scrap) paper or paperboard,2022,1225496911.771
2026-09-03T12:28:28Z,South Africa,710,Export,World,81,"Metals; n.e.c., cermets and articles thereof",2022,187008155.781
2026-09-03T12:28:28Z,South Africa,710,Export,World,46,"Manufactures of straw, esparto or other plaiting materials; basketware and wickerwork",2022,3672986.215
2026-09-03T12:28:28Z,South Africa,710,Export,World,48,"Paper and paperboard; articles of paper pulp, of paper or paperboard",2022,638515979.851
2026-09-03T12:28:28Z,South Africa,710,Export,World,05,Animal originated products; not elsewhere specified or included,2022,17983193.86
2026-09-03T12:28:28Z,South Africa,710,Export,World,33,"Essential oils and resinoids; perfumery, cosmetic or toilet preparations",2022,661153599.803
2026-09-03T12:28:28Z,South Africa,710,Export,World,32,"Tanning or dyeing extracts; tannins and their derivatives; dyes, pigments and other colouring matter; paints, varnishes; putty, other mastics; inks",2022,349792231.279
2026-09-03T12:28:28Z,South Africa,710,Export,World,04,"Dairy produce; birds' eggs; natural honey; edible products of animal origin, not elsewhere specified or included",2022,265766771.887
2026-09-03T12:28:28Z,South Africa,710,Export,World,44,Wood and articles of wood; wood charcoal,2022,613720646.964
2026-09-03T12:28:28Z,South Africa,710,Export,World,40,Rubber and articles thereof,2022,521466787.401
2026-09-03T12:28:28Z,South Africa,710,Export,World,63,"Textiles, made up articles; sets; worn clothing and worn textile articles; rags",2022,166913087.864
2026-09-03T12:28:28Z,South Africa,710,Export,World,95,"Toys, games and sports requisites; parts and accessories thereof",2022,71454166.976
2026-09-03T12:28:28Z,South Africa,710,Export,World,83,Metal; miscellaneous products of base metal,2022,156735266.424
2026-09-03T12:28:28Z,South Africa,710,Export,World,08,"Fruit and nuts, edible; peel of citrus fruit or melons",2022,4438258381.001
2026-09-03T12:28:28Z,South Africa,710,Export,World,29,Organic chemicals,2022,1329098092.356
2026-09-03T12:28:28Z,South Africa,710,Export,World,55,Man-made staple fibres,2022,84149136.03
2026-09-03T12:28:28Z,South Africa,710,Export,World,35,Albuminoidal substances; modified starches; glues; enzymes,2022,88297489.24
2026-09-03T12:28:28Z,South Africa,710,Export,World,16,"Meat, fish, crustaceans, molluscs or other aquatic invertebrates, or insects; preparations thereof",2022,112420392.78
2026-09-03T12:28:28Z,South Africa,710,Export,World,09,"Coffee, tea, mate and spices",2022,131687195.154
2026-09-03T12:28:28Z,South Africa,710,Export,World,86,"Railway, tramway locomotives, rolling-stock and parts thereof; railway or tramway track fixtures and fittings and parts thereof; mechanical (including electro-mechanical) traffic signalling equipment of all kinds",2022,184851902.139
2026-09-03T12:28:28Z,South Africa,710,Export,World,60,Fabrics; knitted or crocheted,2022,25567032.81
2026-09-03T12:28:28Z,South Africa,710,Export,World,68,"Stone, plaster, cement, asbestos, mica or similar materials; articles thereof",2022,157498409.104
2026-09-03T12:28:28Z,South Africa,710,Export,World,58,"Fabrics; special woven fabrics, tufted textile fabrics, lace, tapestries, trimmings, embroidery",2022,21876020.694
2026-09-03T12:28:28Z,South Africa,710,Export,World,69,Ceramic products,2022,159943899.009
2026-09-03T12:28:28Z,South Africa,710,Export,World,96,Miscellaneous manufactured articles,2022,175853779.442
2026-09-03T12:28:28Z,South Africa,710,Export,World,79,Zinc and articles thereof,2022,7593820.086
2026-09-03T12:28:28Z,South Africa,710,Export,World,27,"Mineral fuels, mineral oils and products of their distillation; bituminous substances; mineral waxes",2022,17373247653.604
2026-09-03T12:28:28Z,South Africa,710,Export,World,37,Photographic or cinematographic goods,2022,9084941.462
2026-09-03T12:28:28Z,South Africa,710,Export,World,20,"Preparations of vegetables, fruit, nuts or other parts of plants",2022,694077963.85
2026-09-03T12:28:28Z,South Africa,710,Export,World,10,Cereals,2022,1524925632.869
2026-09-03T12:28:28Z,South Africa,710,Export,World,88,"Aircraft, spacecraft, and parts thereof",2022,303906441.158
2026-09-03T12:28:28Z,South Africa,710,Export,World,61,Apparel and clothing accessories; knitted or crocheted,2022,210050520.917
2026-09-03T12:28:28Z,South Africa,710,Export,World,26,"Ores, slag and ash",2022,16043005678.734
2026-09-03T12:28:28Z,South Africa,710,Export,World,87,"Vehicles; other than railway or tramway rolling stock, and parts and accessories thereof",2022,11070354250.323
2026-09-03T12:28:28Z,South Africa,710,Export,World,89,"Ships, boats and floating structures",2022,254235601.641
2026-09-03T12:28:28Z,South Africa,710,Export,World,14,Vegetable plaiting materials; vegetable products not elsewhere specified or included,2022,8461580.846
2026-09-03T12:28:28Z,South Africa,710,Export,World,62,Apparel and clothing accessories; not knitted or crocheted,2022,202953533.29
2026-09-03T12:28:28Z,South Africa,710,Export,World,85,"Electrical machinery and equipment and parts thereof; sound recorders and reproducers; television image and sound recorders and reproducers, parts and accessories of such articles",2022,1879144712.452
2026-09-03T12:28:28Z,Eswatini,748,Export,World,01,Animals; live,2022,1039806.53
2026-09-03T12:28:28Z,Eswatini,748,Export,World,04,"Dairy produce; birds' eggs; natural honey; edible products of animal origin, not elsewhere specified or included",2022,492565.14
2026-09-03T12:28:28Z,Eswatini,748,Export,World,07,Vegetables and certain roots and tubers; edible,2022,332650.89
2026-09-03T12:28:28Z,Eswatini,748,Export,World,21,Miscellaneous edible preparations,2022,4390047.19
2026-09-03T12:28:28Z,Eswatini,748,Export,World,24,"Tobacco and manufactured tobacco substitutes; products, whether or not containing nicotine, intended for inhalation without combustion; other nicotine containing products intended for the intake of nicotine into the human body",2022,2551.84
2026-09-03T12:28:28Z,Eswatini,748,Export,World,27,"Mineral fuels, mineral oils and products of their distillation; bituminous substances; mineral waxes",2022,55699655.11
2026-09-03T12:28:28Z,Eswatini,748,Export,World,44,Wood and articles of wood; wood charcoal,2022,138121436.15
2026-09-03T12:28:28Z,Eswatini,748,Export,World,47,Pulp of wood or other fibrous cellulosic material; recovered (waste and scrap) paper or paperboard,2022,584014.97
2026-09-03T12:28:28Z,Eswatini,748,Export,World,64,Footwear; gaiters and the like; parts of such articles,2022,38472.72
2026-09-03T12:28:28Z,Eswatini,748,Export,World,67,"Feathers and down, prepared; and articles made of feather or of down; artificial flowers; articles of human hair",2022,43516.88
2026-09-03T12:28:28Z,Eswatini,748,Export,World,85,"Electrical machinery and equipment and parts thereof; sound recorders and reproducers; television image and sound recorders and reproducers, parts and accessories of such articles",2022,1777426.83
2026-09-03T12:28:28Z,Eswatini,748,Export,World,88,"Aircraft, spacecraft, and parts thereof",2022,59909.24
2026-09-03T12:28:28Z,Eswatini,748,Export,World,91,Clocks and watches and parts thereof,2022,2605.9
2026-09-03T12:28:28Z,Eswatini,748,Export,World,11,"Products of the milling industry; malt, starches, inulin, wheat gluten",2022,899130.97
2026-09-03T12:28:28Z,Eswatini,748,Export,World,14,Vegetable plaiting materials; vegetable products not elsewhere specified or included,2022,681639.96
2026-09-03T12:28:28Z,Eswatini,748,Export,World,17,Sugars and sugar confectionery,2022,395680857.13
2026-09-03T12:28:28Z,Eswatini,748,Export,World,31,Fertilizers,2022,1566714.23
2026-09-03T12:28:28Z,Eswatini,748,Export,World,34,"Soap, organic surface-active agents; washing, lubricating, polishing or scouring preparations; artificial or prepared waxes, candles and similar articles, modelling pastes, dental waxes and dental preparations with a basis of plaster",2022,380098.74
2026-09-03T12:28:28Z,Eswatini,748,Export,World,37,Photographic or cinematographic goods,2022,543.78
2026-09-03T12:28:28Z,Eswatini,748,Export,World,54,Man-made filaments; strip and the like of man-made textile materials,2022,1631290.19
2026-09-03T12:28:28Z,Eswatini,748,Export,World,57,Carpets and other textile floor coverings,2022,188759.6
2026-09-03T12:28:28Z,Eswatini,748,Export,World,74,Copper and articles thereof,2022,1220506.93
2026-09-03T12:28:28Z,Eswatini,748,Export,World,78,Lead and articles thereof,2022,22478.98
2026-09-03T12:28:28Z,Eswatini,748,Export,World,81,"Metals; n.e.c., cermets and articles thereof",2022,4161.62
2026-09-03T12:28:28Z,Eswatini,748,Export,World,95,"Toys, games and sports requisites; parts and accessories thereof",2022,15337.12
2026-09-03T12:28:28Z,Eswatini,748,Export,World,10,Cereals,2022,141851.45
2026-09-03T12:28:28Z,Eswatini,748,Export,World,13,"Lac; gums, resins and other vegetable saps and extracts",2022,852394.48
2026-09-03T12:28:28Z,Eswatini,748,Export,World,30,Pharmaceutical products,2022,412619.54
2026-09-03T12:28:28Z,Eswatini,748,Export,World,33,"Essential oils and resinoids; perfumery, cosmetic or toilet preparations",2022,589090774.8
2026-09-03T12:28:28Z,Eswatini,748,Export,World,50,Silk,2022,19176.98
2026-09-03T12:28:28Z,Eswatini,748,Export,World,53,Vegetable textile fibres; paper yarn and woven fabrics of paper yarn,2022,460.06
2026-09-03T12:28:28Z,Eswatini,748,Export,World,56,"Wadding, felt and nonwovens, special yarns; twine, cordage, ropes and cables and articles thereof",2022,5602.28
2026-09-03T12:28:28Z,Eswatini,748,Export,World,70,Glass and glassware,2022,1426210.03
2026-09-03T12:28:28Z,Eswatini,748,Export,World,73,Iron or steel articles,2022,2038713.26
2026-09-03T12:28:28Z,Eswatini,748,Export,World,76,Aluminium and articles thereof,2022,520372.95
2026-09-03T12:28:28Z,Eswatini,748,Export,World,94,"Furniture; bedding, mattresses, mattress supports, cushions and similar stuffed furnishings; lamps and lighting fittings, n.e.c.; illuminated signs, illuminated name-plates and the like; prefabricated buildings",2022,137452.44
2026-09-03T12:28:28Z,Eswatini,748,Export,World,97,Works of art; collectors' pieces and antiques,2022,2999.06
2026-09-03T12:28:28Z,Eswatini,748,Export,World,02,Meat and edible meat offal,2022,3639738.88
2026-09-03T12:28:28Z,Eswatini,748,Export,World,05,Animal originated products; not elsewhere specified or included,2022,190.57
2026-09-03T12:28:28Z,Eswatini,748,Export,World,06,"Trees and other plants, live; bulbs, roots and the like; cut flowers and ornamental foliage",2022,29143.25
2026-09-03T12:28:28Z,Eswatini,748,Export,World,08,"Fruit and nuts, edible; peel of citrus fruit or melons",2022,13984602.81
2026-09-03T12:28:28Z,Eswatini,748,Export,World,09,"Coffee, tea, mate and spices",2022,23739.11
2026-09-03T12:28:28Z,Eswatini,748,Export,World,12,"Oil seeds and oleaginous fruits; miscellaneous grains, seeds and fruit, industrial or medicinal plants; straw and fodder",2022,449227.68
2026-09-03T12:28:28Z,Eswatini,748,Export,World,16,"Meat, fish, crustaceans, molluscs or other aquatic invertebrates, or insects; preparations thereof",2022,5606.2
2026-09-03T12:28:28Z,Eswatini,748,Export,World,19,"Preparations of cereals, flour, starch or milk; pastrycooks' products",2022,22687248.8
2026-09-03T12:28:28Z,Eswatini,748,Export,World,20,"Preparations of vegetables, fruit, nuts or other parts of plants",2022,38272009.49
2026-09-03T12:28:28Z,Eswatini,748,Export,World,22,"Beverages, spirits and vinegar",2022,50908243.91
2026-09-03T12:28:28Z,Eswatini,748,Export,World,23,"Food industries, residues and wastes thereof; prepared animal fodder",2022,25447958.58
2026-09-03T12:28:28Z,Eswatini,748,Export,World,25,"Salt; sulphur; earths, stone; plastering materials, lime and cement",2022,4674.06
2026-09-03T12:28:28Z,Eswatini,748,Export,World,26,"Ores, slag and ash",2022,1.17
2026-09-03T12:28:28Z,Eswatini,748,Export,World,28,"Inorganic chemicals; organic and inorganic compounds of precious metals; of rare earth metals, of radio-active elements and of isotopes",2022,4295371.29
2026-09-03T12:28:28Z,Eswatini,748,Export,World,29,Organic chemicals,2022,19180327.23
2026-09-03T12:28:28Z,Eswatini,748,Export,World,32,"Tanning or dyeing extracts; tannins and their derivatives; dyes, pigments and other colouring matter; paints, varnishes; putty, other mastics; inks",2022,3398790.38
2026-09-03T12:28:28Z,Eswatini,748,Export,World,39,Plastics and articles thereof,2022,8704214.57
2026-09-03T12:28:28Z,Eswatini,748,Export,World,40,Rubber and articles thereof,2022,963203.93
2026-09-03T12:28:28Z,Eswatini,748,Export,World,42,"Articles of leather; saddlery and harness; travel goods, handbags and similar containers; articles of animal gut (other than silk-worm gut)",2022,42434.78
2026-09-03T12:28:28Z,Eswatini,748,Export,World,43,Furskins and artificial fur; manufactures thereof,2022,20465.33
2026-09-03T12:28:28Z,Eswatini,748,Export,World,46,"Manufactures of straw, esparto or other plaiting materials; basketware and wickerwork",2022,521351.24
2026-09-03T12:28:28Z,Eswatini,748,Export,World,48,"Paper and paperboard; articles of paper pulp, of paper or paperboard",2022,12303498.05
2026-09-03T12:28:28Z,Eswatini,748,Export,World,49,"Printed books, newspapers, pictures and other products of the printing industry; manuscripts, typescripts and plans",2022,6290461.49
2026-09-03T12:28:28Z,Eswatini,748,Export,World,51,"Wool, fine or coarse animal hair; horsehair yarn and woven fabric",2022,95604.39
2026-09-03T12:28:28Z,Eswatini,748,Export,World,52,Cotton,2022,998632.47
2026-09-03T12:28:28Z,Eswatini,748,Export,World,59,"Textile fabrics; impregnated, coated, covered or laminated; textile articles of a kind suitable for industrial use",2022,559894.39
2026-09-03T12:28:28Z,Eswatini,748,Export,World,60,Fabrics; knitted or crocheted,2022,17937150.74
2026-09-03T12:28:28Z,Eswatini,748,Export,World,62,Apparel and clothing accessories; not knitted or crocheted,2022,153096165.34
2026-09-03T12:28:28Z,Eswatini,748,Export,World,63,"Textiles, made up articles; sets; worn clothing and worn textile articles; rags",2022,20681578.09
2026-09-03T12:28:28Z,Eswatini,748,Export,World,65,Headgear and parts thereof,2022,118634.92
2026-09-03T12:28:28Z,Eswatini,748,Export,World,66,"Umbrellas, sun umbrellas, walking-sticks, seat sticks, whips, riding crops; and parts thereof",2022,7865.88
2026-09-03T12:28:28Z,Eswatini,748,Export,World,68,"Stone, plaster, cement, asbestos, mica or similar materials; articles thereof",2022,122448.36
2026-09-03T12:28:28Z,Eswatini,748,Export,World,69,Ceramic products,2022,31983.01
2026-09-03T12:28:28Z,Eswatini,748,Export,World,71,"Natural, cultured pearls; precious, semi-precious stones; precious metals, metals clad with precious metal, and articles thereof; imitation jewellery; coin",2022,312814.6
2026-09-03T12:28:28Z,Eswatini,748,Export,World,72,Iron and steel,2022,6926533.99
2026-09-03T12:28:28Z,Eswatini,748,Export,World,83,Metal; miscellaneous products of base metal,2022,254899.46
2026-09-03T12:28:28Z,Eswatini,748,Export,World,84,"Machinery and mechanical appliances, boilers, nuclear reactors; parts thereof",2022,27826911.31
2026-09-03T12:28:28Z,Eswatini,748,Export,World,86,"Railway, tramway locomotives, rolling-stock and parts thereof; railway or tramway track fixtures and fittings and parts thereof; mechanical (including electro-mechanical) traffic signalling equipment of all kinds",2022,38674.53
2026-09-03T12:28:28Z,Eswatini,748,Export,World,87,"Vehicles; other than railway or tramway rolling stock, and parts and accessories thereof",2022,7369456.74
2026-09-03T12:28:28Z,Eswatini,748,Export,World,89,"Ships, boats and floating structures",2022,74174.33
2026-09-03T12:28:28Z,Eswatini,748,Export,World,90,"Optical, photographic, cinematographic, measuring, checking, medical or surgical instruments and apparatus; parts and accessories",2022,497062.36
2026-09-03T12:28:28Z,Eswatini,748,Export,World,92,Musical instruments; parts and accessories of such articles,2022,8777.48
2026-09-03T12:28:28Z,Eswatini,748,Export,World,93,Arms and ammunition; parts and accessories thereof,2022,63.51
2026-09-03T12:28:28Z,Eswatini,748,Export,World,96,Miscellaneous manufactured articles,2022,11503891.39
2026-09-03T12:28:28Z,Eswatini,748,Export,World,99,Commodities not specified according to kind,2022,541342.11
2026-09-03T12:28:28Z,Eswatini,748,Export,World,15,"Animal, vegetable or microbial fats and oils and their cleavage products; prepared edible fats; animal or vegetable waxes",2022,169629.73
2026-09-03T12:28:28Z,Eswatini,748,Export,World,18,Cocoa and cocoa preparations,2022,4975.99
2026-09-03T12:28:28Z,Eswatini,748,Export,World,35,Albuminoidal substances; modified starches; glues; enzymes,2022,3235326.6
2026-09-03T12:28:28Z,Eswatini,748,Export,World,38,Chemical products n.e.c.,2022,264113982.14
2026-09-03T12:28:28Z,Eswatini,748,Export,World,41,Raw hides and skins (other than furskins) and leather,2022,161400.83
2026-09-03T12:28:28Z,Eswatini,748,Export,World,55,Man-made staple fibres,2022,135304.17
2026-09-03T12:28:28Z,Eswatini,748,Export,World,58,"Fabrics; special woven fabrics, tufted textile fabrics, lace, tapestries, trimmings, embroidery",2022,618286.11
2026-09-03T12:28:28Z,Eswatini,748,Export,World,61,Apparel and clothing accessories; knitted or crocheted,2022,62349617.09
2026-09-03T12:28:28Z,Eswatini,748,Export,World,79,Zinc and articles thereof,2022,5003.35
2026-09-03T12:28:28Z,Eswatini,748,Export,World,82,"Tools, implements, cutlery, spoons and forks, of base metal; parts thereof, of base metal",2022,101879.66
2026-09-03T12:28:28Z,Botswana,72,Export,World,73,Iron or steel articles,2023,4950625.776
2026-09-03T12:28:28Z,Botswana,72,Export,World,76,Aluminium and articles thereof,2023,4539417.931
2026-09-03T12:28:28Z,Botswana,72,Export,World,94,"Furniture; bedding, mattresses, mattress supports, cushions and similar stuffed furnishings; lamps and lighting fittings, n.e.c.; illuminated signs, illuminated name-plates and the like; prefabricated buildings",2023,3683804.681
2026-09-03T12:28:28Z,Botswana,72,Export,World,97,Works of art; collectors' pieces and antiques,2023,29706.772
2026-09-03T12:28:28Z,Botswana,72,Export,World,10,Cereals,2023,839478.162
2026-09-03T12:28:28Z,Botswana,72,Export,World,13,"Lac; gums, resins and other vegetable saps and extracts",2023,2948.152
2026-09-03T12:28:28Z,Botswana,72,Export,World,33,"Essential oils and resinoids; perfumery, cosmetic or toilet preparations",2023,1070375.987
2026-09-03T12:28:28Z,Botswana,72,Export,World,36,Explosives; pyrotechnic products; matches; pyrophoric alloys; certain combustible preparations,2023,693.028
2026-09-03T12:28:28Z,Botswana,72,Export,World,50,Silk,2023,601.461
2026-09-03T12:28:28Z,Botswana,72,Export,World,53,Vegetable textile fibres; paper yarn and woven fabrics of paper yarn,2023,9.194
2026-09-03T12:28:28Z,Botswana,72,Export,World,56,"Wadding, felt and nonwovens, special yarns; twine, cordage, ropes and cables and articles thereof",2023,163635.099
2026-09-03T12:28:28Z,Botswana,72,Export,World,44,Wood and articles of wood; wood charcoal,2023,1127203.208
2026-09-03T12:28:28Z,Botswana,72,Export,World,67,"Feathers and down, prepared; and articles made of feather or of down; artificial flowers; articles of human hair",2023,6440.656
2026-09-03T12:28:28Z,Botswana,72,Export,World,11,"Products of the milling industry; malt, starches, inulin, wheat gluten",2023,4013904.521
2026-09-03T12:28:28Z,Botswana,72,Export,World,14,Vegetable plaiting materials; vegetable products not elsewhere specified or included,2023,123.338
2026-09-03T12:28:28Z,Botswana,72,Export,World,31,Fertilizers,2023,964862.799
2026-09-03T12:28:28Z,Botswana,72,Export,World,54,Man-made filaments; strip and the like of man-made textile materials,2023,1239.631
2026-09-03T12:28:28Z,Botswana,72,Export,World,74,Copper and articles thereof,2023,6820485.216
2026-09-03T12:28:28Z,Botswana,72,Export,World,78,Lead and articles thereof,2023,3353826.389
2026-09-03T12:28:28Z,Botswana,72,Export,World,79,Zinc and articles thereof,2023,23037.303
2026-09-03T12:28:28Z,Botswana,72,Export,World,15,"Animal, vegetable or microbial fats and oils and their cleavage products; prepared edible fats; animal or vegetable waxes",2023,1055468.56
2026-09-03T12:28:28Z,Botswana,72,Export,World,18,Cocoa and cocoa preparations,2023,4977.44
2026-09-03T12:28:28Z,Botswana,72,Export,World,41,Raw hides and skins (other than furskins) and leather,2023,1287692.495
2026-09-03T12:28:28Z,Botswana,72,Export,World,55,Man-made staple fibres,2023,3575.132
2026-09-03T12:28:28Z,Botswana,72,Export,World,58,"Fabrics; special woven fabrics, tufted textile fabrics, lace, tapestries, trimmings, embroidery",2023,2396443.434
2026-09-03T12:28:28Z,Botswana,72,Export,World,70,Glass and glassware,2023,379976.909
2026-09-03T12:28:28Z,Botswana,72,Export,World,88,"Aircraft, spacecraft, and parts thereof",2023,4956454.311
2026-09-03T12:28:28Z,Botswana,72,Export,World,01,Animals; live,2023,45727525.564
2026-09-03T12:28:28Z,Botswana,72,Export,World,04,"Dairy produce; birds' eggs; natural honey; edible products of animal origin, not elsewhere specified or included",2023,182638.507
2026-09-03T12:28:28Z,Botswana,72,Export,World,21,Miscellaneous edible preparations,2023,1870831.169
2026-09-03T12:28:28Z,Botswana,72,Export,World,24,"Tobacco and manufactured tobacco substitutes; products, whether or not containing nicotine, intended for inhalation without combustion; other nicotine containing products intended for the intake of nicotine into the human body",2023,2299579.989
2026-09-03T12:28:28Z,Botswana,72,Export,World,02,Meat and edible meat offal,2023,23733917.267
2026-09-03T12:28:28Z,Botswana,72,Export,World,05,Animal originated products; not elsewhere specified or included,2023,15563.915
2026-09-03T12:28:28Z,Botswana,72,Export,World,06,"Trees and other plants, live; bulbs, roots and the like; cut flowers and ornamental foliage",2023,161856.744
2026-09-03T12:28:28Z,Botswana,72,Export,World,12,"Oil seeds and oleaginous fruits; miscellaneous grains, seeds and fruit, industrial or medicinal plants; straw and fodder",2023,4562962.277
2026-09-03T12:28:28Z,Botswana,72,Export,World,16,"Meat, fish, crustaceans, molluscs or other aquatic invertebrates, or insects; preparations thereof",2023,116505.142
2026-09-03T12:28:28Z,Botswana,72,Export,World,19,"Preparations of cereals, flour, starch or milk; pastrycooks' products",2023,2173987.151
2026-09-03T12:28:28Z,Botswana,72,Export,World,20,"Preparations of vegetables, fruit, nuts or other parts of plants",2023,979855.378
2026-09-03T12:28:28Z,Botswana,72,Export,World,26,"Ores, slag and ash",2023,507903421.548
2026-09-03T12:28:28Z,Botswana,72,Export,World,29,Organic chemicals,2023,130056.141
2026-09-03T12:28:28Z,Botswana,72,Export,World,32,"Tanning or dyeing extracts; tannins and their derivatives; dyes, pigments and other colouring matter; paints, varnishes; putty, other mastics; inks",2023,939998.832
2026-09-03T12:28:28Z,Botswana,72,Export,World,40,Rubber and articles thereof,2023,786418.511
2026-09-03T12:28:28Z,Botswana,72,Export,World,43,Furskins and artificial fur; manufactures thereof,2023,11663.027
2026-09-03T12:28:28Z,Botswana,72,Export,World,45,Cork and articles of cork,2023,862.022
2026-09-03T12:28:28Z,Botswana,72,Export,World,46,"Manufactures of straw, esparto or other plaiting materials; basketware and wickerwork",2023,16704.068
2026-09-03T12:28:28Z,Botswana,72,Export,World,48,"Paper and paperboard; articles of paper pulp, of paper or paperboard",2023,2847634.822
2026-09-03T12:28:28Z,Botswana,72,Export,World,51,"Wool, fine or coarse animal hair; horsehair yarn and woven fabric",2023,3617.919
2026-09-03T12:28:28Z,Botswana,72,Export,World,52,Cotton,2023,128481.092
2026-09-03T12:28:28Z,Botswana,72,Export,World,59,"Textile fabrics; impregnated, coated, covered or laminated; textile articles of a kind suitable for industrial use",2023,31908.15
2026-09-03T12:28:28Z,Botswana,72,Export,World,60,Fabrics; knitted or crocheted,2023,556007.446
2026-09-03T12:28:28Z,Botswana,72,Export,World,63,"Textiles, made up articles; sets; worn clothing and worn textile articles; rags",2023,15360130.208
2026-09-03T12:28:28Z,Botswana,72,Export,World,65,Headgear and parts thereof,2023,92628.269
2026-09-03T12:28:28Z,Botswana,72,Export,World,66,"Umbrellas, sun umbrellas, walking-sticks, seat sticks, whips, riding crops; and parts thereof",2023,10557.708
2026-09-03T12:28:28Z,Botswana,72,Export,World,68,"Stone, plaster, cement, asbestos, mica or similar materials; articles thereof",2023,6189821.532
2026-09-03T12:28:28Z,Botswana,72,Export,World,69,Ceramic products,2023,125254.612
2026-09-03T12:28:28Z,Botswana,72,Export,World,72,Iron and steel,2023,16296005.421
2026-09-03T12:28:28Z,Botswana,72,Export,World,75,Nickel and articles thereof,2023,4782433.124
2026-09-03T12:28:28Z,Botswana,72,Export,World,80,Tin; articles thereof,2023,770.793
2026-09-03T12:28:28Z,Botswana,72,Export,World,83,Metal; miscellaneous products of base metal,2023,180276.492
2026-09-03T12:28:28Z,Botswana,72,Export,World,86,"Railway, tramway locomotives, rolling-stock and parts thereof; railway or tramway track fixtures and fittings and parts thereof; mechanical (including electro-mechanical) traffic signalling equipment of all kinds",2023,4928509.861
2026-09-03T12:28:28Z,Botswana,72,Export,World,89,"Ships, boats and floating structures",2023,836738.223
2026-09-03T12:28:28Z,Botswana,72,Export,World,93,Arms and ammunition; parts and accessories thereof,2023,14220.406
2026-09-03T12:28:28Z,Botswana,72,Export,World,99,Commodities not specified according to kind,2023,2152428.846
2026-09-03T12:28:28Z,Botswana,72,Export,World,30,Pharmaceutical products,2023,11928338.911
2026-09-03T12:28:28Z,Botswana,72,Export,World,47,Pulp of wood or other fibrous cellulosic material; recovered (waste and scrap) paper or paperboard,2023,879960.211
2026-09-03T12:28:28Z,Botswana,72,Export,World,64,Footwear; gaiters and the like; parts of such articles,2023,8962122.004
2026-09-03T12:28:28Z,Botswana,72,Export,World,17,Sugars and sugar confectionery,2023,332215.69
2026-09-03T12:28:28Z,Botswana,72,Export,World,34,"Soap, organic surface-active agents; washing, lubricating, polishing or scouring preparations; artificial or prepared waxes, candles and similar articles, modelling pastes, dental waxes and dental preparations with a basis of plaster",2023,858729.207
2026-09-03T12:28:28Z,Botswana,72,Export,World,37,Photographic or cinematographic goods,2023,4319.655
2026-09-03T12:28:28Z,Botswana,72,Export,World,57,Carpets and other textile floor coverings,2023,47452.566
2026-09-03T12:28:28Z,Botswana,72,Export,World,95,"Toys, games and sports requisites; parts and accessories thereof",2023,77068.157
2026-09-03T12:28:28Z,Botswana,72,Export,World,82,"Tools, implements, cutlery, spoons and forks, of base metal; parts thereof, of base metal",2023,819108.41
2026-09-03T12:28:28Z,Botswana,72,Export,World,35,Albuminoidal substances; modified starches; glues; enzymes,2023,113896.178
2026-09-03T12:28:28Z,Botswana,72,Export,World,38,Chemical products n.e.c.,2023,580270.224
2026-09-03T12:28:28Z,Botswana,72,Export,World,61,Apparel and clothing accessories; knitted or crocheted,2023,2704510.625
2026-09-03T12:28:28Z,Botswana,72,Export,World,85,"Electrical machinery and equipment and parts thereof; sound recorders and reproducers; television image and sound recorders and reproducers, parts and accessories of such articles",2023,181427017.419
2026-09-03T12:28:28Z,Botswana,72,Export,World,91,Clocks and watches and parts thereof,2023,10692.869
2026-09-03T12:28:28Z,Botswana,72,Export,World,27,"Mineral fuels, mineral oils and products of their distillation; bituminous substances; mineral waxes",2023,36738787.257
2026-09-03T12:28:28Z,Botswana,72,Export,World,03,"Fish and crustaceans, molluscs and other aquatic invertebrates",2023,2381249.926
2026-09-03T12:28:28Z,Botswana,72,Export,World,08,"Fruit and nuts, edible; peel of citrus fruit or melons",2023,27549.431
2026-09-03T12:28:28Z,Botswana,72,Export,World,09,"Coffee, tea, mate and spices",2023,21335.392
2026-09-03T12:28:28Z,Botswana,72,Export,World,22,"Beverages, spirits and vinegar",2023,1956452.761
2026-09-03T12:28:28Z,Botswana,72,Export,World,23,"Food industries, residues and wastes thereof; prepared animal fodder",2023,5040437.571
2026-09-03T12:28:28Z,Botswana,72,Export,World,25,"Salt; sulphur; earths, stone; plastering materials, lime and cement",2023,25180180.306
2026-09-03T12:28:28Z,Botswana,72,Export,World,28,"Inorganic chemicals; organic and inorganic compounds of precious metals; of rare earth metals, of radio-active elements and of isotopes",2023,56491049.804
2026-09-03T12:28:28Z,Botswana,72,Export,World,39,Plastics and articles thereof,2023,34029780.625
2026-09-03T12:28:28Z,Botswana,72,Export,World,42,"Articles of leather; saddlery and harness; travel goods, handbags and similar containers; articles of animal gut (other than silk-worm gut)",2023,2364158.345
2026-09-03T12:28:28Z,Botswana,72,Export,World,49,"Printed books, newspapers, pictures and other products of the printing industry; manuscripts, typescripts and plans",2023,110556.533
2026-09-03T12:28:28Z,Botswana,72,Export,World,62,Apparel and clothing accessories; not knitted or crocheted,2023,5959296.254
2026-09-03T12:28:28Z,Botswana,72,Export,World,84,"Machinery and mechanical appliances, boilers, nuclear reactors; parts thereof",2023,40610619.804
2026-09-03T12:28:28Z,Botswana,72,Export,World,87,"Vehicles; other than railway or tramway rolling stock, and parts and accessories thereof",2023,27429847.586
2026-09-03T12:28:28Z,Botswana,72,Export,World,90,"Optical, photographic, cinematographic, measuring, checking, medical or surgical instruments and apparatus; parts and accessories",2023,5384954.336
2026-09-03T12:28:28Z,Botswana,72,Export,World,96,Miscellaneous manufactured articles,2023,107116.229
2026-09-03T12:28:28Z,Botswana,72,Export,World,81,"Metals; n.e.c., cermets and articles thereof",2023,309285.538
2026-09-03T12:28:28Z,Botswana,72,Export,World,07,Vegetables and certain roots and tubers; edible,2023,4618147.242
2026-09-03T12:28:28Z,Botswana,72,Export,World,71,"Natural, cultured pearls; precious, semi-precious stones; precious metals, metals clad with precious metal, and articles thereof; imitation jewellery; coin",2023,4357365454.981
2026-09-03T12:28:28Z,Botswana,72,Export,World,92,Musical instruments; parts and accessories of such articles,2023,15781.945
2026-09-03T12:28:28Z,Lesotho,426,Export,World,15,"Animal, vegetable or microbial fats and oils and their cleavage products; prepared edible fats; animal or vegetable waxes",2023,264462.463
2026-09-03T12:28:28Z,Lesotho,426,Export,World,18,Cocoa and cocoa preparations,2023,1509.609
2026-09-03T12:28:28Z,Lesotho,426,Export,World,35,Albuminoidal substances; modified starches; glues; enzymes,2023,633.937
2026-09-03T12:28:28Z,Lesotho,426,Export,World,38,Chemical products n.e.c.,2023,25279.815
2026-09-03T12:28:28Z,Lesotho,426,Export,World,41,Raw hides and skins (other than furskins) and leather,2023,68665.045
2026-09-03T12:28:28Z,Lesotho,426,Export,World,55,Man-made staple fibres,2023,299652.385
2026-09-03T12:28:28Z,Lesotho,426,Export,World,58,"Fabrics; special woven fabrics, tufted textile fabrics, lace, tapestries, trimmings, embroidery",2023,408444.833
2026-09-03T12:28:28Z,Lesotho,426,Export,World,61,Apparel and clothing accessories; knitted or crocheted,2023,181337594.726
2026-09-03T12:28:28Z,Lesotho,426,Export,World,82,"Tools, implements, cutlery, spoons and forks, of base metal; parts thereof, of base metal",2023,156322.867
2026-09-03T12:28:28Z,Lesotho,426,Export,World,11,"Products of the milling industry; malt, starches, inulin, wheat gluten",2023,17116221.424
2026-09-03T12:28:28Z,Lesotho,426,Export,World,17,Sugars and sugar confectionery,2023,33328.763
2026-09-03T12:28:28Z,Lesotho,426,Export,World,31,Fertilizers,2023,10.849
2026-09-03T12:28:28Z,Lesotho,426,Export,World,34,"Soap, organic surface-active agents; washing, lubricating, polishing or scouring preparations; artificial or prepared waxes, candles and similar articles, modelling pastes, dental waxes and dental preparations with a basis of plaster",2023,1680620.67
2026-09-03T12:28:28Z,Lesotho,426,Export,World,37,Photographic or cinematographic goods,2023,16.231
2026-09-03T12:28:28Z,Lesotho,426,Export,World,54,Man-made filaments; strip and the like of man-made textile materials,2023,279809.616
2026-09-03T12:28:28Z,Lesotho,426,Export,World,57,Carpets and other textile floor coverings,2023,4660.959
2026-09-03T12:28:28Z,Lesotho,426,Export,World,74,Copper and articles thereof,2023,32798.568
2026-09-03T12:28:28Z,Lesotho,426,Export,World,81,"Metals; n.e.c., cermets and articles thereof",2023,1069.517
2026-09-03T12:28:28Z,Lesotho,426,Export,World,95,"Toys, games and sports requisites; parts and accessories thereof",2023,10494.609
2026-09-03T12:28:28Z,Lesotho,426,Export,World,99,Commodities not specified according to kind,2023,390604.492
2026-09-03T12:28:28Z,Lesotho,426,Export,World,02,Meat and edible meat offal,2023,21045.922
2026-09-03T12:28:28Z,Lesotho,426,Export,World,03,"Fish and crustaceans, molluscs and other aquatic invertebrates",2023,8887160.423
2026-09-03T12:28:28Z,Lesotho,426,Export,World,05,Animal originated products; not elsewhere specified or included,2023,9.685
2026-09-03T12:28:28Z,Lesotho,426,Export,World,06,"Trees and other plants, live; bulbs, roots and the like; cut flowers and ornamental foliage",2023,426216.743
2026-09-03T12:28:28Z,Lesotho,426,Export,World,08,"Fruit and nuts, edible; peel of citrus fruit or melons",2023,2330572.689
2026-09-03T12:28:28Z,Lesotho,426,Export,World,09,"Coffee, tea, mate and spices",2023,1506744.334
2026-09-03T12:28:28Z,Lesotho,426,Export,World,12,"Oil seeds and oleaginous fruits; miscellaneous grains, seeds and fruit, industrial or medicinal plants; straw and fodder",2023,3405279.03
2026-09-03T12:28:28Z,Lesotho,426,Export,World,19,"Preparations of cereals, flour, starch or milk; pastrycooks' products",2023,2471378.565
2026-09-03T12:28:28Z,Lesotho,426,Export,World,20,"Preparations of vegetables, fruit, nuts or other parts of plants",2023,11079.471
2026-09-03T12:28:28Z,Lesotho,426,Export,World,22,"Beverages, spirits and vinegar",2023,75121758.487
2026-09-03T12:28:28Z,Lesotho,426,Export,World,23,"Food industries, residues and wastes thereof; prepared animal fodder",2023,2592045.86
2026-09-03T12:28:28Z,Lesotho,426,Export,World,25,"Salt; sulphur; earths, stone; plastering materials, lime and cement",2023,1111912.129
2026-09-03T12:28:28Z,Lesotho,426,Export,World,26,"Ores, slag and ash",2023,219.119
2026-09-03T12:28:28Z,Lesotho,426,Export,World,28,"Inorganic chemicals; organic and inorganic compounds of precious metals; of rare earth metals, of radio-active elements and of isotopes",2023,19.366
2026-09-03T12:28:28Z,Lesotho,426,Export,World,29,Organic chemicals,2023,16067.15
2026-09-03T12:28:28Z,Lesotho,426,Export,World,32,"Tanning or dyeing extracts; tannins and their derivatives; dyes, pigments and other colouring matter; paints, varnishes; putty, other mastics; inks",2023,14959.764
2026-09-03T12:28:28Z,Lesotho,426,Export,World,39,Plastics and articles thereof,2023,4650573.149
2026-09-03T12:28:28Z,Lesotho,426,Export,World,40,Rubber and articles thereof,2023,53481.412
2026-09-03T12:28:28Z,Lesotho,426,Export,World,42,"Articles of leather; saddlery and harness; travel goods, handbags and similar containers; articles of animal gut (other than silk-worm gut)",2023,466531.702
2026-09-03T12:28:28Z,Lesotho,426,Export,World,43,Furskins and artificial fur; manufactures thereof,2023,1.582
2026-09-03T12:28:28Z,Lesotho,426,Export,World,48,"Paper and paperboard; articles of paper pulp, of paper or paperboard",2023,3277759.118
2026-09-03T12:28:28Z,Lesotho,426,Export,World,49,"Printed books, newspapers, pictures and other products of the printing industry; manuscripts, typescripts and plans",2023,71192.633
2026-09-03T12:28:28Z,Lesotho,426,Export,World,51,"Wool, fine or coarse animal hair; horsehair yarn and woven fabric",2023,48096342.439
2026-09-03T12:28:28Z,Lesotho,426,Export,World,52,Cotton,2023,27090206.611
2026-09-03T12:28:28Z,Lesotho,426,Export,World,59,"Textile fabrics; impregnated, coated, covered or laminated; textile articles of a kind suitable for industrial use",2023,238602.525
2026-09-03T12:28:28Z,Lesotho,426,Export,World,60,Fabrics; knitted or crocheted,2023,1047310.962
2026-09-03T12:28:28Z,Lesotho,426,Export,World,62,Apparel and clothing accessories; not knitted or crocheted,2023,129068300.624
2026-09-03T12:28:28Z,Lesotho,426,Export,World,63,"Textiles, made up articles; sets; worn clothing and worn textile articles; rags",2023,33107394.884
2026-09-03T12:28:28Z,Lesotho,426,Export,World,65,Headgear and parts thereof,2023,817413.468
2026-09-03T12:28:28Z,Lesotho,426,Export,World,66,"Umbrellas, sun umbrellas, walking-sticks, seat sticks, whips, riding crops; and parts thereof",2023,505.246
2026-09-03T12:28:28Z,Lesotho,426,Export,World,68,"Stone, plaster, cement, asbestos, mica or similar materials; articles thereof",2023,45664.904
2026-09-03T12:28:28Z,Lesotho,426,Export,World,69,Ceramic products,2023,22181.272
2026-09-03T12:28:28Z,Lesotho,426,Export,World,71,"Natural, cultured pearls; precious, semi-precious stones; precious metals, metals clad with precious metal, and articles thereof; imitation jewellery; coin",2023,195783963.083
2026-09-03T12:28:28Z,Lesotho,426,Export,World,72,Iron and steel,2023,387954.441
2026-09-03T12:28:28Z,Lesotho,426,Export,World,83,Metal; miscellaneous products of base metal,2023,77619.796
2026-09-03T12:28:28Z,Lesotho,426,Export,World,84,"Machinery and mechanical appliances, boilers, nuclear reactors; parts thereof",2023,20021377.236
2026-09-03T12:28:28Z,Lesotho,426,Export,World,86,"Railway, tramway locomotives, rolling-stock and parts thereof; railway or tramway track fixtures and fittings and parts thereof; mechanical (including electro-mechanical) traffic signalling equipment of all kinds",2023,162462.443
2026-09-03T12:28:28Z,Lesotho,426,Export,World,87,"Vehicles; other than railway or tramway rolling stock, and parts and accessories thereof",2023,7082854.915
2026-09-03T12:28:28Z,Lesotho,426,Export,World,89,"Ships, boats and floating structures",2023,13448.845
2026-09-03T12:28:28Z,Lesotho,426,Export,World,90,"Optical, photographic, cinematographic, measuring, checking, medical or surgical instruments and apparatus; parts and accessories",2023,447407.009
2026-09-03T12:28:28Z,Lesotho,426,Export,World,92,Musical instruments; parts and accessories of such articles,2023,32554.606
2026-09-03T12:28:28Z,Lesotho,426,Export,World,93,Arms and ammunition; parts and accessories thereof,2023,248.876
2026-09-03T12:28:28Z,Lesotho,426,Export,World,96,Miscellaneous manufactured articles,2023,709956.113
2026-09-03T12:28:28Z,Lesotho,426,Export,World,10,Cereals,2023,89091.874
2026-09-03T12:28:28Z,Lesotho,426,Export,World,13,"Lac; gums, resins and other vegetable saps and extracts",2023,29.536
2026-09-03T12:28:28Z,Lesotho,426,Export,World,30,Pharmaceutical products,2023,276516.216
2026-09-03T12:28:28Z,Lesotho,426,Export,World,33,"Essential oils and resinoids; perfumery, cosmetic or toilet preparations",2023,1376751.901
2026-09-03T12:28:28Z,Lesotho,426,Export,World,50,Silk,2023,129.848
2026-09-03T12:28:28Z,Lesotho,426,Export,World,53,Vegetable textile fibres; paper yarn and woven fabrics of paper yarn,2023,1325805.208
2026-09-03T12:28:28Z,Lesotho,426,Export,World,56,"Wadding, felt and nonwovens, special yarns; twine, cordage, ropes and cables and articles thereof",2023,21644.866
2026-09-03T12:28:28Z,Lesotho,426,Export,World,70,Glass and glassware,2023,589767.606
2026-09-03T12:28:28Z,Lesotho,426,Export,World,73,Iron or steel articles,2023,2319129.037
2026-09-03T12:28:28Z,Lesotho,426,Export,World,76,Aluminium and articles thereof,2023,665419.559
2026-09-03T12:28:28Z,Lesotho,426,Export,World,94,"Furniture; bedding, mattresses, mattress supports, cushions and similar stuffed furnishings; lamps and lighting fittings, n.e.c.; illuminated signs, illuminated name-plates and the like; prefabricated buildings",2023,494758.909
2026-09-03T12:28:28Z,Lesotho,426,Export,World,97,Works of art; collectors' pieces and antiques,2023,294.0
2026-09-03T12:28:28Z,Lesotho,426,Export,World,67,"Feathers and down, prepared; and articles made of feather or of down; artificial flowers; articles of human hair",2023,12538.726
2026-09-03T12:28:28Z,Lesotho,426,Export,World,85,"Electrical machinery and equipment and parts thereof; sound recorders and reproducers; television image and sound recorders and reproducers, parts and accessories of such articles",2023,39050606.832
2026-09-03T12:28:28Z,Lesotho,426,Export,World,88,"Aircraft, spacecraft, and parts thereof",2023,1439.326
2026-09-03T12:28:28Z,Lesotho,426,Export,World,91,Clocks and watches and parts thereof,2023,3066.812
2026-09-03T12:28:28Z,Lesotho,426,Export,World,01,Animals; live,2023,170339.337
2026-09-03T12:28:28Z,Lesotho,426,Export,World,04,"Dairy produce; birds' eggs; natural honey; edible products of animal origin, not elsewhere specified or included",2023,28740.243
2026-09-03T12:28:28Z,Lesotho,426,Export,World,07,Vegetables and certain roots and tubers; edible,2023,91944.841
2026-09-03T12:28:28Z,Lesotho,426,Export,World,21,Miscellaneous edible preparations,2023,225157.006
2026-09-03T12:28:28Z,Lesotho,426,Export,World,27,"Mineral fuels, mineral oils and products of their distillation; bituminous substances; mineral waxes",2023,199876.992
2026-09-03T12:28:28Z,Lesotho,426,Export,World,44,Wood and articles of wood; wood charcoal,2023,403913.78
2026-09-03T12:28:28Z,Lesotho,426,Export,World,47,Pulp of wood or other fibrous cellulosic material; recovered (waste and scrap) paper or paperboard,2023,150210.301
2026-09-03T12:28:28Z,Lesotho,426,Export,World,64,Footwear; gaiters and the like; parts of such articles,2023,9603186.162
2026-09-03T12:28:28Z,Namibia,516,Export,World,68,"Stone, plaster, cement, asbestos, mica or similar materials; articles thereof",2023,15359055.248
2026-09-03T12:28:28Z,Namibia,516,Export,World,47,Pulp of wood or other fibrous cellulosic material; recovered (waste and scrap) paper or paperboard,2023,1486626.109
2026-09-03T12:28:28Z,Namibia,516,Export,World,20,"Preparations of vegetables, fruit, nuts or other parts of plants",2023,506173.121
2026-09-03T12:28:28Z,Namibia,516,Export,World,19,"Preparations of cereals, flour, starch or milk; pastrycooks' products",2023,28105567.772
2026-09-03T12:28:28Z,Namibia,516,Export,World,51,"Wool, fine or coarse animal hair; horsehair yarn and woven fabric",2023,40773.323
2026-09-03T12:28:28Z,Namibia,516,Export,World,10,Cereals,2023,922777.071
2026-09-03T12:28:28Z,Namibia,516,Export,World,23,"Food industries, residues and wastes thereof; prepared animal fodder",2023,14410991.059
2026-09-03T12:28:28Z,Namibia,516,Export,World,04,"Dairy produce; birds' eggs; natural honey; edible products of animal origin, not elsewhere specified or included",2023,3298100.875
2026-09-03T12:28:28Z,Namibia,516,Export,World,24,"Tobacco and manufactured tobacco substitutes; products, whether or not containing nicotine, intended for inhalation without combustion; other nicotine containing products intended for the intake of nicotine into the human body",2023,1407465.122
2026-09-03T12:28:28Z,Namibia,516,Export,World,66,"Umbrellas, sun umbrellas, walking-sticks, seat sticks, whips, riding crops; and parts thereof",2023,8527.381
2026-09-03T12:28:28Z,Namibia,516,Export,World,52,Cotton,2023,22852.965
2026-09-03T12:28:28Z,Namibia,516,Export,World,60,Fabrics; knitted or crocheted,2023,9317.499
2026-09-03T12:28:28Z,Namibia,516,Export,World,03,"Fish and crustaceans, molluscs and other aquatic invertebrates",2023,792080494.238
2026-09-03T12:28:28Z,Namibia,516,Export,World,05,Animal originated products; not elsewhere specified or included,2023,1190176.767
2026-09-03T12:28:28Z,Namibia,516,Export,World,35,Albuminoidal substances; modified starches; glues; enzymes,2023,377730.453
2026-09-03T12:28:28Z,Namibia,516,Export,World,46,"Manufactures of straw, esparto or other plaiting materials; basketware and wickerwork",2023,26647.57
2026-09-03T12:28:28Z,Namibia,516,Export,World,55,Man-made staple fibres,2023,209789.958
2026-09-03T12:28:28Z,Namibia,516,Export,World,69,Ceramic products,2023,889211.247
2026-09-03T12:28:28Z,Namibia,516,Export,World,34,"Soap, organic surface-active agents; washing, lubricating, polishing or scouring preparations; artificial or prepared waxes, candles and similar articles, modelling pastes, dental waxes and dental preparations with a basis of plaster",2023,13899316.705
2026-09-03T12:28:28Z,Namibia,516,Export,World,67,"Feathers and down, prepared; and articles made of feather or of down; artificial flowers; articles of human hair",2023,62410.097
2026-09-03T12:28:28Z,Namibia,516,Export,World,22,"Beverages, spirits and vinegar",2023,53009165.283
2026-09-03T12:28:28Z,Namibia,516,Export,World,12,"Oil seeds and oleaginous fruits; miscellaneous grains, seeds and fruit, industrial or medicinal plants; straw and fodder",2023,6850998.175
2026-09-03T12:28:28Z,Namibia,516,Export,World,74,Copper and articles thereof,2023,255369543.419
2026-09-03T12:28:28Z,Namibia,516,Export,World,17,Sugars and sugar confectionery,2023,13845085.981
2026-09-03T12:28:28Z,Namibia,516,Export,World,41,Raw hides and skins (other than furskins) and leather,2023,8714325.116
2026-09-03T12:28:28Z,Namibia,516,Export,World,58,"Fabrics; special woven fabrics, tufted textile fabrics, lace, tapestries, trimmings, embroidery",2023,54570.6
2026-09-03T12:28:28Z,Namibia,516,Export,World,89,"Ships, boats and floating structures",2023,861826.915
2026-09-03T12:28:28Z,Namibia,516,Export,World,07,Vegetables and certain roots and tubers; edible,2023,25802170.448
2026-09-03T12:28:28Z,Namibia,516,Export,World,88,"Aircraft, spacecraft, and parts thereof",2023,8260843.84
2026-09-03T12:28:28Z,Namibia,516,Export,World,32,"Tanning or dyeing extracts; tannins and their derivatives; dyes, pigments and other colouring matter; paints, varnishes; putty, other mastics; inks",2023,1571148.808
2026-09-03T12:28:28Z,Namibia,516,Export,World,93,Arms and ammunition; parts and accessories thereof,2023,4951026.839
2026-09-03T12:28:28Z,Namibia,516,Export,World,79,Zinc and articles thereof,2023,191743.047
2026-09-03T12:28:28Z,Namibia,516,Export,World,18,Cocoa and cocoa preparations,2023,82219.509
2026-09-03T12:28:28Z,Namibia,516,Export,World,09,"Coffee, tea, mate and spices",2023,1091124.822
2026-09-03T12:28:28Z,Namibia,516,Export,World,91,Clocks and watches and parts thereof,2023,27344.574
2026-09-03T12:28:28Z,Namibia,516,Export,World,08,"Fruit and nuts, edible; peel of citrus fruit or melons",2023,81358761.065
2026-09-03T12:28:28Z,Namibia,516,Export,World,37,Photographic or cinematographic goods,2023,4789.876
2026-09-03T12:28:28Z,Namibia,516,Export,World,54,Man-made filaments; strip and the like of man-made textile materials,2023,55473.131
2026-09-03T12:28:28Z,Namibia,516,Export,World,29,Organic chemicals,2023,3142466.044
2026-09-03T12:28:28Z,Namibia,516,Export,World,40,Rubber and articles thereof,2023,49365500.788
2026-09-03T12:28:28Z,Namibia,516,Export,World,76,Aluminium and articles thereof,2023,5242477.512
2026-09-03T12:28:28Z,Namibia,516,Export,World,36,Explosives; pyrotechnic products; matches; pyrophoric alloys; certain combustible preparations,2023,114620.449
2026-09-03T12:28:28Z,Namibia,516,Export,World,31,Fertilizers,2023,27679037.613
2026-09-03T12:28:28Z,Namibia,516,Export,World,01,Animals; live,2023,104721042.835
2026-09-03T12:28:28Z,Namibia,516,Export,World,70,Glass and glassware,2023,2269522.047
2026-09-03T12:28:28Z,Namibia,516,Export,World,78,Lead and articles thereof,2023,630972.242
2026-09-03T12:28:28Z,Namibia,516,Export,World,15,"Animal, vegetable or microbial fats and oils and their cleavage products; prepared edible fats; animal or vegetable waxes",2023,938900.069
2026-09-03T12:28:28Z,Namibia,516,Export,World,13,"Lac; gums, resins and other vegetable saps and extracts",2023,34513.437
2026-09-03T12:28:28Z,Namibia,516,Export,World,50,Silk,2023,319.761
2026-09-03T12:28:28Z,Namibia,516,Export,World,45,Cork and articles of cork,2023,4295.468
2026-09-03T12:28:28Z,Namibia,516,Export,World,72,Iron and steel,2023,72581352.879
2026-09-03T12:28:28Z,Namibia,516,Export,World,92,Musical instruments; parts and accessories of such articles,2023,29568.601
2026-09-03T12:28:28Z,Namibia,516,Export,World,65,Headgear and parts thereof,2023,56398.616
2026-09-03T12:28:28Z,Namibia,516,Export,World,53,Vegetable textile fibres; paper yarn and woven fabrics of paper yarn,2023,23.006
2026-09-03T12:28:28Z,Namibia,516,Export,World,86,"Railway, tramway locomotives, rolling-stock and parts thereof; railway or tramway track fixtures and fittings and parts thereof; mechanical (including electro-mechanical) traffic signalling equipment of all kinds",2023,817827.041
2026-09-03T12:28:28Z,Namibia,516,Export,World,21,Miscellaneous edible preparations,2023,2206325.517
2026-09-03T12:28:28Z,Namibia,516,Export,World,75,Nickel and articles thereof,2023,10457.714
2026-09-03T12:28:28Z,Namibia,516,Export,World,99,Commodities not specified according to kind,2023,8182929.276
2026-09-03T12:28:28Z,Namibia,516,Export,World,06,"Trees and other plants, live; bulbs, roots and the like; cut flowers and ornamental foliage",2023,21090.599
2026-09-03T12:28:28Z,Namibia,516,Export,World,16,"Meat, fish, crustaceans, molluscs or other aquatic invertebrates, or insects; preparations thereof",2023,11022081.947
2026-09-03T12:28:28Z,Namibia,516,Export,World,90,"Optical, photographic, cinematographic, measuring, checking, medical or surgical instruments and apparatus; parts and accessories",2023,12634265.613
2026-09-03T12:28:28Z,Namibia,516,Export,World,39,Plastics and articles thereof,2023,22500962.435
2026-09-03T12:28:28Z,Namibia,516,Export,World,63,"Textiles, made up articles; sets; worn clothing and worn textile articles; rags",2023,3001306.025
2026-09-03T12:28:28Z,Namibia,516,Export,World,25,"Salt; sulphur; earths, stone; plastering materials, lime and cement",2023,130154302.35
2026-09-03T12:28:28Z,Namibia,516,Export,World,11,"Products of the milling industry; malt, starches, inulin, wheat gluten",2023,8859890.27
2026-09-03T12:28:28Z,Namibia,516,Export,World,30,Pharmaceutical products,2023,2072291.519
2026-09-03T12:28:28Z,Namibia,516,Export,World,56,"Wadding, felt and nonwovens, special yarns; twine, cordage, ropes and cables and articles thereof",2023,1130489.505
2026-09-03T12:28:28Z,Namibia,516,Export,World,61,Apparel and clothing accessories; knitted or crocheted,2023,305852.826
2026-09-03T12:28:28Z,Namibia,516,Export,World,96,Miscellaneous manufactured articles,2023,293406.694
2026-09-03T12:28:28Z,Namibia,516,Export,World,64,Footwear; gaiters and the like; parts of such articles,2023,468888.59
2026-09-03T12:28:28Z,Namibia,516,Export,World,83,Metal; miscellaneous products of base metal,2023,1102300.971
2026-09-03T12:28:28Z,Namibia,516,Export,World,26,"Ores, slag and ash",2023,918422136.047
2026-09-03T12:28:28Z,Namibia,516,Export,World,94,"Furniture; bedding, mattresses, mattress supports, cushions and similar stuffed furnishings; lamps and lighting fittings, n.e.c.; illuminated signs, illuminated name-plates and the like; prefabricated buildings",2023,5490939.844
2026-09-03T12:28:28Z,Namibia,516,Export,World,44,Wood and articles of wood; wood charcoal,2023,79860523.96
2026-09-03T12:28:28Z,Namibia,516,Export,World,87,"Vehicles; other than railway or tramway rolling stock, and parts and accessories thereof",2023,86423516.857
2026-09-03T12:28:28Z,Namibia,516,Export,World,57,Carpets and other textile floor coverings,2023,105995.032
2026-09-03T12:28:28Z,Namibia,516,Export,World,49,"Printed books, newspapers, pictures and other products of the printing industry; manuscripts, typescripts and plans",2023,5533347.486
2026-09-03T12:28:28Z,Namibia,516,Export,World,97,Works of art; collectors' pieces and antiques,2023,3585367.461
2026-09-03T12:28:28Z,Namibia,516,Export,World,84,"Machinery and mechanical appliances, boilers, nuclear reactors; parts thereof",2023,103699384.65
2026-09-03T12:28:28Z,Namibia,516,Export,World,82,"Tools, implements, cutlery, spoons and forks, of base metal; parts thereof, of base metal",2023,2169635.29
2026-09-03T12:28:28Z,Namibia,516,Export,World,73,Iron or steel articles,2023,20104844.1
2026-09-03T12:28:28Z,Namibia,516,Export,World,48,"Paper and paperboard; articles of paper pulp, of paper or paperboard",2023,1523130.892
2026-09-03T12:28:28Z,Namibia,516,Export,World,38,Chemical products n.e.c.,2023,68138058.025
2026-09-03T12:28:28Z,Namibia,516,Export,World,43,Furskins and artificial fur; manufactures thereof,2023,751965.623
2026-09-03T12:28:28Z,Namibia,516,Export,World,27,"Mineral fuels, mineral oils and products of their distillation; bituminous substances; mineral waxes",2023,314026582.292
2026-09-03T12:28:28Z,Namibia,516,Export,World,71,"Natural, cultured pearls; precious, semi-precious stones; precious metals, metals clad with precious metal, and articles thereof; imitation jewellery; coin",2023,1934168217.521
2026-09-03T12:28:28Z,Namibia,516,Export,World,33,"Essential oils and resinoids; perfumery, cosmetic or toilet preparations",2023,1696286.418
2026-09-03T12:28:28Z,Namibia,516,Export,World,28,"Inorganic chemicals; organic and inorganic compounds of precious metals; of rare earth metals, of radio-active elements and of isotopes",2023,17642162.524
2026-09-03T12:28:28Z,Namibia,516,Export,World,85,"Electrical machinery and equipment and parts thereof; sound recorders and reproducers; television image and sound recorders and reproducers, parts and accessories of such articles",2023,69444347.002
2026-09-03T12:28:28Z,Namibia,516,Export,World,62,Apparel and clothing accessories; not knitted or crocheted,2023,284012.69
2026-09-03T12:28:28Z,Namibia,516,Export,World,81,"Metals; n.e.c., cermets and articles thereof",2023,39582.833
2026-09-03T12:28:28Z,Namibia,516,Export,World,95,"Toys, games and sports requisites; parts and accessories thereof",2023,398773.821
2026-09-03T12:28:28Z,Namibia,516,Export,World,59,"Textile fabrics; impregnated, coated, covered or laminated; textile articles of a kind suitable for industrial use",2023,88884.386
2026-09-03T12:28:28Z,Namibia,516,Export,World,02,Meat and edible meat offal,2023,84267452.171
2026-09-03T12:28:28Z,Namibia,516,Export,World,42,"Articles of leather; saddlery and harness; travel goods, handbags and similar containers; articles of animal gut (other than silk-worm gut)",2023,148514.367
2026-09-03T12:28:28Z,South Africa,710,Export,World,14,Vegetable plaiting materials; vegetable products not elsewhere specified or included,2023,14501927.262
2026-09-03T12:28:28Z,South Africa,710,Export,World,16,"Meat, fish, crustaceans, molluscs or other aquatic invertebrates, or insects; preparations thereof",2023,117300648.998
2026-09-03T12:28:28Z,South Africa,710,Export,World,46,"Manufactures of straw, esparto or other plaiting materials; basketware and wickerwork",2023,2923791.983
2026-09-03T12:28:28Z,South Africa,710,Export,World,54,Man-made filaments; strip and the like of man-made textile materials,2023,38109163.396
2026-09-03T12:28:28Z,South Africa,710,Export,World,60,Fabrics; knitted or crocheted,2023,24259977.74
2026-09-03T12:28:28Z,South Africa,710,Export,World,81,"Metals; n.e.c., cermets and articles thereof",2023,143120117.536
2026-09-03T12:28:28Z,South Africa,710,Export,World,24,"Tobacco and manufactured tobacco substitutes; products, whether or not containing nicotine, intended for inhalation without combustion; other nicotine containing products intended for the intake of nicotine into the human body",2023,145070865.269
2026-09-03T12:28:28Z,South Africa,710,Export,World,18,Cocoa and cocoa preparations,2023,96665132.071
2026-09-03T12:28:28Z,South Africa,710,Export,World,55,Man-made staple fibres,2023,88004784.139
2026-09-03T12:28:28Z,South Africa,710,Export,World,58,"Fabrics; special woven fabrics, tufted textile fabrics, lace, tapestries, trimmings, embroidery",2023,23529410.661
2026-09-03T12:28:28Z,South Africa,710,Export,World,02,Meat and edible meat offal,2023,308075838.826
2026-09-03T12:28:28Z,South Africa,710,Export,World,03,"Fish and crustaceans, molluscs and other aquatic invertebrates",2023,452946222.249
2026-09-03T12:28:28Z,South Africa,710,Export,World,06,"Trees and other plants, live; bulbs, roots and the like; cut flowers and ornamental foliage",2023,111840992.636
2026-09-03T12:28:28Z,South Africa,710,Export,World,08,"Fruit and nuts, edible; peel of citrus fruit or melons",2023,4352651862.265
2026-09-03T12:28:28Z,South Africa,710,Export,World,09,"Coffee, tea, mate and spices",2023,135693996.304
2026-09-03T12:28:28Z,South Africa,710,Export,World,11,"Products of the milling industry; malt, starches, inulin, wheat gluten",2023,309805323.146
2026-09-03T12:28:28Z,South Africa,710,Export,World,12,"Oil seeds and oleaginous fruits; miscellaneous grains, seeds and fruit, industrial or medicinal plants; straw and fodder",2023,734395528.206
2026-09-03T12:28:28Z,South Africa,710,Export,World,13,"Lac; gums, resins and other vegetable saps and extracts",2023,11215458.236
2026-09-03T12:28:28Z,South Africa,710,Export,World,17,Sugars and sugar confectionery,2023,606435923.579
2026-09-03T12:28:28Z,South Africa,710,Export,World,19,"Preparations of cereals, flour, starch or milk; pastrycooks' products",2023,352908799.632
2026-09-03T12:28:28Z,South Africa,710,Export,World,22,"Beverages, spirits and vinegar",2023,1400865301.117
2026-09-03T12:28:28Z,South Africa,710,Export,World,23,"Food industries, residues and wastes thereof; prepared animal fodder",2023,385277175.319
2026-09-03T12:28:28Z,South Africa,710,Export,World,25,"Salt; sulphur; earths, stone; plastering materials, lime and cement",2023,801790578.545
2026-09-03T12:28:28Z,South Africa,710,Export,World,26,"Ores, slag and ash",2023,16272430782.946
2026-09-03T12:28:28Z,South Africa,710,Export,World,28,"Inorganic chemicals; organic and inorganic compounds of precious metals; of rare earth metals, of radio-active elements and of isotopes",2023,1283336602.779
2026-09-03T12:28:28Z,South Africa,710,Export,World,29,Organic chemicals,2023,1127258393.105
2026-09-03T12:28:28Z,South Africa,710,Export,World,30,Pharmaceutical products,2023,451356450.66
2026-09-03T12:28:28Z,South Africa,710,Export,World,31,Fertilizers,2023,476895618.083
2026-09-03T12:28:28Z,South Africa,710,Export,World,32,"Tanning or dyeing extracts; tannins and their derivatives; dyes, pigments and other colouring matter; paints, varnishes; putty, other mastics; inks",2023,349375522.653
2026-09-03T12:28:28Z,South Africa,710,Export,World,34,"Soap, organic surface-active agents; washing, lubricating, polishing or scouring preparations; artificial or prepared waxes, candles and similar articles, modelling pastes, dental waxes and dental preparations with a basis of plaster",2023,595394126.513
2026-09-03T12:28:28Z,South Africa,710,Export,World,36,Explosives; pyrotechnic products; matches; pyrophoric alloys; certain combustible preparations,2023,160151138.264
2026-09-03T12:28:28Z,South Africa,710,Export,World,39,Plastics and articles thereof,2023,1447233090.608
2026-09-03T12:28:28Z,South Africa,710,Export,World,43,Furskins and artificial fur; manufactures thereof,2023,3314646.322
2026-09-03T12:28:28Z,South Africa,710,Export,World,45,Cork and articles of cork,2023,482697.948
2026-09-03T12:28:28Z,South Africa,710,Export,World,49,"Printed books, newspapers, pictures and other products of the printing industry; manuscripts, typescripts and plans",2023,76675795.21
2026-09-03T12:28:28Z,South Africa,710,Export,World,50,Silk,2023,1151133.817
2026-09-03T12:28:28Z,South Africa,710,Export,World,52,Cotton,2023,47025636.774
2026-09-03T12:28:28Z,South Africa,710,Export,World,53,Vegetable textile fibres; paper yarn and woven fabrics of paper yarn,2023,5468522.099
2026-09-03T12:28:28Z,South Africa,710,Export,World,59,"Textile fabrics; impregnated, coated, covered or laminated; textile articles of a kind suitable for industrial use",2023,35918646.045
2026-09-03T12:28:28Z,South Africa,710,Export,World,63,"Textiles, made up articles; sets; worn clothing and worn textile articles; rags",2023,160379495.946
2026-09-03T12:28:28Z,South Africa,710,Export,World,65,Headgear and parts thereof,2023,20595255.021
2026-09-03T12:28:28Z,South Africa,710,Export,World,68,"Stone, plaster, cement, asbestos, mica or similar materials; articles thereof",2023,149425463.627
2026-09-03T12:28:28Z,South Africa,710,Export,World,69,Ceramic products,2023,147183169.021
2026-09-03T12:28:28Z,South Africa,710,Export,World,70,Glass and glassware,2023,129896454.928
2026-09-03T12:28:28Z,South Africa,710,Export,World,72,Iron and steel,2023,6486118902.645
2026-09-03T12:28:28Z,South Africa,710,Export,World,73,Iron or steel articles,2023,1268557619.834
2026-09-03T12:28:28Z,South Africa,710,Export,World,75,Nickel and articles thereof,2023,742641850.506
2026-09-03T12:28:28Z,South Africa,710,Export,World,76,Aluminium and articles thereof,2023,2253372348.077
2026-09-03T12:28:28Z,South Africa,710,Export,World,78,Lead and articles thereof,2023,38529538.375
2026-09-03T12:28:28Z,South Africa,710,Export,World,86,"Railway, tramway locomotives, rolling-stock and parts thereof; railway or tramway track fixtures and fittings and parts thereof; mechanical (including electro-mechanical) traffic signalling equipment of all kinds",2023,168195297.332
2026-09-03T12:28:28Z,South Africa,710,Export,World,94,"Furniture; bedding, mattresses, mattress supports, cushions and similar stuffed furnishings; lamps and lighting fittings, n.e.c.; illuminated signs, illuminated name-plates and the like; prefabricated buildings",2023,332197929.61
2026-09-03T12:28:28Z,South Africa,710,Export,World,67,"Feathers and down, prepared; and articles made of feather or of down; artificial flowers; articles of human hair",2023,41187298.323
2026-09-03T12:28:28Z,South Africa,710,Export,World,04,"Dairy produce; birds' eggs; natural honey; edible products of animal origin, not elsewhere specified or included",2023,260422534.641
2026-09-03T12:28:28Z,South Africa,710,Export,World,07,Vegetables and certain roots and tubers; edible,2023,190209864.952
2026-09-03T12:28:28Z,South Africa,710,Export,World,21,Miscellaneous edible preparations,2023,570254031.641
2026-09-03T12:28:28Z,South Africa,710,Export,World,44,Wood and articles of wood; wood charcoal,2023,534067409.196
2026-09-03T12:28:28Z,South Africa,710,Export,World,47,Pulp of wood or other fibrous cellulosic material; recovered (waste and scrap) paper or paperboard,2023,1140734716.054
2026-09-03T12:28:28Z,South Africa,710,Export,World,15,"Animal, vegetable or microbial fats and oils and their cleavage products; prepared edible fats; animal or vegetable waxes",2023,394247862.342
2026-09-03T12:28:28Z,South Africa,710,Export,World,35,Albuminoidal substances; modified starches; glues; enzymes,2023,90399238.574
2026-09-03T12:28:28Z,South Africa,710,Export,World,38,Chemical products n.e.c.,2023,1324458813.129
2026-09-03T12:28:28Z,South Africa,710,Export,World,41,Raw hides and skins (other than furskins) and leather,2023,168446867.607
2026-09-03T12:28:28Z,South Africa,710,Export,World,05,Animal originated products; not elsewhere specified or included,2023,25379221.355
2026-09-03T12:28:28Z,South Africa,710,Export,World,10,Cereals,2023,1507893795.113
2026-09-03T12:28:28Z,South Africa,710,Export,World,20,"Preparations of vegetables, fruit, nuts or other parts of plants",2023,754369535.242
2026-09-03T12:28:28Z,South Africa,710,Export,World,33,"Essential oils and resinoids; perfumery, cosmetic or toilet preparations",2023,678850644.396
2026-09-03T12:28:28Z,South Africa,710,Export,World,37,Photographic or cinematographic goods,2023,8908044.925
2026-09-03T12:28:28Z,South Africa,710,Export,World,40,Rubber and articles thereof,2023,492953283.997
2026-09-03T12:28:28Z,South Africa,710,Export,World,42,"Articles of leather; saddlery and harness; travel goods, handbags and similar containers; articles of animal gut (other than silk-worm gut)",2023,63049156.798
2026-09-03T12:28:28Z,South Africa,710,Export,World,48,"Paper and paperboard; articles of paper pulp, of paper or paperboard",2023,668427243.211
2026-09-03T12:28:28Z,South Africa,710,Export,World,51,"Wool, fine or coarse animal hair; horsehair yarn and woven fabric",2023,360963530.376
2026-09-03T12:28:28Z,South Africa,710,Export,World,56,"Wadding, felt and nonwovens, special yarns; twine, cordage, ropes and cables and articles thereof",2023,56001711.585
2026-09-03T12:28:28Z,South Africa,710,Export,World,57,Carpets and other textile floor coverings,2023,24418589.516
2026-09-03T12:28:28Z,South Africa,710,Export,World,62,Apparel and clothing accessories; not knitted or crocheted,2023,194425122.01
2026-09-03T12:28:28Z,South Africa,710,Export,World,66,"Umbrellas, sun umbrellas, walking-sticks, seat sticks, whips, riding crops; and parts thereof",2023,6358443.98
2026-09-03T12:28:28Z,South Africa,710,Export,World,71,"Natural, cultured pearls; precious, semi-precious stones; precious metals, metals clad with precious metal, and articles thereof; imitation jewellery; coin",2023,19593179503.468
2026-09-03T12:28:28Z,South Africa,710,Export,World,74,Copper and articles thereof,2023,1026825804.282
2026-09-03T12:28:28Z,South Africa,710,Export,World,80,Tin; articles thereof,2023,826747.432
2026-09-03T12:28:28Z,South Africa,710,Export,World,83,Metal; miscellaneous products of base metal,2023,132383464.074
2026-09-03T12:28:28Z,South Africa,710,Export,World,84,"Machinery and mechanical appliances, boilers, nuclear reactors; parts thereof",2023,6292592869.657
2026-09-03T12:28:28Z,South Africa,710,Export,World,87,"Vehicles; other than railway or tramway rolling stock, and parts and accessories thereof",2023,12723940212.512
2026-09-03T12:28:28Z,South Africa,710,Export,World,89,"Ships, boats and floating structures",2023,302254675.432
2026-09-03T12:28:28Z,South Africa,710,Export,World,90,"Optical, photographic, cinematographic, measuring, checking, medical or surgical instruments and apparatus; parts and accessories",2023,617713296.66
2026-09-03T12:28:28Z,South Africa,710,Export,World,92,Musical instruments; parts and accessories of such articles,2023,2043314.746
2026-09-03T12:28:28Z,South Africa,710,Export,World,95,"Toys, games and sports requisites; parts and accessories thereof",2023,66917180.024
2026-09-03T12:28:28Z,South Africa,710,Export,World,96,Miscellaneous manufactured articles,2023,175404370.813
2026-09-03T12:28:28Z,South Africa,710,Export,World,97,Works of art; collectors' pieces and antiques,2023,118078326.674
2026-09-03T12:28:28Z,South Africa,710,Export,World,64,Footwear; gaiters and the like; parts of such articles,2023,161463019.222
2026-09-03T12:28:28Z,South Africa,710,Export,World,85,"Electrical machinery and equipment and parts thereof; sound recorders and reproducers; television image and sound recorders and reproducers, parts and accessories of such articles",2023,1999494902.48
2026-09-03T12:28:28Z,South Africa,710,Export,World,88,"Aircraft, spacecraft, and parts thereof",2023,344466914.608
2026-09-03T12:28:28Z,South Africa,710,Export,World,91,Clocks and watches and parts thereof,2023,16738780.368
2026-09-03T12:28:28Z,South Africa,710,Export,World,01,Animals; live,2023,58118427.203
2026-09-03T12:28:28Z,South Africa,710,Export,World,27,"Mineral fuels, mineral oils and products of their distillation; bituminous substances; mineral waxes",2023,11855076704.893
2026-09-03T12:28:28Z,South Africa,710,Export,World,61,Apparel and clothing accessories; knitted or crocheted,2023,195372605.569
2026-09-03T12:28:28Z,South Africa,710,Export,World,79,Zinc and articles thereof,2023,7866345.866
2026-09-03T12:28:28Z,South Africa,710,Export,World,82,"Tools, implements, cutlery, spoons and forks, of base metal; parts thereof, of base metal",2023,170122897.838
2026-09-03T12:28:28Z,South Africa,710,Export,World,99,Commodities not specified according to kind,2023,302265613.878
2026-09-03T12:28:28Z,Eswatini,748,Export,World,01,Animals; live,2023,1879353.73
2026-09-03T12:28:28Z,Eswatini,748,Export,World,04,"Dairy produce; birds' eggs; natural honey; edible products of animal origin, not elsewhere specified or included",2023,1682420.41
2026-09-03T12:28:28Z,Eswatini,748,Export,World,07,Vegetables and certain roots and tubers; edible,2023,331264.88
2026-09-03T12:28:28Z,Eswatini,748,Export,World,21,Miscellaneous edible preparations,2023,6245417.81
2026-09-03T12:28:28Z,Eswatini,748,Export,World,24,"Tobacco and manufactured tobacco substitutes; products, whether or not containing nicotine, intended for inhalation without combustion; other nicotine containing products intended for the intake of nicotine into the human body",2023,31.25
2026-09-03T12:28:28Z,Eswatini,748,Export,World,27,"Mineral fuels, mineral oils and products of their distillation; bituminous substances; mineral waxes",2023,75398604.11
2026-09-03T12:28:28Z,Eswatini,748,Export,World,44,Wood and articles of wood; wood charcoal,2023,135525519.77
2026-09-03T12:28:28Z,Eswatini,748,Export,World,47,Pulp of wood or other fibrous cellulosic material; recovered (waste and scrap) paper or paperboard,2023,372075.1
2026-09-03T12:28:28Z,Eswatini,748,Export,World,64,Footwear; gaiters and the like; parts of such articles,2023,44659.67
2026-09-03T12:28:28Z,Eswatini,748,Export,World,67,"Feathers and down, prepared; and articles made of feather or of down; artificial flowers; articles of human hair",2023,2380015.54
2026-09-03T12:28:28Z,Eswatini,748,Export,World,85,"Electrical machinery and equipment and parts thereof; sound recorders and reproducers; television image and sound recorders and reproducers, parts and accessories of such articles",2023,2076711.17
2026-09-03T12:28:28Z,Eswatini,748,Export,World,88,"Aircraft, spacecraft, and parts thereof",2023,169692.36
2026-09-03T12:28:28Z,Eswatini,748,Export,World,91,Clocks and watches and parts thereof,2023,35881.58
2026-09-03T12:28:28Z,Eswatini,748,Export,World,11,"Products of the milling industry; malt, starches, inulin, wheat gluten",2023,1304057.27
2026-09-03T12:28:28Z,Eswatini,748,Export,World,14,Vegetable plaiting materials; vegetable products not elsewhere specified or included,2023,560650.02
2026-09-03T12:28:28Z,Eswatini,748,Export,World,17,Sugars and sugar confectionery,2023,477254411.31
2026-09-03T12:28:28Z,Eswatini,748,Export,World,31,Fertilizers,2023,923211.8
2026-09-03T12:28:28Z,Eswatini,748,Export,World,34,"Soap, organic surface-active agents; washing, lubricating, polishing or scouring preparations; artificial or prepared waxes, candles and similar articles, modelling pastes, dental waxes and dental preparations with a basis of plaster",2023,407590.08
2026-09-03T12:28:28Z,Eswatini,748,Export,World,37,Photographic or cinematographic goods,2023,444.56
2026-09-03T12:28:28Z,Eswatini,748,Export,World,54,Man-made filaments; strip and the like of man-made textile materials,2023,2224880.04
2026-09-03T12:28:28Z,Eswatini,748,Export,World,57,Carpets and other textile floor coverings,2023,29967.76
2026-09-03T12:28:28Z,Eswatini,748,Export,World,74,Copper and articles thereof,2023,1775012.72
2026-09-03T12:28:28Z,Eswatini,748,Export,World,78,Lead and articles thereof,2023,1067.07
2026-09-03T12:28:28Z,Eswatini,748,Export,World,81,"Metals; n.e.c., cermets and articles thereof",2023,13.84
2026-09-03T12:28:28Z,Eswatini,748,Export,World,95,"Toys, games and sports requisites; parts and accessories thereof",2023,37707.09
2026-09-03T12:28:28Z,Eswatini,748,Export,World,15,"Animal, vegetable or microbial fats and oils and their cleavage products; prepared edible fats; animal or vegetable waxes",2023,72735.11
2026-09-03T12:28:28Z,Eswatini,748,Export,World,18,Cocoa and cocoa preparations,2023,23392.8
2026-09-03T12:28:28Z,Eswatini,748,Export,World,35,Albuminoidal substances; modified starches; glues; enzymes,2023,3659873.09
2026-09-03T12:28:28Z,Eswatini,748,Export,World,38,Chemical products n.e.c.,2023,282220186.29
2026-09-03T12:28:28Z,Eswatini,748,Export,World,41,Raw hides and skins (other than furskins) and leather,2023,123886.75
2026-09-03T12:28:28Z,Eswatini,748,Export,World,55,Man-made staple fibres,2023,348207.41
2026-09-03T12:28:28Z,Eswatini,748,Export,World,58,"Fabrics; special woven fabrics, tufted textile fabrics, lace, tapestries, trimmings, embroidery",2023,1538821.54
2026-09-03T12:28:28Z,Eswatini,748,Export,World,61,Apparel and clothing accessories; knitted or crocheted,2023,49319389.08
2026-09-03T12:28:28Z,Eswatini,748,Export,World,79,Zinc and articles thereof,2023,4458.86
2026-09-03T12:28:28Z,Eswatini,748,Export,World,82,"Tools, implements, cutlery, spoons and forks, of base metal; parts thereof, of base metal",2023,112435.27
2026-09-03T12:28:28Z,Eswatini,748,Export,World,02,Meat and edible meat offal,2023,4067681.98
2026-09-03T12:28:28Z,Eswatini,748,Export,World,03,"Fish and crustaceans, molluscs and other aquatic invertebrates",2023,19927.22
2026-09-03T12:28:28Z,Eswatini,748,Export,World,06,"Trees and other plants, live; bulbs, roots and the like; cut flowers and ornamental foliage",2023,5551.54
2026-09-03T12:28:28Z,Eswatini,748,Export,World,08,"Fruit and nuts, edible; peel of citrus fruit or melons",2023,13862464.02
2026-09-03T12:28:28Z,Eswatini,748,Export,World,09,"Coffee, tea, mate and spices",2023,42659.24
2026-09-03T12:28:28Z,Eswatini,748,Export,World,12,"Oil seeds and oleaginous fruits; miscellaneous grains, seeds and fruit, industrial or medicinal plants; straw and fodder",2023,444964.98
2026-09-03T12:28:28Z,Eswatini,748,Export,World,16,"Meat, fish, crustaceans, molluscs or other aquatic invertebrates, or insects; preparations thereof",2023,61636.66
2026-09-03T12:28:28Z,Eswatini,748,Export,World,19,"Preparations of cereals, flour, starch or milk; pastrycooks' products",2023,36205415.16
2026-09-03T12:28:28Z,Eswatini,748,Export,World,20,"Preparations of vegetables, fruit, nuts or other parts of plants",2023,39658478.74
2026-09-03T12:28:28Z,Eswatini,748,Export,World,22,"Beverages, spirits and vinegar",2023,60710758.82
2026-09-03T12:28:28Z,Eswatini,748,Export,World,23,"Food industries, residues and wastes thereof; prepared animal fodder",2023,20558068.82
2026-09-03T12:28:28Z,Eswatini,748,Export,World,25,"Salt; sulphur; earths, stone; plastering materials, lime and cement",2023,75678.01
2026-09-03T12:28:28Z,Eswatini,748,Export,World,26,"Ores, slag and ash",2023,39373.39
2026-09-03T12:28:28Z,Eswatini,748,Export,World,28,"Inorganic chemicals; organic and inorganic compounds of precious metals; of rare earth metals, of radio-active elements and of isotopes",2023,4736682.3
2026-09-03T12:28:28Z,Eswatini,748,Export,World,29,Organic chemicals,2023,14339342.75
2026-09-03T12:28:28Z,Eswatini,748,Export,World,32,"Tanning or dyeing extracts; tannins and their derivatives; dyes, pigments and other colouring matter; paints, varnishes; putty, other mastics; inks",2023,2378934.99
2026-09-03T12:28:28Z,Eswatini,748,Export,World,39,Plastics and articles thereof,2023,7498757.0
2026-09-03T12:28:28Z,Eswatini,748,Export,World,40,Rubber and articles thereof,2023,682746.67
2026-09-03T12:28:28Z,Eswatini,748,Export,World,42,"Articles of leather; saddlery and harness; travel goods, handbags and similar containers; articles of animal gut (other than silk-worm gut)",2023,44211.9
2026-09-03T12:28:28Z,Eswatini,748,Export,World,43,Furskins and artificial fur; manufactures thereof,2023,3377.75
2026-09-03T12:28:28Z,Eswatini,748,Export,World,46,"Manufactures of straw, esparto or other plaiting materials; basketware and wickerwork",2023,397419.98
2026-09-03T12:28:28Z,Eswatini,748,Export,World,48,"Paper and paperboard; articles of paper pulp, of paper or paperboard",2023,15458472.95
2026-09-03T12:28:28Z,Eswatini,748,Export,World,49,"Printed books, newspapers, pictures and other products of the printing industry; manuscripts, typescripts and plans",2023,5289733.78
2026-09-03T12:28:28Z,Eswatini,748,Export,World,51,"Wool, fine or coarse animal hair; horsehair yarn and woven fabric",2023,238142.31
2026-09-03T12:28:28Z,Eswatini,748,Export,World,52,Cotton,2023,729770.49
2026-09-03T12:28:28Z,Eswatini,748,Export,World,59,"Textile fabrics; impregnated, coated, covered or laminated; textile articles of a kind suitable for industrial use",2023,1074312.79
2026-09-03T12:28:28Z,Eswatini,748,Export,World,60,Fabrics; knitted or crocheted,2023,8221903.79
2026-09-03T12:28:28Z,Eswatini,748,Export,World,62,Apparel and clothing accessories; not knitted or crocheted,2023,145514051.44
2026-09-03T12:28:28Z,Eswatini,748,Export,World,63,"Textiles, made up articles; sets; worn clothing and worn textile articles; rags",2023,18236145.25
2026-09-03T12:28:28Z,Eswatini,748,Export,World,65,Headgear and parts thereof,2023,99118.1
2026-09-03T12:28:28Z,Eswatini,748,Export,World,66,"Umbrellas, sun umbrellas, walking-sticks, seat sticks, whips, riding crops; and parts thereof",2023,5710.06
2026-09-03T12:28:28Z,Eswatini,748,Export,World,68,"Stone, plaster, cement, asbestos, mica or similar materials; articles thereof",2023,353329.99
2026-09-03T12:28:28Z,Eswatini,748,Export,World,69,Ceramic products,2023,9160.49
2026-09-03T12:28:28Z,Eswatini,748,Export,World,71,"Natural, cultured pearls; precious, semi-precious stones; precious metals, metals clad with precious metal, and articles thereof; imitation jewellery; coin",2023,1938116.04
2026-09-03T12:28:28Z,Eswatini,748,Export,World,72,Iron and steel,2023,10832409.57
2026-09-03T12:28:28Z,Eswatini,748,Export,World,83,Metal; miscellaneous products of base metal,2023,205473.18
2026-09-03T12:28:28Z,Eswatini,748,Export,World,84,"Machinery and mechanical appliances, boilers, nuclear reactors; parts thereof",2023,23206137.26
2026-09-03T12:28:28Z,Eswatini,748,Export,World,86,"Railway, tramway locomotives, rolling-stock and parts thereof; railway or tramway track fixtures and fittings and parts thereof; mechanical (including electro-mechanical) traffic signalling equipment of all kinds",2023,5170.28
2026-09-03T12:28:28Z,Eswatini,748,Export,World,87,"Vehicles; other than railway or tramway rolling stock, and parts and accessories thereof",2023,7392999.57
2026-09-03T12:28:28Z,Eswatini,748,Export,World,89,"Ships, boats and floating structures",2023,210108.01
2026-09-03T12:28:28Z,Eswatini,748,Export,World,90,"Optical, photographic, cinematographic, measuring, checking, medical or surgical instruments and apparatus; parts and accessories",2023,601352.18
2026-09-03T12:28:28Z,Eswatini,748,Export,World,92,Musical instruments; parts and accessories of such articles,2023,3518.46
2026-09-03T12:28:28Z,Eswatini,748,Export,World,93,Arms and ammunition; parts and accessories thereof,2023,57.56
2026-09-03T12:28:28Z,Eswatini,748,Export,World,96,Miscellaneous manufactured articles,2023,9724983.99
2026-09-03T12:28:28Z,Eswatini,748,Export,World,99,Commodities not specified according to kind,2023,574713.32
2026-09-03T12:28:28Z,Eswatini,748,Export,World,10,Cereals,2023,81240.21
2026-09-03T12:28:28Z,Eswatini,748,Export,World,13,"Lac; gums, resins and other vegetable saps and extracts",2023,407218.57
2026-09-03T12:28:28Z,Eswatini,748,Export,World,30,Pharmaceutical products,2023,293927.93
2026-09-03T12:28:28Z,Eswatini,748,Export,World,33,"Essential oils and resinoids; perfumery, cosmetic or toilet preparations",2023,586387296.06
2026-09-03T12:28:28Z,Eswatini,748,Export,World,36,Explosives; pyrotechnic products; matches; pyrophoric alloys; certain combustible preparations,2023,12.16
2026-09-03T12:28:28Z,Eswatini,748,Export,World,50,Silk,2023,431.42
2026-09-03T12:28:28Z,Eswatini,748,Export,World,53,Vegetable textile fibres; paper yarn and woven fabrics of paper yarn,2023,138.87
2026-09-03T12:28:28Z,Eswatini,748,Export,World,56,"Wadding, felt and nonwovens, special yarns; twine, cordage, ropes and cables and articles thereof",2023,21520.46
2026-09-03T12:28:28Z,Eswatini,748,Export,World,70,Glass and glassware,2023,1524431.95
2026-09-03T12:28:28Z,Eswatini,748,Export,World,73,Iron or steel articles,2023,2390380.99
2026-09-03T12:28:28Z,Eswatini,748,Export,World,76,Aluminium and articles thereof,2023,275910.47
2026-09-03T12:28:28Z,Eswatini,748,Export,World,94,"Furniture; bedding, mattresses, mattress supports, cushions and similar stuffed furnishings; lamps and lighting fittings, n.e.c.; illuminated signs, illuminated name-plates and the like; prefabricated buildings",2023,339682.88
2026-09-03T12:28:28Z,Eswatini,748,Export,World,97,Works of art; collectors' pieces and antiques,2023,36447.23
2026-09-03T12:28:28Z,Lesotho,426,Export,World,01,Animals; live,2024,29119.202
2026-09-03T12:28:28Z,Lesotho,426,Export,World,02,Meat and edible meat offal,2024,2204.225
2026-09-03T12:28:28Z,Lesotho,426,Export,World,03,"Fish and crustaceans, molluscs and other aquatic invertebrates",2024,8622592.277
2026-09-03T12:28:28Z,Lesotho,426,Export,World,04,"Dairy produce; birds' eggs; natural honey; edible products of animal origin, not elsewhere specified or included",2024,2056.96
2026-09-03T12:28:28Z,Lesotho,426,Export,World,05,Animal originated products; not elsewhere specified or included,2024,8.736
2026-09-03T12:28:28Z,Lesotho,426,Export,World,06,"Trees and other plants, live; bulbs, roots and the like; cut flowers and ornamental foliage",2024,500656.505
2026-09-03T12:28:28Z,Lesotho,426,Export,World,07,Vegetables and certain roots and tubers; edible,2024,52810.261
2026-09-03T12:28:28Z,Lesotho,426,Export,World,08,"Fruit and nuts, edible; peel of citrus fruit or melons",2024,2212088.604
2026-09-03T12:28:28Z,Lesotho,426,Export,World,09,"Coffee, tea, mate and spices",2024,1542572.763
2026-09-03T12:28:28Z,Lesotho,426,Export,World,10,Cereals,2024,136874.818
2026-09-03T12:28:28Z,Lesotho,426,Export,World,11,"Products of the milling industry; malt, starches, inulin, wheat gluten",2024,20100179.173
2026-09-03T12:28:28Z,Lesotho,426,Export,World,12,"Oil seeds and oleaginous fruits; miscellaneous grains, seeds and fruit, industrial or medicinal plants; straw and fodder",2024,4710581.346
2026-09-03T12:28:28Z,Lesotho,426,Export,World,13,"Lac; gums, resins and other vegetable saps and extracts",2024,26.405
2026-09-03T12:28:28Z,Lesotho,426,Export,World,15,"Animal, vegetable or microbial fats and oils and their cleavage products; prepared edible fats; animal or vegetable waxes",2024,217908.635
2026-09-03T12:28:28Z,Lesotho,426,Export,World,16,"Meat, fish, crustaceans, molluscs or other aquatic invertebrates, or insects; preparations thereof",2024,3136.716
2026-09-03T12:28:28Z,Lesotho,426,Export,World,17,Sugars and sugar confectionery,2024,5013.436
2026-09-03T12:28:28Z,Lesotho,426,Export,World,18,Cocoa and cocoa preparations,2024,1789.388
2026-09-03T12:28:28Z,Lesotho,426,Export,World,19,"Preparations of cereals, flour, starch or milk; pastrycooks' products",2024,2580517.9
2026-09-03T12:28:28Z,Lesotho,426,Export,World,20,"Preparations of vegetables, fruit, nuts or other parts of plants",2024,137719.996
2026-09-03T12:28:28Z,Lesotho,426,Export,World,21,Miscellaneous edible preparations,2024,208205.725
2026-09-03T12:28:28Z,Lesotho,426,Export,World,22,"Beverages, spirits and vinegar",2024,187987112.55
2026-09-03T12:28:28Z,Lesotho,426,Export,World,23,"Food industries, residues and wastes thereof; prepared animal fodder",2024,2811080.169
2026-09-03T12:28:28Z,Lesotho,426,Export,World,24,"Tobacco and manufactured tobacco substitutes; products, whether or not containing nicotine, intended for inhalation without combustion; other nicotine containing products intended for the intake of nicotine into the human body",2024,17656.033
2026-09-03T12:28:28Z,Lesotho,426,Export,World,25,"Salt; sulphur; earths, stone; plastering materials, lime and cement",2024,1148577.125
2026-09-03T12:28:28Z,Lesotho,426,Export,World,26,"Ores, slag and ash",2024,454.561
2026-09-03T12:28:28Z,Lesotho,426,Export,World,27,"Mineral fuels, mineral oils and products of their distillation; bituminous substances; mineral waxes",2024,208161.87
2026-09-03T12:28:28Z,Lesotho,426,Export,World,28,"Inorganic chemicals; organic and inorganic compounds of precious metals; of rare earth metals, of radio-active elements and of isotopes",2024,2028.161
2026-09-03T12:28:28Z,Lesotho,426,Export,World,29,Organic chemicals,2024,20000.844
2026-09-03T12:28:28Z,Lesotho,426,Export,World,30,Pharmaceutical products,2024,232017.904
2026-09-03T12:28:28Z,Lesotho,426,Export,World,31,Fertilizers,2024,9.594
2026-09-03T12:28:28Z,Lesotho,426,Export,World,32,"Tanning or dyeing extracts; tannins and their derivatives; dyes, pigments and other colouring matter; paints, varnishes; putty, other mastics; inks",2024,22122.355
2026-09-03T12:28:28Z,Lesotho,426,Export,World,33,"Essential oils and resinoids; perfumery, cosmetic or toilet preparations",2024,1776762.598
2026-09-03T12:28:28Z,Lesotho,426,Export,World,34,"Soap, organic surface-active agents; washing, lubricating, polishing or scouring preparations; artificial or prepared waxes, candles and similar articles, modelling pastes, dental waxes and dental preparations with a basis of plaster",2024,884744.128
2026-09-03T12:28:28Z,Lesotho,426,Export,World,35,Albuminoidal substances; modified starches; glues; enzymes,2024,1387.283
2026-09-03T12:28:28Z,Lesotho,426,Export,World,37,Photographic or cinematographic goods,2024,4.985
2026-09-03T12:28:28Z,Lesotho,426,Export,World,38,Chemical products n.e.c.,2024,344638.098
2026-09-03T12:28:28Z,Lesotho,426,Export,World,39,Plastics and articles thereof,2024,5875592.788
2026-09-03T12:28:28Z,Lesotho,426,Export,World,40,Rubber and articles thereof,2024,105531.509
2026-09-03T12:28:28Z,Lesotho,426,Export,World,41,Raw hides and skins (other than furskins) and leather,2024,45634.425
2026-09-03T12:28:28Z,Lesotho,426,Export,World,42,"Articles of leather; saddlery and harness; travel goods, handbags and similar containers; articles of animal gut (other than silk-worm gut)",2024,207852.334
2026-09-03T12:28:28Z,Lesotho,426,Export,World,43,Furskins and artificial fur; manufactures thereof,2024,0.955
2026-09-03T12:28:28Z,Lesotho,426,Export,World,44,Wood and articles of wood; wood charcoal,2024,378184.209
2026-09-03T12:28:28Z,Lesotho,426,Export,World,45,Cork and articles of cork,2024,273.01
2026-09-03T12:28:28Z,Lesotho,426,Export,World,46,"Manufactures of straw, esparto or other plaiting materials; basketware and wickerwork",2024,369.109
2026-09-03T12:28:28Z,Lesotho,426,Export,World,47,Pulp of wood or other fibrous cellulosic material; recovered (waste and scrap) paper or paperboard,2024,182081.476
2026-09-03T12:28:28Z,Lesotho,426,Export,World,48,"Paper and paperboard; articles of paper pulp, of paper or paperboard",2024,2976367.552
2026-09-03T12:28:28Z,Lesotho,426,Export,World,49,"Printed books, newspapers, pictures and other products of the printing industry; manuscripts, typescripts and plans",2024,49525.871
2026-09-03T12:28:28Z,Lesotho,426,Export,World,51,"Wool, fine or coarse animal hair; horsehair yarn and woven fabric",2024,45951863.889
2026-09-03T12:28:28Z,Lesotho,426,Export,World,52,Cotton,2024,28428511.646
2026-09-03T12:28:28Z,Lesotho,426,Export,World,53,Vegetable textile fibres; paper yarn and woven fabrics of paper yarn,2024,2389289.318
2026-09-03T12:28:28Z,Lesotho,426,Export,World,54,Man-made filaments; strip and the like of man-made textile materials,2024,389283.624
2026-09-03T12:28:28Z,Lesotho,426,Export,World,55,Man-made staple fibres,2024,55021.024
2026-09-03T12:28:28Z,Lesotho,426,Export,World,56,"Wadding, felt and nonwovens, special yarns; twine, cordage, ropes and cables and articles thereof",2024,14739.578
2026-09-03T12:28:28Z,Lesotho,426,Export,World,57,Carpets and other textile floor coverings,2024,435.349
2026-09-03T12:28:28Z,Lesotho,426,Export,World,58,"Fabrics; special woven fabrics, tufted textile fabrics, lace, tapestries, trimmings, embroidery",2024,120082.985
2026-09-03T12:28:28Z,Lesotho,426,Export,World,59,"Textile fabrics; impregnated, coated, covered or laminated; textile articles of a kind suitable for industrial use",2024,51019.682
2026-09-03T12:28:28Z,Lesotho,426,Export,World,60,Fabrics; knitted or crocheted,2024,739851.776
2026-09-03T12:28:28Z,Lesotho,426,Export,World,61,Apparel and clothing accessories; knitted or crocheted,2024,171375993.579
2026-09-03T12:28:28Z,Lesotho,426,Export,World,62,Apparel and clothing accessories; not knitted or crocheted,2024,132158401.729
2026-09-03T12:28:28Z,Lesotho,426,Export,World,63,"Textiles, made up articles; sets; worn clothing and worn textile articles; rags",2024,36863540.838
2026-09-03T12:28:28Z,Lesotho,426,Export,World,64,Footwear; gaiters and the like; parts of such articles,2024,8165041.549
2026-09-03T12:28:28Z,Lesotho,426,Export,World,65,Headgear and parts thereof,2024,867240.691
2026-09-03T12:28:28Z,Lesotho,426,Export,World,66,"Umbrellas, sun umbrellas, walking-sticks, seat sticks, whips, riding crops; and parts thereof",2024,240.303
2026-09-03T12:28:28Z,Lesotho,426,Export,World,67,"Feathers and down, prepared; and articles made of feather or of down; artificial flowers; articles of human hair",2024,6454.629
2026-09-03T12:28:28Z,Lesotho,426,Export,World,68,"Stone, plaster, cement, asbestos, mica or similar materials; articles thereof",2024,32736.032
2026-09-03T12:28:28Z,Lesotho,426,Export,World,69,Ceramic products,2024,19775.357
2026-09-03T12:28:28Z,Lesotho,426,Export,World,70,Glass and glassware,2024,711878.132
2026-09-03T12:28:28Z,Lesotho,426,Export,World,71,"Natural, cultured pearls; precious, semi-precious stones; precious metals, metals clad with precious metal, and articles thereof; imitation jewellery; coin",2024,236472230.816
2026-09-03T12:28:28Z,Lesotho,426,Export,World,72,Iron and steel,2024,1266369.452
2026-09-03T12:28:28Z,Lesotho,426,Export,World,73,Iron or steel articles,2024,962150.826
2026-09-03T12:28:28Z,Lesotho,426,Export,World,74,Copper and articles thereof,2024,34726.611
2026-09-03T12:28:28Z,Lesotho,426,Export,World,76,Aluminium and articles thereof,2024,716483.4
2026-09-03T12:28:28Z,Lesotho,426,Export,World,78,Lead and articles thereof,2024,222.667
2026-09-03T12:28:28Z,Lesotho,426,Export,World,79,Zinc and articles thereof,2024,31.669
2026-09-03T12:28:28Z,Lesotho,426,Export,World,80,Tin; articles thereof,2024,34.399
2026-09-03T12:28:28Z,Lesotho,426,Export,World,82,"Tools, implements, cutlery, spoons and forks, of base metal; parts thereof, of base metal",2024,136448.972
2026-09-03T12:28:28Z,Lesotho,426,Export,World,83,Metal; miscellaneous products of base metal,2024,268103.748
2026-09-03T12:28:28Z,Lesotho,426,Export,World,84,"Machinery and mechanical appliances, boilers, nuclear reactors; parts thereof",2024,31473641.901
2026-09-03T12:28:28Z,Lesotho,426,Export,World,85,"Electrical machinery and equipment and parts thereof; sound recorders and reproducers; television image and sound recorders and reproducers, parts and accessories of such articles",2024,43760107.879
2026-09-03T12:28:28Z,Lesotho,426,Export,World,86,"Railway, tramway locomotives, rolling-stock and parts thereof; railway or tramway track fixtures and fittings and parts thereof; mechanical (including electro-mechanical) traffic signalling equipment of all kinds",2024,56985.473
2026-09-03T12:28:28Z,Lesotho,426,Export,World,87,"Vehicles; other than railway or tramway rolling stock, and parts and accessories thereof",2024,13418589.316
2026-09-03T12:28:28Z,Lesotho,426,Export,World,88,"Aircraft, spacecraft, and parts thereof",2024,7565.349
2026-09-03T12:28:28Z,Lesotho,426,Export,World,89,"Ships, boats and floating structures",2024,41470.156
2026-09-03T12:28:28Z,Lesotho,426,Export,World,90,"Optical, photographic, cinematographic, measuring, checking, medical or surgical instruments and apparatus; parts and accessories",2024,513063.546
2026-09-03T12:28:28Z,Lesotho,426,Export,World,91,Clocks and watches and parts thereof,2024,15149.217
2026-09-03T12:28:28Z,Lesotho,426,Export,World,92,Musical instruments; parts and accessories of such articles,2024,478.094
2026-09-03T12:28:28Z,Lesotho,426,Export,World,94,"Furniture; bedding, mattresses, mattress supports, cushions and similar stuffed furnishings; lamps and lighting fittings, n.e.c.; illuminated signs, illuminated name-plates and the like; prefabricated buildings",2024,432335.81
2026-09-03T12:28:28Z,Lesotho,426,Export,World,95,"Toys, games and sports requisites; parts and accessories thereof",2024,16448.753
2026-09-03T12:28:28Z,Lesotho,426,Export,World,96,Miscellaneous manufactured articles,2024,294081.161
2026-09-03T12:28:28Z,Lesotho,426,Export,World,97,Works of art; collectors' pieces and antiques,2024,4097.162
2026-09-03T12:28:28Z,Lesotho,426,Export,World,99,Commodities not specified according to kind,2024,176066.743
2026-09-03T12:28:28Z,Namibia,516,Export,World,01,Animals; live,2024,115833634.935
2026-09-03T12:28:28Z,Namibia,516,Export,World,23,"Food industries, residues and wastes thereof; prepared animal fodder",2024,11912351.686
2026-09-03T12:28:28Z,Namibia,516,Export,World,57,Carpets and other textile floor coverings,2024,103263.512
2026-09-03T12:28:28Z,Namibia,516,Export,World,83,Metal; miscellaneous products of base metal,2024,2280800.796
2026-09-03T12:28:28Z,Namibia,516,Export,World,99,Commodities not specified according to kind,2024,10701854.274
2026-09-03T12:28:28Z,Namibia,516,Export,World,51,"Wool, fine or coarse animal hair; horsehair yarn and woven fabric",2024,18066.342
2026-09-03T12:28:28Z,Namibia,516,Export,World,40,Rubber and articles thereof,2024,52795555.588
2026-09-03T12:28:28Z,Namibia,516,Export,World,42,"Articles of leather; saddlery and harness; travel goods, handbags and similar containers; articles of animal gut (other than silk-worm gut)",2024,177764.009
2026-09-03T12:28:28Z,Namibia,516,Export,World,28,"Inorganic chemicals; organic and inorganic compounds of precious metals; of rare earth metals, of radio-active elements and of isotopes",2024,165788149.203
2026-09-03T12:28:28Z,Namibia,516,Export,World,79,Zinc and articles thereof,2024,147643.632
2026-09-03T12:28:28Z,Namibia,516,Export,World,93,Arms and ammunition; parts and accessories thereof,2024,232255.991
2026-09-03T12:28:28Z,Namibia,516,Export,World,53,Vegetable textile fibres; paper yarn and woven fabrics of paper yarn,2024,7730.233
2026-09-03T12:28:28Z,Namibia,516,Export,World,14,Vegetable plaiting materials; vegetable products not elsewhere specified or included,2024,4723.609
2026-09-03T12:28:28Z,Namibia,516,Export,World,69,Ceramic products,2024,3882147.173
2026-09-03T12:28:28Z,Namibia,516,Export,World,87,"Vehicles; other than railway or tramway rolling stock, and parts and accessories thereof",2024,45790806.497
2026-09-03T12:28:28Z,Namibia,516,Export,World,89,"Ships, boats and floating structures",2024,1414437.279
2026-09-03T12:28:28Z,Namibia,516,Export,World,17,Sugars and sugar confectionery,2024,3954135.296
2026-09-03T12:28:28Z,Namibia,516,Export,World,08,"Fruit and nuts, edible; peel of citrus fruit or melons",2024,98696599.757
2026-09-03T12:28:28Z,Namibia,516,Export,World,21,Miscellaneous edible preparations,2024,1677539.284
2026-09-03T12:28:28Z,Namibia,516,Export,World,36,Explosives; pyrotechnic products; matches; pyrophoric alloys; certain combustible preparations,2024,416124.443
2026-09-03T12:28:28Z,Namibia,516,Export,World,61,Apparel and clothing accessories; knitted or crocheted,2024,333622.08
2026-09-03T12:28:28Z,Namibia,516,Export,World,32,"Tanning or dyeing extracts; tannins and their derivatives; dyes, pigments and other colouring matter; paints, varnishes; putty, other mastics; inks",2024,3327761.453
2026-09-03T12:28:28Z,Namibia,516,Export,World,10,Cereals,2024,78619.993
2026-09-03T12:28:28Z,Namibia,516,Export,World,55,Man-made staple fibres,2024,50788.699
2026-09-03T12:28:28Z,Namibia,516,Export,World,58,"Fabrics; special woven fabrics, tufted textile fabrics, lace, tapestries, trimmings, embroidery",2024,12303.231
2026-09-03T12:28:28Z,Namibia,516,Export,World,31,Fertilizers,2024,96605417.356
2026-09-03T12:28:28Z,Namibia,516,Export,World,02,Meat and edible meat offal,2024,99004231.398
2026-09-03T12:28:28Z,Namibia,516,Export,World,09,"Coffee, tea, mate and spices",2024,58662.335
2026-09-03T12:28:28Z,Namibia,516,Export,World,05,Animal originated products; not elsewhere specified or included,2024,1096797.196
2026-09-03T12:28:28Z,Namibia,516,Export,World,25,"Salt; sulphur; earths, stone; plastering materials, lime and cement",2024,168853176.279
2026-09-03T12:28:28Z,Namibia,516,Export,World,15,"Animal, vegetable or microbial fats and oils and their cleavage products; prepared edible fats; animal or vegetable waxes",2024,1366841.735
2026-09-03T12:28:28Z,Namibia,516,Export,World,20,"Preparations of vegetables, fruit, nuts or other parts of plants",2024,468065.713
2026-09-03T12:28:28Z,Namibia,516,Export,World,11,"Products of the milling industry; malt, starches, inulin, wheat gluten",2024,15978807.665
2026-09-03T12:28:28Z,Namibia,516,Export,World,95,"Toys, games and sports requisites; parts and accessories thereof",2024,382446.889
2026-09-03T12:28:28Z,Namibia,516,Export,World,60,Fabrics; knitted or crocheted,2024,4692.239
2026-09-03T12:28:28Z,Namibia,516,Export,World,22,"Beverages, spirits and vinegar",2024,77202806.451
2026-09-03T12:28:28Z,Namibia,516,Export,World,12,"Oil seeds and oleaginous fruits; miscellaneous grains, seeds and fruit, industrial or medicinal plants; straw and fodder",2024,9032329.237
2026-09-03T12:28:28Z,Namibia,516,Export,World,64,Footwear; gaiters and the like; parts of such articles,2024,558231.422
2026-09-03T12:28:28Z,Namibia,516,Export,World,76,Aluminium and articles thereof,2024,6317575.83
2026-09-03T12:28:28Z,Namibia,516,Export,World,13,"Lac; gums, resins and other vegetable saps and extracts",2024,16852.593
2026-09-03T12:28:28Z,Namibia,516,Export,World,75,Nickel and articles thereof,2024,15632.206
2026-09-03T12:28:28Z,Namibia,516,Export,World,45,Cork and articles of cork,2024,2520.851
2026-09-03T12:28:28Z,Namibia,516,Export,World,80,Tin; articles thereof,2024,5118.846
2026-09-03T12:28:28Z,Namibia,516,Export,World,96,Miscellaneous manufactured articles,2024,380788.308
2026-09-03T12:28:28Z,Namibia,516,Export,World,18,Cocoa and cocoa preparations,2024,134643.843
2026-09-03T12:28:28Z,Namibia,516,Export,World,67,"Feathers and down, prepared; and articles made of feather or of down; artificial flowers; articles of human hair",2024,13465.848
2026-09-03T12:28:28Z,Namibia,516,Export,World,35,Albuminoidal substances; modified starches; glues; enzymes,2024,159216.009
2026-09-03T12:28:28Z,Namibia,516,Export,World,94,"Furniture; bedding, mattresses, mattress supports, cushions and similar stuffed furnishings; lamps and lighting fittings, n.e.c.; illuminated signs, illuminated name-plates and the like; prefabricated buildings",2024,6208402.596
2026-09-03T12:28:28Z,Namibia,516,Export,World,41,Raw hides and skins (other than furskins) and leather,2024,10330584.042
2026-09-03T12:28:28Z,Namibia,516,Export,World,24,"Tobacco and manufactured tobacco substitutes; products, whether or not containing nicotine, intended for inhalation without combustion; other nicotine containing products intended for the intake of nicotine into the human body",2024,1216666.081
2026-09-03T12:28:28Z,Namibia,516,Export,World,59,"Textile fabrics; impregnated, coated, covered or laminated; textile articles of a kind suitable for industrial use",2024,122707.95
2026-09-03T12:28:28Z,Namibia,516,Export,World,88,"Aircraft, spacecraft, and parts thereof",2024,1653959.76
2026-09-03T12:28:28Z,Namibia,516,Export,World,66,"Umbrellas, sun umbrellas, walking-sticks, seat sticks, whips, riding crops; and parts thereof",2024,28453.054
2026-09-03T12:28:28Z,Namibia,516,Export,World,46,"Manufactures of straw, esparto or other plaiting materials; basketware and wickerwork",2024,19134.162
2026-09-03T12:28:28Z,Namibia,516,Export,World,06,"Trees and other plants, live; bulbs, roots and the like; cut flowers and ornamental foliage",2024,60256.871
2026-09-03T12:28:28Z,Namibia,516,Export,World,37,Photographic or cinematographic goods,2024,649.99
2026-09-03T12:28:28Z,Namibia,516,Export,World,19,"Preparations of cereals, flour, starch or milk; pastrycooks' products",2024,30450042.989
2026-09-03T12:28:28Z,Namibia,516,Export,World,47,Pulp of wood or other fibrous cellulosic material; recovered (waste and scrap) paper or paperboard,2024,1407212.899
2026-09-03T12:28:28Z,Namibia,516,Export,World,07,Vegetables and certain roots and tubers; edible,2024,18953896.188
2026-09-03T12:28:28Z,Namibia,516,Export,World,43,Furskins and artificial fur; manufactures thereof,2024,794259.304
2026-09-03T12:28:28Z,Namibia,516,Export,World,70,Glass and glassware,2024,1598308.144
2026-09-03T12:28:28Z,Namibia,516,Export,World,86,"Railway, tramway locomotives, rolling-stock and parts thereof; railway or tramway track fixtures and fittings and parts thereof; mechanical (including electro-mechanical) traffic signalling equipment of all kinds",2024,1190658.391
2026-09-03T12:28:28Z,Namibia,516,Export,World,78,Lead and articles thereof,2024,457266.664
2026-09-03T12:28:28Z,Namibia,516,Export,World,91,Clocks and watches and parts thereof,2024,20180.608
2026-09-03T12:28:28Z,Namibia,516,Export,World,92,Musical instruments; parts and accessories of such articles,2024,78029.159
2026-09-03T12:28:28Z,Namibia,516,Export,World,04,"Dairy produce; birds' eggs; natural honey; edible products of animal origin, not elsewhere specified or included",2024,2175385.673
2026-09-03T12:28:28Z,Namibia,516,Export,World,82,"Tools, implements, cutlery, spoons and forks, of base metal; parts thereof, of base metal",2024,5194642.843
2026-09-03T12:28:28Z,Namibia,516,Export,World,73,Iron or steel articles,2024,50055469.215
2026-09-03T12:28:28Z,Namibia,516,Export,World,84,"Machinery and mechanical appliances, boilers, nuclear reactors; parts thereof",2024,190950723.241
2026-09-03T12:28:28Z,Namibia,516,Export,World,29,Organic chemicals,2024,2676558.688
2026-09-03T12:28:28Z,Namibia,516,Export,World,72,Iron and steel,2024,56548353.746
2026-09-03T12:28:28Z,Namibia,516,Export,World,85,"Electrical machinery and equipment and parts thereof; sound recorders and reproducers; television image and sound recorders and reproducers, parts and accessories of such articles",2024,88002579.372
2026-09-03T12:28:28Z,Namibia,516,Export,World,81,"Metals; n.e.c., cermets and articles thereof",2024,24522.688
2026-09-03T12:28:28Z,Namibia,516,Export,World,49,"Printed books, newspapers, pictures and other products of the printing industry; manuscripts, typescripts and plans",2024,436401.517
2026-09-03T12:28:28Z,Namibia,516,Export,World,03,"Fish and crustaceans, molluscs and other aquatic invertebrates",2024,786459305.471
2026-09-03T12:28:28Z,Namibia,516,Export,World,54,Man-made filaments; strip and the like of man-made textile materials,2024,36559.661
2026-09-03T12:28:28Z,Namibia,516,Export,World,39,Plastics and articles thereof,2024,36417427.105
2026-09-03T12:28:28Z,Namibia,516,Export,World,65,Headgear and parts thereof,2024,125360.913
2026-09-03T12:28:28Z,Namibia,516,Export,World,27,"Mineral fuels, mineral oils and products of their distillation; bituminous substances; mineral waxes",2024,333452211.545
2026-09-03T12:28:28Z,Namibia,516,Export,World,26,"Ores, slag and ash",2024,1467464022.85
2026-09-03T12:28:28Z,Namibia,516,Export,World,16,"Meat, fish, crustaceans, molluscs or other aquatic invertebrates, or insects; preparations thereof",2024,7864306.847
2026-09-03T12:28:28Z,Namibia,516,Export,World,33,"Essential oils and resinoids; perfumery, cosmetic or toilet preparations",2024,2257641.02
2026-09-03T12:28:28Z,Namibia,516,Export,World,62,Apparel and clothing accessories; not knitted or crocheted,2024,234417.84
2026-09-03T12:28:28Z,Namibia,516,Export,World,90,"Optical, photographic, cinematographic, measuring, checking, medical or surgical instruments and apparatus; parts and accessories",2024,20936674.176
2026-09-03T12:28:28Z,Namibia,516,Export,World,44,Wood and articles of wood; wood charcoal,2024,83841597.494
2026-09-03T12:28:28Z,Namibia,516,Export,World,48,"Paper and paperboard; articles of paper pulp, of paper or paperboard",2024,1679770.877
2026-09-03T12:28:28Z,Namibia,516,Export,World,63,"Textiles, made up articles; sets; worn clothing and worn textile articles; rags",2024,19446384.664
2026-09-03T12:28:28Z,Namibia,516,Export,World,74,Copper and articles thereof,2024,378811564.733
2026-09-03T12:28:28Z,Namibia,516,Export,World,68,"Stone, plaster, cement, asbestos, mica or similar materials; articles thereof",2024,16598913.629
2026-09-03T12:28:28Z,Namibia,516,Export,World,52,Cotton,2024,64234.478
2026-09-03T12:28:28Z,Namibia,516,Export,World,50,Silk,2024,3410.325
2026-09-03T12:28:28Z,Namibia,516,Export,World,56,"Wadding, felt and nonwovens, special yarns; twine, cordage, ropes and cables and articles thereof",2024,786543.983
2026-09-03T12:28:28Z,Namibia,516,Export,World,30,Pharmaceutical products,2024,3235971.717
2026-09-03T12:28:28Z,Namibia,516,Export,World,38,Chemical products n.e.c.,2024,49697881.112
2026-09-03T12:28:28Z,Namibia,516,Export,World,34,"Soap, organic surface-active agents; washing, lubricating, polishing or scouring preparations; artificial or prepared waxes, candles and similar articles, modelling pastes, dental waxes and dental preparations with a basis of plaster",2024,16082179.603
2026-09-03T12:28:28Z,Namibia,516,Export,World,97,Works of art; collectors' pieces and antiques,2024,4471453.317
2026-09-03T12:28:28Z,Namibia,516,Export,World,71,"Natural, cultured pearls; precious, semi-precious stones; precious metals, metals clad with precious metal, and articles thereof; imitation jewellery; coin",2024,1845865004.842
2026-09-03T12:28:28Z,South Africa,710,Export,World,80,Tin; articles thereof,2024,470910.816
2026-09-03T12:28:28Z,South Africa,710,Export,World,45,Cork and articles of cork,2024,808519.832
2026-09-03T12:28:28Z,South Africa,710,Export,World,58,"Fabrics; special woven fabrics, tufted textile fabrics, lace, tapestries, trimmings, embroidery",2024,22105348.059
2026-09-03T12:28:28Z,South Africa,710,Export,World,15,"Animal, vegetable or microbial fats and oils and their cleavage products; prepared edible fats; animal or vegetable waxes",2024,430902261.147
2026-09-03T12:28:28Z,South Africa,710,Export,World,16,"Meat, fish, crustaceans, molluscs or other aquatic invertebrates, or insects; preparations thereof",2024,118936249.499
2026-09-03T12:28:28Z,South Africa,710,Export,World,86,"Railway, tramway locomotives, rolling-stock and parts thereof; railway or tramway track fixtures and fittings and parts thereof; mechanical (including electro-mechanical) traffic signalling equipment of all kinds",2024,112874721.442
2026-09-03T12:28:28Z,South Africa,710,Export,World,28,"Inorganic chemicals; organic and inorganic compounds of precious metals; of rare earth metals, of radio-active elements and of isotopes",2024,1135202117.606
2026-09-03T12:28:28Z,South Africa,710,Export,World,95,"Toys, games and sports requisites; parts and accessories thereof",2024,63908325.593
2026-09-03T12:28:28Z,South Africa,710,Export,World,78,Lead and articles thereof,2024,40419963.522
2026-09-03T12:28:28Z,South Africa,710,Export,World,36,Explosives; pyrotechnic products; matches; pyrophoric alloys; certain combustible preparations,2024,172075388.521
2026-09-03T12:28:28Z,South Africa,710,Export,World,81,"Metals; n.e.c., cermets and articles thereof",2024,97765141.719
2026-09-03T12:28:28Z,South Africa,710,Export,World,44,Wood and articles of wood; wood charcoal,2024,580719951.825
2026-09-03T12:28:28Z,South Africa,710,Export,World,74,Copper and articles thereof,2024,1070461751.308
2026-09-03T12:28:28Z,South Africa,710,Export,World,37,Photographic or cinematographic goods,2024,8978931.655
2026-09-03T12:28:28Z,South Africa,710,Export,World,26,"Ores, slag and ash",2024,17199487887.665
2026-09-03T12:28:28Z,South Africa,710,Export,World,33,"Essential oils and resinoids; perfumery, cosmetic or toilet preparations",2024,877268706.986
2026-09-03T12:28:28Z,South Africa,710,Export,World,71,"Natural, cultured pearls; precious, semi-precious stones; precious metals, metals clad with precious metal, and articles thereof; imitation jewellery; coin",2024,20302147693.876
2026-09-03T12:28:28Z,South Africa,710,Export,World,20,"Preparations of vegetables, fruit, nuts or other parts of plants",2024,846161247.397
2026-09-03T12:28:28Z,South Africa,710,Export,World,18,Cocoa and cocoa preparations,2024,95537813.545
2026-09-03T12:28:28Z,South Africa,710,Export,World,75,Nickel and articles thereof,2024,556030681.387
2026-09-03T12:28:28Z,South Africa,710,Export,World,60,Fabrics; knitted or crocheted,2024,29464356.531
2026-09-03T12:28:28Z,South Africa,710,Export,World,56,"Wadding, felt and nonwovens, special yarns; twine, cordage, ropes and cables and articles thereof",2024,51770966.959
2026-09-03T12:28:28Z,South Africa,710,Export,World,53,Vegetable textile fibres; paper yarn and woven fabrics of paper yarn,2024,7171786.085
2026-09-03T12:28:28Z,South Africa,710,Export,World,46,"Manufactures of straw, esparto or other plaiting materials; basketware and wickerwork",2024,3885689.088
2026-09-03T12:28:28Z,South Africa,710,Export,World,67,"Feathers and down, prepared; and articles made of feather or of down; artificial flowers; articles of human hair",2024,38648400.045
2026-09-03T12:28:28Z,South Africa,710,Export,World,12,"Oil seeds and oleaginous fruits; miscellaneous grains, seeds and fruit, industrial or medicinal plants; straw and fodder",2024,369567370.203
2026-09-03T12:28:28Z,South Africa,710,Export,World,31,Fertilizers,2024,475138654.564
2026-09-03T12:28:28Z,South Africa,710,Export,World,63,"Textiles, made up articles; sets; worn clothing and worn textile articles; rags",2024,167173388.931
2026-09-03T12:28:28Z,South Africa,710,Export,World,21,Miscellaneous edible preparations,2024,644101115.237
2026-09-03T12:28:28Z,South Africa,710,Export,World,25,"Salt; sulphur; earths, stone; plastering materials, lime and cement",2024,813133518.513
2026-09-03T12:28:28Z,South Africa,710,Export,World,47,Pulp of wood or other fibrous cellulosic material; recovered (waste and scrap) paper or paperboard,2024,1168722388.95
2026-09-03T12:28:28Z,South Africa,710,Export,World,07,Vegetables and certain roots and tubers; edible,2024,217952007.644
2026-09-03T12:28:28Z,South Africa,710,Export,World,19,"Preparations of cereals, flour, starch or milk; pastrycooks' products",2024,374187537.421
2026-09-03T12:28:28Z,South Africa,710,Export,World,73,Iron or steel articles,2024,1286540562.555
2026-09-03T12:28:28Z,South Africa,710,Export,World,48,"Paper and paperboard; articles of paper pulp, of paper or paperboard",2024,669270946.461
2026-09-03T12:28:28Z,South Africa,710,Export,World,35,Albuminoidal substances; modified starches; glues; enzymes,2024,99456798.415
2026-09-03T12:28:28Z,South Africa,710,Export,World,03,"Fish and crustaceans, molluscs and other aquatic invertebrates",2024,495650038.953
2026-09-03T12:28:28Z,South Africa,710,Export,World,68,"Stone, plaster, cement, asbestos, mica or similar materials; articles thereof",2024,148246542.754
2026-09-03T12:28:28Z,South Africa,710,Export,World,83,Metal; miscellaneous products of base metal,2024,138758214.268
2026-09-03T12:28:28Z,South Africa,710,Export,World,72,Iron and steel,2024,5767469840.749
2026-09-03T12:28:28Z,South Africa,710,Export,World,55,Man-made staple fibres,2024,86668543.987
2026-09-03T12:28:28Z,South Africa,710,Export,World,08,"Fruit and nuts, edible; peel of citrus fruit or melons",2024,4943142752.153
2026-09-03T12:28:28Z,South Africa,710,Export,World,41,Raw hides and skins (other than furskins) and leather,2024,169431694.934
2026-09-03T12:28:28Z,South Africa,710,Export,World,24,"Tobacco and manufactured tobacco substitutes; products, whether or not containing nicotine, intended for inhalation without combustion; other nicotine containing products intended for the intake of nicotine into the human body",2024,167016585.629
2026-09-03T12:28:28Z,South Africa,710,Export,World,66,"Umbrellas, sun umbrellas, walking-sticks, seat sticks, whips, riding crops; and parts thereof",2024,6543712.693
2026-09-03T12:28:28Z,South Africa,710,Export,World,34,"Soap, organic surface-active agents; washing, lubricating, polishing or scouring preparations; artificial or prepared waxes, candles and similar articles, modelling pastes, dental waxes and dental preparations with a basis of plaster",2024,608180146.064
2026-09-03T12:28:28Z,South Africa,710,Export,World,06,"Trees and other plants, live; bulbs, roots and the like; cut flowers and ornamental foliage",2024,107094082.644
2026-09-03T12:28:28Z,South Africa,710,Export,World,59,"Textile fabrics; impregnated, coated, covered or laminated; textile articles of a kind suitable for industrial use",2024,33300228.276
2026-09-03T12:28:28Z,South Africa,710,Export,World,82,"Tools, implements, cutlery, spoons and forks, of base metal; parts thereof, of base metal",2024,204252317.226
2026-09-03T12:28:28Z,South Africa,710,Export,World,49,"Printed books, newspapers, pictures and other products of the printing industry; manuscripts, typescripts and plans",2024,78101755.178
2026-09-03T12:28:28Z,South Africa,710,Export,World,97,Works of art; collectors' pieces and antiques,2024,94391453.473
2026-09-03T12:28:28Z,South Africa,710,Export,World,90,"Optical, photographic, cinematographic, measuring, checking, medical or surgical instruments and apparatus; parts and accessories",2024,586729126.293
2026-09-03T12:28:28Z,South Africa,710,Export,World,96,Miscellaneous manufactured articles,2024,188138653.21
2026-09-03T12:28:28Z,South Africa,710,Export,World,57,Carpets and other textile floor coverings,2024,29713401.396
2026-09-03T12:28:28Z,South Africa,710,Export,World,91,Clocks and watches and parts thereof,2024,13289015.221
2026-09-03T12:28:28Z,South Africa,710,Export,World,62,Apparel and clothing accessories; not knitted or crocheted,2024,204733535.616
2026-09-03T12:28:28Z,South Africa,710,Export,World,02,Meat and edible meat offal,2024,409403445.458
2026-09-03T12:28:28Z,South Africa,710,Export,World,27,"Mineral fuels, mineral oils and products of their distillation; bituminous substances; mineral waxes",2024,10563549125.293
2026-09-03T12:28:28Z,South Africa,710,Export,World,13,"Lac; gums, resins and other vegetable saps and extracts",2024,15983237.496
2026-09-03T12:28:28Z,South Africa,710,Export,World,99,Commodities not specified according to kind,2024,371605343.21
2026-09-03T12:28:28Z,South Africa,710,Export,World,11,"Products of the milling industry; malt, starches, inulin, wheat gluten",2024,373085852.361
2026-09-03T12:28:28Z,South Africa,710,Export,World,54,Man-made filaments; strip and the like of man-made textile materials,2024,40256425.411
2026-09-03T12:28:28Z,South Africa,710,Export,World,05,Animal originated products; not elsewhere specified or included,2024,28965276.822
2026-09-03T12:28:28Z,South Africa,710,Export,World,69,Ceramic products,2024,131736101.667
2026-09-03T12:28:28Z,South Africa,710,Export,World,50,Silk,2024,1727516.606
2026-09-03T12:28:28Z,South Africa,710,Export,World,30,Pharmaceutical products,2024,537863211.89
2026-09-03T12:28:28Z,South Africa,710,Export,World,23,"Food industries, residues and wastes thereof; prepared animal fodder",2024,410130172.611
2026-09-03T12:28:28Z,South Africa,710,Export,World,51,"Wool, fine or coarse animal hair; horsehair yarn and woven fabric",2024,332396532.503
2026-09-03T12:28:28Z,South Africa,710,Export,World,04,"Dairy produce; birds' eggs; natural honey; edible products of animal origin, not elsewhere specified or included",2024,282154465.529
2026-09-03T12:28:28Z,South Africa,710,Export,World,17,Sugars and sugar confectionery,2024,547270765.502
2026-09-03T12:28:28Z,South Africa,710,Export,World,32,"Tanning or dyeing extracts; tannins and their derivatives; dyes, pigments and other colouring matter; paints, varnishes; putty, other mastics; inks",2024,394768219.52
2026-09-03T12:28:28Z,South Africa,710,Export,World,79,Zinc and articles thereof,2024,7727230.097
2026-09-03T12:28:28Z,South Africa,710,Export,World,43,Furskins and artificial fur; manufactures thereof,2024,4142110.161
2026-09-03T12:28:28Z,South Africa,710,Export,World,52,Cotton,2024,58895521.16
2026-09-03T12:28:28Z,South Africa,710,Export,World,94,"Furniture; bedding, mattresses, mattress supports, cushions and similar stuffed furnishings; lamps and lighting fittings, n.e.c.; illuminated signs, illuminated name-plates and the like; prefabricated buildings",2024,363694824.019
2026-09-03T12:28:28Z,South Africa,710,Export,World,65,Headgear and parts thereof,2024,19456936.341
2026-09-03T12:28:28Z,South Africa,710,Export,World,22,"Beverages, spirits and vinegar",2024,1527496738.54
2026-09-03T12:28:28Z,South Africa,710,Export,World,29,Organic chemicals,2024,1121152726.614
2026-09-03T12:28:28Z,South Africa,710,Export,World,85,"Electrical machinery and equipment and parts thereof; sound recorders and reproducers; television image and sound recorders and reproducers, parts and accessories of such articles",2024,2300380222.835
2026-09-03T12:28:28Z,South Africa,710,Export,World,89,"Ships, boats and floating structures",2024,299006774.974
2026-09-03T12:28:28Z,South Africa,710,Export,World,42,"Articles of leather; saddlery and harness; travel goods, handbags and similar containers; articles of animal gut (other than silk-worm gut)",2024,67740277.466
2026-09-03T12:28:28Z,South Africa,710,Export,World,61,Apparel and clothing accessories; knitted or crocheted,2024,222917025.598
2026-09-03T12:28:28Z,South Africa,710,Export,World,87,"Vehicles; other than railway or tramway rolling stock, and parts and accessories thereof",2024,12560694615.243
2026-09-03T12:28:28Z,South Africa,710,Export,World,92,Musical instruments; parts and accessories of such articles,2024,2618192.647
2026-09-03T12:28:28Z,South Africa,710,Export,World,38,Chemical products n.e.c.,2024,959321902.167
2026-09-03T12:28:28Z,South Africa,710,Export,World,01,Animals; live,2024,55381240.674
2026-09-03T12:28:28Z,South Africa,710,Export,World,10,Cereals,2024,1166341382.089
2026-09-03T12:28:28Z,South Africa,710,Export,World,09,"Coffee, tea, mate and spices",2024,154220024.427
2026-09-03T12:28:28Z,South Africa,710,Export,World,14,Vegetable plaiting materials; vegetable products not elsewhere specified or included,2024,13669736.888
2026-09-03T12:28:28Z,South Africa,710,Export,World,70,Glass and glassware,2024,147260342.913
2026-09-03T12:28:28Z,South Africa,710,Export,World,88,"Aircraft, spacecraft, and parts thereof",2024,399287312.176
2026-09-03T12:28:28Z,South Africa,710,Export,World,76,Aluminium and articles thereof,2024,2166356610.353
2026-09-03T12:28:28Z,South Africa,710,Export,World,40,Rubber and articles thereof,2024,480037805.392
2026-09-03T12:28:28Z,South Africa,710,Export,World,64,Footwear; gaiters and the like; parts of such articles,2024,177128095.167
2026-09-03T12:28:28Z,South Africa,710,Export,World,39,Plastics and articles thereof,2024,1446841378.861
2026-09-03T12:28:28Z,South Africa,710,Export,World,84,"Machinery and mechanical appliances, boilers, nuclear reactors; parts thereof",2024,5660368063.979
2026-09-03T12:28:28Z,South Africa,710,Export,World,24,"Tobacco and manufactured tobacco substitutes; products, whether or not containing nicotine, intended for inhalation without combustion; other nicotine containing products intended for the intake of nicotine into the human body",2025,190271544.651
2026-09-03T12:28:28Z,South Africa,710,Export,World,53,Vegetable textile fibres; paper yarn and woven fabrics of paper yarn,2025,7570446.025
2026-09-03T12:28:28Z,South Africa,710,Export,World,83,Metal; miscellaneous products of base metal,2025,135578587.329
2026-09-03T12:28:28Z,South Africa,710,Export,World,21,Miscellaneous edible preparations,2025,750594841.491
2026-09-03T12:28:28Z,South Africa,710,Export,World,44,Wood and articles of wood; wood charcoal,2025,747458367.032
2026-09-03T12:28:28Z,South Africa,710,Export,World,67,"Feathers and down, prepared; and articles made of feather or of down; artificial flowers; articles of human hair",2025,54457432.65
2026-09-03T12:28:28Z,South Africa,710,Export,World,13,"Lac; gums, resins and other vegetable saps and extracts",2025,16351480.18
2026-09-03T12:28:28Z,South Africa,710,Export,World,33,"Essential oils and resinoids; perfumery, cosmetic or toilet preparations",2025,907784628.566
2026-09-03T12:28:28Z,South Africa,710,Export,World,36,Explosives; pyrotechnic products; matches; pyrophoric alloys; certain combustible preparations,2025,212332888.652
2026-09-03T12:28:28Z,South Africa,710,Export,World,50,Silk,2025,1214560.485
2026-09-03T12:28:28Z,South Africa,710,Export,World,02,Meat and edible meat offal,2025,402843911.734
2026-09-03T12:28:28Z,South Africa,710,Export,World,16,"Meat, fish, crustaceans, molluscs or other aquatic invertebrates, or insects; preparations thereof",2025,122660298.521
2026-09-03T12:28:28Z,South Africa,710,Export,World,19,"Preparations of cereals, flour, starch or milk; pastrycooks' products",2025,428461485.075
2026-09-03T12:28:28Z,South Africa,710,Export,World,39,Plastics and articles thereof,2025,1531622927.765
2026-09-03T12:28:28Z,South Africa,710,Export,World,59,"Textile fabrics; impregnated, coated, covered or laminated; textile articles of a kind suitable for industrial use",2025,38429660.201
2026-09-03T12:28:28Z,South Africa,710,Export,World,80,Tin; articles thereof,2025,645476.619
2026-09-03T12:28:28Z,South Africa,710,Export,World,27,"Mineral fuels, mineral oils and products of their distillation; bituminous substances; mineral waxes",2025,9509780951.957
2026-09-03T12:28:28Z,South Africa,710,Export,World,47,Pulp of wood or other fibrous cellulosic material; recovered (waste and scrap) paper or paperboard,2025,1085877551.304
2026-09-03T12:28:28Z,South Africa,710,Export,World,64,Footwear; gaiters and the like; parts of such articles,2025,191282451.925
2026-09-03T12:28:28Z,South Africa,710,Export,World,85,"Electrical machinery and equipment and parts thereof; sound recorders and reproducers; television image and sound recorders and reproducers, parts and accessories of such articles",2025,2375618890.169
2026-09-03T12:28:28Z,South Africa,710,Export,World,88,"Aircraft, spacecraft, and parts thereof",2025,419144776.663
2026-09-03T12:28:28Z,South Africa,710,Export,World,91,Clocks and watches and parts thereof,2025,13389996.325
2026-09-03T12:28:28Z,South Africa,710,Export,World,01,Animals; live,2025,70623247.562
2026-09-03T12:28:28Z,South Africa,710,Export,World,04,"Dairy produce; birds' eggs; natural honey; edible products of animal origin, not elsewhere specified or included",2025,364785252.675
2026-09-03T12:28:28Z,South Africa,710,Export,World,07,Vegetables and certain roots and tubers; edible,2025,233699191.418
2026-09-03T12:28:28Z,South Africa,710,Export,World,10,Cereals,2025,978552231.955
2026-09-03T12:28:28Z,South Africa,710,Export,World,30,Pharmaceutical products,2025,553891226.952
2026-09-03T12:28:28Z,South Africa,710,Export,World,82,"Tools, implements, cutlery, spoons and forks, of base metal; parts thereof, of base metal",2025,186547379.784
2026-09-03T12:28:28Z,South Africa,710,Export,World,22,"Beverages, spirits and vinegar",2025,1645832787.196
2026-09-03T12:28:28Z,South Africa,710,Export,World,42,"Articles of leather; saddlery and harness; travel goods, handbags and similar containers; articles of animal gut (other than silk-worm gut)",2025,97533009.12
2026-09-03T12:28:28Z,South Africa,710,Export,World,62,Apparel and clothing accessories; not knitted or crocheted,2025,222166750.966
2026-09-03T12:28:28Z,South Africa,710,Export,World,86,"Railway, tramway locomotives, rolling-stock and parts thereof; railway or tramway track fixtures and fittings and parts thereof; mechanical (including electro-mechanical) traffic signalling equipment of all kinds",2025,110621923.162
2026-09-03T12:28:28Z,South Africa,710,Export,World,38,Chemical products n.e.c.,2025,998501167.578
2026-09-03T12:28:28Z,South Africa,710,Export,World,41,Raw hides and skins (other than furskins) and leather,2025,154800068.503
2026-09-03T12:28:28Z,South Africa,710,Export,World,58,"Fabrics; special woven fabrics, tufted textile fabrics, lace, tapestries, trimmings, embroidery",2025,20381739.608
2026-09-03T12:28:28Z,South Africa,710,Export,World,18,Cocoa and cocoa preparations,2025,113518803.248
2026-09-03T12:28:28Z,South Africa,710,Export,World,55,Man-made staple fibres,2025,89222190.004
2026-09-03T12:28:28Z,South Africa,710,Export,World,79,Zinc and articles thereof,2025,9101907.199
2026-09-03T12:28:28Z,South Africa,710,Export,World,15,"Animal, vegetable or microbial fats and oils and their cleavage products; prepared edible fats; animal or vegetable waxes",2025,433320286.624
2026-09-03T12:28:28Z,South Africa,710,Export,World,35,Albuminoidal substances; modified starches; glues; enzymes,2025,107958775.431
2026-09-03T12:28:28Z,South Africa,710,Export,World,61,Apparel and clothing accessories; knitted or crocheted,2025,241929513.284
2026-09-03T12:28:28Z,South Africa,710,Export,World,31,Fertilizers,2025,513368403.177
2026-09-03T12:28:28Z,South Africa,710,Export,World,32,"Tanning or dyeing extracts; tannins and their derivatives; dyes, pigments and other colouring matter; paints, varnishes; putty, other mastics; inks",2025,419604251.735
2026-09-03T12:28:28Z,South Africa,710,Export,World,34,"Soap, organic surface-active agents; washing, lubricating, polishing or scouring preparations; artificial or prepared waxes, candles and similar articles, modelling pastes, dental waxes and dental preparations with a basis of plaster",2025,663995371.928
2026-09-03T12:28:28Z,South Africa,710,Export,World,37,Photographic or cinematographic goods,2025,9455653.23
2026-09-03T12:28:28Z,South Africa,710,Export,World,40,Rubber and articles thereof,2025,520515956.577
2026-09-03T12:28:28Z,South Africa,710,Export,World,43,Furskins and artificial fur; manufactures thereof,2025,5335287.046
2026-09-03T12:28:28Z,South Africa,710,Export,World,49,"Printed books, newspapers, pictures and other products of the printing industry; manuscripts, typescripts and plans",2025,71166758.225
2026-09-03T12:28:28Z,South Africa,710,Export,World,51,"Wool, fine or coarse animal hair; horsehair yarn and woven fabric",2025,385538763.7
2026-09-03T12:28:28Z,South Africa,710,Export,World,54,Man-made filaments; strip and the like of man-made textile materials,2025,35759491.184
2026-09-03T12:28:28Z,South Africa,710,Export,World,63,"Textiles, made up articles; sets; worn clothing and worn textile articles; rags",2025,180558600.02
2026-09-03T12:28:28Z,South Africa,710,Export,World,65,Headgear and parts thereof,2025,21039956.327
2026-09-03T12:28:28Z,South Africa,710,Export,World,66,"Umbrellas, sun umbrellas, walking-sticks, seat sticks, whips, riding crops; and parts thereof",2025,9845933.012
2026-09-03T12:28:28Z,South Africa,710,Export,World,68,"Stone, plaster, cement, asbestos, mica or similar materials; articles thereof",2025,153115472.889
2026-09-03T12:28:28Z,South Africa,710,Export,World,69,Ceramic products,2025,137877861.252
2026-09-03T12:28:28Z,South Africa,710,Export,World,74,Copper and articles thereof,2025,1264832050.213
2026-09-03T12:28:28Z,South Africa,710,Export,World,81,"Metals; n.e.c., cermets and articles thereof",2025,114249254.455
2026-09-03T12:28:28Z,South Africa,710,Export,World,87,"Vehicles; other than railway or tramway rolling stock, and parts and accessories thereof",2025,15254675513.2
2026-09-03T12:28:28Z,South Africa,710,Export,World,95,"Toys, games and sports requisites; parts and accessories thereof",2025,74341095.797
2026-09-03T12:28:28Z,South Africa,710,Export,World,03,"Fish and crustaceans, molluscs and other aquatic invertebrates",2025,541416723.555
2026-09-03T12:28:28Z,South Africa,710,Export,World,05,Animal originated products; not elsewhere specified or included,2025,25743901.648
2026-09-03T12:28:28Z,South Africa,710,Export,World,06,"Trees and other plants, live; bulbs, roots and the like; cut flowers and ornamental foliage",2025,119441272.583
2026-09-03T12:28:28Z,South Africa,710,Export,World,08,"Fruit and nuts, edible; peel of citrus fruit or melons",2025,6013023621.371
2026-09-03T12:28:28Z,South Africa,710,Export,World,09,"Coffee, tea, mate and spices",2025,182474056.53
2026-09-03T12:28:28Z,South Africa,710,Export,World,12,"Oil seeds and oleaginous fruits; miscellaneous grains, seeds and fruit, industrial or medicinal plants; straw and fodder",2025,470726916.349
2026-09-03T12:28:28Z,South Africa,710,Export,World,17,Sugars and sugar confectionery,2025,516604125.046
2026-09-03T12:28:28Z,South Africa,710,Export,World,20,"Preparations of vegetables, fruit, nuts or other parts of plants",2025,861889460.464
2026-09-03T12:28:28Z,South Africa,710,Export,World,26,"Ores, slag and ash",2025,18086784983.313
2026-09-03T12:28:28Z,South Africa,710,Export,World,56,"Wadding, felt and nonwovens, special yarns; twine, cordage, ropes and cables and articles thereof",2025,59773645.282
2026-09-03T12:28:28Z,South Africa,710,Export,World,70,Glass and glassware,2025,171930751.916
2026-09-03T12:28:28Z,South Africa,710,Export,World,73,Iron or steel articles,2025,1253349521.532
2026-09-03T12:28:28Z,South Africa,710,Export,World,76,Aluminium and articles thereof,2025,2407097737.176
2026-09-03T12:28:28Z,South Africa,710,Export,World,94,"Furniture; bedding, mattresses, mattress supports, cushions and similar stuffed furnishings; lamps and lighting fittings, n.e.c.; illuminated signs, illuminated name-plates and the like; prefabricated buildings",2025,380867198.34
2026-09-03T12:28:28Z,South Africa,710,Export,World,45,Cork and articles of cork,2025,1300283.597
2026-09-03T12:28:28Z,South Africa,710,Export,World,60,Fabrics; knitted or crocheted,2025,36902065.476
2026-09-03T12:28:28Z,South Africa,710,Export,World,75,Nickel and articles thereof,2025,543926851.72
2026-09-03T12:28:28Z,South Africa,710,Export,World,14,Vegetable plaiting materials; vegetable products not elsewhere specified or included,2025,895909.164
2026-09-03T12:28:28Z,South Africa,710,Export,World,23,"Food industries, residues and wastes thereof; prepared animal fodder",2025,422605917.202
2026-09-03T12:28:28Z,South Africa,710,Export,World,99,Commodities not specified according to kind,2025,494772161.582
2026-09-03T12:28:28Z,South Africa,710,Export,World,46,"Manufactures of straw, esparto or other plaiting materials; basketware and wickerwork",2025,3146207.605
2026-09-03T12:28:28Z,South Africa,710,Export,World,48,"Paper and paperboard; articles of paper pulp, of paper or paperboard",2025,667006470.111
2026-09-03T12:28:28Z,South Africa,710,Export,World,52,Cotton,2025,65437876.733
2026-09-03T12:28:28Z,South Africa,710,Export,World,57,Carpets and other textile floor coverings,2025,28158909.877
2026-09-03T12:28:28Z,South Africa,710,Export,World,71,"Natural, cultured pearls; precious, semi-precious stones; precious metals, metals clad with precious metal, and articles thereof; imitation jewellery; coin",2025,23279259050.444
2026-09-03T12:28:28Z,South Africa,710,Export,World,72,Iron and steel,2025,3452381007.171
2026-09-03T12:28:28Z,South Africa,710,Export,World,78,Lead and articles thereof,2025,37903951.345
2026-09-03T12:28:28Z,South Africa,710,Export,World,84,"Machinery and mechanical appliances, boilers, nuclear reactors; parts thereof",2025,5876080189.08
2026-09-03T12:28:28Z,South Africa,710,Export,World,89,"Ships, boats and floating structures",2025,323043834.114
2026-09-03T12:28:28Z,South Africa,710,Export,World,90,"Optical, photographic, cinematographic, measuring, checking, medical or surgical instruments and apparatus; parts and accessories",2025,741642248.355
2026-09-03T12:28:28Z,South Africa,710,Export,World,92,Musical instruments; parts and accessories of such articles,2025,3083480.771
2026-09-03T12:28:28Z,South Africa,710,Export,World,96,Miscellaneous manufactured articles,2025,211151566.027
2026-09-03T12:28:28Z,South Africa,710,Export,World,11,"Products of the milling industry; malt, starches, inulin, wheat gluten",2025,303358764.11
2026-09-03T12:28:28Z,South Africa,710,Export,World,25,"Salt; sulphur; earths, stone; plastering materials, lime and cement",2025,929140040.15
2026-09-03T12:28:28Z,South Africa,710,Export,World,28,"Inorganic chemicals; organic and inorganic compounds of precious metals; of rare earth metals, of radio-active elements and of isotopes",2025,1071556319.47
2026-09-03T12:28:28Z,South Africa,710,Export,World,29,Organic chemicals,2025,1094767423.019
2026-09-03T12:28:28Z,South Africa,710,Export,World,97,Works of art; collectors' pieces and antiques,2025,90620033.137
