pulled_at,date,base_currency,quote_currency,rate,note
2026-09-08T12:10:19Z,2009-12-31,USD,ZAR,7.4039,LSL is pegged 1:1 to ZAR under the Common Monetary Area -- this rate applies directly to the Loti.
2026-09-08T12:10:19Z,2010-01-04,USD,ZAR,7.3402,LSL is pegged 1:1 to ZAR under the Common Monetary Area -- this rate applies directly to the Loti.
2026-09-08T12:10:19Z,2010-01-05,USD,ZAR,7.2752,LSL is pegged 1:1 to ZAR under the Common Monetary Area -- this rate applies directly to the Loti.
2026-09-08T12:10:19Z,2010-01-06,USD,ZAR,7.3394,LSL is pegged 1:1 to ZAR under the Common Monetary Area -- this rate applies directly to the Loti.
2026-09-08T12:10:19Z,2010-01-07,USD,ZAR,7.4023,LSL is pegged 1:1 to ZAR under the Common Monetary Area -- this rate applies directly to the Loti.
2026-09-08T12:10:19Z,2010-01-08,USD,ZAR,7.4441,LSL is pegged 1:1 to ZAR under the Common Monetary Area -- this rate applies directly to the Loti.
2026-09-08T12:10:19Z,2010-01-11,USD,ZAR,7.3228,LSL is pegged 1:1 to ZAR under the Common Monetary Area -- this rate applies directly to the Loti.
2026-09-08T12:10:19Z,2010-01-12,USD,ZAR,7.4763,LSL is pegged 1:1 to ZAR under the Common Monetary Area -- this rate applies directly to the Loti.
2026-09-08T12:10:19Z,2010-01-13,USD,ZAR,7.375,LSL is pegged 1:1 to ZAR under the Common Monetary Area -- this rate applies directly to the Loti.
2026-09-08T12:10:19Z,2010-01-14,USD,ZAR,7.4348,LSL is pegged 1:1 to ZAR under the Common Monetary Area -- this rate applies directly to the Loti.
2026-09-08T12:10:19Z,2010-01-15,USD,ZAR,7.4153,LSL is pegged 1:1 to ZAR under the Common Monetary Area -- this rate applies directly to the Loti.
2026-09-08T12:10:19Z,2010-01-18,USD,ZAR,7.4018,LSL is pegged 1:1 to ZAR under the Common Monetary Area -- this rate applies directly to the Loti.
2026-09-08T12:10:19Z,2010-01-19,USD,ZAR,7.4382,LSL is pegged 1:1 to ZAR under the Common Monetary Area -- this rate applies directly to the Loti.
2026-09-08T12:10:19Z,2010-01-20,USD,ZAR,7.5015,LSL is pegged 1:1 to ZAR under the Common Monetary Area -- this rate applies directly to the Loti.
2026-09-08T12:10:19Z,2010-01-21,USD,ZAR,7.5337,LSL is pegged 1:1 to ZAR under the Common Monetary Area -- this rate applies directly to the Loti.
2026-09-08T12:10:19Z,2010-01-22,USD,ZAR,7.6144,LSL is pegged 1:1 to ZAR under the Common Monetary Area -- this rate applies directly to the Loti.
2026-09-08T12:10:19Z,2010-01-25,USD,ZAR,7.5957,LSL is pegged 1:1 to ZAR under the Common Monetary Area -- this rate applies directly to the Loti.
2026-09-08T12:10:19Z,2010-01-26,USD,ZAR,7.6131,LSL is pegged 1:1 to ZAR under the Common Monetary Area -- this rate applies directly to the Loti.
2026-09-08T12:10:19Z,2010-01-27,USD,ZAR,7.5804,LSL is pegged 1:1 to ZAR under the Common Monetary Area -- this rate applies directly to the Loti.
2026-09-08T12:10:19Z,2010-01-28,USD,ZAR,7.5789,LSL is pegged 1:1 to ZAR under the Common Monetary Area -- this rate applies directly to the Loti.
2026-09-08T12:10:19Z,2010-01-29,USD,ZAR,7.5687,LSL is pegged 1:1 to ZAR under the Common Monetary Area -- this rate applies directly to the Loti.
2026-09-08T12:10:19Z,2010-02-01,USD,ZAR,7.5715,LSL is pegged 1:1 to ZAR under the Common Monetary Area -- this rate applies directly to the Loti.
2026-09-08T12:10:19Z,2010-02-02,USD,ZAR,7.4623,LSL is pegged 1:1 to ZAR under the Common Monetary Area -- this rate applies directly to the Loti.
2026-09-08T12:10:19Z,2010-02-03,USD,ZAR,7.4642,LSL is pegged 1:1 to ZAR under the Common Monetary Area -- this rate applies directly to the Loti.
2026-09-08T12:10:19Z,2010-02-04,USD,ZAR,7.5669,LSL is pegged 1:1 to ZAR under the Common Monetary Area -- this rate applies directly to the Loti.
2026-09-08T12:10:19Z,2010-02-05,USD,ZAR,7.709,LSL is pegged 1:1 to ZAR under the Common Monetary Area -- this rate applies directly to the Loti.
2026-09-08T12:10:19Z,2010-02-08,USD,ZAR,7.7585,LSL is pegged 1:1 to ZAR under the Common Monetary Area -- this rate applies directly to the Loti.
2026-09-08T12:10:19Z,2010-02-09,USD,ZAR,7.7029,LSL is pegged 1:1 to ZAR under the Common Monetary Area -- this rate applies directly to the Loti.
2026-09-08T12:10:19Z,2010-02-10,USD,ZAR,7.7146,LSL is pegged 1:1 to ZAR under the Common Monetary Area -- this rate applies directly to the Loti.
2026-09-08T12:10:19Z,2010-02-11,USD,ZAR,7.6913,LSL is pegged 1:1 to ZAR under the Common Monetary Area -- this rate applies directly to the Loti.
2026-09-08T12:10:19Z,2010-02-12,USD,ZAR,7.6947,LSL is pegged 1:1 to ZAR under the Common Monetary Area -- this rate applies directly to the Loti.
2026-09-08T12:10:19Z,2010-02-15,USD,ZAR,7.706,LSL is pegged 1:1 to ZAR under the Common Monetary Area -- this rate applies directly to the Loti.
2026-09-08T12:10:19Z,2010-02-16,USD,ZAR,7.7192,LSL is pegged 1:1 to ZAR under the Common Monetary Area -- this rate applies directly to the Loti.
2026-09-08T12:10:19Z,2010-02-17,USD,ZAR,7.5962,LSL is pegged 1:1 to ZAR under the Common Monetary Area -- this rate applies directly to the Loti.
2026-09-08T12:10:19Z,2010-02-18,USD,ZAR,7.6348,LSL is pegged 1:1 to ZAR under the Common Monetary Area -- this rate applies directly to the Loti.
2026-09-08T12:10:19Z,2010-02-19,USD,ZAR,7.7001,LSL is pegged 1:1 to ZAR under the Common Monetary Area -- this rate applies directly to the Loti.
2026-09-08T12:10:19Z,2010-02-22,USD,ZAR,7.6875,LSL is pegged 1:1 to ZAR under the Common Monetary Area -- this rate applies directly to the Loti.
2026-09-08T12:10:19Z,2010-02-23,USD,ZAR,7.688,LSL is pegged 1:1 to ZAR under the Common Monetary Area -- this rate applies directly to the Loti.
2026-09-08T12:10:19Z,2010-02-24,USD,ZAR,7.7772,LSL is pegged 1:1 to ZAR under the Common Monetary Area -- this rate applies directly to the Loti.
2026-09-08T12:10:19Z,2010-02-25,USD,ZAR,7.8214,LSL is pegged 1:1 to ZAR under the Common Monetary Area -- this rate applies directly to the Loti.
2026-09-08T12:10:19Z,2010-02-26,USD,ZAR,7.7413,LSL is pegged 1:1 to ZAR under the Common Monetary Area -- this rate applies directly to the Loti.
2026-09-08T12:10:19Z,2010-03-01,USD,ZAR,7.6826,LSL is pegged 1:1 to ZAR under the Common Monetary Area -- this rate applies directly to the Loti.
2026-09-08T12:10:19Z,2010-03-02,USD,ZAR,7.5859,LSL is pegged 1:1 to ZAR under the Common Monetary Area -- this rate applies directly to the Loti.
2026-09-08T12:10:19Z,2010-03-03,USD,ZAR,7.5364,LSL is pegged 1:1 to ZAR under the Common Monetary Area -- this rate applies directly to the Loti.
2026-09-08T12:10:19Z,2010-03-04,USD,ZAR,7.4572,LSL is pegged 1:1 to ZAR under the Common Monetary Area -- this rate applies directly to the Loti.
2026-09-08T12:10:19Z,2010-03-05,USD,ZAR,7.4565,LSL is pegged 1:1 to ZAR under the Common Monetary Area -- this rate applies directly to the Loti.
2026-09-08T12:10:19Z,2010-03-08,USD,ZAR,7.3663,LSL is pegged 1:1 to ZAR under the Common Monetary Area -- this rate applies directly to the Loti.
2026-09-08T12:10:19Z,2010-03-09,USD,ZAR,7.4486,LSL is pegged 1:1 to ZAR under the Common Monetary Area -- this rate applies directly to the Loti.
2026-09-08T12:10:19Z,2010-03-10,USD,ZAR,7.4004,LSL is pegged 1:1 to ZAR under the Common Monetary Area -- this rate applies directly to the Loti.
2026-09-08T12:10:19Z,2010-03-11,USD,ZAR,7.4325,LSL is pegged 1:1 to ZAR under the Common Monetary Area -- this rate applies directly to the Loti.
2026-09-08T12:10:19Z,2010-03-12,USD,ZAR,7.3845,LSL is pegged 1:1 to ZAR under the Common Monetary Area -- this rate applies directly to the Loti.
2026-09-08T12:10:19Z,2010-03-15,USD,ZAR,7.4007,LSL is pegged 1:1 to ZAR under the Common Monetary Area -- this rate applies directly to the Loti.
2026-09-08T12:10:19Z,2010-03-16,USD,ZAR,7.3832,LSL is pegged 1:1 to ZAR under the Common Monetary Area -- this rate applies directly to the Loti.
2026-09-08T12:10:19Z,2010-03-17,USD,ZAR,7.2792,LSL is pegged 1:1 to ZAR under the Common Monetary Area -- this rate applies directly to the Loti.
2026-09-08T12:10:19Z,2010-03-18,USD,ZAR,7.3075,LSL is pegged 1:1 to ZAR under the Common Monetary Area -- this rate applies directly to the Loti.
2026-09-08T12:10:19Z,2010-03-19,USD,ZAR,7.3043,LSL is pegged 1:1 to ZAR under the Common Monetary Area -- this rate applies directly to the Loti.
2026-09-08T12:10:19Z,2010-03-22,USD,ZAR,7.3858,LSL is pegged 1:1 to ZAR under the Common Monetary Area -- this rate applies directly to the Loti.
2026-09-08T12:10:19Z,2010-03-23,USD,ZAR,7.3343,LSL is pegged 1:1 to ZAR under the Common Monetary Area -- this rate applies directly to the Loti.
2026-09-08T12:10:19Z,2010-03-24,USD,ZAR,7.3826,LSL is pegged 1:1 to ZAR under the Common Monetary Area -- this rate applies directly to the Loti.
2026-09-08T12:10:19Z,2010-03-25,USD,ZAR,7.4068,LSL is pegged 1:1 to ZAR under the Common Monetary Area -- this rate applies directly to the Loti.
2026-09-08T12:10:19Z,2010-03-26,USD,ZAR,7.4558,LSL is pegged 1:1 to ZAR under the Common Monetary Area -- this rate applies directly to the Loti.
2026-09-08T12:10:19Z,2010-03-29,USD,ZAR,7.4087,LSL is pegged 1:1 to ZAR under the Common Monetary Area -- this rate applies directly to the Loti.
2026-09-08T12:10:19Z,2010-03-30,USD,ZAR,7.372,LSL is pegged 1:1 to ZAR under the Common Monetary Area -- this rate applies directly to the Loti.
2026-09-08T12:10:19Z,2010-03-31,USD,ZAR,7.339,LSL is pegged 1:1 to ZAR under the Common Monetary Area -- this rate applies directly to the Loti.
2026-09-08T12:10:19Z,2010-04-01,USD,ZAR,7.2782,LSL is pegged 1:1 to ZAR under the Common Monetary Area -- this rate applies directly to the Loti.
2026-09-08T12:10:19Z,2010-04-06,USD,ZAR,7.2658,LSL is pegged 1:1 to ZAR under the Common Monetary Area -- this rate applies directly to the Loti.
2026-09-08T12:10:19Z,2010-04-07,USD,ZAR,7.2702,LSL is pegged 1:1 to ZAR under the Common Monetary Area -- this rate applies directly to the Loti.
2026-09-08T12:10:19Z,2010-04-08,USD,ZAR,7.3424,LSL is pegged 1:1 to ZAR under the Common Monetary Area -- this rate applies directly to the Loti.
2026-09-08T12:10:19Z,2010-04-09,USD,ZAR,7.2785,LSL is pegged 1:1 to ZAR under the Common Monetary Area -- this rate applies directly to the Loti.
2026-09-08T12:10:19Z,2010-04-12,USD,ZAR,7.2367,LSL is pegged 1:1 to ZAR under the Common Monetary Area -- this rate applies directly to the Loti.
2026-09-08T12:10:19Z,2010-04-13,USD,ZAR,7.2873,LSL is pegged 1:1 to ZAR under the Common Monetary Area -- this rate applies directly to the Loti.
2026-09-08T12:10:19Z,2010-04-14,USD,ZAR,7.3215,LSL is pegged 1:1 to ZAR under the Common Monetary Area -- this rate applies directly to the Loti.
2026-09-08T12:10:19Z,2010-04-15,USD,ZAR,7.3726,LSL is pegged 1:1 to ZAR under the Common Monetary Area -- this rate applies directly to the Loti.
2026-09-08T12:10:19Z,2010-04-16,USD,ZAR,7.366,LSL is pegged 1:1 to ZAR under the Common Monetary Area -- this rate applies directly to the Loti.
2026-09-08T12:10:19Z,2010-04-19,USD,ZAR,7.4685,LSL is pegged 1:1 to ZAR under the Common Monetary Area -- this rate applies directly to the Loti.
2026-09-08T12:10:19Z,2010-04-20,USD,ZAR,7.4325,LSL is pegged 1:1 to ZAR under the Common Monetary Area -- this rate applies directly to the Loti.
2026-09-08T12:10:19Z,2010-04-21,USD,ZAR,7.4125,LSL is pegged 1:1 to ZAR under the Common Monetary Area -- this rate applies directly to the Loti.
2026-09-08T12:10:19Z,2010-04-22,USD,ZAR,7.4751,LSL is pegged 1:1 to ZAR under the Common Monetary Area -- this rate applies directly to the Loti.
2026-09-08T12:10:19Z,2010-04-23,USD,ZAR,7.4705,LSL is pegged 1:1 to ZAR under the Common Monetary Area -- this rate applies directly to the Loti.
2026-09-08T12:10:19Z,2010-04-26,USD,ZAR,7.358,LSL is pegged 1:1 to ZAR under the Common Monetary Area -- this rate applies directly to the Loti.
2026-09-08T12:10:19Z,2010-04-27,USD,ZAR,7.3947,LSL is pegged 1:1 to ZAR under the Common Monetary Area -- this rate applies directly to the Loti.
2026-09-08T12:10:19Z,2010-04-28,USD,ZAR,7.4675,LSL is pegged 1:1 to ZAR under the Common Monetary Area -- this rate applies directly to the Loti.
2026-09-08T12:10:19Z,2010-04-29,USD,ZAR,7.3624,LSL is pegged 1:1 to ZAR under the Common Monetary Area -- this rate applies directly to the Loti.
2026-09-08T12:10:19Z,2010-04-30,USD,ZAR,7.3322,LSL is pegged 1:1 to ZAR under the Common Monetary Area -- this rate applies directly to the Loti.
2026-09-08T12:10:19Z,2010-05-03,USD,ZAR,7.3931,LSL is pegged 1:1 to ZAR under the Common Monetary Area -- this rate applies directly to the Loti.
2026-09-08T12:10:19Z,2010-05-04,USD,ZAR,7.5179,LSL is pegged 1:1 to ZAR under the Common Monetary Area -- this rate applies directly to the Loti.
2026-09-08T12:10:19Z,2010-05-05,USD,ZAR,7.6008,LSL is pegged 1:1 to ZAR under the Common Monetary Area -- this rate applies directly to the Loti.
2026-09-08T12:10:19Z,2010-05-06,USD,ZAR,7.634,LSL is pegged 1:1 to ZAR under the Common Monetary Area -- this rate applies directly to the Loti.
2026-09-08T12:10:19Z,2010-05-07,USD,ZAR,7.707,LSL is pegged 1:1 to ZAR under the Common Monetary Area -- this rate applies directly to the Loti.
2026-09-08T12:10:19Z,2010-05-10,USD,ZAR,7.4656,LSL is pegged 1:1 to ZAR under the Common Monetary Area -- this rate applies directly to the Loti.
2026-09-08T12:10:19Z,2010-05-11,USD,ZAR,7.5717,LSL is pegged 1:1 to ZAR under the Common Monetary Area -- this rate applies directly to the Loti.
2026-09-08T12:10:19Z,2010-05-12,USD,ZAR,7.4687,LSL is pegged 1:1 to ZAR under the Common Monetary Area -- this rate applies directly to the Loti.
2026-09-08T12:10:19Z,2010-05-13,USD,ZAR,7.4938,LSL is pegged 1:1 to ZAR under the Common Monetary Area -- this rate applies directly to the Loti.
2026-09-08T12:10:19Z,2010-05-14,USD,ZAR,7.5292,LSL is pegged 1:1 to ZAR under the Common Monetary Area -- this rate applies directly to the Loti.
2026-09-08T12:10:19Z,2010-05-17,USD,ZAR,7.5498,LSL is pegged 1:1 to ZAR under the Common Monetary Area -- this rate applies directly to the Loti.
2026-09-08T12:10:19Z,2010-05-18,USD,ZAR,7.5419,LSL is pegged 1:1 to ZAR under the Common Monetary Area -- this rate applies directly to the Loti.
2026-09-08T12:10:19Z,2010-05-19,USD,ZAR,7.7991,LSL is pegged 1:1 to ZAR under the Common Monetary Area -- this rate applies directly to the Loti.
2026-09-08T12:10:19Z,2010-05-20,USD,ZAR,7.9488,LSL is pegged 1:1 to ZAR under the Common Monetary Area -- this rate applies directly to the Loti.
2026-09-08T12:10:19Z,2010-05-21,USD,ZAR,7.9382,LSL is pegged 1:1 to ZAR under the Common Monetary Area -- this rate applies directly to the Loti.
2026-09-08T12:10:19Z,2010-05-24,USD,ZAR,7.8796,LSL is pegged 1:1 to ZAR under the Common Monetary Area -- this rate applies directly to the Loti.
2026-09-08T12:10:19Z,2010-05-25,USD,ZAR,7.9664,LSL is pegged 1:1 to ZAR under the Common Monetary Area -- this rate applies directly to the Loti.
2026-09-08T12:10:19Z,2010-05-26,USD,ZAR,7.7281,LSL is pegged 1:1 to ZAR under the Common Monetary Area -- this rate applies directly to the Loti.
2026-09-08T12:10:19Z,2010-05-27,USD,ZAR,7.6764,LSL is pegged 1:1 to ZAR under the Common Monetary Area -- this rate applies directly to the Loti.
2026-09-08T12:10:19Z,2010-05-28,USD,ZAR,7.5942,LSL is pegged 1:1 to ZAR under the Common Monetary Area -- this rate applies directly to the Loti.
2026-09-08T12:10:19Z,2010-05-31,USD,ZAR,7.6828,LSL is pegged 1:1 to ZAR under the Common Monetary Area -- this rate applies directly to the Loti.
2026-09-08T12:10:19Z,2010-06-01,USD,ZAR,7.7276,LSL is pegged 1:1 to ZAR under the Common Monetary Area -- this rate applies directly to the Loti.
2026-09-08T12:10:19Z,2010-06-02,USD,ZAR,7.6679,LSL is pegged 1:1 to ZAR under the Common Monetary Area -- this rate applies directly to the Loti.
2026-09-08T12:10:19Z,2010-06-03,USD,ZAR,7.6161,LSL is pegged 1:1 to ZAR under the Common Monetary Area -- this rate applies directly to the Loti.
2026-09-08T12:10:19Z,2010-06-04,USD,ZAR,7.7442,LSL is pegged 1:1 to ZAR under the Common Monetary Area -- this rate applies directly to the Loti.
2026-09-08T12:10:19Z,2010-06-07,USD,ZAR,7.7792,LSL is pegged 1:1 to ZAR under the Common Monetary Area -- this rate applies directly to the Loti.
2026-09-08T12:10:19Z,2010-06-08,USD,ZAR,7.773,LSL is pegged 1:1 to ZAR under the Common Monetary Area -- this rate applies directly to the Loti.
2026-09-08T12:10:19Z,2010-06-09,USD,ZAR,7.7346,LSL is pegged 1:1 to ZAR under the Common Monetary Area -- this rate applies directly to the Loti.
2026-09-08T12:10:19Z,2010-06-10,USD,ZAR,7.7497,LSL is pegged 1:1 to ZAR under the Common Monetary Area -- this rate applies directly to the Loti.
2026-09-08T12:10:19Z,2010-06-11,USD,ZAR,7.7191,LSL is pegged 1:1 to ZAR under the Common Monetary Area -- this rate applies directly to the Loti.
2026-09-08T12:10:19Z,2010-06-14,USD,ZAR,7.6387,LSL is pegged 1:1 to ZAR under the Common Monetary Area -- this rate applies directly to the Loti.
2026-09-08T12:10:19Z,2010-06-15,USD,ZAR,7.6884,LSL is pegged 1:1 to ZAR under the Common Monetary Area -- this rate applies directly to the Loti.
2026-09-08T12:10:19Z,2010-06-16,USD,ZAR,7.6432,LSL is pegged 1:1 to ZAR under the Common Monetary Area -- this rate applies directly to the Loti.
2026-09-08T12:10:19Z,2010-06-17,USD,ZAR,7.5747,LSL is pegged 1:1 to ZAR under the Common Monetary Area -- this rate applies directly to the Loti.
2026-09-08T12:10:19Z,2010-06-18,USD,ZAR,7.5382,LSL is pegged 1:1 to ZAR under the Common Monetary Area -- this rate applies directly to the Loti.
2026-09-08T12:10:19Z,2010-06-21,USD,ZAR,7.4575,LSL is pegged 1:1 to ZAR under the Common Monetary Area -- this rate applies directly to the Loti.
2026-09-08T12:10:19Z,2010-06-22,USD,ZAR,7.5699,LSL is pegged 1:1 to ZAR under the Common Monetary Area -- this rate applies directly to the Loti.
2026-09-08T12:10:19Z,2010-06-23,USD,ZAR,7.5606,LSL is pegged 1:1 to ZAR under the Common Monetary Area -- this rate applies directly to the Loti.
2026-09-08T12:10:19Z,2010-06-24,USD,ZAR,7.647,LSL is pegged 1:1 to ZAR under the Common Monetary Area -- this rate applies directly to the Loti.
2026-09-08T12:10:19Z,2010-06-25,USD,ZAR,7.644,LSL is pegged 1:1 to ZAR under the Common Monetary Area -- this rate applies directly to the Loti.
2026-09-08T12:10:19Z,2010-06-28,USD,ZAR,7.5659,LSL is pegged 1:1 to ZAR under the Common Monetary Area -- this rate applies directly to the Loti.
2026-09-08T12:10:19Z,2010-06-29,USD,ZAR,7.639,LSL is pegged 1:1 to ZAR under the Common Monetary Area -- this rate applies directly to the Loti.
2026-09-08T12:10:19Z,2010-06-30,USD,ZAR,7.6447,LSL is pegged 1:1 to ZAR under the Common Monetary Area -- this rate applies directly to the Loti.
2026-09-08T12:10:19Z,2010-07-01,USD,ZAR,7.7746,LSL is pegged 1:1 to ZAR under the Common Monetary Area -- this rate applies directly to the Loti.
2026-09-08T12:10:19Z,2010-07-02,USD,ZAR,7.7255,LSL is pegged 1:1 to ZAR under the Common Monetary Area -- this rate applies directly to the Loti.
2026-09-08T12:10:19Z,2010-07-05,USD,ZAR,7.7383,LSL is pegged 1:1 to ZAR under the Common Monetary Area -- this rate applies directly to the Loti.
2026-09-08T12:10:19Z,2010-07-06,USD,ZAR,7.6544,LSL is pegged 1:1 to ZAR under the Common Monetary Area -- this rate applies directly to the Loti.
2026-09-08T12:10:19Z,2010-07-07,USD,ZAR,7.6792,LSL is pegged 1:1 to ZAR under the Common Monetary Area -- this rate applies directly to the Loti.
2026-09-08T12:10:19Z,2010-07-08,USD,ZAR,7.5732,LSL is pegged 1:1 to ZAR under the Common Monetary Area -- this rate applies directly to the Loti.
2026-09-08T12:10:19Z,2010-07-09,USD,ZAR,7.5715,LSL is pegged 1:1 to ZAR under the Common Monetary Area -- this rate applies directly to the Loti.
2026-09-08T12:10:19Z,2010-07-12,USD,ZAR,7.62,LSL is pegged 1:1 to ZAR under the Common Monetary Area -- this rate applies directly to the Loti.
2026-09-08T12:10:19Z,2010-07-13,USD,ZAR,7.5741,LSL is pegged 1:1 to ZAR under the Common Monetary Area -- this rate applies directly to the Loti.
2026-09-08T12:10:19Z,2010-07-14,USD,ZAR,7.5541,LSL is pegged 1:1 to ZAR under the Common Monetary Area -- this rate applies directly to the Loti.
2026-09-08T12:10:19Z,2010-07-15,USD,ZAR,7.5624,LSL is pegged 1:1 to ZAR under the Common Monetary Area -- this rate applies directly to the Loti.
2026-09-08T12:10:19Z,2010-07-16,USD,ZAR,7.5434,LSL is pegged 1:1 to ZAR under the Common Monetary Area -- this rate applies directly to the Loti.
2026-09-08T12:10:19Z,2010-07-19,USD,ZAR,7.6332,LSL is pegged 1:1 to ZAR under the Common Monetary Area -- this rate applies directly to the Loti.
2026-09-08T12:10:19Z,2010-07-20,USD,ZAR,7.6472,LSL is pegged 1:1 to ZAR under the Common Monetary Area -- this rate applies directly to the Loti.
2026-09-08T12:10:19Z,2010-07-21,USD,ZAR,7.5347,LSL is pegged 1:1 to ZAR under the Common Monetary Area -- this rate applies directly to the Loti.
2026-09-08T12:10:19Z,2010-07-22,USD,ZAR,7.538,LSL is pegged 1:1 to ZAR under the Common Monetary Area -- this rate applies directly to the Loti.
2026-09-08T12:10:19Z,2010-07-23,USD,ZAR,7.4247,LSL is pegged 1:1 to ZAR under the Common Monetary Area -- this rate applies directly to the Loti.
2026-09-08T12:10:19Z,2010-07-26,USD,ZAR,7.3714,LSL is pegged 1:1 to ZAR under the Common Monetary Area -- this rate applies directly to the Loti.
2026-09-08T12:10:19Z,2010-07-27,USD,ZAR,7.303,LSL is pegged 1:1 to ZAR under the Common Monetary Area -- this rate applies directly to the Loti.
2026-09-08T12:10:19Z,2010-07-28,USD,ZAR,7.352,LSL is pegged 1:1 to ZAR under the Common Monetary Area -- this rate applies directly to the Loti.
2026-09-08T12:10:19Z,2010-07-29,USD,ZAR,7.3188,LSL is pegged 1:1 to ZAR under the Common Monetary Area -- this rate applies directly to the Loti.
2026-09-08T12:10:19Z,2010-07-30,USD,ZAR,7.3393,LSL is pegged 1:1 to ZAR under the Common Monetary Area -- this rate applies directly to the Loti.
2026-09-08T12:10:19Z,2010-08-02,USD,ZAR,7.2685,LSL is pegged 1:1 to ZAR under the Common Monetary Area -- this rate applies directly to the Loti.
2026-09-08T12:10:19Z,2010-08-03,USD,ZAR,7.2849,LSL is pegged 1:1 to ZAR under the Common Monetary Area -- this rate applies directly to the Loti.
2026-09-08T12:10:19Z,2010-08-04,USD,ZAR,7.2902,LSL is pegged 1:1 to ZAR under the Common Monetary Area -- this rate applies directly to the Loti.
2026-09-08T12:10:19Z,2010-08-05,USD,ZAR,7.2297,LSL is pegged 1:1 to ZAR under the Common Monetary Area -- this rate applies directly to the Loti.
2026-09-08T12:10:19Z,2010-08-06,USD,ZAR,7.2681,LSL is pegged 1:1 to ZAR under the Common Monetary Area -- this rate applies directly to the Loti.
2026-09-08T12:10:19Z,2010-08-09,USD,ZAR,7.2135,LSL is pegged 1:1 to ZAR under the Common Monetary Area -- this rate applies directly to the Loti.
2026-09-08T12:10:19Z,2010-08-10,USD,ZAR,7.2683,LSL is pegged 1:1 to ZAR under the Common Monetary Area -- this rate applies directly to the Loti.
2026-09-08T12:10:19Z,2010-08-11,USD,ZAR,7.2797,LSL is pegged 1:1 to ZAR under the Common Monetary Area -- this rate applies directly to the Loti.
2026-09-08T12:10:19Z,2010-08-12,USD,ZAR,7.3364,LSL is pegged 1:1 to ZAR under the Common Monetary Area -- this rate applies directly to the Loti.
2026-09-08T12:10:19Z,2010-08-13,USD,ZAR,7.299,LSL is pegged 1:1 to ZAR under the Common Monetary Area -- this rate applies directly to the Loti.
2026-09-08T12:10:19Z,2010-08-16,USD,ZAR,7.2973,LSL is pegged 1:1 to ZAR under the Common Monetary Area -- this rate applies directly to the Loti.
2026-09-08T12:10:19Z,2010-08-17,USD,ZAR,7.2593,LSL is pegged 1:1 to ZAR under the Common Monetary Area -- this rate applies directly to the Loti.
2026-09-08T12:10:19Z,2010-08-18,USD,ZAR,7.2496,LSL is pegged 1:1 to ZAR under the Common Monetary Area -- this rate applies directly to the Loti.
2026-09-08T12:10:19Z,2010-08-19,USD,ZAR,7.2639,LSL is pegged 1:1 to ZAR under the Common Monetary Area -- this rate applies directly to the Loti.
2026-09-08T12:10:19Z,2010-08-20,USD,ZAR,7.3577,LSL is pegged 1:1 to ZAR under the Common Monetary Area -- this rate applies directly to the Loti.
2026-09-08T12:10:19Z,2010-08-23,USD,ZAR,7.3253,LSL is pegged 1:1 to ZAR under the Common Monetary Area -- this rate applies directly to the Loti.
2026-09-08T12:10:19Z,2010-08-24,USD,ZAR,7.4063,LSL is pegged 1:1 to ZAR under the Common Monetary Area -- this rate applies directly to the Loti.
2026-09-08T12:10:19Z,2010-08-25,USD,ZAR,7.3919,LSL is pegged 1:1 to ZAR under the Common Monetary Area -- this rate applies directly to the Loti.
2026-09-08T12:10:19Z,2010-08-26,USD,ZAR,7.3203,LSL is pegged 1:1 to ZAR under the Common Monetary Area -- this rate applies directly to the Loti.
2026-09-08T12:10:19Z,2010-08-27,USD,ZAR,7.376,LSL is pegged 1:1 to ZAR under the Common Monetary Area -- this rate applies directly to the Loti.
2026-09-08T12:10:19Z,2010-08-30,USD,ZAR,7.3226,LSL is pegged 1:1 to ZAR under the Common Monetary Area -- this rate applies directly to the Loti.
2026-09-08T12:10:19Z,2010-08-31,USD,ZAR,7.4167,LSL is pegged 1:1 to ZAR under the Common Monetary Area -- this rate applies directly to the Loti.
2026-09-08T12:10:19Z,2010-09-01,USD,ZAR,7.359,LSL is pegged 1:1 to ZAR under the Common Monetary Area -- this rate applies directly to the Loti.
2026-09-08T12:10:19Z,2010-09-02,USD,ZAR,7.2624,LSL is pegged 1:1 to ZAR under the Common Monetary Area -- this rate applies directly to the Loti.
2026-09-08T12:10:19Z,2010-09-03,USD,ZAR,7.2187,LSL is pegged 1:1 to ZAR under the Common Monetary Area -- this rate applies directly to the Loti.
2026-09-08T12:10:19Z,2010-09-06,USD,ZAR,7.217,LSL is pegged 1:1 to ZAR under the Common Monetary Area -- this rate applies directly to the Loti.
2026-09-08T12:10:19Z,2010-09-07,USD,ZAR,7.2757,LSL is pegged 1:1 to ZAR under the Common Monetary Area -- this rate applies directly to the Loti.
2026-09-08T12:10:19Z,2010-09-08,USD,ZAR,7.2659,LSL is pegged 1:1 to ZAR under the Common Monetary Area -- this rate applies directly to the Loti.
2026-09-08T12:10:19Z,2010-09-09,USD,ZAR,7.2327,LSL is pegged 1:1 to ZAR under the Common Monetary Area -- this rate applies directly to the Loti.
2026-09-08T12:10:19Z,2010-09-10,USD,ZAR,7.1815,LSL is pegged 1:1 to ZAR under the Common Monetary Area -- this rate applies directly to the Loti.
2026-09-08T12:10:19Z,2010-09-13,USD,ZAR,7.1472,LSL is pegged 1:1 to ZAR under the Common Monetary Area -- this rate applies directly to the Loti.
2026-09-08T12:10:19Z,2010-09-14,USD,ZAR,7.1501,LSL is pegged 1:1 to ZAR under the Common Monetary Area -- this rate applies directly to the Loti.
2026-09-08T12:10:19Z,2010-09-15,USD,ZAR,7.0898,LSL is pegged 1:1 to ZAR under the Common Monetary Area -- this rate applies directly to the Loti.
2026-09-08T12:10:19Z,2010-09-16,USD,ZAR,7.1174,LSL is pegged 1:1 to ZAR under the Common Monetary Area -- this rate applies directly to the Loti.
2026-09-08T12:10:19Z,2010-09-17,USD,ZAR,7.1445,LSL is pegged 1:1 to ZAR under the Common Monetary Area -- this rate applies directly to the Loti.
2026-09-08T12:10:19Z,2010-09-20,USD,ZAR,7.1363,LSL is pegged 1:1 to ZAR under the Common Monetary Area -- this rate applies directly to the Loti.
2026-09-08T12:10:19Z,2010-09-21,USD,ZAR,7.1092,LSL is pegged 1:1 to ZAR under the Common Monetary Area -- this rate applies directly to the Loti.
2026-09-08T12:10:19Z,2010-09-22,USD,ZAR,7.0183,LSL is pegged 1:1 to ZAR under the Common Monetary Area -- this rate applies directly to the Loti.
2026-09-08T12:10:19Z,2010-09-23,USD,ZAR,7.0817,LSL is pegged 1:1 to ZAR under the Common Monetary Area -- this rate applies directly to the Loti.
2026-09-08T12:10:19Z,2010-09-24,USD,ZAR,7.0422,LSL is pegged 1:1 to ZAR under the Common Monetary Area -- this rate applies directly to the Loti.
2026-09-08T12:10:19Z,2010-09-27,USD,ZAR,7.0038,LSL is pegged 1:1 to ZAR under the Common Monetary Area -- this rate applies directly to the Loti.
2026-09-08T12:10:19Z,2010-09-28,USD,ZAR,7.0195,LSL is pegged 1:1 to ZAR under the Common Monetary Area -- this rate applies directly to the Loti.
2026-09-08T12:10:19Z,2010-09-29,USD,ZAR,6.9575,LSL is pegged 1:1 to ZAR under the Common Monetary Area -- this rate applies directly to the Loti.
2026-09-08T12:10:19Z,2010-09-30,USD,ZAR,6.9928,LSL is pegged 1:1 to ZAR under the Common Monetary Area -- this rate applies directly to the Loti.
2026-09-08T12:10:19Z,2010-10-01,USD,ZAR,6.93,LSL is pegged 1:1 to ZAR under the Common Monetary Area -- this rate applies directly to the Loti.
2026-09-08T12:10:19Z,2010-10-04,USD,ZAR,6.9668,LSL is pegged 1:1 to ZAR under the Common Monetary Area -- this rate applies directly to the Loti.
2026-09-08T12:10:19Z,2010-10-05,USD,ZAR,6.9491,LSL is pegged 1:1 to ZAR under the Common Monetary Area -- this rate applies directly to the Loti.
2026-09-08T12:10:19Z,2010-10-06,USD,ZAR,6.8884,LSL is pegged 1:1 to ZAR under the Common Monetary Area -- this rate applies directly to the Loti.
2026-09-08T12:10:19Z,2010-10-07,USD,ZAR,6.885,LSL is pegged 1:1 to ZAR under the Common Monetary Area -- this rate applies directly to the Loti.
2026-09-08T12:10:19Z,2010-10-08,USD,ZAR,6.9188,LSL is pegged 1:1 to ZAR under the Common Monetary Area -- this rate applies directly to the Loti.
2026-09-08T12:10:19Z,2010-10-11,USD,ZAR,6.89,LSL is pegged 1:1 to ZAR under the Common Monetary Area -- this rate applies directly to the Loti.
2026-09-08T12:10:19Z,2010-10-12,USD,ZAR,6.909,LSL is pegged 1:1 to ZAR under the Common Monetary Area -- this rate applies directly to the Loti.
2026-09-08T12:10:19Z,2010-10-13,USD,ZAR,6.861,LSL is pegged 1:1 to ZAR under the Common Monetary Area -- this rate applies directly to the Loti.
2026-09-08T12:10:19Z,2010-10-14,USD,ZAR,6.7826,LSL is pegged 1:1 to ZAR under the Common Monetary Area -- this rate applies directly to the Loti.
2026-09-08T12:10:19Z,2010-10-15,USD,ZAR,6.802,LSL is pegged 1:1 to ZAR under the Common Monetary Area -- this rate applies directly to the Loti.
2026-09-08T12:10:19Z,2010-10-18,USD,ZAR,6.8869,LSL is pegged 1:1 to ZAR under the Common Monetary Area -- this rate applies directly to the Loti.
2026-09-08T12:10:19Z,2010-10-19,USD,ZAR,6.9635,LSL is pegged 1:1 to ZAR under the Common Monetary Area -- this rate applies directly to the Loti.
2026-09-08T12:10:19Z,2010-10-20,USD,ZAR,6.9461,LSL is pegged 1:1 to ZAR under the Common Monetary Area -- this rate applies directly to the Loti.
2026-09-08T12:10:19Z,2010-10-21,USD,ZAR,6.8938,LSL is pegged 1:1 to ZAR under the Common Monetary Area -- this rate applies directly to the Loti.
2026-09-08T12:10:19Z,2010-10-22,USD,ZAR,6.9525,LSL is pegged 1:1 to ZAR under the Common Monetary Area -- this rate applies directly to the Loti.
2026-09-08T12:10:19Z,2010-10-25,USD,ZAR,6.9083,LSL is pegged 1:1 to ZAR under the Common Monetary Area -- this rate applies directly to the Loti.
2026-09-08T12:10:19Z,2010-10-26,USD,ZAR,6.925,LSL is pegged 1:1 to ZAR under the Common Monetary Area -- this rate applies directly to the Loti.
2026-09-08T12:10:19Z,2010-10-27,USD,ZAR,7.0362,LSL is pegged 1:1 to ZAR under the Common Monetary Area -- this rate applies directly to the Loti.
2026-09-08T12:10:19Z,2010-10-28,USD,ZAR,7.0326,LSL is pegged 1:1 to ZAR under the Common Monetary Area -- this rate applies directly to the Loti.
2026-09-08T12:10:19Z,2010-10-29,USD,ZAR,6.9876,LSL is pegged 1:1 to ZAR under the Common Monetary Area -- this rate applies directly to the Loti.
2026-09-08T12:10:19Z,2010-11-01,USD,ZAR,7.0009,LSL is pegged 1:1 to ZAR under the Common Monetary Area -- this rate applies directly to the Loti.
2026-09-08T12:10:19Z,2010-11-02,USD,ZAR,6.9511,LSL is pegged 1:1 to ZAR under the Common Monetary Area -- this rate applies directly to the Loti.
2026-09-08T12:10:19Z,2010-11-03,USD,ZAR,6.9077,LSL is pegged 1:1 to ZAR under the Common Monetary Area -- this rate applies directly to the Loti.
2026-09-08T12:10:19Z,2010-11-04,USD,ZAR,6.7818,LSL is pegged 1:1 to ZAR under the Common Monetary Area -- this rate applies directly to the Loti.
2026-09-08T12:10:19Z,2010-11-05,USD,ZAR,6.8079,LSL is pegged 1:1 to ZAR under the Common Monetary Area -- this rate applies directly to the Loti.
2026-09-08T12:10:19Z,2010-11-08,USD,ZAR,6.8664,LSL is pegged 1:1 to ZAR under the Common Monetary Area -- this rate applies directly to the Loti.
2026-09-08T12:10:19Z,2010-11-09,USD,ZAR,6.8088,LSL is pegged 1:1 to ZAR under the Common Monetary Area -- this rate applies directly to the Loti.
2026-09-08T12:10:19Z,2010-11-10,USD,ZAR,6.8839,LSL is pegged 1:1 to ZAR under the Common Monetary Area -- this rate applies directly to the Loti.
2026-09-08T12:10:19Z,2010-11-11,USD,ZAR,6.9105,LSL is pegged 1:1 to ZAR under the Common Monetary Area -- this rate applies directly to the Loti.
2026-09-08T12:10:19Z,2010-11-12,USD,ZAR,6.9477,LSL is pegged 1:1 to ZAR under the Common Monetary Area -- this rate applies directly to the Loti.
2026-09-08T12:10:19Z,2010-11-15,USD,ZAR,7.0008,LSL is pegged 1:1 to ZAR under the Common Monetary Area -- this rate applies directly to the Loti.
2026-09-08T12:10:19Z,2010-11-16,USD,ZAR,7.0104,LSL is pegged 1:1 to ZAR under the Common Monetary Area -- this rate applies directly to the Loti.
2026-09-08T12:10:19Z,2010-11-17,USD,ZAR,7.0665,LSL is pegged 1:1 to ZAR under the Common Monetary Area -- this rate applies directly to the Loti.
2026-09-08T12:10:19Z,2010-11-18,USD,ZAR,6.9878,LSL is pegged 1:1 to ZAR under the Common Monetary Area -- this rate applies directly to the Loti.
2026-09-08T12:10:19Z,2010-11-19,USD,ZAR,6.9963,LSL is pegged 1:1 to ZAR under the Common Monetary Area -- this rate applies directly to the Loti.
2026-09-08T12:10:19Z,2010-11-22,USD,ZAR,6.9977,LSL is pegged 1:1 to ZAR under the Common Monetary Area -- this rate applies directly to the Loti.
2026-09-08T12:10:19Z,2010-11-23,USD,ZAR,7.0735,LSL is pegged 1:1 to ZAR under the Common Monetary Area -- this rate applies directly to the Loti.
2026-09-08T12:10:19Z,2010-11-24,USD,ZAR,7.1036,LSL is pegged 1:1 to ZAR under the Common Monetary Area -- this rate applies directly to the Loti.
2026-09-08T12:10:19Z,2010-11-25,USD,ZAR,7.0488,LSL is pegged 1:1 to ZAR under the Common Monetary Area -- this rate applies directly to the Loti.
2026-09-08T12:10:19Z,2010-11-26,USD,ZAR,7.1297,LSL is pegged 1:1 to ZAR under the Common Monetary Area -- this rate applies directly to the Loti.
2026-09-08T12:10:19Z,2010-11-29,USD,ZAR,7.1392,LSL is pegged 1:1 to ZAR under the Common Monetary Area -- this rate applies directly to the Loti.
2026-09-08T12:10:19Z,2010-11-30,USD,ZAR,7.1329,LSL is pegged 1:1 to ZAR under the Common Monetary Area -- this rate applies directly to the Loti.
2026-09-08T12:10:19Z,2010-12-01,USD,ZAR,7.0183,LSL is pegged 1:1 to ZAR under the Common Monetary Area -- this rate applies directly to the Loti.
2026-09-08T12:10:19Z,2010-12-02,USD,ZAR,6.9774,LSL is pegged 1:1 to ZAR under the Common Monetary Area -- this rate applies directly to the Loti.
2026-09-08T12:10:19Z,2010-12-03,USD,ZAR,6.9157,LSL is pegged 1:1 to ZAR under the Common Monetary Area -- this rate applies directly to the Loti.
2026-09-08T12:10:19Z,2010-12-06,USD,ZAR,6.9093,LSL is pegged 1:1 to ZAR under the Common Monetary Area -- this rate applies directly to the Loti.
2026-09-08T12:10:19Z,2010-12-07,USD,ZAR,6.8762,LSL is pegged 1:1 to ZAR under the Common Monetary Area -- this rate applies directly to the Loti.
2026-09-08T12:10:19Z,2010-12-08,USD,ZAR,6.9483,LSL is pegged 1:1 to ZAR under the Common Monetary Area -- this rate applies directly to the Loti.
2026-09-08T12:10:19Z,2010-12-09,USD,ZAR,6.917,LSL is pegged 1:1 to ZAR under the Common Monetary Area -- this rate applies directly to the Loti.
2026-09-08T12:10:19Z,2010-12-10,USD,ZAR,6.8472,LSL is pegged 1:1 to ZAR under the Common Monetary Area -- this rate applies directly to the Loti.
2026-09-08T12:10:19Z,2010-12-13,USD,ZAR,6.8516,LSL is pegged 1:1 to ZAR under the Common Monetary Area -- this rate applies directly to the Loti.
2026-09-08T12:10:19Z,2010-12-14,USD,ZAR,6.8227,LSL is pegged 1:1 to ZAR under the Common Monetary Area -- this rate applies directly to the Loti.
2026-09-08T12:10:19Z,2010-12-15,USD,ZAR,6.7879,LSL is pegged 1:1 to ZAR under the Common Monetary Area -- this rate applies directly to the Loti.
2026-09-08T12:10:19Z,2010-12-16,USD,ZAR,6.8378,LSL is pegged 1:1 to ZAR under the Common Monetary Area -- this rate applies directly to the Loti.
2026-09-08T12:10:19Z,2010-12-17,USD,ZAR,6.8311,LSL is pegged 1:1 to ZAR under the Common Monetary Area -- this rate applies directly to the Loti.
2026-09-08T12:10:19Z,2010-12-20,USD,ZAR,6.8189,LSL is pegged 1:1 to ZAR under the Common Monetary Area -- this rate applies directly to the Loti.
2026-09-08T12:10:19Z,2010-12-21,USD,ZAR,6.8099,LSL is pegged 1:1 to ZAR under the Common Monetary Area -- this rate applies directly to the Loti.
2026-09-08T12:10:19Z,2010-12-22,USD,ZAR,6.8038,LSL is pegged 1:1 to ZAR under the Common Monetary Area -- this rate applies directly to the Loti.
2026-09-08T12:10:19Z,2010-12-23,USD,ZAR,6.7526,LSL is pegged 1:1 to ZAR under the Common Monetary Area -- this rate applies directly to the Loti.
2026-09-08T12:10:19Z,2010-12-24,USD,ZAR,6.745,LSL is pegged 1:1 to ZAR under the Common Monetary Area -- this rate applies directly to the Loti.
2026-09-08T12:10:19Z,2010-12-27,USD,ZAR,6.7212,LSL is pegged 1:1 to ZAR under the Common Monetary Area -- this rate applies directly to the Loti.
2026-09-08T12:10:19Z,2010-12-28,USD,ZAR,6.6875,LSL is pegged 1:1 to ZAR under the Common Monetary Area -- this rate applies directly to the Loti.
2026-09-08T12:10:19Z,2010-12-29,USD,ZAR,6.6881,LSL is pegged 1:1 to ZAR under the Common Monetary Area -- this rate applies directly to the Loti.
2026-09-08T12:10:19Z,2010-12-30,USD,ZAR,6.6288,LSL is pegged 1:1 to ZAR under the Common Monetary Area -- this rate applies directly to the Loti.
2026-09-08T12:10:19Z,2010-12-31,USD,ZAR,6.6326,LSL is pegged 1:1 to ZAR under the Common Monetary Area -- this rate applies directly to the Loti.
2026-09-08T12:10:19Z,2011-01-03,USD,ZAR,6.6074,LSL is pegged 1:1 to ZAR under the Common Monetary Area -- this rate applies directly to the Loti.
2026-09-08T12:10:19Z,2011-01-04,USD,ZAR,6.6452,LSL is pegged 1:1 to ZAR under the Common Monetary Area -- this rate applies directly to the Loti.
2026-09-08T12:10:19Z,2011-01-05,USD,ZAR,6.7412,LSL is pegged 1:1 to ZAR under the Common Monetary Area -- this rate applies directly to the Loti.
2026-09-08T12:10:19Z,2011-01-06,USD,ZAR,6.7672,LSL is pegged 1:1 to ZAR under the Common Monetary Area -- this rate applies directly to the Loti.
2026-09-08T12:10:19Z,2011-01-07,USD,ZAR,6.8415,LSL is pegged 1:1 to ZAR under the Common Monetary Area -- this rate applies directly to the Loti.
2026-09-08T12:10:19Z,2011-01-10,USD,ZAR,6.8757,LSL is pegged 1:1 to ZAR under the Common Monetary Area -- this rate applies directly to the Loti.
2026-09-08T12:10:19Z,2011-01-11,USD,ZAR,6.8523,LSL is pegged 1:1 to ZAR under the Common Monetary Area -- this rate applies directly to the Loti.
2026-09-08T12:10:19Z,2011-01-12,USD,ZAR,6.8461,LSL is pegged 1:1 to ZAR under the Common Monetary Area -- this rate applies directly to the Loti.
2026-09-08T12:10:19Z,2011-01-13,USD,ZAR,6.8423,LSL is pegged 1:1 to ZAR under the Common Monetary Area -- this rate applies directly to the Loti.
2026-09-08T12:10:19Z,2011-01-14,USD,ZAR,6.9637,LSL is pegged 1:1 to ZAR under the Common Monetary Area -- this rate applies directly to the Loti.
2026-09-08T12:10:19Z,2011-01-17,USD,ZAR,6.9283,LSL is pegged 1:1 to ZAR under the Common Monetary Area -- this rate applies directly to the Loti.
2026-09-08T12:10:19Z,2011-01-18,USD,ZAR,6.8929,LSL is pegged 1:1 to ZAR under the Common Monetary Area -- this rate applies directly to the Loti.
2026-09-08T12:10:19Z,2011-01-19,USD,ZAR,6.9748,LSL is pegged 1:1 to ZAR under the Common Monetary Area -- this rate applies directly to the Loti.
2026-09-08T12:10:19Z,2011-01-20,USD,ZAR,7.0741,LSL is pegged 1:1 to ZAR under the Common Monetary Area -- this rate applies directly to the Loti.
2026-09-08T12:10:19Z,2011-01-21,USD,ZAR,7.1385,LSL is pegged 1:1 to ZAR under the Common Monetary Area -- this rate applies directly to the Loti.
2026-09-08T12:10:19Z,2011-01-24,USD,ZAR,7.0637,LSL is pegged 1:1 to ZAR under the Common Monetary Area -- this rate applies directly to the Loti.
2026-09-08T12:10:19Z,2011-01-25,USD,ZAR,7.0657,LSL is pegged 1:1 to ZAR under the Common Monetary Area -- this rate applies directly to the Loti.
2026-09-08T12:10:19Z,2011-01-26,USD,ZAR,7.1024,LSL is pegged 1:1 to ZAR under the Common Monetary Area -- this rate applies directly to the Loti.
2026-09-08T12:10:19Z,2011-01-27,USD,ZAR,7.0791,LSL is pegged 1:1 to ZAR under the Common Monetary Area -- this rate applies directly to the Loti.
2026-09-08T12:10:19Z,2011-01-28,USD,ZAR,7.1029,LSL is pegged 1:1 to ZAR under the Common Monetary Area -- this rate applies directly to the Loti.
2026-09-08T12:10:19Z,2011-01-31,USD,ZAR,7.1909,LSL is pegged 1:1 to ZAR under the Common Monetary Area -- this rate applies directly to the Loti.
2026-09-08T12:10:19Z,2011-02-01,USD,ZAR,7.1596,LSL is pegged 1:1 to ZAR under the Common Monetary Area -- this rate applies directly to the Loti.
2026-09-08T12:10:19Z,2011-02-02,USD,ZAR,7.1509,LSL is pegged 1:1 to ZAR under the Common Monetary Area -- this rate applies directly to the Loti.
2026-09-08T12:10:19Z,2011-02-03,USD,ZAR,7.1991,LSL is pegged 1:1 to ZAR under the Common Monetary Area -- this rate applies directly to the Loti.
2026-09-08T12:10:19Z,2011-02-04,USD,ZAR,7.2888,LSL is pegged 1:1 to ZAR under the Common Monetary Area -- this rate applies directly to the Loti.
2026-09-08T12:10:19Z,2011-02-07,USD,ZAR,7.2703,LSL is pegged 1:1 to ZAR under the Common Monetary Area -- this rate applies directly to the Loti.
2026-09-08T12:10:19Z,2011-02-08,USD,ZAR,7.2576,LSL is pegged 1:1 to ZAR under the Common Monetary Area -- this rate applies directly to the Loti.
2026-09-08T12:10:19Z,2011-02-09,USD,ZAR,7.2059,LSL is pegged 1:1 to ZAR under the Common Monetary Area -- this rate applies directly to the Loti.
2026-09-08T12:10:19Z,2011-02-10,USD,ZAR,7.2846,LSL is pegged 1:1 to ZAR under the Common Monetary Area -- this rate applies directly to the Loti.
2026-09-08T12:10:19Z,2011-02-11,USD,ZAR,7.3113,LSL is pegged 1:1 to ZAR under the Common Monetary Area -- this rate applies directly to the Loti.
2026-09-08T12:10:19Z,2011-02-14,USD,ZAR,7.312,LSL is pegged 1:1 to ZAR under the Common Monetary Area -- this rate applies directly to the Loti.
2026-09-08T12:10:19Z,2011-02-15,USD,ZAR,7.2917,LSL is pegged 1:1 to ZAR under the Common Monetary Area -- this rate applies directly to the Loti.
2026-09-08T12:10:19Z,2011-02-16,USD,ZAR,7.2648,LSL is pegged 1:1 to ZAR under the Common Monetary Area -- this rate applies directly to the Loti.
2026-09-08T12:10:19Z,2011-02-17,USD,ZAR,7.2381,LSL is pegged 1:1 to ZAR under the Common Monetary Area -- this rate applies directly to the Loti.
2026-09-08T12:10:19Z,2011-02-18,USD,ZAR,7.1678,LSL is pegged 1:1 to ZAR under the Common Monetary Area -- this rate applies directly to the Loti.
2026-09-08T12:10:19Z,2011-02-21,USD,ZAR,7.1482,LSL is pegged 1:1 to ZAR under the Common Monetary Area -- this rate applies directly to the Loti.
2026-09-08T12:10:19Z,2011-02-22,USD,ZAR,7.1442,LSL is pegged 1:1 to ZAR under the Common Monetary Area -- this rate applies directly to the Loti.
2026-09-08T12:10:19Z,2011-02-23,USD,ZAR,7.0781,LSL is pegged 1:1 to ZAR under the Common Monetary Area -- this rate applies directly to the Loti.
2026-09-08T12:10:19Z,2011-02-24,USD,ZAR,7.071,LSL is pegged 1:1 to ZAR under the Common Monetary Area -- this rate applies directly to the Loti.
2026-09-08T12:10:19Z,2011-02-25,USD,ZAR,6.9866,LSL is pegged 1:1 to ZAR under the Common Monetary Area -- this rate applies directly to the Loti.
2026-09-08T12:10:19Z,2011-02-28,USD,ZAR,6.9683,LSL is pegged 1:1 to ZAR under the Common Monetary Area -- this rate applies directly to the Loti.
2026-09-08T12:10:19Z,2011-03-01,USD,ZAR,6.952,LSL is pegged 1:1 to ZAR under the Common Monetary Area -- this rate applies directly to the Loti.
2026-09-08T12:10:19Z,2011-03-02,USD,ZAR,6.9333,LSL is pegged 1:1 to ZAR under the Common Monetary Area -- this rate applies directly to the Loti.
2026-09-08T12:10:19Z,2011-03-03,USD,ZAR,6.8887,LSL is pegged 1:1 to ZAR under the Common Monetary Area -- this rate applies directly to the Loti.
2026-09-08T12:10:19Z,2011-03-04,USD,ZAR,6.9172,LSL is pegged 1:1 to ZAR under the Common Monetary Area -- this rate applies directly to the Loti.
2026-09-08T12:10:19Z,2011-03-07,USD,ZAR,6.8615,LSL is pegged 1:1 to ZAR under the Common Monetary Area -- this rate applies directly to the Loti.
2026-09-08T12:10:19Z,2011-03-08,USD,ZAR,6.9168,LSL is pegged 1:1 to ZAR under the Common Monetary Area -- this rate applies directly to the Loti.
2026-09-08T12:10:19Z,2011-03-09,USD,ZAR,6.873,LSL is pegged 1:1 to ZAR under the Common Monetary Area -- this rate applies directly to the Loti.
2026-09-08T12:10:19Z,2011-03-10,USD,ZAR,6.8872,LSL is pegged 1:1 to ZAR under the Common Monetary Area -- this rate applies directly to the Loti.
2026-09-08T12:10:19Z,2011-03-11,USD,ZAR,6.945,LSL is pegged 1:1 to ZAR under the Common Monetary Area -- this rate applies directly to the Loti.
2026-09-08T12:10:19Z,2011-03-14,USD,ZAR,6.9074,LSL is pegged 1:1 to ZAR under the Common Monetary Area -- this rate applies directly to the Loti.
2026-09-08T12:10:19Z,2011-03-15,USD,ZAR,7.0209,LSL is pegged 1:1 to ZAR under the Common Monetary Area -- this rate applies directly to the Loti.
2026-09-08T12:10:19Z,2011-03-16,USD,ZAR,6.9892,LSL is pegged 1:1 to ZAR under the Common Monetary Area -- this rate applies directly to the Loti.
2026-09-08T12:10:19Z,2011-03-17,USD,ZAR,7.0851,LSL is pegged 1:1 to ZAR under the Common Monetary Area -- this rate applies directly to the Loti.
2026-09-08T12:10:19Z,2011-03-18,USD,ZAR,7.0208,LSL is pegged 1:1 to ZAR under the Common Monetary Area -- this rate applies directly to the Loti.
2026-09-08T12:10:19Z,2011-03-21,USD,ZAR,6.956,LSL is pegged 1:1 to ZAR under the Common Monetary Area -- this rate applies directly to the Loti.
2026-09-08T12:10:19Z,2011-03-22,USD,ZAR,6.9058,LSL is pegged 1:1 to ZAR under the Common Monetary Area -- this rate applies directly to the Loti.
2026-09-08T12:10:19Z,2011-03-23,USD,ZAR,6.9182,LSL is pegged 1:1 to ZAR under the Common Monetary Area -- this rate applies directly to the Loti.
2026-09-08T12:10:19Z,2011-03-24,USD,ZAR,6.9027,LSL is pegged 1:1 to ZAR under the Common Monetary Area -- this rate applies directly to the Loti.
2026-09-08T12:10:19Z,2011-03-25,USD,ZAR,6.8761,LSL is pegged 1:1 to ZAR under the Common Monetary Area -- this rate applies directly to the Loti.
2026-09-08T12:10:19Z,2011-03-28,USD,ZAR,6.8873,LSL is pegged 1:1 to ZAR under the Common Monetary Area -- this rate applies directly to the Loti.
2026-09-08T12:10:19Z,2011-03-29,USD,ZAR,6.8732,LSL is pegged 1:1 to ZAR under the Common Monetary Area -- this rate applies directly to the Loti.
2026-09-08T12:10:19Z,2011-03-30,USD,ZAR,6.8321,LSL is pegged 1:1 to ZAR under the Common Monetary Area -- this rate applies directly to the Loti.
2026-09-08T12:10:19Z,2011-03-31,USD,ZAR,6.7929,LSL is pegged 1:1 to ZAR under the Common Monetary Area -- this rate applies directly to the Loti.
2026-09-08T12:10:19Z,2011-04-01,USD,ZAR,6.7565,LSL is pegged 1:1 to ZAR under the Common Monetary Area -- this rate applies directly to the Loti.
2026-09-08T12:10:19Z,2011-04-04,USD,ZAR,6.703,LSL is pegged 1:1 to ZAR under the Common Monetary Area -- this rate applies directly to the Loti.
2026-09-08T12:10:19Z,2011-04-05,USD,ZAR,6.7214,LSL is pegged 1:1 to ZAR under the Common Monetary Area -- this rate applies directly to the Loti.
2026-09-08T12:10:19Z,2011-04-06,USD,ZAR,6.687,LSL is pegged 1:1 to ZAR under the Common Monetary Area -- this rate applies directly to the Loti.
2026-09-08T12:10:19Z,2011-04-07,USD,ZAR,6.6894,LSL is pegged 1:1 to ZAR under the Common Monetary Area -- this rate applies directly to the Loti.
2026-09-08T12:10:19Z,2011-04-08,USD,ZAR,6.6531,LSL is pegged 1:1 to ZAR under the Common Monetary Area -- this rate applies directly to the Loti.
2026-09-08T12:10:19Z,2011-04-11,USD,ZAR,6.6584,LSL is pegged 1:1 to ZAR under the Common Monetary Area -- this rate applies directly to the Loti.
2026-09-08T12:10:19Z,2011-04-12,USD,ZAR,6.6995,LSL is pegged 1:1 to ZAR under the Common Monetary Area -- this rate applies directly to the Loti.
2026-09-08T12:10:19Z,2011-04-13,USD,ZAR,6.7604,LSL is pegged 1:1 to ZAR under the Common Monetary Area -- this rate applies directly to the Loti.
2026-09-08T12:10:19Z,2011-04-14,USD,ZAR,6.8599,LSL is pegged 1:1 to ZAR under the Common Monetary Area -- this rate applies directly to the Loti.
2026-09-08T12:10:19Z,2011-04-15,USD,ZAR,6.8789,LSL is pegged 1:1 to ZAR under the Common Monetary Area -- this rate applies directly to the Loti.
2026-09-08T12:10:19Z,2011-04-18,USD,ZAR,6.8685,LSL is pegged 1:1 to ZAR under the Common Monetary Area -- this rate applies directly to the Loti.
2026-09-08T12:10:19Z,2011-04-19,USD,ZAR,6.8401,LSL is pegged 1:1 to ZAR under the Common Monetary Area -- this rate applies directly to the Loti.
2026-09-08T12:10:19Z,2011-04-20,USD,ZAR,6.7874,LSL is pegged 1:1 to ZAR under the Common Monetary Area -- this rate applies directly to the Loti.
2026-09-08T12:10:19Z,2011-04-21,USD,ZAR,6.746,LSL is pegged 1:1 to ZAR under the Common Monetary Area -- this rate applies directly to the Loti.
2026-09-08T12:10:19Z,2011-04-26,USD,ZAR,6.707,LSL is pegged 1:1 to ZAR under the Common Monetary Area -- this rate applies directly to the Loti.
2026-09-08T12:10:19Z,2011-04-27,USD,ZAR,6.6503,LSL is pegged 1:1 to ZAR under the Common Monetary Area -- this rate applies directly to the Loti.
2026-09-08T12:10:19Z,2011-04-28,USD,ZAR,6.6265,LSL is pegged 1:1 to ZAR under the Common Monetary Area -- this rate applies directly to the Loti.
2026-09-08T12:10:19Z,2011-04-29,USD,ZAR,6.5945,LSL is pegged 1:1 to ZAR under the Common Monetary Area -- this rate applies directly to the Loti.
2026-09-08T12:10:19Z,2011-05-02,USD,ZAR,6.5904,LSL is pegged 1:1 to ZAR under the Common Monetary Area -- this rate applies directly to the Loti.
2026-09-08T12:10:19Z,2011-05-03,USD,ZAR,6.6332,LSL is pegged 1:1 to ZAR under the Common Monetary Area -- this rate applies directly to the Loti.
2026-09-08T12:10:19Z,2011-05-04,USD,ZAR,6.64,LSL is pegged 1:1 to ZAR under the Common Monetary Area -- this rate applies directly to the Loti.
2026-09-08T12:10:19Z,2011-05-05,USD,ZAR,6.7211,LSL is pegged 1:1 to ZAR under the Common Monetary Area -- this rate applies directly to the Loti.
2026-09-08T12:10:19Z,2011-05-06,USD,ZAR,6.7587,LSL is pegged 1:1 to ZAR under the Common Monetary Area -- this rate applies directly to the Loti.
2026-09-08T12:10:19Z,2011-05-09,USD,ZAR,6.7235,LSL is pegged 1:1 to ZAR under the Common Monetary Area -- this rate applies directly to the Loti.
2026-09-08T12:10:19Z,2011-05-10,USD,ZAR,6.7551,LSL is pegged 1:1 to ZAR under the Common Monetary Area -- this rate applies directly to the Loti.
2026-09-08T12:10:19Z,2011-05-11,USD,ZAR,6.7819,LSL is pegged 1:1 to ZAR under the Common Monetary Area -- this rate applies directly to the Loti.
2026-09-08T12:10:19Z,2011-05-12,USD,ZAR,6.9478,LSL is pegged 1:1 to ZAR under the Common Monetary Area -- this rate applies directly to the Loti.
2026-09-08T12:10:19Z,2011-05-13,USD,ZAR,6.947,LSL is pegged 1:1 to ZAR under the Common Monetary Area -- this rate applies directly to the Loti.
2026-09-08T12:10:19Z,2011-05-16,USD,ZAR,7.0014,LSL is pegged 1:1 to ZAR under the Common Monetary Area -- this rate applies directly to the Loti.
2026-09-08T12:10:19Z,2011-05-17,USD,ZAR,6.9901,LSL is pegged 1:1 to ZAR under the Common Monetary Area -- this rate applies directly to the Loti.
2026-09-08T12:10:19Z,2011-05-18,USD,ZAR,6.9278,LSL is pegged 1:1 to ZAR under the Common Monetary Area -- this rate applies directly to the Loti.
2026-09-08T12:10:19Z,2011-05-19,USD,ZAR,6.8982,LSL is pegged 1:1 to ZAR under the Common Monetary Area -- this rate applies directly to the Loti.
2026-09-08T12:10:19Z,2011-05-20,USD,ZAR,6.9037,LSL is pegged 1:1 to ZAR under the Common Monetary Area -- this rate applies directly to the Loti.
2026-09-08T12:10:19Z,2011-05-23,USD,ZAR,7.028,LSL is pegged 1:1 to ZAR under the Common Monetary Area -- this rate applies directly to the Loti.
2026-09-08T12:10:19Z,2011-05-24,USD,ZAR,7.015,LSL is pegged 1:1 to ZAR under the Common Monetary Area -- this rate applies directly to the Loti.
2026-09-08T12:10:19Z,2011-05-25,USD,ZAR,7.058,LSL is pegged 1:1 to ZAR under the Common Monetary Area -- this rate applies directly to the Loti.
2026-09-08T12:10:19Z,2011-05-26,USD,ZAR,6.981,LSL is pegged 1:1 to ZAR under the Common Monetary Area -- this rate applies directly to the Loti.
2026-09-08T12:10:19Z,2011-05-27,USD,ZAR,6.9264,LSL is pegged 1:1 to ZAR under the Common Monetary Area -- this rate applies directly to the Loti.
2026-09-08T12:10:19Z,2011-05-30,USD,ZAR,6.9248,LSL is pegged 1:1 to ZAR under the Common Monetary Area -- this rate applies directly to the Loti.
2026-09-08T12:10:19Z,2011-05-31,USD,ZAR,6.862,LSL is pegged 1:1 to ZAR under the Common Monetary Area -- this rate applies directly to the Loti.
2026-09-08T12:10:19Z,2011-06-01,USD,ZAR,6.7839,LSL is pegged 1:1 to ZAR under the Common Monetary Area -- this rate applies directly to the Loti.
2026-09-08T12:10:19Z,2011-06-02,USD,ZAR,6.7689,LSL is pegged 1:1 to ZAR under the Common Monetary Area -- this rate applies directly to the Loti.
2026-09-08T12:10:19Z,2011-06-03,USD,ZAR,6.7283,LSL is pegged 1:1 to ZAR under the Common Monetary Area -- this rate applies directly to the Loti.
2026-09-08T12:10:19Z,2011-06-06,USD,ZAR,6.735,LSL is pegged 1:1 to ZAR under the Common Monetary Area -- this rate applies directly to the Loti.
2026-09-08T12:10:19Z,2011-06-07,USD,ZAR,6.7431,LSL is pegged 1:1 to ZAR under the Common Monetary Area -- this rate applies directly to the Loti.
2026-09-08T12:10:19Z,2011-06-08,USD,ZAR,6.7639,LSL is pegged 1:1 to ZAR under the Common Monetary Area -- this rate applies directly to the Loti.
2026-09-08T12:10:19Z,2011-06-09,USD,ZAR,6.7432,LSL is pegged 1:1 to ZAR under the Common Monetary Area -- this rate applies directly to the Loti.
2026-09-08T12:10:19Z,2011-06-10,USD,ZAR,6.7603,LSL is pegged 1:1 to ZAR under the Common Monetary Area -- this rate applies directly to the Loti.
2026-09-08T12:10:19Z,2011-06-13,USD,ZAR,6.8134,LSL is pegged 1:1 to ZAR under the Common Monetary Area -- this rate applies directly to the Loti.
2026-09-08T12:10:19Z,2011-06-14,USD,ZAR,6.7511,LSL is pegged 1:1 to ZAR under the Common Monetary Area -- this rate applies directly to the Loti.
2026-09-08T12:10:19Z,2011-06-15,USD,ZAR,6.8032,LSL is pegged 1:1 to ZAR under the Common Monetary Area -- this rate applies directly to the Loti.
2026-09-08T12:10:19Z,2011-06-16,USD,ZAR,6.8971,LSL is pegged 1:1 to ZAR under the Common Monetary Area -- this rate applies directly to the Loti.
2026-09-08T12:10:19Z,2011-06-17,USD,ZAR,6.7943,LSL is pegged 1:1 to ZAR under the Common Monetary Area -- this rate applies directly to the Loti.
2026-09-08T12:10:19Z,2011-06-20,USD,ZAR,6.7881,LSL is pegged 1:1 to ZAR under the Common Monetary Area -- this rate applies directly to the Loti.
2026-09-08T12:10:19Z,2011-06-21,USD,ZAR,6.7545,LSL is pegged 1:1 to ZAR under the Common Monetary Area -- this rate applies directly to the Loti.
2026-09-08T12:10:19Z,2011-06-22,USD,ZAR,6.768,LSL is pegged 1:1 to ZAR under the Common Monetary Area -- this rate applies directly to the Loti.
2026-09-08T12:10:19Z,2011-06-23,USD,ZAR,6.856,LSL is pegged 1:1 to ZAR under the Common Monetary Area -- this rate applies directly to the Loti.
2026-09-08T12:10:19Z,2011-06-24,USD,ZAR,6.8694,LSL is pegged 1:1 to ZAR under the Common Monetary Area -- this rate applies directly to the Loti.
2026-09-08T12:10:19Z,2011-06-27,USD,ZAR,6.9017,LSL is pegged 1:1 to ZAR under the Common Monetary Area -- this rate applies directly to the Loti.
2026-09-08T12:10:19Z,2011-06-28,USD,ZAR,6.8623,LSL is pegged 1:1 to ZAR under the Common Monetary Area -- this rate applies directly to the Loti.
2026-09-08T12:10:19Z,2011-06-29,USD,ZAR,6.8524,LSL is pegged 1:1 to ZAR under the Common Monetary Area -- this rate applies directly to the Loti.
2026-09-08T12:10:19Z,2011-06-30,USD,ZAR,6.82,LSL is pegged 1:1 to ZAR under the Common Monetary Area -- this rate applies directly to the Loti.
2026-09-08T12:10:19Z,2011-07-01,USD,ZAR,6.765,LSL is pegged 1:1 to ZAR under the Common Monetary Area -- this rate applies directly to the Loti.
2026-09-08T12:10:19Z,2011-07-04,USD,ZAR,6.728,LSL is pegged 1:1 to ZAR under the Common Monetary Area -- this rate applies directly to the Loti.
2026-09-08T12:10:19Z,2011-07-05,USD,ZAR,6.7493,LSL is pegged 1:1 to ZAR under the Common Monetary Area -- this rate applies directly to the Loti.
2026-09-08T12:10:19Z,2011-07-06,USD,ZAR,6.775,LSL is pegged 1:1 to ZAR under the Common Monetary Area -- this rate applies directly to the Loti.
2026-09-08T12:10:19Z,2011-07-07,USD,ZAR,6.733,LSL is pegged 1:1 to ZAR under the Common Monetary Area -- this rate applies directly to the Loti.
2026-09-08T12:10:19Z,2011-07-08,USD,ZAR,6.6776,LSL is pegged 1:1 to ZAR under the Common Monetary Area -- this rate applies directly to the Loti.
2026-09-08T12:10:19Z,2011-07-11,USD,ZAR,6.8159,LSL is pegged 1:1 to ZAR under the Common Monetary Area -- this rate applies directly to the Loti.
2026-09-08T12:10:19Z,2011-07-12,USD,ZAR,6.9102,LSL is pegged 1:1 to ZAR under the Common Monetary Area -- this rate applies directly to the Loti.
2026-09-08T12:10:19Z,2011-07-13,USD,ZAR,6.899,LSL is pegged 1:1 to ZAR under the Common Monetary Area -- this rate applies directly to the Loti.
2026-09-08T12:10:19Z,2011-07-14,USD,ZAR,6.8633,LSL is pegged 1:1 to ZAR under the Common Monetary Area -- this rate applies directly to the Loti.
2026-09-08T12:10:19Z,2011-07-15,USD,ZAR,6.8978,LSL is pegged 1:1 to ZAR under the Common Monetary Area -- this rate applies directly to the Loti.
2026-09-08T12:10:19Z,2011-07-18,USD,ZAR,6.9836,LSL is pegged 1:1 to ZAR under the Common Monetary Area -- this rate applies directly to the Loti.
2026-09-08T12:10:19Z,2011-07-19,USD,ZAR,6.966,LSL is pegged 1:1 to ZAR under the Common Monetary Area -- this rate applies directly to the Loti.
2026-09-08T12:10:19Z,2011-07-20,USD,ZAR,6.8994,LSL is pegged 1:1 to ZAR under the Common Monetary Area -- this rate applies directly to the Loti.
2026-09-08T12:10:19Z,2011-07-21,USD,ZAR,6.844,LSL is pegged 1:1 to ZAR under the Common Monetary Area -- this rate applies directly to the Loti.
2026-09-08T12:10:19Z,2011-07-22,USD,ZAR,6.7643,LSL is pegged 1:1 to ZAR under the Common Monetary Area -- this rate applies directly to the Loti.
2026-09-08T12:10:19Z,2011-07-25,USD,ZAR,6.7732,LSL is pegged 1:1 to ZAR under the Common Monetary Area -- this rate applies directly to the Loti.
2026-09-08T12:10:19Z,2011-07-26,USD,ZAR,6.6847,LSL is pegged 1:1 to ZAR under the Common Monetary Area -- this rate applies directly to the Loti.
2026-09-08T12:10:19Z,2011-07-27,USD,ZAR,6.6531,LSL is pegged 1:1 to ZAR under the Common Monetary Area -- this rate applies directly to the Loti.
2026-09-08T12:10:19Z,2011-07-28,USD,ZAR,6.7001,LSL is pegged 1:1 to ZAR under the Common Monetary Area -- this rate applies directly to the Loti.
2026-09-08T12:10:19Z,2011-07-29,USD,ZAR,6.738,LSL is pegged 1:1 to ZAR under the Common Monetary Area -- this rate applies directly to the Loti.
2026-09-08T12:10:19Z,2011-08-01,USD,ZAR,6.665,LSL is pegged 1:1 to ZAR under the Common Monetary Area -- this rate applies directly to the Loti.
2026-09-08T12:10:19Z,2011-08-02,USD,ZAR,6.7516,LSL is pegged 1:1 to ZAR under the Common Monetary Area -- this rate applies directly to the Loti.
2026-09-08T12:10:19Z,2011-08-03,USD,ZAR,6.7599,LSL is pegged 1:1 to ZAR under the Common Monetary Area -- this rate applies directly to the Loti.
2026-09-08T12:10:19Z,2011-08-04,USD,ZAR,6.8579,LSL is pegged 1:1 to ZAR under the Common Monetary Area -- this rate applies directly to the Loti.
2026-09-08T12:10:19Z,2011-08-05,USD,ZAR,6.9342,LSL is pegged 1:1 to ZAR under the Common Monetary Area -- this rate applies directly to the Loti.
2026-09-08T12:10:19Z,2011-08-08,USD,ZAR,6.9693,LSL is pegged 1:1 to ZAR under the Common Monetary Area -- this rate applies directly to the Loti.
2026-09-08T12:10:19Z,2011-08-09,USD,ZAR,7.2692,LSL is pegged 1:1 to ZAR under the Common Monetary Area -- this rate applies directly to the Loti.
2026-09-08T12:10:19Z,2011-08-10,USD,ZAR,7.118,LSL is pegged 1:1 to ZAR under the Common Monetary Area -- this rate applies directly to the Loti.
2026-09-08T12:10:19Z,2011-08-11,USD,ZAR,7.3104,LSL is pegged 1:1 to ZAR under the Common Monetary Area -- this rate applies directly to the Loti.
2026-09-08T12:10:19Z,2011-08-12,USD,ZAR,7.1848,LSL is pegged 1:1 to ZAR under the Common Monetary Area -- this rate applies directly to the Loti.
2026-09-08T12:10:19Z,2011-08-15,USD,ZAR,7.1835,LSL is pegged 1:1 to ZAR under the Common Monetary Area -- this rate applies directly to the Loti.
2026-09-08T12:10:19Z,2011-08-16,USD,ZAR,7.1822,LSL is pegged 1:1 to ZAR under the Common Monetary Area -- this rate applies directly to the Loti.
2026-09-08T12:10:19Z,2011-08-17,USD,ZAR,7.0964,LSL is pegged 1:1 to ZAR under the Common Monetary Area -- this rate applies directly to the Loti.
2026-09-08T12:10:19Z,2011-08-18,USD,ZAR,7.1579,LSL is pegged 1:1 to ZAR under the Common Monetary Area -- this rate applies directly to the Loti.
2026-09-08T12:10:19Z,2011-08-19,USD,ZAR,7.18,LSL is pegged 1:1 to ZAR under the Common Monetary Area -- this rate applies directly to the Loti.
2026-09-08T12:10:19Z,2011-08-22,USD,ZAR,7.1964,LSL is pegged 1:1 to ZAR under the Common Monetary Area -- this rate applies directly to the Loti.
2026-09-08T12:10:19Z,2011-08-23,USD,ZAR,7.1785,LSL is pegged 1:1 to ZAR under the Common Monetary Area -- this rate applies directly to the Loti.
2026-09-08T12:10:19Z,2011-08-24,USD,ZAR,7.2117,LSL is pegged 1:1 to ZAR under the Common Monetary Area -- this rate applies directly to the Loti.
2026-09-08T12:10:19Z,2011-08-25,USD,ZAR,7.2122,LSL is pegged 1:1 to ZAR under the Common Monetary Area -- this rate applies directly to the Loti.
2026-09-08T12:10:19Z,2011-08-26,USD,ZAR,7.1987,LSL is pegged 1:1 to ZAR under the Common Monetary Area -- this rate applies directly to the Loti.
2026-09-08T12:10:19Z,2011-08-29,USD,ZAR,7.0612,LSL is pegged 1:1 to ZAR under the Common Monetary Area -- this rate applies directly to the Loti.
2026-09-08T12:10:19Z,2011-08-30,USD,ZAR,7.0817,LSL is pegged 1:1 to ZAR under the Common Monetary Area -- this rate applies directly to the Loti.
2026-09-08T12:10:19Z,2011-08-31,USD,ZAR,7.0449,LSL is pegged 1:1 to ZAR under the Common Monetary Area -- this rate applies directly to the Loti.
2026-09-08T12:10:19Z,2011-09-01,USD,ZAR,7.0157,LSL is pegged 1:1 to ZAR under the Common Monetary Area -- this rate applies directly to the Loti.
2026-09-08T12:10:19Z,2011-09-02,USD,ZAR,6.994,LSL is pegged 1:1 to ZAR under the Common Monetary Area -- this rate applies directly to the Loti.
2026-09-08T12:10:19Z,2011-09-05,USD,ZAR,7.1081,LSL is pegged 1:1 to ZAR under the Common Monetary Area -- this rate applies directly to the Loti.
2026-09-08T12:10:19Z,2011-09-06,USD,ZAR,7.134,LSL is pegged 1:1 to ZAR under the Common Monetary Area -- this rate applies directly to the Loti.
2026-09-08T12:10:19Z,2011-09-07,USD,ZAR,7.1464,LSL is pegged 1:1 to ZAR under the Common Monetary Area -- this rate applies directly to the Loti.
2026-09-08T12:10:19Z,2011-09-08,USD,ZAR,7.1706,LSL is pegged 1:1 to ZAR under the Common Monetary Area -- this rate applies directly to the Loti.
2026-09-08T12:10:19Z,2011-09-09,USD,ZAR,7.2399,LSL is pegged 1:1 to ZAR under the Common Monetary Area -- this rate applies directly to the Loti.
2026-09-08T12:10:19Z,2011-09-12,USD,ZAR,7.3481,LSL is pegged 1:1 to ZAR under the Common Monetary Area -- this rate applies directly to the Loti.
2026-09-08T12:10:19Z,2011-09-13,USD,ZAR,7.339,LSL is pegged 1:1 to ZAR under the Common Monetary Area -- this rate applies directly to the Loti.
2026-09-08T12:10:19Z,2011-09-14,USD,ZAR,7.3478,LSL is pegged 1:1 to ZAR under the Common Monetary Area -- this rate applies directly to the Loti.
2026-09-08T12:10:19Z,2011-09-15,USD,ZAR,7.3838,LSL is pegged 1:1 to ZAR under the Common Monetary Area -- this rate applies directly to the Loti.
2026-09-08T12:10:19Z,2011-09-16,USD,ZAR,7.4215,LSL is pegged 1:1 to ZAR under the Common Monetary Area -- this rate applies directly to the Loti.
2026-09-08T12:10:19Z,2011-09-19,USD,ZAR,7.6197,LSL is pegged 1:1 to ZAR under the Common Monetary Area -- this rate applies directly to the Loti.
2026-09-08T12:10:19Z,2011-09-20,USD,ZAR,7.6475,LSL is pegged 1:1 to ZAR under the Common Monetary Area -- this rate applies directly to the Loti.
2026-09-08T12:10:19Z,2011-09-21,USD,ZAR,7.9598,LSL is pegged 1:1 to ZAR under the Common Monetary Area -- this rate applies directly to the Loti.
2026-09-08T12:10:19Z,2011-09-22,USD,ZAR,8.2357,LSL is pegged 1:1 to ZAR under the Common Monetary Area -- this rate applies directly to the Loti.
2026-09-08T12:10:19Z,2011-09-23,USD,ZAR,8.4069,LSL is pegged 1:1 to ZAR under the Common Monetary Area -- this rate applies directly to the Loti.
2026-09-08T12:10:19Z,2011-09-26,USD,ZAR,8.0074,LSL is pegged 1:1 to ZAR under the Common Monetary Area -- this rate applies directly to the Loti.
2026-09-08T12:10:19Z,2011-09-27,USD,ZAR,7.8612,LSL is pegged 1:1 to ZAR under the Common Monetary Area -- this rate applies directly to the Loti.
2026-09-08T12:10:19Z,2011-09-28,USD,ZAR,7.8847,LSL is pegged 1:1 to ZAR under the Common Monetary Area -- this rate applies directly to the Loti.
2026-09-08T12:10:19Z,2011-09-29,USD,ZAR,7.8839,LSL is pegged 1:1 to ZAR under the Common Monetary Area -- this rate applies directly to the Loti.
2026-09-08T12:10:19Z,2011-09-30,USD,ZAR,8.0786,LSL is pegged 1:1 to ZAR under the Common Monetary Area -- this rate applies directly to the Loti.
2026-09-08T12:10:19Z,2011-10-03,USD,ZAR,8.1153,LSL is pegged 1:1 to ZAR under the Common Monetary Area -- this rate applies directly to the Loti.
2026-09-08T12:10:19Z,2011-10-04,USD,ZAR,8.3198,LSL is pegged 1:1 to ZAR under the Common Monetary Area -- this rate applies directly to the Loti.
2026-09-08T12:10:19Z,2011-10-05,USD,ZAR,8.0988,LSL is pegged 1:1 to ZAR under the Common Monetary Area -- this rate applies directly to the Loti.
2026-09-08T12:10:19Z,2011-10-06,USD,ZAR,8.05,LSL is pegged 1:1 to ZAR under the Common Monetary Area -- this rate applies directly to the Loti.
2026-09-08T12:10:19Z,2011-10-07,USD,ZAR,7.9679,LSL is pegged 1:1 to ZAR under the Common Monetary Area -- this rate applies directly to the Loti.
2026-09-08T12:10:19Z,2011-10-10,USD,ZAR,7.8688,LSL is pegged 1:1 to ZAR under the Common Monetary Area -- this rate applies directly to the Loti.
2026-09-08T12:10:19Z,2011-10-11,USD,ZAR,7.9507,LSL is pegged 1:1 to ZAR under the Common Monetary Area -- this rate applies directly to the Loti.
2026-09-08T12:10:19Z,2011-10-12,USD,ZAR,7.801,LSL is pegged 1:1 to ZAR under the Common Monetary Area -- this rate applies directly to the Loti.
2026-09-08T12:10:19Z,2011-10-13,USD,ZAR,7.8893,LSL is pegged 1:1 to ZAR under the Common Monetary Area -- this rate applies directly to the Loti.
2026-09-08T12:10:19Z,2011-10-14,USD,ZAR,7.8633,LSL is pegged 1:1 to ZAR under the Common Monetary Area -- this rate applies directly to the Loti.
2026-09-08T12:10:19Z,2011-10-17,USD,ZAR,7.9019,LSL is pegged 1:1 to ZAR under the Common Monetary Area -- this rate applies directly to the Loti.
2026-09-08T12:10:19Z,2011-10-18,USD,ZAR,8.0749,LSL is pegged 1:1 to ZAR under the Common Monetary Area -- this rate applies directly to the Loti.
2026-09-08T12:10:19Z,2011-10-19,USD,ZAR,7.9881,LSL is pegged 1:1 to ZAR under the Common Monetary Area -- this rate applies directly to the Loti.
2026-09-08T12:10:19Z,2011-10-20,USD,ZAR,8.0817,LSL is pegged 1:1 to ZAR under the Common Monetary Area -- this rate applies directly to the Loti.
2026-09-08T12:10:19Z,2011-10-21,USD,ZAR,8.1526,LSL is pegged 1:1 to ZAR under the Common Monetary Area -- this rate applies directly to the Loti.
2026-09-08T12:10:19Z,2011-10-24,USD,ZAR,8.0297,LSL is pegged 1:1 to ZAR under the Common Monetary Area -- this rate applies directly to the Loti.
2026-09-08T12:10:19Z,2011-10-25,USD,ZAR,7.8935,LSL is pegged 1:1 to ZAR under the Common Monetary Area -- this rate applies directly to the Loti.
2026-09-08T12:10:19Z,2011-10-26,USD,ZAR,7.9642,LSL is pegged 1:1 to ZAR under the Common Monetary Area -- this rate applies directly to the Loti.
2026-09-08T12:10:19Z,2011-10-27,USD,ZAR,7.7829,LSL is pegged 1:1 to ZAR under the Common Monetary Area -- this rate applies directly to the Loti.
2026-09-08T12:10:19Z,2011-10-28,USD,ZAR,7.7341,LSL is pegged 1:1 to ZAR under the Common Monetary Area -- this rate applies directly to the Loti.
2026-09-08T12:10:19Z,2011-10-31,USD,ZAR,7.8009,LSL is pegged 1:1 to ZAR under the Common Monetary Area -- this rate applies directly to the Loti.
2026-09-08T12:10:19Z,2011-11-01,USD,ZAR,8.1811,LSL is pegged 1:1 to ZAR under the Common Monetary Area -- this rate applies directly to the Loti.
2026-09-08T12:10:19Z,2011-11-02,USD,ZAR,7.9759,LSL is pegged 1:1 to ZAR under the Common Monetary Area -- this rate applies directly to the Loti.
2026-09-08T12:10:19Z,2011-11-03,USD,ZAR,7.8626,LSL is pegged 1:1 to ZAR under the Common Monetary Area -- this rate applies directly to the Loti.
2026-09-08T12:10:19Z,2011-11-04,USD,ZAR,7.8662,LSL is pegged 1:1 to ZAR under the Common Monetary Area -- this rate applies directly to the Loti.
2026-09-08T12:10:19Z,2011-11-07,USD,ZAR,7.9632,LSL is pegged 1:1 to ZAR under the Common Monetary Area -- this rate applies directly to the Loti.
2026-09-08T12:10:19Z,2011-11-08,USD,ZAR,7.895,LSL is pegged 1:1 to ZAR under the Common Monetary Area -- this rate applies directly to the Loti.
2026-09-08T12:10:19Z,2011-11-09,USD,ZAR,7.9858,LSL is pegged 1:1 to ZAR under the Common Monetary Area -- this rate applies directly to the Loti.
2026-09-08T12:10:19Z,2011-11-10,USD,ZAR,8.0353,LSL is pegged 1:1 to ZAR under the Common Monetary Area -- this rate applies directly to the Loti.
2026-09-08T12:10:19Z,2011-11-11,USD,ZAR,7.9446,LSL is pegged 1:1 to ZAR under the Common Monetary Area -- this rate applies directly to the Loti.
2026-09-08T12:10:19Z,2011-11-14,USD,ZAR,7.9693,LSL is pegged 1:1 to ZAR under the Common Monetary Area -- this rate applies directly to the Loti.
2026-09-08T12:10:19Z,2011-11-15,USD,ZAR,8.1353,LSL is pegged 1:1 to ZAR under the Common Monetary Area -- this rate applies directly to the Loti.
2026-09-08T12:10:19Z,2011-11-16,USD,ZAR,8.1589,LSL is pegged 1:1 to ZAR under the Common Monetary Area -- this rate applies directly to the Loti.
2026-09-08T12:10:19Z,2011-11-17,USD,ZAR,8.233,LSL is pegged 1:1 to ZAR under the Common Monetary Area -- this rate applies directly to the Loti.
2026-09-08T12:10:19Z,2011-11-18,USD,ZAR,8.1625,LSL is pegged 1:1 to ZAR under the Common Monetary Area -- this rate applies directly to the Loti.
2026-09-08T12:10:19Z,2011-11-21,USD,ZAR,8.2963,LSL is pegged 1:1 to ZAR under the Common Monetary Area -- this rate applies directly to the Loti.
2026-09-08T12:10:19Z,2011-11-22,USD,ZAR,8.4067,LSL is pegged 1:1 to ZAR under the Common Monetary Area -- this rate applies directly to the Loti.
2026-09-08T12:10:19Z,2011-11-23,USD,ZAR,8.4748,LSL is pegged 1:1 to ZAR under the Common Monetary Area -- this rate applies directly to the Loti.
2026-09-08T12:10:19Z,2011-11-24,USD,ZAR,8.447,LSL is pegged 1:1 to ZAR under the Common Monetary Area -- this rate applies directly to the Loti.
2026-09-08T12:10:19Z,2011-11-25,USD,ZAR,8.5845,LSL is pegged 1:1 to ZAR under the Common Monetary Area -- this rate applies directly to the Loti.
2026-09-08T12:10:19Z,2011-11-28,USD,ZAR,8.3574,LSL is pegged 1:1 to ZAR under the Common Monetary Area -- this rate applies directly to the Loti.
2026-09-08T12:10:19Z,2011-11-29,USD,ZAR,8.3587,LSL is pegged 1:1 to ZAR under the Common Monetary Area -- this rate applies directly to the Loti.
2026-09-08T12:10:19Z,2011-11-30,USD,ZAR,8.1659,LSL is pegged 1:1 to ZAR under the Common Monetary Area -- this rate applies directly to the Loti.
2026-09-08T12:10:19Z,2011-12-01,USD,ZAR,8.1048,LSL is pegged 1:1 to ZAR under the Common Monetary Area -- this rate applies directly to the Loti.
2026-09-08T12:10:19Z,2011-12-02,USD,ZAR,8.0191,LSL is pegged 1:1 to ZAR under the Common Monetary Area -- this rate applies directly to the Loti.
2026-09-08T12:10:19Z,2011-12-05,USD,ZAR,7.9974,LSL is pegged 1:1 to ZAR under the Common Monetary Area -- this rate applies directly to the Loti.
2026-09-08T12:10:19Z,2011-12-06,USD,ZAR,8.0628,LSL is pegged 1:1 to ZAR under the Common Monetary Area -- this rate applies directly to the Loti.
2026-09-08T12:10:19Z,2011-12-07,USD,ZAR,8.0859,LSL is pegged 1:1 to ZAR under the Common Monetary Area -- this rate applies directly to the Loti.
2026-09-08T12:10:19Z,2011-12-08,USD,ZAR,8.0816,LSL is pegged 1:1 to ZAR under the Common Monetary Area -- this rate applies directly to the Loti.
2026-09-08T12:10:19Z,2011-12-09,USD,ZAR,8.2078,LSL is pegged 1:1 to ZAR under the Common Monetary Area -- this rate applies directly to the Loti.
2026-09-08T12:10:19Z,2011-12-12,USD,ZAR,8.2337,LSL is pegged 1:1 to ZAR under the Common Monetary Area -- this rate applies directly to the Loti.
2026-09-08T12:10:19Z,2011-12-13,USD,ZAR,8.2539,LSL is pegged 1:1 to ZAR under the Common Monetary Area -- this rate applies directly to the Loti.
2026-09-08T12:10:19Z,2011-12-14,USD,ZAR,8.356,LSL is pegged 1:1 to ZAR under the Common Monetary Area -- this rate applies directly to the Loti.
2026-09-08T12:10:19Z,2011-12-15,USD,ZAR,8.3802,LSL is pegged 1:1 to ZAR under the Common Monetary Area -- this rate applies directly to the Loti.
2026-09-08T12:10:19Z,2011-12-16,USD,ZAR,8.3574,LSL is pegged 1:1 to ZAR under the Common Monetary Area -- this rate applies directly to the Loti.
2026-09-08T12:10:19Z,2011-12-19,USD,ZAR,8.3882,LSL is pegged 1:1 to ZAR under the Common Monetary Area -- this rate applies directly to the Loti.
2026-09-08T12:10:19Z,2011-12-20,USD,ZAR,8.2708,LSL is pegged 1:1 to ZAR under the Common Monetary Area -- this rate applies directly to the Loti.
2026-09-08T12:10:19Z,2011-12-21,USD,ZAR,8.1913,LSL is pegged 1:1 to ZAR under the Common Monetary Area -- this rate applies directly to the Loti.
2026-09-08T12:10:19Z,2011-12-22,USD,ZAR,8.1644,LSL is pegged 1:1 to ZAR under the Common Monetary Area -- this rate applies directly to the Loti.
2026-09-08T12:10:19Z,2011-12-23,USD,ZAR,8.1627,LSL is pegged 1:1 to ZAR under the Common Monetary Area -- this rate applies directly to the Loti.
2026-09-08T12:10:19Z,2011-12-27,USD,ZAR,8.158,LSL is pegged 1:1 to ZAR under the Common Monetary Area -- this rate applies directly to the Loti.
2026-09-08T12:10:19Z,2011-12-28,USD,ZAR,8.1076,LSL is pegged 1:1 to ZAR under the Common Monetary Area -- this rate applies directly to the Loti.
2026-09-08T12:10:19Z,2011-12-29,USD,ZAR,8.1534,LSL is pegged 1:1 to ZAR under the Common Monetary Area -- this rate applies directly to the Loti.
2026-09-08T12:10:19Z,2011-12-30,USD,ZAR,8.1019,LSL is pegged 1:1 to ZAR under the Common Monetary Area -- this rate applies directly to the Loti.
2026-09-08T12:10:19Z,2012-01-02,USD,ZAR,8.0865,LSL is pegged 1:1 to ZAR under the Common Monetary Area -- this rate applies directly to the Loti.
2026-09-08T12:10:19Z,2012-01-03,USD,ZAR,8.0625,LSL is pegged 1:1 to ZAR under the Common Monetary Area -- this rate applies directly to the Loti.
2026-09-08T12:10:19Z,2012-01-04,USD,ZAR,8.1294,LSL is pegged 1:1 to ZAR under the Common Monetary Area -- this rate applies directly to the Loti.
2026-09-08T12:10:19Z,2012-01-05,USD,ZAR,8.1856,LSL is pegged 1:1 to ZAR under the Common Monetary Area -- this rate applies directly to the Loti.
2026-09-08T12:10:19Z,2012-01-06,USD,ZAR,8.1591,LSL is pegged 1:1 to ZAR under the Common Monetary Area -- this rate applies directly to the Loti.
2026-09-08T12:10:19Z,2012-01-09,USD,ZAR,8.1501,LSL is pegged 1:1 to ZAR under the Common Monetary Area -- this rate applies directly to the Loti.
2026-09-08T12:10:19Z,2012-01-10,USD,ZAR,8.0723,LSL is pegged 1:1 to ZAR under the Common Monetary Area -- this rate applies directly to the Loti.
2026-09-08T12:10:19Z,2012-01-11,USD,ZAR,8.1362,LSL is pegged 1:1 to ZAR under the Common Monetary Area -- this rate applies directly to the Loti.
2026-09-08T12:10:19Z,2012-01-12,USD,ZAR,8.0567,LSL is pegged 1:1 to ZAR under the Common Monetary Area -- this rate applies directly to the Loti.
2026-09-08T12:10:19Z,2012-01-13,USD,ZAR,8.0395,LSL is pegged 1:1 to ZAR under the Common Monetary Area -- this rate applies directly to the Loti.
2026-09-08T12:10:19Z,2012-01-16,USD,ZAR,8.0916,LSL is pegged 1:1 to ZAR under the Common Monetary Area -- this rate applies directly to the Loti.
2026-09-08T12:10:19Z,2012-01-17,USD,ZAR,8.0275,LSL is pegged 1:1 to ZAR under the Common Monetary Area -- this rate applies directly to the Loti.
2026-09-08T12:10:19Z,2012-01-18,USD,ZAR,8.0351,LSL is pegged 1:1 to ZAR under the Common Monetary Area -- this rate applies directly to the Loti.
2026-09-08T12:10:19Z,2012-01-19,USD,ZAR,7.933,LSL is pegged 1:1 to ZAR under the Common Monetary Area -- this rate applies directly to the Loti.
2026-09-08T12:10:19Z,2012-01-20,USD,ZAR,7.9723,LSL is pegged 1:1 to ZAR under the Common Monetary Area -- this rate applies directly to the Loti.
2026-09-08T12:10:19Z,2012-01-23,USD,ZAR,7.9148,LSL is pegged 1:1 to ZAR under the Common Monetary Area -- this rate applies directly to the Loti.
2026-09-08T12:10:19Z,2012-01-24,USD,ZAR,7.9861,LSL is pegged 1:1 to ZAR under the Common Monetary Area -- this rate applies directly to the Loti.
2026-09-08T12:10:19Z,2012-01-25,USD,ZAR,8.0462,LSL is pegged 1:1 to ZAR under the Common Monetary Area -- this rate applies directly to the Loti.
2026-09-08T12:10:19Z,2012-01-26,USD,ZAR,7.8205,LSL is pegged 1:1 to ZAR under the Common Monetary Area -- this rate applies directly to the Loti.
2026-09-08T12:10:19Z,2012-01-27,USD,ZAR,7.7623,LSL is pegged 1:1 to ZAR under the Common Monetary Area -- this rate applies directly to the Loti.
2026-09-08T12:10:19Z,2012-01-30,USD,ZAR,7.8584,LSL is pegged 1:1 to ZAR under the Common Monetary Area -- this rate applies directly to the Loti.
2026-09-08T12:10:19Z,2012-01-31,USD,ZAR,7.7816,LSL is pegged 1:1 to ZAR under the Common Monetary Area -- this rate applies directly to the Loti.
2026-09-08T12:10:19Z,2012-02-01,USD,ZAR,7.7335,LSL is pegged 1:1 to ZAR under the Common Monetary Area -- this rate applies directly to the Loti.
2026-09-08T12:10:19Z,2012-02-02,USD,ZAR,7.7171,LSL is pegged 1:1 to ZAR under the Common Monetary Area -- this rate applies directly to the Loti.
2026-09-08T12:10:19Z,2012-02-03,USD,ZAR,7.6195,LSL is pegged 1:1 to ZAR under the Common Monetary Area -- this rate applies directly to the Loti.
2026-09-08T12:10:19Z,2012-02-06,USD,ZAR,7.6254,LSL is pegged 1:1 to ZAR under the Common Monetary Area -- this rate applies directly to the Loti.
2026-09-08T12:10:19Z,2012-02-07,USD,ZAR,7.5938,LSL is pegged 1:1 to ZAR under the Common Monetary Area -- this rate applies directly to the Loti.
2026-09-08T12:10:19Z,2012-02-08,USD,ZAR,7.5454,LSL is pegged 1:1 to ZAR under the Common Monetary Area -- this rate applies directly to the Loti.
2026-09-08T12:10:19Z,2012-02-09,USD,ZAR,7.5978,LSL is pegged 1:1 to ZAR under the Common Monetary Area -- this rate applies directly to the Loti.
2026-09-08T12:10:19Z,2012-02-10,USD,ZAR,7.7261,LSL is pegged 1:1 to ZAR under the Common Monetary Area -- this rate applies directly to the Loti.
2026-09-08T12:10:19Z,2012-02-13,USD,ZAR,7.6678,LSL is pegged 1:1 to ZAR under the Common Monetary Area -- this rate applies directly to the Loti.
2026-09-08T12:10:19Z,2012-02-14,USD,ZAR,7.7303,LSL is pegged 1:1 to ZAR under the Common Monetary Area -- this rate applies directly to the Loti.
2026-09-08T12:10:19Z,2012-02-15,USD,ZAR,7.7154,LSL is pegged 1:1 to ZAR under the Common Monetary Area -- this rate applies directly to the Loti.
2026-09-08T12:10:19Z,2012-02-16,USD,ZAR,7.8671,LSL is pegged 1:1 to ZAR under the Common Monetary Area -- this rate applies directly to the Loti.
2026-09-08T12:10:19Z,2012-02-17,USD,ZAR,7.7424,LSL is pegged 1:1 to ZAR under the Common Monetary Area -- this rate applies directly to the Loti.
2026-09-08T12:10:19Z,2012-02-20,USD,ZAR,7.6653,LSL is pegged 1:1 to ZAR under the Common Monetary Area -- this rate applies directly to the Loti.
2026-09-08T12:10:19Z,2012-02-21,USD,ZAR,7.727,LSL is pegged 1:1 to ZAR under the Common Monetary Area -- this rate applies directly to the Loti.
2026-09-08T12:10:19Z,2012-02-22,USD,ZAR,7.7162,LSL is pegged 1:1 to ZAR under the Common Monetary Area -- this rate applies directly to the Loti.
2026-09-08T12:10:19Z,2012-02-23,USD,ZAR,7.6888,LSL is pegged 1:1 to ZAR under the Common Monetary Area -- this rate applies directly to the Loti.
2026-09-08T12:10:19Z,2012-02-24,USD,ZAR,7.5925,LSL is pegged 1:1 to ZAR under the Common Monetary Area -- this rate applies directly to the Loti.
2026-09-08T12:10:19Z,2012-02-27,USD,ZAR,7.6252,LSL is pegged 1:1 to ZAR under the Common Monetary Area -- this rate applies directly to the Loti.
2026-09-08T12:10:19Z,2012-02-28,USD,ZAR,7.5201,LSL is pegged 1:1 to ZAR under the Common Monetary Area -- this rate applies directly to the Loti.
2026-09-08T12:10:19Z,2012-02-29,USD,ZAR,7.4448,LSL is pegged 1:1 to ZAR under the Common Monetary Area -- this rate applies directly to the Loti.
2026-09-08T12:10:19Z,2012-03-01,USD,ZAR,7.4742,LSL is pegged 1:1 to ZAR under the Common Monetary Area -- this rate applies directly to the Loti.
2026-09-08T12:10:19Z,2012-03-02,USD,ZAR,7.5104,LSL is pegged 1:1 to ZAR under the Common Monetary Area -- this rate applies directly to the Loti.
2026-09-08T12:10:19Z,2012-03-05,USD,ZAR,7.5561,LSL is pegged 1:1 to ZAR under the Common Monetary Area -- this rate applies directly to the Loti.
2026-09-08T12:10:19Z,2012-03-06,USD,ZAR,7.6088,LSL is pegged 1:1 to ZAR under the Common Monetary Area -- this rate applies directly to the Loti.
2026-09-08T12:10:19Z,2012-03-07,USD,ZAR,7.6549,LSL is pegged 1:1 to ZAR under the Common Monetary Area -- this rate applies directly to the Loti.
2026-09-08T12:10:19Z,2012-03-08,USD,ZAR,7.5263,LSL is pegged 1:1 to ZAR under the Common Monetary Area -- this rate applies directly to the Loti.
2026-09-08T12:10:19Z,2012-03-09,USD,ZAR,7.5188,LSL is pegged 1:1 to ZAR under the Common Monetary Area -- this rate applies directly to the Loti.
2026-09-08T12:10:19Z,2012-03-12,USD,ZAR,7.5886,LSL is pegged 1:1 to ZAR under the Common Monetary Area -- this rate applies directly to the Loti.
2026-09-08T12:10:19Z,2012-03-13,USD,ZAR,7.576,LSL is pegged 1:1 to ZAR under the Common Monetary Area -- this rate applies directly to the Loti.
2026-09-08T12:10:19Z,2012-03-14,USD,ZAR,7.6527,LSL is pegged 1:1 to ZAR under the Common Monetary Area -- this rate applies directly to the Loti.
2026-09-08T12:10:19Z,2012-03-15,USD,ZAR,7.6616,LSL is pegged 1:1 to ZAR under the Common Monetary Area -- this rate applies directly to the Loti.
2026-09-08T12:10:19Z,2012-03-16,USD,ZAR,7.5984,LSL is pegged 1:1 to ZAR under the Common Monetary Area -- this rate applies directly to the Loti.
2026-09-08T12:10:19Z,2012-03-19,USD,ZAR,7.5736,LSL is pegged 1:1 to ZAR under the Common Monetary Area -- this rate applies directly to the Loti.
2026-09-08T12:10:19Z,2012-03-20,USD,ZAR,7.6209,LSL is pegged 1:1 to ZAR under the Common Monetary Area -- this rate applies directly to the Loti.
2026-09-08T12:10:19Z,2012-03-21,USD,ZAR,7.6382,LSL is pegged 1:1 to ZAR under the Common Monetary Area -- this rate applies directly to the Loti.
2026-09-08T12:10:19Z,2012-03-22,USD,ZAR,7.7208,LSL is pegged 1:1 to ZAR under the Common Monetary Area -- this rate applies directly to the Loti.
2026-09-08T12:10:19Z,2012-03-23,USD,ZAR,7.721,LSL is pegged 1:1 to ZAR under the Common Monetary Area -- this rate applies directly to the Loti.
2026-09-08T12:10:19Z,2012-03-26,USD,ZAR,7.6274,LSL is pegged 1:1 to ZAR under the Common Monetary Area -- this rate applies directly to the Loti.
2026-09-08T12:10:19Z,2012-03-27,USD,ZAR,7.5778,LSL is pegged 1:1 to ZAR under the Common Monetary Area -- this rate applies directly to the Loti.
2026-09-08T12:10:19Z,2012-03-28,USD,ZAR,7.6501,LSL is pegged 1:1 to ZAR under the Common Monetary Area -- this rate applies directly to the Loti.
2026-09-08T12:10:19Z,2012-03-29,USD,ZAR,7.7277,LSL is pegged 1:1 to ZAR under the Common Monetary Area -- this rate applies directly to the Loti.
2026-09-08T12:10:19Z,2012-03-30,USD,ZAR,7.6611,LSL is pegged 1:1 to ZAR under the Common Monetary Area -- this rate applies directly to the Loti.
2026-09-08T12:10:19Z,2012-04-02,USD,ZAR,7.662,LSL is pegged 1:1 to ZAR under the Common Monetary Area -- this rate applies directly to the Loti.
2026-09-08T12:10:19Z,2012-04-03,USD,ZAR,7.6849,LSL is pegged 1:1 to ZAR under the Common Monetary Area -- this rate applies directly to the Loti.
2026-09-08T12:10:19Z,2012-04-04,USD,ZAR,7.8173,LSL is pegged 1:1 to ZAR under the Common Monetary Area -- this rate applies directly to the Loti.
2026-09-08T12:10:19Z,2012-04-05,USD,ZAR,7.8579,LSL is pegged 1:1 to ZAR under the Common Monetary Area -- this rate applies directly to the Loti.
2026-09-08T12:10:19Z,2012-04-10,USD,ZAR,7.9369,LSL is pegged 1:1 to ZAR under the Common Monetary Area -- this rate applies directly to the Loti.
2026-09-08T12:10:19Z,2012-04-11,USD,ZAR,7.9934,LSL is pegged 1:1 to ZAR under the Common Monetary Area -- this rate applies directly to the Loti.
2026-09-08T12:10:19Z,2012-04-12,USD,ZAR,7.9428,LSL is pegged 1:1 to ZAR under the Common Monetary Area -- this rate applies directly to the Loti.
2026-09-08T12:10:19Z,2012-04-13,USD,ZAR,7.8985,LSL is pegged 1:1 to ZAR under the Common Monetary Area -- this rate applies directly to the Loti.
2026-09-08T12:10:19Z,2012-04-16,USD,ZAR,7.9878,LSL is pegged 1:1 to ZAR under the Common Monetary Area -- this rate applies directly to the Loti.
2026-09-08T12:10:19Z,2012-04-17,USD,ZAR,7.8212,LSL is pegged 1:1 to ZAR under the Common Monetary Area -- this rate applies directly to the Loti.
2026-09-08T12:10:19Z,2012-04-18,USD,ZAR,7.8299,LSL is pegged 1:1 to ZAR under the Common Monetary Area -- this rate applies directly to the Loti.
2026-09-08T12:10:19Z,2012-04-19,USD,ZAR,7.8333,LSL is pegged 1:1 to ZAR under the Common Monetary Area -- this rate applies directly to the Loti.
2026-09-08T12:10:19Z,2012-04-20,USD,ZAR,7.8188,LSL is pegged 1:1 to ZAR under the Common Monetary Area -- this rate applies directly to the Loti.
2026-09-08T12:10:19Z,2012-04-23,USD,ZAR,7.8641,LSL is pegged 1:1 to ZAR under the Common Monetary Area -- this rate applies directly to the Loti.
2026-09-08T12:10:19Z,2012-04-24,USD,ZAR,7.8087,LSL is pegged 1:1 to ZAR under the Common Monetary Area -- this rate applies directly to the Loti.
2026-09-08T12:10:19Z,2012-04-25,USD,ZAR,7.7658,LSL is pegged 1:1 to ZAR under the Common Monetary Area -- this rate applies directly to the Loti.
2026-09-08T12:10:19Z,2012-04-26,USD,ZAR,7.7625,LSL is pegged 1:1 to ZAR under the Common Monetary Area -- this rate applies directly to the Loti.
2026-09-08T12:10:19Z,2012-04-27,USD,ZAR,7.7545,LSL is pegged 1:1 to ZAR under the Common Monetary Area -- this rate applies directly to the Loti.
2026-09-08T12:10:19Z,2012-04-30,USD,ZAR,7.7421,LSL is pegged 1:1 to ZAR under the Common Monetary Area -- this rate applies directly to the Loti.
2026-09-08T12:10:19Z,2012-05-02,USD,ZAR,7.7412,LSL is pegged 1:1 to ZAR under the Common Monetary Area -- this rate applies directly to the Loti.
2026-09-08T12:10:19Z,2012-05-03,USD,ZAR,7.7376,LSL is pegged 1:1 to ZAR under the Common Monetary Area -- this rate applies directly to the Loti.
2026-09-08T12:10:19Z,2012-05-04,USD,ZAR,7.7391,LSL is pegged 1:1 to ZAR under the Common Monetary Area -- this rate applies directly to the Loti.
2026-09-08T12:10:19Z,2012-05-07,USD,ZAR,7.8278,LSL is pegged 1:1 to ZAR under the Common Monetary Area -- this rate applies directly to the Loti.
2026-09-08T12:10:19Z,2012-05-08,USD,ZAR,7.86,LSL is pegged 1:1 to ZAR under the Common Monetary Area -- this rate applies directly to the Loti.
2026-09-08T12:10:19Z,2012-05-09,USD,ZAR,8.03,LSL is pegged 1:1 to ZAR under the Common Monetary Area -- this rate applies directly to the Loti.
2026-09-08T12:10:19Z,2012-05-10,USD,ZAR,8.0086,LSL is pegged 1:1 to ZAR under the Common Monetary Area -- this rate applies directly to the Loti.
2026-09-08T12:10:19Z,2012-05-11,USD,ZAR,8.0953,LSL is pegged 1:1 to ZAR under the Common Monetary Area -- this rate applies directly to the Loti.
2026-09-08T12:10:19Z,2012-05-14,USD,ZAR,8.1957,LSL is pegged 1:1 to ZAR under the Common Monetary Area -- this rate applies directly to the Loti.
2026-09-08T12:10:19Z,2012-05-15,USD,ZAR,8.1898,LSL is pegged 1:1 to ZAR under the Common Monetary Area -- this rate applies directly to the Loti.
2026-09-08T12:10:19Z,2012-05-16,USD,ZAR,8.3106,LSL is pegged 1:1 to ZAR under the Common Monetary Area -- this rate applies directly to the Loti.
2026-09-08T12:10:19Z,2012-05-17,USD,ZAR,8.367,LSL is pegged 1:1 to ZAR under the Common Monetary Area -- this rate applies directly to the Loti.
2026-09-08T12:10:19Z,2012-05-18,USD,ZAR,8.2773,LSL is pegged 1:1 to ZAR under the Common Monetary Area -- this rate applies directly to the Loti.
2026-09-08T12:10:19Z,2012-05-21,USD,ZAR,8.3161,LSL is pegged 1:1 to ZAR under the Common Monetary Area -- this rate applies directly to the Loti.
2026-09-08T12:10:19Z,2012-05-22,USD,ZAR,8.2473,LSL is pegged 1:1 to ZAR under the Common Monetary Area -- this rate applies directly to the Loti.
2026-09-08T12:10:19Z,2012-05-23,USD,ZAR,8.4039,LSL is pegged 1:1 to ZAR under the Common Monetary Area -- this rate applies directly to the Loti.
2026-09-08T12:10:19Z,2012-05-24,USD,ZAR,8.3655,LSL is pegged 1:1 to ZAR under the Common Monetary Area -- this rate applies directly to the Loti.
2026-09-08T12:10:19Z,2012-05-25,USD,ZAR,8.3484,LSL is pegged 1:1 to ZAR under the Common Monetary Area -- this rate applies directly to the Loti.
2026-09-08T12:10:19Z,2012-05-28,USD,ZAR,8.3248,LSL is pegged 1:1 to ZAR under the Common Monetary Area -- this rate applies directly to the Loti.
2026-09-08T12:10:19Z,2012-05-29,USD,ZAR,8.3438,LSL is pegged 1:1 to ZAR under the Common Monetary Area -- this rate applies directly to the Loti.
2026-09-08T12:10:19Z,2012-05-30,USD,ZAR,8.4488,LSL is pegged 1:1 to ZAR under the Common Monetary Area -- this rate applies directly to the Loti.
2026-09-08T12:10:19Z,2012-05-31,USD,ZAR,8.5242,LSL is pegged 1:1 to ZAR under the Common Monetary Area -- this rate applies directly to the Loti.
2026-09-08T12:10:19Z,2012-06-01,USD,ZAR,8.6305,LSL is pegged 1:1 to ZAR under the Common Monetary Area -- this rate applies directly to the Loti.
2026-09-08T12:10:19Z,2012-06-04,USD,ZAR,8.5195,LSL is pegged 1:1 to ZAR under the Common Monetary Area -- this rate applies directly to the Loti.
2026-09-08T12:10:19Z,2012-06-05,USD,ZAR,8.456,LSL is pegged 1:1 to ZAR under the Common Monetary Area -- this rate applies directly to the Loti.
2026-09-08T12:10:19Z,2012-06-06,USD,ZAR,8.4125,LSL is pegged 1:1 to ZAR under the Common Monetary Area -- this rate applies directly to the Loti.
2026-09-08T12:10:19Z,2012-06-07,USD,ZAR,8.2592,LSL is pegged 1:1 to ZAR under the Common Monetary Area -- this rate applies directly to the Loti.
2026-09-08T12:10:19Z,2012-06-08,USD,ZAR,8.4667,LSL is pegged 1:1 to ZAR under the Common Monetary Area -- this rate applies directly to the Loti.
2026-09-08T12:10:19Z,2012-06-11,USD,ZAR,8.3634,LSL is pegged 1:1 to ZAR under the Common Monetary Area -- this rate applies directly to the Loti.
2026-09-08T12:10:19Z,2012-06-12,USD,ZAR,8.4281,LSL is pegged 1:1 to ZAR under the Common Monetary Area -- this rate applies directly to the Loti.
2026-09-08T12:10:19Z,2012-06-13,USD,ZAR,8.4009,LSL is pegged 1:1 to ZAR under the Common Monetary Area -- this rate applies directly to the Loti.
2026-09-08T12:10:19Z,2012-06-14,USD,ZAR,8.4377,LSL is pegged 1:1 to ZAR under the Common Monetary Area -- this rate applies directly to the Loti.
2026-09-08T12:10:19Z,2012-06-15,USD,ZAR,8.3853,LSL is pegged 1:1 to ZAR under the Common Monetary Area -- this rate applies directly to the Loti.
2026-09-08T12:10:19Z,2012-06-18,USD,ZAR,8.3412,LSL is pegged 1:1 to ZAR under the Common Monetary Area -- this rate applies directly to the Loti.
2026-09-08T12:10:19Z,2012-06-19,USD,ZAR,8.253,LSL is pegged 1:1 to ZAR under the Common Monetary Area -- this rate applies directly to the Loti.
2026-09-08T12:10:19Z,2012-06-20,USD,ZAR,8.202,LSL is pegged 1:1 to ZAR under the Common Monetary Area -- this rate applies directly to the Loti.
2026-09-08T12:10:19Z,2012-06-21,USD,ZAR,8.2335,LSL is pegged 1:1 to ZAR under the Common Monetary Area -- this rate applies directly to the Loti.
2026-09-08T12:10:19Z,2012-06-22,USD,ZAR,8.3596,LSL is pegged 1:1 to ZAR under the Common Monetary Area -- this rate applies directly to the Loti.
2026-09-08T12:10:19Z,2012-06-25,USD,ZAR,8.4576,LSL is pegged 1:1 to ZAR under the Common Monetary Area -- this rate applies directly to the Loti.
2026-09-08T12:10:19Z,2012-06-26,USD,ZAR,8.4798,LSL is pegged 1:1 to ZAR under the Common Monetary Area -- this rate applies directly to the Loti.
2026-09-08T12:10:19Z,2012-06-27,USD,ZAR,8.3828,LSL is pegged 1:1 to ZAR under the Common Monetary Area -- this rate applies directly to the Loti.
2026-09-08T12:10:19Z,2012-06-28,USD,ZAR,8.4241,LSL is pegged 1:1 to ZAR under the Common Monetary Area -- this rate applies directly to the Loti.
2026-09-08T12:10:19Z,2012-06-29,USD,ZAR,8.2342,LSL is pegged 1:1 to ZAR under the Common Monetary Area -- this rate applies directly to the Loti.
2026-09-08T12:10:19Z,2012-07-02,USD,ZAR,8.1606,LSL is pegged 1:1 to ZAR under the Common Monetary Area -- this rate applies directly to the Loti.
2026-09-08T12:10:19Z,2012-07-03,USD,ZAR,8.1352,LSL is pegged 1:1 to ZAR under the Common Monetary Area -- this rate applies directly to the Loti.
2026-09-08T12:10:19Z,2012-07-04,USD,ZAR,8.1317,LSL is pegged 1:1 to ZAR under the Common Monetary Area -- this rate applies directly to the Loti.
2026-09-08T12:10:19Z,2012-07-05,USD,ZAR,8.1149,LSL is pegged 1:1 to ZAR under the Common Monetary Area -- this rate applies directly to the Loti.
2026-09-08T12:10:19Z,2012-07-06,USD,ZAR,8.2214,LSL is pegged 1:1 to ZAR under the Common Monetary Area -- this rate applies directly to the Loti.
2026-09-08T12:10:19Z,2012-07-09,USD,ZAR,8.2963,LSL is pegged 1:1 to ZAR under the Common Monetary Area -- this rate applies directly to the Loti.
2026-09-08T12:10:19Z,2012-07-10,USD,ZAR,8.1972,LSL is pegged 1:1 to ZAR under the Common Monetary Area -- this rate applies directly to the Loti.
2026-09-08T12:10:19Z,2012-07-11,USD,ZAR,8.21,LSL is pegged 1:1 to ZAR under the Common Monetary Area -- this rate applies directly to the Loti.
2026-09-08T12:10:19Z,2012-07-12,USD,ZAR,8.3438,LSL is pegged 1:1 to ZAR under the Common Monetary Area -- this rate applies directly to the Loti.
2026-09-08T12:10:19Z,2012-07-13,USD,ZAR,8.3348,LSL is pegged 1:1 to ZAR under the Common Monetary Area -- this rate applies directly to the Loti.
2026-09-08T12:10:19Z,2012-07-16,USD,ZAR,8.2715,LSL is pegged 1:1 to ZAR under the Common Monetary Area -- this rate applies directly to the Loti.
2026-09-08T12:10:19Z,2012-07-17,USD,ZAR,8.1869,LSL is pegged 1:1 to ZAR under the Common Monetary Area -- this rate applies directly to the Loti.
2026-09-08T12:10:19Z,2012-07-18,USD,ZAR,8.1791,LSL is pegged 1:1 to ZAR under the Common Monetary Area -- this rate applies directly to the Loti.
2026-09-08T12:10:19Z,2012-07-19,USD,ZAR,8.1532,LSL is pegged 1:1 to ZAR under the Common Monetary Area -- this rate applies directly to the Loti.
2026-09-08T12:10:19Z,2012-07-20,USD,ZAR,8.2605,LSL is pegged 1:1 to ZAR under the Common Monetary Area -- this rate applies directly to the Loti.
2026-09-08T12:10:19Z,2012-07-23,USD,ZAR,8.4638,LSL is pegged 1:1 to ZAR under the Common Monetary Area -- this rate applies directly to the Loti.
2026-09-08T12:10:19Z,2012-07-24,USD,ZAR,8.5061,LSL is pegged 1:1 to ZAR under the Common Monetary Area -- this rate applies directly to the Loti.
2026-09-08T12:10:19Z,2012-07-25,USD,ZAR,8.4336,LSL is pegged 1:1 to ZAR under the Common Monetary Area -- this rate applies directly to the Loti.
2026-09-08T12:10:19Z,2012-07-26,USD,ZAR,8.2936,LSL is pegged 1:1 to ZAR under the Common Monetary Area -- this rate applies directly to the Loti.
2026-09-08T12:10:19Z,2012-07-27,USD,ZAR,8.2515,LSL is pegged 1:1 to ZAR under the Common Monetary Area -- this rate applies directly to the Loti.
2026-09-08T12:10:19Z,2012-07-30,USD,ZAR,8.1865,LSL is pegged 1:1 to ZAR under the Common Monetary Area -- this rate applies directly to the Loti.
2026-09-08T12:10:19Z,2012-07-31,USD,ZAR,8.1859,LSL is pegged 1:1 to ZAR under the Common Monetary Area -- this rate applies directly to the Loti.
2026-09-08T12:10:19Z,2012-08-01,USD,ZAR,8.2682,LSL is pegged 1:1 to ZAR under the Common Monetary Area -- this rate applies directly to the Loti.
2026-09-08T12:10:19Z,2012-08-02,USD,ZAR,8.2904,LSL is pegged 1:1 to ZAR under the Common Monetary Area -- this rate applies directly to the Loti.
2026-09-08T12:10:19Z,2012-08-03,USD,ZAR,8.2604,LSL is pegged 1:1 to ZAR under the Common Monetary Area -- this rate applies directly to the Loti.
2026-09-08T12:10:19Z,2012-08-06,USD,ZAR,8.1716,LSL is pegged 1:1 to ZAR under the Common Monetary Area -- this rate applies directly to the Loti.
2026-09-08T12:10:19Z,2012-08-07,USD,ZAR,8.1307,LSL is pegged 1:1 to ZAR under the Common Monetary Area -- this rate applies directly to the Loti.
2026-09-08T12:10:19Z,2012-08-08,USD,ZAR,8.2305,LSL is pegged 1:1 to ZAR under the Common Monetary Area -- this rate applies directly to the Loti.
2026-09-08T12:10:19Z,2012-08-09,USD,ZAR,8.0927,LSL is pegged 1:1 to ZAR under the Common Monetary Area -- this rate applies directly to the Loti.
2026-09-08T12:10:19Z,2012-08-10,USD,ZAR,8.1367,LSL is pegged 1:1 to ZAR under the Common Monetary Area -- this rate applies directly to the Loti.
2026-09-08T12:10:19Z,2012-08-13,USD,ZAR,8.1119,LSL is pegged 1:1 to ZAR under the Common Monetary Area -- this rate applies directly to the Loti.
2026-09-08T12:10:19Z,2012-08-14,USD,ZAR,8.1155,LSL is pegged 1:1 to ZAR under the Common Monetary Area -- this rate applies directly to the Loti.
2026-09-08T12:10:19Z,2012-08-15,USD,ZAR,8.2107,LSL is pegged 1:1 to ZAR under the Common Monetary Area -- this rate applies directly to the Loti.
2026-09-08T12:10:19Z,2012-08-16,USD,ZAR,8.2466,LSL is pegged 1:1 to ZAR under the Common Monetary Area -- this rate applies directly to the Loti.
2026-09-08T12:10:19Z,2012-08-17,USD,ZAR,8.3276,LSL is pegged 1:1 to ZAR under the Common Monetary Area -- this rate applies directly to the Loti.
2026-09-08T12:10:19Z,2012-08-20,USD,ZAR,8.3141,LSL is pegged 1:1 to ZAR under the Common Monetary Area -- this rate applies directly to the Loti.
2026-09-08T12:10:19Z,2012-08-21,USD,ZAR,8.2577,LSL is pegged 1:1 to ZAR under the Common Monetary Area -- this rate applies directly to the Loti.
2026-09-08T12:10:19Z,2012-08-22,USD,ZAR,8.3166,LSL is pegged 1:1 to ZAR under the Common Monetary Area -- this rate applies directly to the Loti.
2026-09-08T12:10:19Z,2012-08-23,USD,ZAR,8.2815,LSL is pegged 1:1 to ZAR under the Common Monetary Area -- this rate applies directly to the Loti.
2026-09-08T12:10:19Z,2012-08-24,USD,ZAR,8.4047,LSL is pegged 1:1 to ZAR under the Common Monetary Area -- this rate applies directly to the Loti.
2026-09-08T12:10:19Z,2012-08-27,USD,ZAR,8.392,LSL is pegged 1:1 to ZAR under the Common Monetary Area -- this rate applies directly to the Loti.
2026-09-08T12:10:19Z,2012-08-28,USD,ZAR,8.4064,LSL is pegged 1:1 to ZAR under the Common Monetary Area -- this rate applies directly to the Loti.
2026-09-08T12:10:19Z,2012-08-29,USD,ZAR,8.416,LSL is pegged 1:1 to ZAR under the Common Monetary Area -- this rate applies directly to the Loti.
2026-09-08T12:10:19Z,2012-08-30,USD,ZAR,8.4638,LSL is pegged 1:1 to ZAR under the Common Monetary Area -- this rate applies directly to the Loti.
2026-09-08T12:10:19Z,2012-08-31,USD,ZAR,8.4174,LSL is pegged 1:1 to ZAR under the Common Monetary Area -- this rate applies directly to the Loti.
2026-09-08T12:10:19Z,2012-09-03,USD,ZAR,8.4227,LSL is pegged 1:1 to ZAR under the Common Monetary Area -- this rate applies directly to the Loti.
2026-09-08T12:10:19Z,2012-09-04,USD,ZAR,8.3782,LSL is pegged 1:1 to ZAR under the Common Monetary Area -- this rate applies directly to the Loti.
2026-09-08T12:10:19Z,2012-09-05,USD,ZAR,8.3924,LSL is pegged 1:1 to ZAR under the Common Monetary Area -- this rate applies directly to the Loti.
2026-09-08T12:10:19Z,2012-09-06,USD,ZAR,8.3569,LSL is pegged 1:1 to ZAR under the Common Monetary Area -- this rate applies directly to the Loti.
2026-09-08T12:10:19Z,2012-09-07,USD,ZAR,8.2193,LSL is pegged 1:1 to ZAR under the Common Monetary Area -- this rate applies directly to the Loti.
2026-09-08T12:10:19Z,2012-09-10,USD,ZAR,8.1913,LSL is pegged 1:1 to ZAR under the Common Monetary Area -- this rate applies directly to the Loti.
2026-09-08T12:10:19Z,2012-09-11,USD,ZAR,8.1995,LSL is pegged 1:1 to ZAR under the Common Monetary Area -- this rate applies directly to the Loti.
2026-09-08T12:10:19Z,2012-09-12,USD,ZAR,8.3214,LSL is pegged 1:1 to ZAR under the Common Monetary Area -- this rate applies directly to the Loti.
2026-09-08T12:10:19Z,2012-09-13,USD,ZAR,8.399,LSL is pegged 1:1 to ZAR under the Common Monetary Area -- this rate applies directly to the Loti.
2026-09-08T12:10:19Z,2012-09-14,USD,ZAR,8.2477,LSL is pegged 1:1 to ZAR under the Common Monetary Area -- this rate applies directly to the Loti.
2026-09-08T12:10:19Z,2012-09-17,USD,ZAR,8.2801,LSL is pegged 1:1 to ZAR under the Common Monetary Area -- this rate applies directly to the Loti.
2026-09-08T12:10:19Z,2012-09-18,USD,ZAR,8.2565,LSL is pegged 1:1 to ZAR under the Common Monetary Area -- this rate applies directly to the Loti.
2026-09-08T12:10:19Z,2012-09-19,USD,ZAR,8.2421,LSL is pegged 1:1 to ZAR under the Common Monetary Area -- this rate applies directly to the Loti.
2026-09-08T12:10:19Z,2012-09-20,USD,ZAR,8.3418,LSL is pegged 1:1 to ZAR under the Common Monetary Area -- this rate applies directly to the Loti.
2026-09-08T12:10:19Z,2012-09-21,USD,ZAR,8.2619,LSL is pegged 1:1 to ZAR under the Common Monetary Area -- this rate applies directly to the Loti.
2026-09-08T12:10:19Z,2012-09-24,USD,ZAR,8.2975,LSL is pegged 1:1 to ZAR under the Common Monetary Area -- this rate applies directly to the Loti.
2026-09-08T12:10:19Z,2012-09-25,USD,ZAR,8.1946,LSL is pegged 1:1 to ZAR under the Common Monetary Area -- this rate applies directly to the Loti.
2026-09-08T12:10:19Z,2012-09-26,USD,ZAR,8.2289,LSL is pegged 1:1 to ZAR under the Common Monetary Area -- this rate applies directly to the Loti.
2026-09-08T12:10:19Z,2012-09-27,USD,ZAR,8.1947,LSL is pegged 1:1 to ZAR under the Common Monetary Area -- this rate applies directly to the Loti.
2026-09-08T12:10:19Z,2012-09-28,USD,ZAR,8.285,LSL is pegged 1:1 to ZAR under the Common Monetary Area -- this rate applies directly to the Loti.
2026-09-08T12:10:19Z,2012-10-01,USD,ZAR,8.3343,LSL is pegged 1:1 to ZAR under the Common Monetary Area -- this rate applies directly to the Loti.
2026-09-08T12:10:19Z,2012-10-02,USD,ZAR,8.3527,LSL is pegged 1:1 to ZAR under the Common Monetary Area -- this rate applies directly to the Loti.
2026-09-08T12:10:19Z,2012-10-03,USD,ZAR,8.4355,LSL is pegged 1:1 to ZAR under the Common Monetary Area -- this rate applies directly to the Loti.
2026-09-08T12:10:19Z,2012-10-04,USD,ZAR,8.5398,LSL is pegged 1:1 to ZAR under the Common Monetary Area -- this rate applies directly to the Loti.
2026-09-08T12:10:19Z,2012-10-05,USD,ZAR,8.6128,LSL is pegged 1:1 to ZAR under the Common Monetary Area -- this rate applies directly to the Loti.
2026-09-08T12:10:19Z,2012-10-08,USD,ZAR,8.9342,LSL is pegged 1:1 to ZAR under the Common Monetary Area -- this rate applies directly to the Loti.
2026-09-08T12:10:19Z,2012-10-09,USD,ZAR,8.7486,LSL is pegged 1:1 to ZAR under the Common Monetary Area -- this rate applies directly to the Loti.
2026-09-08T12:10:19Z,2012-10-10,USD,ZAR,8.652,LSL is pegged 1:1 to ZAR under the Common Monetary Area -- this rate applies directly to the Loti.
2026-09-08T12:10:19Z,2012-10-11,USD,ZAR,8.7215,LSL is pegged 1:1 to ZAR under the Common Monetary Area -- this rate applies directly to the Loti.
2026-09-08T12:10:19Z,2012-10-12,USD,ZAR,8.6183,LSL is pegged 1:1 to ZAR under the Common Monetary Area -- this rate applies directly to the Loti.
2026-09-08T12:10:19Z,2012-10-15,USD,ZAR,8.7605,LSL is pegged 1:1 to ZAR under the Common Monetary Area -- this rate applies directly to the Loti.
2026-09-08T12:10:19Z,2012-10-16,USD,ZAR,8.7138,LSL is pegged 1:1 to ZAR under the Common Monetary Area -- this rate applies directly to the Loti.
2026-09-08T12:10:19Z,2012-10-17,USD,ZAR,8.6638,LSL is pegged 1:1 to ZAR under the Common Monetary Area -- this rate applies directly to the Loti.
2026-09-08T12:10:19Z,2012-10-18,USD,ZAR,8.6374,LSL is pegged 1:1 to ZAR under the Common Monetary Area -- this rate applies directly to the Loti.
2026-09-08T12:10:19Z,2012-10-19,USD,ZAR,8.6238,LSL is pegged 1:1 to ZAR under the Common Monetary Area -- this rate applies directly to the Loti.
2026-09-08T12:10:19Z,2012-10-22,USD,ZAR,8.628,LSL is pegged 1:1 to ZAR under the Common Monetary Area -- this rate applies directly to the Loti.
2026-09-08T12:10:19Z,2012-10-23,USD,ZAR,8.7446,LSL is pegged 1:1 to ZAR under the Common Monetary Area -- this rate applies directly to the Loti.
2026-09-08T12:10:19Z,2012-10-24,USD,ZAR,8.7778,LSL is pegged 1:1 to ZAR under the Common Monetary Area -- this rate applies directly to the Loti.
2026-09-08T12:10:19Z,2012-10-25,USD,ZAR,8.7059,LSL is pegged 1:1 to ZAR under the Common Monetary Area -- this rate applies directly to the Loti.
2026-09-08T12:10:19Z,2012-10-26,USD,ZAR,8.7345,LSL is pegged 1:1 to ZAR under the Common Monetary Area -- this rate applies directly to the Loti.
2026-09-08T12:10:19Z,2012-10-29,USD,ZAR,8.6842,LSL is pegged 1:1 to ZAR under the Common Monetary Area -- this rate applies directly to the Loti.
2026-09-08T12:10:19Z,2012-10-30,USD,ZAR,8.6292,LSL is pegged 1:1 to ZAR under the Common Monetary Area -- this rate applies directly to the Loti.
2026-09-08T12:10:19Z,2012-10-31,USD,ZAR,8.6733,LSL is pegged 1:1 to ZAR under the Common Monetary Area -- this rate applies directly to the Loti.
2026-09-08T12:10:19Z,2012-11-01,USD,ZAR,8.659,LSL is pegged 1:1 to ZAR under the Common Monetary Area -- this rate applies directly to the Loti.
2026-09-08T12:10:19Z,2012-11-02,USD,ZAR,8.6826,LSL is pegged 1:1 to ZAR under the Common Monetary Area -- this rate applies directly to the Loti.
2026-09-08T12:10:19Z,2012-11-05,USD,ZAR,8.7398,LSL is pegged 1:1 to ZAR under the Common Monetary Area -- this rate applies directly to the Loti.
2026-09-08T12:10:19Z,2012-11-06,USD,ZAR,8.7102,LSL is pegged 1:1 to ZAR under the Common Monetary Area -- this rate applies directly to the Loti.
2026-09-08T12:10:19Z,2012-11-07,USD,ZAR,8.65,LSL is pegged 1:1 to ZAR under the Common Monetary Area -- this rate applies directly to the Loti.
2026-09-08T12:10:19Z,2012-11-08,USD,ZAR,8.7107,LSL is pegged 1:1 to ZAR under the Common Monetary Area -- this rate applies directly to the Loti.
2026-09-08T12:10:19Z,2012-11-09,USD,ZAR,8.7575,LSL is pegged 1:1 to ZAR under the Common Monetary Area -- this rate applies directly to the Loti.
2026-09-08T12:10:19Z,2012-11-12,USD,ZAR,8.7083,LSL is pegged 1:1 to ZAR under the Common Monetary Area -- this rate applies directly to the Loti.
2026-09-08T12:10:19Z,2012-11-13,USD,ZAR,8.7984,LSL is pegged 1:1 to ZAR under the Common Monetary Area -- this rate applies directly to the Loti.
2026-09-08T12:10:19Z,2012-11-14,USD,ZAR,8.8609,LSL is pegged 1:1 to ZAR under the Common Monetary Area -- this rate applies directly to the Loti.
2026-09-08T12:10:19Z,2012-11-15,USD,ZAR,8.9631,LSL is pegged 1:1 to ZAR under the Common Monetary Area -- this rate applies directly to the Loti.
2026-09-08T12:10:19Z,2012-11-16,USD,ZAR,8.8605,LSL is pegged 1:1 to ZAR under the Common Monetary Area -- this rate applies directly to the Loti.
2026-09-08T12:10:19Z,2012-11-19,USD,ZAR,8.8445,LSL is pegged 1:1 to ZAR under the Common Monetary Area -- this rate applies directly to the Loti.
2026-09-08T12:10:19Z,2012-11-20,USD,ZAR,8.8569,LSL is pegged 1:1 to ZAR under the Common Monetary Area -- this rate applies directly to the Loti.
2026-09-08T12:10:19Z,2012-11-21,USD,ZAR,8.9691,LSL is pegged 1:1 to ZAR under the Common Monetary Area -- this rate applies directly to the Loti.
2026-09-08T12:10:19Z,2012-11-22,USD,ZAR,8.9477,LSL is pegged 1:1 to ZAR under the Common Monetary Area -- this rate applies directly to the Loti.
2026-09-08T12:10:19Z,2012-11-23,USD,ZAR,8.8898,LSL is pegged 1:1 to ZAR under the Common Monetary Area -- this rate applies directly to the Loti.
2026-09-08T12:10:19Z,2012-11-26,USD,ZAR,8.8763,LSL is pegged 1:1 to ZAR under the Common Monetary Area -- this rate applies directly to the Loti.
2026-09-08T12:10:19Z,2012-11-27,USD,ZAR,8.8064,LSL is pegged 1:1 to ZAR under the Common Monetary Area -- this rate applies directly to the Loti.
2026-09-08T12:10:19Z,2012-11-28,USD,ZAR,8.8697,LSL is pegged 1:1 to ZAR under the Common Monetary Area -- this rate applies directly to the Loti.
2026-09-08T12:10:19Z,2012-11-29,USD,ZAR,8.7775,LSL is pegged 1:1 to ZAR under the Common Monetary Area -- this rate applies directly to the Loti.
2026-09-08T12:10:19Z,2012-11-30,USD,ZAR,8.8339,LSL is pegged 1:1 to ZAR under the Common Monetary Area -- this rate applies directly to the Loti.
2026-09-08T12:10:19Z,2012-12-03,USD,ZAR,8.837,LSL is pegged 1:1 to ZAR under the Common Monetary Area -- this rate applies directly to the Loti.
2026-09-08T12:10:19Z,2012-12-04,USD,ZAR,8.8225,LSL is pegged 1:1 to ZAR under the Common Monetary Area -- this rate applies directly to the Loti.
2026-09-08T12:10:19Z,2012-12-05,USD,ZAR,8.768,LSL is pegged 1:1 to ZAR under the Common Monetary Area -- this rate applies directly to the Loti.
2026-09-08T12:10:19Z,2012-12-06,USD,ZAR,8.7366,LSL is pegged 1:1 to ZAR under the Common Monetary Area -- this rate applies directly to the Loti.
2026-09-08T12:10:19Z,2012-12-07,USD,ZAR,8.6976,LSL is pegged 1:1 to ZAR under the Common Monetary Area -- this rate applies directly to the Loti.
2026-09-08T12:10:19Z,2012-12-10,USD,ZAR,8.6903,LSL is pegged 1:1 to ZAR under the Common Monetary Area -- this rate applies directly to the Loti.
2026-09-08T12:10:19Z,2012-12-11,USD,ZAR,8.6816,LSL is pegged 1:1 to ZAR under the Common Monetary Area -- this rate applies directly to the Loti.
2026-09-08T12:10:19Z,2012-12-12,USD,ZAR,8.674,LSL is pegged 1:1 to ZAR under the Common Monetary Area -- this rate applies directly to the Loti.
2026-09-08T12:10:19Z,2012-12-13,USD,ZAR,8.6423,LSL is pegged 1:1 to ZAR under the Common Monetary Area -- this rate applies directly to the Loti.
2026-09-08T12:10:19Z,2012-12-14,USD,ZAR,8.6614,LSL is pegged 1:1 to ZAR under the Common Monetary Area -- this rate applies directly to the Loti.
2026-09-08T12:10:19Z,2012-12-17,USD,ZAR,8.5488,LSL is pegged 1:1 to ZAR under the Common Monetary Area -- this rate applies directly to the Loti.
2026-09-08T12:10:19Z,2012-12-18,USD,ZAR,8.5546,LSL is pegged 1:1 to ZAR under the Common Monetary Area -- this rate applies directly to the Loti.
2026-09-08T12:10:19Z,2012-12-19,USD,ZAR,8.4721,LSL is pegged 1:1 to ZAR under the Common Monetary Area -- this rate applies directly to the Loti.
2026-09-08T12:10:19Z,2012-12-20,USD,ZAR,8.515,LSL is pegged 1:1 to ZAR under the Common Monetary Area -- this rate applies directly to the Loti.
2026-09-08T12:10:19Z,2012-12-21,USD,ZAR,8.5598,LSL is pegged 1:1 to ZAR under the Common Monetary Area -- this rate applies directly to the Loti.
2026-09-08T12:10:19Z,2012-12-24,USD,ZAR,8.5807,LSL is pegged 1:1 to ZAR under the Common Monetary Area -- this rate applies directly to the Loti.
2026-09-08T12:10:19Z,2012-12-27,USD,ZAR,8.501,LSL is pegged 1:1 to ZAR under the Common Monetary Area -- this rate applies directly to the Loti.
2026-09-08T12:10:19Z,2012-12-28,USD,ZAR,8.5118,LSL is pegged 1:1 to ZAR under the Common Monetary Area -- this rate applies directly to the Loti.
2026-09-08T12:10:19Z,2012-12-31,USD,ZAR,8.468,LSL is pegged 1:1 to ZAR under the Common Monetary Area -- this rate applies directly to the Loti.
2026-09-08T12:10:19Z,2013-01-02,USD,ZAR,8.4744,LSL is pegged 1:1 to ZAR under the Common Monetary Area -- this rate applies directly to the Loti.
2026-09-08T12:10:19Z,2013-01-03,USD,ZAR,8.587,LSL is pegged 1:1 to ZAR under the Common Monetary Area -- this rate applies directly to the Loti.
2026-09-08T12:10:19Z,2013-01-04,USD,ZAR,8.6533,LSL is pegged 1:1 to ZAR under the Common Monetary Area -- this rate applies directly to the Loti.
2026-09-08T12:10:19Z,2013-01-07,USD,ZAR,8.5953,LSL is pegged 1:1 to ZAR under the Common Monetary Area -- this rate applies directly to the Loti.
2026-09-08T12:10:19Z,2013-01-08,USD,ZAR,8.577,LSL is pegged 1:1 to ZAR under the Common Monetary Area -- this rate applies directly to the Loti.
2026-09-08T12:10:19Z,2013-01-09,USD,ZAR,8.5857,LSL is pegged 1:1 to ZAR under the Common Monetary Area -- this rate applies directly to the Loti.
2026-09-08T12:10:19Z,2013-01-10,USD,ZAR,8.6462,LSL is pegged 1:1 to ZAR under the Common Monetary Area -- this rate applies directly to the Loti.
2026-09-08T12:10:19Z,2013-01-11,USD,ZAR,8.699,LSL is pegged 1:1 to ZAR under the Common Monetary Area -- this rate applies directly to the Loti.
2026-09-08T12:10:19Z,2013-01-14,USD,ZAR,8.702,LSL is pegged 1:1 to ZAR under the Common Monetary Area -- this rate applies directly to the Loti.
2026-09-08T12:10:19Z,2013-01-15,USD,ZAR,8.7694,LSL is pegged 1:1 to ZAR under the Common Monetary Area -- this rate applies directly to the Loti.
2026-09-08T12:10:19Z,2013-01-16,USD,ZAR,8.8371,LSL is pegged 1:1 to ZAR under the Common Monetary Area -- this rate applies directly to the Loti.
2026-09-08T12:10:19Z,2013-01-17,USD,ZAR,8.7764,LSL is pegged 1:1 to ZAR under the Common Monetary Area -- this rate applies directly to the Loti.
2026-09-08T12:10:19Z,2013-01-18,USD,ZAR,8.897,LSL is pegged 1:1 to ZAR under the Common Monetary Area -- this rate applies directly to the Loti.
2026-09-08T12:10:19Z,2013-01-21,USD,ZAR,8.8768,LSL is pegged 1:1 to ZAR under the Common Monetary Area -- this rate applies directly to the Loti.
2026-09-08T12:10:19Z,2013-01-22,USD,ZAR,8.8566,LSL is pegged 1:1 to ZAR under the Common Monetary Area -- this rate applies directly to the Loti.
2026-09-08T12:10:19Z,2013-01-23,USD,ZAR,8.976,LSL is pegged 1:1 to ZAR under the Common Monetary Area -- this rate applies directly to the Loti.
2026-09-08T12:10:19Z,2013-01-24,USD,ZAR,9.0392,LSL is pegged 1:1 to ZAR under the Common Monetary Area -- this rate applies directly to the Loti.
2026-09-08T12:10:19Z,2013-01-25,USD,ZAR,9.0059,LSL is pegged 1:1 to ZAR under the Common Monetary Area -- this rate applies directly to the Loti.
2026-09-08T12:10:19Z,2013-01-28,USD,ZAR,8.9933,LSL is pegged 1:1 to ZAR under the Common Monetary Area -- this rate applies directly to the Loti.
2026-09-08T12:10:19Z,2013-01-29,USD,ZAR,9.0661,LSL is pegged 1:1 to ZAR under the Common Monetary Area -- this rate applies directly to the Loti.
2026-09-08T12:10:19Z,2013-01-30,USD,ZAR,9.0522,LSL is pegged 1:1 to ZAR under the Common Monetary Area -- this rate applies directly to the Loti.
2026-09-08T12:10:19Z,2013-01-31,USD,ZAR,8.9334,LSL is pegged 1:1 to ZAR under the Common Monetary Area -- this rate applies directly to the Loti.
2026-09-08T12:10:19Z,2013-02-01,USD,ZAR,8.9505,LSL is pegged 1:1 to ZAR under the Common Monetary Area -- this rate applies directly to the Loti.
2026-09-08T12:10:19Z,2013-02-04,USD,ZAR,8.9424,LSL is pegged 1:1 to ZAR under the Common Monetary Area -- this rate applies directly to the Loti.
2026-09-08T12:10:19Z,2013-02-05,USD,ZAR,8.8772,LSL is pegged 1:1 to ZAR under the Common Monetary Area -- this rate applies directly to the Loti.
2026-09-08T12:10:19Z,2013-02-06,USD,ZAR,8.9216,LSL is pegged 1:1 to ZAR under the Common Monetary Area -- this rate applies directly to the Loti.
2026-09-08T12:10:19Z,2013-02-07,USD,ZAR,8.9133,LSL is pegged 1:1 to ZAR under the Common Monetary Area -- this rate applies directly to the Loti.
2026-09-08T12:10:19Z,2013-02-08,USD,ZAR,8.9249,LSL is pegged 1:1 to ZAR under the Common Monetary Area -- this rate applies directly to the Loti.
2026-09-08T12:10:19Z,2013-02-11,USD,ZAR,8.9123,LSL is pegged 1:1 to ZAR under the Common Monetary Area -- this rate applies directly to the Loti.
2026-09-08T12:10:19Z,2013-02-12,USD,ZAR,8.9795,LSL is pegged 1:1 to ZAR under the Common Monetary Area -- this rate applies directly to the Loti.
2026-09-08T12:10:19Z,2013-02-13,USD,ZAR,8.8443,LSL is pegged 1:1 to ZAR under the Common Monetary Area -- this rate applies directly to the Loti.
2026-09-08T12:10:19Z,2013-02-14,USD,ZAR,8.8983,LSL is pegged 1:1 to ZAR under the Common Monetary Area -- this rate applies directly to the Loti.
2026-09-08T12:10:19Z,2013-02-15,USD,ZAR,8.8148,LSL is pegged 1:1 to ZAR under the Common Monetary Area -- this rate applies directly to the Loti.
2026-09-08T12:10:19Z,2013-02-18,USD,ZAR,8.8306,LSL is pegged 1:1 to ZAR under the Common Monetary Area -- this rate applies directly to the Loti.
2026-09-08T12:10:19Z,2013-02-19,USD,ZAR,8.893,LSL is pegged 1:1 to ZAR under the Common Monetary Area -- this rate applies directly to the Loti.
2026-09-08T12:10:19Z,2013-02-20,USD,ZAR,8.875,LSL is pegged 1:1 to ZAR under the Common Monetary Area -- this rate applies directly to the Loti.
2026-09-08T12:10:19Z,2013-02-21,USD,ZAR,8.9216,LSL is pegged 1:1 to ZAR under the Common Monetary Area -- this rate applies directly to the Loti.
2026-09-08T12:10:19Z,2013-02-22,USD,ZAR,8.8718,LSL is pegged 1:1 to ZAR under the Common Monetary Area -- this rate applies directly to the Loti.
2026-09-08T12:10:19Z,2013-02-25,USD,ZAR,8.826,LSL is pegged 1:1 to ZAR under the Common Monetary Area -- this rate applies directly to the Loti.
2026-09-08T12:10:19Z,2013-02-26,USD,ZAR,8.823,LSL is pegged 1:1 to ZAR under the Common Monetary Area -- this rate applies directly to the Loti.
2026-09-08T12:10:19Z,2013-02-27,USD,ZAR,8.8738,LSL is pegged 1:1 to ZAR under the Common Monetary Area -- this rate applies directly to the Loti.
2026-09-08T12:10:19Z,2013-02-28,USD,ZAR,8.9535,LSL is pegged 1:1 to ZAR under the Common Monetary Area -- this rate applies directly to the Loti.
2026-09-08T12:10:19Z,2013-03-01,USD,ZAR,9.084,LSL is pegged 1:1 to ZAR under the Common Monetary Area -- this rate applies directly to the Loti.
2026-09-08T12:10:19Z,2013-03-04,USD,ZAR,9.0876,LSL is pegged 1:1 to ZAR under the Common Monetary Area -- this rate applies directly to the Loti.
2026-09-08T12:10:19Z,2013-03-05,USD,ZAR,9.0697,LSL is pegged 1:1 to ZAR under the Common Monetary Area -- this rate applies directly to the Loti.
2026-09-08T12:10:19Z,2013-03-06,USD,ZAR,9.051,LSL is pegged 1:1 to ZAR under the Common Monetary Area -- this rate applies directly to the Loti.
2026-09-08T12:10:19Z,2013-03-07,USD,ZAR,9.1729,LSL is pegged 1:1 to ZAR under the Common Monetary Area -- this rate applies directly to the Loti.
2026-09-08T12:10:19Z,2013-03-08,USD,ZAR,9.0906,LSL is pegged 1:1 to ZAR under the Common Monetary Area -- this rate applies directly to the Loti.
2026-09-08T12:10:19Z,2013-03-11,USD,ZAR,9.1573,LSL is pegged 1:1 to ZAR under the Common Monetary Area -- this rate applies directly to the Loti.
2026-09-08T12:10:19Z,2013-03-12,USD,ZAR,9.1345,LSL is pegged 1:1 to ZAR under the Common Monetary Area -- this rate applies directly to the Loti.
2026-09-08T12:10:19Z,2013-03-13,USD,ZAR,9.2131,LSL is pegged 1:1 to ZAR under the Common Monetary Area -- this rate applies directly to the Loti.
2026-09-08T12:10:19Z,2013-03-14,USD,ZAR,9.2443,LSL is pegged 1:1 to ZAR under the Common Monetary Area -- this rate applies directly to the Loti.
2026-09-08T12:10:19Z,2013-03-15,USD,ZAR,9.1784,LSL is pegged 1:1 to ZAR under the Common Monetary Area -- this rate applies directly to the Loti.
2026-09-08T12:10:19Z,2013-03-18,USD,ZAR,9.178,LSL is pegged 1:1 to ZAR under the Common Monetary Area -- this rate applies directly to the Loti.
2026-09-08T12:10:19Z,2013-03-19,USD,ZAR,9.2191,LSL is pegged 1:1 to ZAR under the Common Monetary Area -- this rate applies directly to the Loti.
2026-09-08T12:10:19Z,2013-03-20,USD,ZAR,9.2855,LSL is pegged 1:1 to ZAR under the Common Monetary Area -- this rate applies directly to the Loti.
2026-09-08T12:10:19Z,2013-03-21,USD,ZAR,9.299,LSL is pegged 1:1 to ZAR under the Common Monetary Area -- this rate applies directly to the Loti.
2026-09-08T12:10:19Z,2013-03-22,USD,ZAR,9.3224,LSL is pegged 1:1 to ZAR under the Common Monetary Area -- this rate applies directly to the Loti.
2026-09-08T12:10:19Z,2013-03-25,USD,ZAR,9.2799,LSL is pegged 1:1 to ZAR under the Common Monetary Area -- this rate applies directly to the Loti.
2026-09-08T12:10:19Z,2013-03-26,USD,ZAR,9.2627,LSL is pegged 1:1 to ZAR under the Common Monetary Area -- this rate applies directly to the Loti.
2026-09-08T12:10:19Z,2013-03-27,USD,ZAR,9.2986,LSL is pegged 1:1 to ZAR under the Common Monetary Area -- this rate applies directly to the Loti.
2026-09-08T12:10:19Z,2013-03-28,USD,ZAR,9.2308,LSL is pegged 1:1 to ZAR under the Common Monetary Area -- this rate applies directly to the Loti.
2026-09-08T12:10:19Z,2013-04-02,USD,ZAR,9.2045,LSL is pegged 1:1 to ZAR under the Common Monetary Area -- this rate applies directly to the Loti.
2026-09-08T12:10:19Z,2013-04-03,USD,ZAR,9.2347,LSL is pegged 1:1 to ZAR under the Common Monetary Area -- this rate applies directly to the Loti.
2026-09-08T12:10:19Z,2013-04-04,USD,ZAR,9.2455,LSL is pegged 1:1 to ZAR under the Common Monetary Area -- this rate applies directly to the Loti.
2026-09-08T12:10:19Z,2013-04-05,USD,ZAR,9.1494,LSL is pegged 1:1 to ZAR under the Common Monetary Area -- this rate applies directly to the Loti.
2026-09-08T12:10:19Z,2013-04-08,USD,ZAR,9.0338,LSL is pegged 1:1 to ZAR under the Common Monetary Area -- this rate applies directly to the Loti.
2026-09-08T12:10:19Z,2013-04-09,USD,ZAR,8.9574,LSL is pegged 1:1 to ZAR under the Common Monetary Area -- this rate applies directly to the Loti.
2026-09-08T12:10:19Z,2013-04-10,USD,ZAR,8.9332,LSL is pegged 1:1 to ZAR under the Common Monetary Area -- this rate applies directly to the Loti.
2026-09-08T12:10:19Z,2013-04-11,USD,ZAR,8.9115,LSL is pegged 1:1 to ZAR under the Common Monetary Area -- this rate applies directly to the Loti.
2026-09-08T12:10:19Z,2013-04-12,USD,ZAR,8.9308,LSL is pegged 1:1 to ZAR under the Common Monetary Area -- this rate applies directly to the Loti.
2026-09-08T12:10:19Z,2013-04-15,USD,ZAR,9.0668,LSL is pegged 1:1 to ZAR under the Common Monetary Area -- this rate applies directly to the Loti.
2026-09-08T12:10:19Z,2013-04-16,USD,ZAR,9.1465,LSL is pegged 1:1 to ZAR under the Common Monetary Area -- this rate applies directly to the Loti.
2026-09-08T12:10:19Z,2013-04-17,USD,ZAR,9.1632,LSL is pegged 1:1 to ZAR under the Common Monetary Area -- this rate applies directly to the Loti.
2026-09-08T12:10:19Z,2013-04-18,USD,ZAR,9.1635,LSL is pegged 1:1 to ZAR under the Common Monetary Area -- this rate applies directly to the Loti.
2026-09-08T12:10:19Z,2013-04-19,USD,ZAR,9.1515,LSL is pegged 1:1 to ZAR under the Common Monetary Area -- this rate applies directly to the Loti.
2026-09-08T12:10:19Z,2013-04-22,USD,ZAR,9.2896,LSL is pegged 1:1 to ZAR under the Common Monetary Area -- this rate applies directly to the Loti.
2026-09-08T12:10:19Z,2013-04-23,USD,ZAR,9.2405,LSL is pegged 1:1 to ZAR under the Common Monetary Area -- this rate applies directly to the Loti.
2026-09-08T12:10:19Z,2013-04-24,USD,ZAR,9.18,LSL is pegged 1:1 to ZAR under the Common Monetary Area -- this rate applies directly to the Loti.
2026-09-08T12:10:19Z,2013-04-25,USD,ZAR,9.0829,LSL is pegged 1:1 to ZAR under the Common Monetary Area -- this rate applies directly to the Loti.
2026-09-08T12:10:19Z,2013-04-26,USD,ZAR,9.1247,LSL is pegged 1:1 to ZAR under the Common Monetary Area -- this rate applies directly to the Loti.
2026-09-08T12:10:19Z,2013-04-29,USD,ZAR,8.9583,LSL is pegged 1:1 to ZAR under the Common Monetary Area -- this rate applies directly to the Loti.
2026-09-08T12:10:19Z,2013-04-30,USD,ZAR,9.0304,LSL is pegged 1:1 to ZAR under the Common Monetary Area -- this rate applies directly to the Loti.
2026-09-08T12:10:19Z,2013-05-02,USD,ZAR,8.9898,LSL is pegged 1:1 to ZAR under the Common Monetary Area -- this rate applies directly to the Loti.
2026-09-08T12:10:19Z,2013-05-03,USD,ZAR,8.9551,LSL is pegged 1:1 to ZAR under the Common Monetary Area -- this rate applies directly to the Loti.
2026-09-08T12:10:19Z,2013-05-06,USD,ZAR,8.9796,LSL is pegged 1:1 to ZAR under the Common Monetary Area -- this rate applies directly to the Loti.
2026-09-08T12:10:19Z,2013-05-07,USD,ZAR,9.0579,LSL is pegged 1:1 to ZAR under the Common Monetary Area -- this rate applies directly to the Loti.
2026-09-08T12:10:19Z,2013-05-08,USD,ZAR,9.0642,LSL is pegged 1:1 to ZAR under the Common Monetary Area -- this rate applies directly to the Loti.
2026-09-08T12:10:19Z,2013-05-09,USD,ZAR,8.9817,LSL is pegged 1:1 to ZAR under the Common Monetary Area -- this rate applies directly to the Loti.
2026-09-08T12:10:19Z,2013-05-10,USD,ZAR,9.0924,LSL is pegged 1:1 to ZAR under the Common Monetary Area -- this rate applies directly to the Loti.
2026-09-08T12:10:19Z,2013-05-13,USD,ZAR,9.0953,LSL is pegged 1:1 to ZAR under the Common Monetary Area -- this rate applies directly to the Loti.
2026-09-08T12:10:19Z,2013-05-14,USD,ZAR,9.2132,LSL is pegged 1:1 to ZAR under the Common Monetary Area -- this rate applies directly to the Loti.
2026-09-08T12:10:19Z,2013-05-15,USD,ZAR,9.3144,LSL is pegged 1:1 to ZAR under the Common Monetary Area -- this rate applies directly to the Loti.
2026-09-08T12:10:19Z,2013-05-16,USD,ZAR,9.3654,LSL is pegged 1:1 to ZAR under the Common Monetary Area -- this rate applies directly to the Loti.
2026-09-08T12:10:19Z,2013-05-17,USD,ZAR,9.3841,LSL is pegged 1:1 to ZAR under the Common Monetary Area -- this rate applies directly to the Loti.
2026-09-08T12:10:19Z,2013-05-20,USD,ZAR,9.4609,LSL is pegged 1:1 to ZAR under the Common Monetary Area -- this rate applies directly to the Loti.
2026-09-08T12:10:19Z,2013-05-21,USD,ZAR,9.5515,LSL is pegged 1:1 to ZAR under the Common Monetary Area -- this rate applies directly to the Loti.
2026-09-08T12:10:19Z,2013-05-22,USD,ZAR,9.5052,LSL is pegged 1:1 to ZAR under the Common Monetary Area -- this rate applies directly to the Loti.
2026-09-08T12:10:19Z,2013-05-23,USD,ZAR,9.595,LSL is pegged 1:1 to ZAR under the Common Monetary Area -- this rate applies directly to the Loti.
2026-09-08T12:10:19Z,2013-05-24,USD,ZAR,9.5621,LSL is pegged 1:1 to ZAR under the Common Monetary Area -- this rate applies directly to the Loti.
2026-09-08T12:10:19Z,2013-05-27,USD,ZAR,9.6162,LSL is pegged 1:1 to ZAR under the Common Monetary Area -- this rate applies directly to the Loti.
2026-09-08T12:10:19Z,2013-05-28,USD,ZAR,9.715,LSL is pegged 1:1 to ZAR under the Common Monetary Area -- this rate applies directly to the Loti.
2026-09-08T12:10:19Z,2013-05-29,USD,ZAR,9.7834,LSL is pegged 1:1 to ZAR under the Common Monetary Area -- this rate applies directly to the Loti.
2026-09-08T12:10:19Z,2013-05-30,USD,ZAR,9.9928,LSL is pegged 1:1 to ZAR under the Common Monetary Area -- this rate applies directly to the Loti.
2026-09-08T12:10:19Z,2013-05-31,USD,ZAR,10.1625,LSL is pegged 1:1 to ZAR under the Common Monetary Area -- this rate applies directly to the Loti.
2026-09-08T12:10:19Z,2013-06-03,USD,ZAR,9.9676,LSL is pegged 1:1 to ZAR under the Common Monetary Area -- this rate applies directly to the Loti.
2026-09-08T12:10:19Z,2013-06-04,USD,ZAR,9.7062,LSL is pegged 1:1 to ZAR under the Common Monetary Area -- this rate applies directly to the Loti.
2026-09-08T12:10:19Z,2013-06-05,USD,ZAR,9.9105,LSL is pegged 1:1 to ZAR under the Common Monetary Area -- this rate applies directly to the Loti.
2026-09-08T12:10:19Z,2013-06-06,USD,ZAR,9.9444,LSL is pegged 1:1 to ZAR under the Common Monetary Area -- this rate applies directly to the Loti.
2026-09-08T12:10:19Z,2013-06-07,USD,ZAR,9.9851,LSL is pegged 1:1 to ZAR under the Common Monetary Area -- this rate applies directly to the Loti.
2026-09-08T12:10:19Z,2013-06-10,USD,ZAR,10.1514,LSL is pegged 1:1 to ZAR under the Common Monetary Area -- this rate applies directly to the Loti.
2026-09-08T12:10:19Z,2013-06-11,USD,ZAR,10.2739,LSL is pegged 1:1 to ZAR under the Common Monetary Area -- this rate applies directly to the Loti.
2026-09-08T12:10:19Z,2013-06-12,USD,ZAR,10.0169,LSL is pegged 1:1 to ZAR under the Common Monetary Area -- this rate applies directly to the Loti.
2026-09-08T12:10:19Z,2013-06-13,USD,ZAR,9.9356,LSL is pegged 1:1 to ZAR under the Common Monetary Area -- this rate applies directly to the Loti.
2026-09-08T12:10:19Z,2013-06-14,USD,ZAR,9.9264,LSL is pegged 1:1 to ZAR under the Common Monetary Area -- this rate applies directly to the Loti.
2026-09-08T12:10:19Z,2013-06-17,USD,ZAR,9.8752,LSL is pegged 1:1 to ZAR under the Common Monetary Area -- this rate applies directly to the Loti.
2026-09-08T12:10:19Z,2013-06-18,USD,ZAR,10.0305,LSL is pegged 1:1 to ZAR under the Common Monetary Area -- this rate applies directly to the Loti.
2026-09-08T12:10:19Z,2013-06-19,USD,ZAR,9.946,LSL is pegged 1:1 to ZAR under the Common Monetary Area -- this rate applies directly to the Loti.
2026-09-08T12:10:19Z,2013-06-20,USD,ZAR,10.2185,LSL is pegged 1:1 to ZAR under the Common Monetary Area -- this rate applies directly to the Loti.
2026-09-08T12:10:19Z,2013-06-21,USD,ZAR,10.2357,LSL is pegged 1:1 to ZAR under the Common Monetary Area -- this rate applies directly to the Loti.
2026-09-08T12:10:19Z,2013-06-24,USD,ZAR,10.1491,LSL is pegged 1:1 to ZAR under the Common Monetary Area -- this rate applies directly to the Loti.
2026-09-08T12:10:19Z,2013-06-25,USD,ZAR,9.981,LSL is pegged 1:1 to ZAR under the Common Monetary Area -- this rate applies directly to the Loti.
2026-09-08T12:10:19Z,2013-06-26,USD,ZAR,10.1093,LSL is pegged 1:1 to ZAR under the Common Monetary Area -- this rate applies directly to the Loti.
2026-09-08T12:10:19Z,2013-06-27,USD,ZAR,9.9478,LSL is pegged 1:1 to ZAR under the Common Monetary Area -- this rate applies directly to the Loti.
2026-09-08T12:10:19Z,2013-06-28,USD,ZAR,9.9927,LSL is pegged 1:1 to ZAR under the Common Monetary Area -- this rate applies directly to the Loti.
2026-09-08T12:10:19Z,2013-07-01,USD,ZAR,9.9353,LSL is pegged 1:1 to ZAR under the Common Monetary Area -- this rate applies directly to the Loti.
2026-09-08T12:10:19Z,2013-07-02,USD,ZAR,9.94,LSL is pegged 1:1 to ZAR under the Common Monetary Area -- this rate applies directly to the Loti.
2026-09-08T12:10:19Z,2013-07-03,USD,ZAR,10.081,LSL is pegged 1:1 to ZAR under the Common Monetary Area -- this rate applies directly to the Loti.
2026-09-08T12:10:19Z,2013-07-04,USD,ZAR,10.0732,LSL is pegged 1:1 to ZAR under the Common Monetary Area -- this rate applies directly to the Loti.
2026-09-08T12:10:19Z,2013-07-05,USD,ZAR,10.0047,LSL is pegged 1:1 to ZAR under the Common Monetary Area -- this rate applies directly to the Loti.
2026-09-08T12:10:19Z,2013-07-08,USD,ZAR,10.1825,LSL is pegged 1:1 to ZAR under the Common Monetary Area -- this rate applies directly to the Loti.
2026-09-08T12:10:19Z,2013-07-09,USD,ZAR,10.0369,LSL is pegged 1:1 to ZAR under the Common Monetary Area -- this rate applies directly to the Loti.
2026-09-08T12:10:19Z,2013-07-10,USD,ZAR,10.0453,LSL is pegged 1:1 to ZAR under the Common Monetary Area -- this rate applies directly to the Loti.
2026-09-08T12:10:19Z,2013-07-11,USD,ZAR,9.9531,LSL is pegged 1:1 to ZAR under the Common Monetary Area -- this rate applies directly to the Loti.
2026-09-08T12:10:19Z,2013-07-12,USD,ZAR,10.0453,LSL is pegged 1:1 to ZAR under the Common Monetary Area -- this rate applies directly to the Loti.
2026-09-08T12:10:19Z,2013-07-15,USD,ZAR,9.9417,LSL is pegged 1:1 to ZAR under the Common Monetary Area -- this rate applies directly to the Loti.
2026-09-08T12:10:19Z,2013-07-16,USD,ZAR,9.7962,LSL is pegged 1:1 to ZAR under the Common Monetary Area -- this rate applies directly to the Loti.
2026-09-08T12:10:19Z,2013-07-17,USD,ZAR,9.9093,LSL is pegged 1:1 to ZAR under the Common Monetary Area -- this rate applies directly to the Loti.
2026-09-08T12:10:19Z,2013-07-18,USD,ZAR,9.8583,LSL is pegged 1:1 to ZAR under the Common Monetary Area -- this rate applies directly to the Loti.
2026-09-08T12:10:19Z,2013-07-19,USD,ZAR,9.8548,LSL is pegged 1:1 to ZAR under the Common Monetary Area -- this rate applies directly to the Loti.
2026-09-08T12:10:19Z,2013-07-22,USD,ZAR,9.8328,LSL is pegged 1:1 to ZAR under the Common Monetary Area -- this rate applies directly to the Loti.
2026-09-08T12:10:19Z,2013-07-23,USD,ZAR,9.8251,LSL is pegged 1:1 to ZAR under the Common Monetary Area -- this rate applies directly to the Loti.
2026-09-08T12:10:19Z,2013-07-24,USD,ZAR,9.6255,LSL is pegged 1:1 to ZAR under the Common Monetary Area -- this rate applies directly to the Loti.
2026-09-08T12:10:19Z,2013-07-25,USD,ZAR,9.8181,LSL is pegged 1:1 to ZAR under the Common Monetary Area -- this rate applies directly to the Loti.
2026-09-08T12:10:19Z,2013-07-26,USD,ZAR,9.7409,LSL is pegged 1:1 to ZAR under the Common Monetary Area -- this rate applies directly to the Loti.
2026-09-08T12:10:19Z,2013-07-29,USD,ZAR,9.8238,LSL is pegged 1:1 to ZAR under the Common Monetary Area -- this rate applies directly to the Loti.
2026-09-08T12:10:19Z,2013-07-30,USD,ZAR,9.871,LSL is pegged 1:1 to ZAR under the Common Monetary Area -- this rate applies directly to the Loti.
2026-09-08T12:10:19Z,2013-07-31,USD,ZAR,9.8486,LSL is pegged 1:1 to ZAR under the Common Monetary Area -- this rate applies directly to the Loti.
2026-09-08T12:10:19Z,2013-08-01,USD,ZAR,9.88,LSL is pegged 1:1 to ZAR under the Common Monetary Area -- this rate applies directly to the Loti.
2026-09-08T12:10:19Z,2013-08-02,USD,ZAR,10.0227,LSL is pegged 1:1 to ZAR under the Common Monetary Area -- this rate applies directly to the Loti.
2026-09-08T12:10:19Z,2013-08-05,USD,ZAR,9.8475,LSL is pegged 1:1 to ZAR under the Common Monetary Area -- this rate applies directly to the Loti.
2026-09-08T12:10:19Z,2013-08-06,USD,ZAR,9.8819,LSL is pegged 1:1 to ZAR under the Common Monetary Area -- this rate applies directly to the Loti.
2026-09-08T12:10:19Z,2013-08-07,USD,ZAR,9.9293,LSL is pegged 1:1 to ZAR under the Common Monetary Area -- this rate applies directly to the Loti.
2026-09-08T12:10:19Z,2013-08-08,USD,ZAR,9.875,LSL is pegged 1:1 to ZAR under the Common Monetary Area -- this rate applies directly to the Loti.
2026-09-08T12:10:19Z,2013-08-09,USD,ZAR,9.771,LSL is pegged 1:1 to ZAR under the Common Monetary Area -- this rate applies directly to the Loti.
2026-09-08T12:10:19Z,2013-08-12,USD,ZAR,9.8776,LSL is pegged 1:1 to ZAR under the Common Monetary Area -- this rate applies directly to the Loti.
2026-09-08T12:10:19Z,2013-08-13,USD,ZAR,9.9488,LSL is pegged 1:1 to ZAR under the Common Monetary Area -- this rate applies directly to the Loti.
2026-09-08T12:10:19Z,2013-08-14,USD,ZAR,9.9773,LSL is pegged 1:1 to ZAR under the Common Monetary Area -- this rate applies directly to the Loti.
2026-09-08T12:10:19Z,2013-08-15,USD,ZAR,9.944,LSL is pegged 1:1 to ZAR under the Common Monetary Area -- this rate applies directly to the Loti.
2026-09-08T12:10:19Z,2013-08-16,USD,ZAR,10.0028,LSL is pegged 1:1 to ZAR under the Common Monetary Area -- this rate applies directly to the Loti.
2026-09-08T12:10:19Z,2013-08-19,USD,ZAR,10.173,LSL is pegged 1:1 to ZAR under the Common Monetary Area -- this rate applies directly to the Loti.
2026-09-08T12:10:19Z,2013-08-20,USD,ZAR,10.1594,LSL is pegged 1:1 to ZAR under the Common Monetary Area -- this rate applies directly to the Loti.
2026-09-08T12:10:19Z,2013-08-21,USD,ZAR,10.1992,LSL is pegged 1:1 to ZAR under the Common Monetary Area -- this rate applies directly to the Loti.
2026-09-08T12:10:19Z,2013-08-22,USD,ZAR,10.3365,LSL is pegged 1:1 to ZAR under the Common Monetary Area -- this rate applies directly to the Loti.
2026-09-08T12:10:19Z,2013-08-23,USD,ZAR,10.2559,LSL is pegged 1:1 to ZAR under the Common Monetary Area -- this rate applies directly to the Loti.
2026-09-08T12:10:19Z,2013-08-26,USD,ZAR,10.245,LSL is pegged 1:1 to ZAR under the Common Monetary Area -- this rate applies directly to the Loti.
2026-09-08T12:10:19Z,2013-08-27,USD,ZAR,10.3959,LSL is pegged 1:1 to ZAR under the Common Monetary Area -- this rate applies directly to the Loti.
2026-09-08T12:10:19Z,2013-08-28,USD,ZAR,10.432,LSL is pegged 1:1 to ZAR under the Common Monetary Area -- this rate applies directly to the Loti.
2026-09-08T12:10:19Z,2013-08-29,USD,ZAR,10.3244,LSL is pegged 1:1 to ZAR under the Common Monetary Area -- this rate applies directly to the Loti.
2026-09-08T12:10:19Z,2013-08-30,USD,ZAR,10.3264,LSL is pegged 1:1 to ZAR under the Common Monetary Area -- this rate applies directly to the Loti.
2026-09-08T12:10:19Z,2013-09-02,USD,ZAR,10.2079,LSL is pegged 1:1 to ZAR under the Common Monetary Area -- this rate applies directly to the Loti.
2026-09-08T12:10:19Z,2013-09-03,USD,ZAR,10.3217,LSL is pegged 1:1 to ZAR under the Common Monetary Area -- this rate applies directly to the Loti.
2026-09-08T12:10:19Z,2013-09-04,USD,ZAR,10.2425,LSL is pegged 1:1 to ZAR under the Common Monetary Area -- this rate applies directly to the Loti.
2026-09-08T12:10:19Z,2013-09-05,USD,ZAR,10.2987,LSL is pegged 1:1 to ZAR under the Common Monetary Area -- this rate applies directly to the Loti.
2026-09-08T12:10:19Z,2013-09-06,USD,ZAR,10.1816,LSL is pegged 1:1 to ZAR under the Common Monetary Area -- this rate applies directly to the Loti.
2026-09-08T12:10:19Z,2013-09-09,USD,ZAR,10.0226,LSL is pegged 1:1 to ZAR under the Common Monetary Area -- this rate applies directly to the Loti.
2026-09-08T12:10:19Z,2013-09-10,USD,ZAR,9.9987,LSL is pegged 1:1 to ZAR under the Common Monetary Area -- this rate applies directly to the Loti.
2026-09-08T12:10:19Z,2013-09-11,USD,ZAR,9.9246,LSL is pegged 1:1 to ZAR under the Common Monetary Area -- this rate applies directly to the Loti.
2026-09-08T12:10:19Z,2013-09-12,USD,ZAR,9.9278,LSL is pegged 1:1 to ZAR under the Common Monetary Area -- this rate applies directly to the Loti.
2026-09-08T12:10:19Z,2013-09-13,USD,ZAR,9.9637,LSL is pegged 1:1 to ZAR under the Common Monetary Area -- this rate applies directly to the Loti.
2026-09-08T12:10:19Z,2013-09-16,USD,ZAR,9.7499,LSL is pegged 1:1 to ZAR under the Common Monetary Area -- this rate applies directly to the Loti.
2026-09-08T12:10:19Z,2013-09-17,USD,ZAR,9.8368,LSL is pegged 1:1 to ZAR under the Common Monetary Area -- this rate applies directly to the Loti.
2026-09-08T12:10:19Z,2013-09-18,USD,ZAR,9.834,LSL is pegged 1:1 to ZAR under the Common Monetary Area -- this rate applies directly to the Loti.
2026-09-08T12:10:19Z,2013-09-19,USD,ZAR,9.6308,LSL is pegged 1:1 to ZAR under the Common Monetary Area -- this rate applies directly to the Loti.
2026-09-08T12:10:19Z,2013-09-20,USD,ZAR,9.7898,LSL is pegged 1:1 to ZAR under the Common Monetary Area -- this rate applies directly to the Loti.
2026-09-08T12:10:19Z,2013-09-23,USD,ZAR,9.8364,LSL is pegged 1:1 to ZAR under the Common Monetary Area -- this rate applies directly to the Loti.
2026-09-08T12:10:19Z,2013-09-24,USD,ZAR,9.8762,LSL is pegged 1:1 to ZAR under the Common Monetary Area -- this rate applies directly to the Loti.
2026-09-08T12:10:19Z,2013-09-25,USD,ZAR,9.8974,LSL is pegged 1:1 to ZAR under the Common Monetary Area -- this rate applies directly to the Loti.
2026-09-08T12:10:19Z,2013-09-26,USD,ZAR,9.9804,LSL is pegged 1:1 to ZAR under the Common Monetary Area -- this rate applies directly to the Loti.
2026-09-08T12:10:19Z,2013-09-27,USD,ZAR,10.1322,LSL is pegged 1:1 to ZAR under the Common Monetary Area -- this rate applies directly to the Loti.
2026-09-08T12:10:19Z,2013-09-30,USD,ZAR,10.0692,LSL is pegged 1:1 to ZAR under the Common Monetary Area -- this rate applies directly to the Loti.
2026-09-08T12:10:19Z,2013-10-01,USD,ZAR,10.0623,LSL is pegged 1:1 to ZAR under the Common Monetary Area -- this rate applies directly to the Loti.
2026-09-08T12:10:19Z,2013-10-02,USD,ZAR,10.1111,LSL is pegged 1:1 to ZAR under the Common Monetary Area -- this rate applies directly to the Loti.
2026-09-08T12:10:19Z,2013-10-03,USD,ZAR,10.0964,LSL is pegged 1:1 to ZAR under the Common Monetary Area -- this rate applies directly to the Loti.
2026-09-08T12:10:19Z,2013-10-04,USD,ZAR,9.995,LSL is pegged 1:1 to ZAR under the Common Monetary Area -- this rate applies directly to the Loti.
2026-09-08T12:10:19Z,2013-10-07,USD,ZAR,10.0318,LSL is pegged 1:1 to ZAR under the Common Monetary Area -- this rate applies directly to the Loti.
2026-09-08T12:10:19Z,2013-10-08,USD,ZAR,9.9179,LSL is pegged 1:1 to ZAR under the Common Monetary Area -- this rate applies directly to the Loti.
2026-09-08T12:10:19Z,2013-10-09,USD,ZAR,9.9942,LSL is pegged 1:1 to ZAR under the Common Monetary Area -- this rate applies directly to the Loti.
2026-09-08T12:10:19Z,2013-10-10,USD,ZAR,9.9686,LSL is pegged 1:1 to ZAR under the Common Monetary Area -- this rate applies directly to the Loti.
2026-09-08T12:10:19Z,2013-10-11,USD,ZAR,9.869,LSL is pegged 1:1 to ZAR under the Common Monetary Area -- this rate applies directly to the Loti.
2026-09-08T12:10:19Z,2013-10-14,USD,ZAR,9.9375,LSL is pegged 1:1 to ZAR under the Common Monetary Area -- this rate applies directly to the Loti.
2026-09-08T12:10:19Z,2013-10-15,USD,ZAR,9.946,LSL is pegged 1:1 to ZAR under the Common Monetary Area -- this rate applies directly to the Loti.
2026-09-08T12:10:19Z,2013-10-16,USD,ZAR,9.9631,LSL is pegged 1:1 to ZAR under the Common Monetary Area -- this rate applies directly to the Loti.
2026-09-08T12:10:19Z,2013-10-17,USD,ZAR,9.849,LSL is pegged 1:1 to ZAR under the Common Monetary Area -- this rate applies directly to the Loti.
2026-09-08T12:10:19Z,2013-10-18,USD,ZAR,9.783,LSL is pegged 1:1 to ZAR under the Common Monetary Area -- this rate applies directly to the Loti.
2026-09-08T12:10:19Z,2013-10-21,USD,ZAR,9.8483,LSL is pegged 1:1 to ZAR under the Common Monetary Area -- this rate applies directly to the Loti.
2026-09-08T12:10:19Z,2013-10-22,USD,ZAR,9.8782,LSL is pegged 1:1 to ZAR under the Common Monetary Area -- this rate applies directly to the Loti.
2026-09-08T12:10:19Z,2013-10-23,USD,ZAR,9.7908,LSL is pegged 1:1 to ZAR under the Common Monetary Area -- this rate applies directly to the Loti.
2026-09-08T12:10:19Z,2013-10-24,USD,ZAR,9.7666,LSL is pegged 1:1 to ZAR under the Common Monetary Area -- this rate applies directly to the Loti.
2026-09-08T12:10:19Z,2013-10-25,USD,ZAR,9.8354,LSL is pegged 1:1 to ZAR under the Common Monetary Area -- this rate applies directly to the Loti.
2026-09-08T12:10:19Z,2013-10-28,USD,ZAR,9.8389,LSL is pegged 1:1 to ZAR under the Common Monetary Area -- this rate applies directly to the Loti.
2026-09-08T12:10:19Z,2013-10-29,USD,ZAR,9.8788,LSL is pegged 1:1 to ZAR under the Common Monetary Area -- this rate applies directly to the Loti.
2026-09-08T12:10:19Z,2013-10-30,USD,ZAR,9.8702,LSL is pegged 1:1 to ZAR under the Common Monetary Area -- this rate applies directly to the Loti.
2026-09-08T12:10:19Z,2013-10-31,USD,ZAR,9.981,LSL is pegged 1:1 to ZAR under the Common Monetary Area -- this rate applies directly to the Loti.
2026-09-08T12:10:19Z,2013-11-01,USD,ZAR,10.1528,LSL is pegged 1:1 to ZAR under the Common Monetary Area -- this rate applies directly to the Loti.
2026-09-08T12:10:19Z,2013-11-04,USD,ZAR,10.1798,LSL is pegged 1:1 to ZAR under the Common Monetary Area -- this rate applies directly to the Loti.
2026-09-08T12:10:19Z,2013-11-05,USD,ZAR,10.236,LSL is pegged 1:1 to ZAR under the Common Monetary Area -- this rate applies directly to the Loti.
2026-09-08T12:10:19Z,2013-11-06,USD,ZAR,10.2116,LSL is pegged 1:1 to ZAR under the Common Monetary Area -- this rate applies directly to the Loti.
2026-09-08T12:10:19Z,2013-11-07,USD,ZAR,10.2413,LSL is pegged 1:1 to ZAR under the Common Monetary Area -- this rate applies directly to the Loti.
2026-09-08T12:10:19Z,2013-11-08,USD,ZAR,10.2278,LSL is pegged 1:1 to ZAR under the Common Monetary Area -- this rate applies directly to the Loti.
2026-09-08T12:10:19Z,2013-11-11,USD,ZAR,10.358,LSL is pegged 1:1 to ZAR under the Common Monetary Area -- this rate applies directly to the Loti.
2026-09-08T12:10:19Z,2013-11-12,USD,ZAR,10.3856,LSL is pegged 1:1 to ZAR under the Common Monetary Area -- this rate applies directly to the Loti.
2026-09-08T12:10:19Z,2013-11-13,USD,ZAR,10.3471,LSL is pegged 1:1 to ZAR under the Common Monetary Area -- this rate applies directly to the Loti.
2026-09-08T12:10:19Z,2013-11-14,USD,ZAR,10.337,LSL is pegged 1:1 to ZAR under the Common Monetary Area -- this rate applies directly to the Loti.
2026-09-08T12:10:19Z,2013-11-15,USD,ZAR,10.1846,LSL is pegged 1:1 to ZAR under the Common Monetary Area -- this rate applies directly to the Loti.
2026-09-08T12:10:19Z,2013-11-18,USD,ZAR,10.1102,LSL is pegged 1:1 to ZAR under the Common Monetary Area -- this rate applies directly to the Loti.
2026-09-08T12:10:19Z,2013-11-19,USD,ZAR,10.1114,LSL is pegged 1:1 to ZAR under the Common Monetary Area -- this rate applies directly to the Loti.
2026-09-08T12:10:19Z,2013-11-20,USD,ZAR,10.1144,LSL is pegged 1:1 to ZAR under the Common Monetary Area -- this rate applies directly to the Loti.
2026-09-08T12:10:19Z,2013-11-21,USD,ZAR,10.147,LSL is pegged 1:1 to ZAR under the Common Monetary Area -- this rate applies directly to the Loti.
2026-09-08T12:10:19Z,2013-11-22,USD,ZAR,10.0965,LSL is pegged 1:1 to ZAR under the Common Monetary Area -- this rate applies directly to the Loti.
2026-09-08T12:10:19Z,2013-11-25,USD,ZAR,10.061,LSL is pegged 1:1 to ZAR under the Common Monetary Area -- this rate applies directly to the Loti.
2026-09-08T12:10:19Z,2013-11-26,USD,ZAR,10.115,LSL is pegged 1:1 to ZAR under the Common Monetary Area -- this rate applies directly to the Loti.
2026-09-08T12:10:19Z,2013-11-27,USD,ZAR,10.1778,LSL is pegged 1:1 to ZAR under the Common Monetary Area -- this rate applies directly to the Loti.
2026-09-08T12:10:19Z,2013-11-28,USD,ZAR,10.2248,LSL is pegged 1:1 to ZAR under the Common Monetary Area -- this rate applies directly to the Loti.
2026-09-08T12:10:19Z,2013-11-29,USD,ZAR,10.1837,LSL is pegged 1:1 to ZAR under the Common Monetary Area -- this rate applies directly to the Loti.
2026-09-08T12:10:19Z,2013-12-02,USD,ZAR,10.2115,LSL is pegged 1:1 to ZAR under the Common Monetary Area -- this rate applies directly to the Loti.
2026-09-08T12:10:19Z,2013-12-03,USD,ZAR,10.3333,LSL is pegged 1:1 to ZAR under the Common Monetary Area -- this rate applies directly to the Loti.
2026-09-08T12:10:19Z,2013-12-04,USD,ZAR,10.3934,LSL is pegged 1:1 to ZAR under the Common Monetary Area -- this rate applies directly to the Loti.
2026-09-08T12:10:19Z,2013-12-05,USD,ZAR,10.468,LSL is pegged 1:1 to ZAR under the Common Monetary Area -- this rate applies directly to the Loti.
2026-09-08T12:10:19Z,2013-12-06,USD,ZAR,10.4718,LSL is pegged 1:1 to ZAR under the Common Monetary Area -- this rate applies directly to the Loti.
2026-09-08T12:10:19Z,2013-12-09,USD,ZAR,10.3339,LSL is pegged 1:1 to ZAR under the Common Monetary Area -- this rate applies directly to the Loti.
2026-09-08T12:10:19Z,2013-12-10,USD,ZAR,10.3133,LSL is pegged 1:1 to ZAR under the Common Monetary Area -- this rate applies directly to the Loti.
2026-09-08T12:10:19Z,2013-12-11,USD,ZAR,10.3783,LSL is pegged 1:1 to ZAR under the Common Monetary Area -- this rate applies directly to the Loti.
2026-09-08T12:10:19Z,2013-12-12,USD,ZAR,10.3574,LSL is pegged 1:1 to ZAR under the Common Monetary Area -- this rate applies directly to the Loti.
2026-09-08T12:10:19Z,2013-12-13,USD,ZAR,10.3014,LSL is pegged 1:1 to ZAR under the Common Monetary Area -- this rate applies directly to the Loti.
2026-09-08T12:10:19Z,2013-12-16,USD,ZAR,10.313,LSL is pegged 1:1 to ZAR under the Common Monetary Area -- this rate applies directly to the Loti.
2026-09-08T12:10:19Z,2013-12-17,USD,ZAR,10.353,LSL is pegged 1:1 to ZAR under the Common Monetary Area -- this rate applies directly to the Loti.
2026-09-08T12:10:19Z,2013-12-18,USD,ZAR,10.3467,LSL is pegged 1:1 to ZAR under the Common Monetary Area -- this rate applies directly to the Loti.
2026-09-08T12:10:19Z,2013-12-19,USD,ZAR,10.3835,LSL is pegged 1:1 to ZAR under the Common Monetary Area -- this rate applies directly to the Loti.
2026-09-08T12:10:19Z,2013-12-20,USD,ZAR,10.465,LSL is pegged 1:1 to ZAR under the Common Monetary Area -- this rate applies directly to the Loti.
2026-09-08T12:10:19Z,2013-12-23,USD,ZAR,10.333,LSL is pegged 1:1 to ZAR under the Common Monetary Area -- this rate applies directly to the Loti.
2026-09-08T12:10:19Z,2013-12-24,USD,ZAR,10.3428,LSL is pegged 1:1 to ZAR under the Common Monetary Area -- this rate applies directly to the Loti.
2026-09-08T12:10:19Z,2013-12-27,USD,ZAR,10.4565,LSL is pegged 1:1 to ZAR under the Common Monetary Area -- this rate applies directly to the Loti.
2026-09-08T12:10:19Z,2013-12-30,USD,ZAR,10.4663,LSL is pegged 1:1 to ZAR under the Common Monetary Area -- this rate applies directly to the Loti.
2026-09-08T12:10:19Z,2013-12-31,USD,ZAR,10.562,LSL is pegged 1:1 to ZAR under the Common Monetary Area -- this rate applies directly to the Loti.
2026-09-08T12:10:19Z,2014-01-02,USD,ZAR,10.6461,LSL is pegged 1:1 to ZAR under the Common Monetary Area -- this rate applies directly to the Loti.
2026-09-08T12:10:19Z,2014-01-03,USD,ZAR,10.5907,LSL is pegged 1:1 to ZAR under the Common Monetary Area -- this rate applies directly to the Loti.
2026-09-08T12:10:19Z,2014-01-06,USD,ZAR,10.714,LSL is pegged 1:1 to ZAR under the Common Monetary Area -- this rate applies directly to the Loti.
2026-09-08T12:10:19Z,2014-01-07,USD,ZAR,10.6235,LSL is pegged 1:1 to ZAR under the Common Monetary Area -- this rate applies directly to the Loti.
2026-09-08T12:10:19Z,2014-01-08,USD,ZAR,10.6657,LSL is pegged 1:1 to ZAR under the Common Monetary Area -- this rate applies directly to the Loti.
2026-09-08T12:10:19Z,2014-01-09,USD,ZAR,10.8103,LSL is pegged 1:1 to ZAR under the Common Monetary Area -- this rate applies directly to the Loti.
2026-09-08T12:10:19Z,2014-01-10,USD,ZAR,10.7674,LSL is pegged 1:1 to ZAR under the Common Monetary Area -- this rate applies directly to the Loti.
2026-09-08T12:10:19Z,2014-01-13,USD,ZAR,10.7475,LSL is pegged 1:1 to ZAR under the Common Monetary Area -- this rate applies directly to the Loti.
2026-09-08T12:10:19Z,2014-01-14,USD,ZAR,10.8403,LSL is pegged 1:1 to ZAR under the Common Monetary Area -- this rate applies directly to the Loti.
2026-09-08T12:10:19Z,2014-01-15,USD,ZAR,10.912,LSL is pegged 1:1 to ZAR under the Common Monetary Area -- this rate applies directly to the Loti.
2026-09-08T12:10:19Z,2014-01-16,USD,ZAR,10.8968,LSL is pegged 1:1 to ZAR under the Common Monetary Area -- this rate applies directly to the Loti.
2026-09-08T12:10:19Z,2014-01-17,USD,ZAR,10.8775,LSL is pegged 1:1 to ZAR under the Common Monetary Area -- this rate applies directly to the Loti.
2026-09-08T12:10:19Z,2014-01-20,USD,ZAR,10.8282,LSL is pegged 1:1 to ZAR under the Common Monetary Area -- this rate applies directly to the Loti.
2026-09-08T12:10:19Z,2014-01-21,USD,ZAR,10.8554,LSL is pegged 1:1 to ZAR under the Common Monetary Area -- this rate applies directly to the Loti.
2026-09-08T12:10:19Z,2014-01-22,USD,ZAR,10.8387,LSL is pegged 1:1 to ZAR under the Common Monetary Area -- this rate applies directly to the Loti.
2026-09-08T12:10:19Z,2014-01-23,USD,ZAR,10.9682,LSL is pegged 1:1 to ZAR under the Common Monetary Area -- this rate applies directly to the Loti.
2026-09-08T12:10:19Z,2014-01-24,USD,ZAR,11.1185,LSL is pegged 1:1 to ZAR under the Common Monetary Area -- this rate applies directly to the Loti.
2026-09-08T12:10:19Z,2014-01-27,USD,ZAR,11.1465,LSL is pegged 1:1 to ZAR under the Common Monetary Area -- this rate applies directly to the Loti.
2026-09-08T12:10:19Z,2014-01-28,USD,ZAR,11.0755,LSL is pegged 1:1 to ZAR under the Common Monetary Area -- this rate applies directly to the Loti.
2026-09-08T12:10:19Z,2014-01-29,USD,ZAR,11.1461,LSL is pegged 1:1 to ZAR under the Common Monetary Area -- this rate applies directly to the Loti.
2026-09-08T12:10:19Z,2014-01-30,USD,ZAR,11.2494,LSL is pegged 1:1 to ZAR under the Common Monetary Area -- this rate applies directly to the Loti.
2026-09-08T12:10:19Z,2014-01-31,USD,ZAR,11.3078,LSL is pegged 1:1 to ZAR under the Common Monetary Area -- this rate applies directly to the Loti.
2026-09-08T12:10:19Z,2014-02-03,USD,ZAR,11.1228,LSL is pegged 1:1 to ZAR under the Common Monetary Area -- this rate applies directly to the Loti.
2026-09-08T12:10:19Z,2014-02-04,USD,ZAR,11.118,LSL is pegged 1:1 to ZAR under the Common Monetary Area -- this rate applies directly to the Loti.
2026-09-08T12:10:19Z,2014-02-05,USD,ZAR,11.1024,LSL is pegged 1:1 to ZAR under the Common Monetary Area -- this rate applies directly to the Loti.
2026-09-08T12:10:19Z,2014-02-06,USD,ZAR,11.1441,LSL is pegged 1:1 to ZAR under the Common Monetary Area -- this rate applies directly to the Loti.
2026-09-08T12:10:19Z,2014-02-07,USD,ZAR,11.1003,LSL is pegged 1:1 to ZAR under the Common Monetary Area -- this rate applies directly to the Loti.
2026-09-08T12:10:19Z,2014-02-10,USD,ZAR,11.1218,LSL is pegged 1:1 to ZAR under the Common Monetary Area -- this rate applies directly to the Loti.
2026-09-08T12:10:19Z,2014-02-11,USD,ZAR,10.988,LSL is pegged 1:1 to ZAR under the Common Monetary Area -- this rate applies directly to the Loti.
2026-09-08T12:10:19Z,2014-02-12,USD,ZAR,10.9996,LSL is pegged 1:1 to ZAR under the Common Monetary Area -- this rate applies directly to the Loti.
2026-09-08T12:10:19Z,2014-02-13,USD,ZAR,11.0954,LSL is pegged 1:1 to ZAR under the Common Monetary Area -- this rate applies directly to the Loti.
2026-09-08T12:10:19Z,2014-02-14,USD,ZAR,10.9289,LSL is pegged 1:1 to ZAR under the Common Monetary Area -- this rate applies directly to the Loti.
2026-09-08T12:10:19Z,2014-02-17,USD,ZAR,10.839,LSL is pegged 1:1 to ZAR under the Common Monetary Area -- this rate applies directly to the Loti.
2026-09-08T12:10:19Z,2014-02-18,USD,ZAR,10.856,LSL is pegged 1:1 to ZAR under the Common Monetary Area -- this rate applies directly to the Loti.
2026-09-08T12:10:19Z,2014-02-19,USD,ZAR,10.9483,LSL is pegged 1:1 to ZAR under the Common Monetary Area -- this rate applies directly to the Loti.
2026-09-08T12:10:19Z,2014-02-20,USD,ZAR,11.0796,LSL is pegged 1:1 to ZAR under the Common Monetary Area -- this rate applies directly to the Loti.
2026-09-08T12:10:19Z,2014-02-21,USD,ZAR,11.0422,LSL is pegged 1:1 to ZAR under the Common Monetary Area -- this rate applies directly to the Loti.
2026-09-08T12:10:19Z,2014-02-24,USD,ZAR,10.9195,LSL is pegged 1:1 to ZAR under the Common Monetary Area -- this rate applies directly to the Loti.
2026-09-08T12:10:19Z,2014-02-25,USD,ZAR,10.738,LSL is pegged 1:1 to ZAR under the Common Monetary Area -- this rate applies directly to the Loti.
2026-09-08T12:10:19Z,2014-02-26,USD,ZAR,10.8015,LSL is pegged 1:1 to ZAR under the Common Monetary Area -- this rate applies directly to the Loti.
2026-09-08T12:10:19Z,2014-02-27,USD,ZAR,10.7635,LSL is pegged 1:1 to ZAR under the Common Monetary Area -- this rate applies directly to the Loti.
2026-09-08T12:10:19Z,2014-02-28,USD,ZAR,10.6844,LSL is pegged 1:1 to ZAR under the Common Monetary Area -- this rate applies directly to the Loti.
2026-09-08T12:10:19Z,2014-03-03,USD,ZAR,10.796,LSL is pegged 1:1 to ZAR under the Common Monetary Area -- this rate applies directly to the Loti.
2026-09-08T12:10:19Z,2014-03-04,USD,ZAR,10.8353,LSL is pegged 1:1 to ZAR under the Common Monetary Area -- this rate applies directly to the Loti.
2026-09-08T12:10:19Z,2014-03-05,USD,ZAR,10.7313,LSL is pegged 1:1 to ZAR under the Common Monetary Area -- this rate applies directly to the Loti.
2026-09-08T12:10:19Z,2014-03-06,USD,ZAR,10.6503,LSL is pegged 1:1 to ZAR under the Common Monetary Area -- this rate applies directly to the Loti.
2026-09-08T12:10:19Z,2014-03-07,USD,ZAR,10.636,LSL is pegged 1:1 to ZAR under the Common Monetary Area -- this rate applies directly to the Loti.
2026-09-08T12:10:19Z,2014-03-10,USD,ZAR,10.7476,LSL is pegged 1:1 to ZAR under the Common Monetary Area -- this rate applies directly to the Loti.
2026-09-08T12:10:19Z,2014-03-11,USD,ZAR,10.7948,LSL is pegged 1:1 to ZAR under the Common Monetary Area -- this rate applies directly to the Loti.
2026-09-08T12:10:19Z,2014-03-12,USD,ZAR,10.8913,LSL is pegged 1:1 to ZAR under the Common Monetary Area -- this rate applies directly to the Loti.
2026-09-08T12:10:19Z,2014-03-13,USD,ZAR,10.7285,LSL is pegged 1:1 to ZAR under the Common Monetary Area -- this rate applies directly to the Loti.
2026-09-08T12:10:19Z,2014-03-14,USD,ZAR,10.7606,LSL is pegged 1:1 to ZAR under the Common Monetary Area -- this rate applies directly to the Loti.
2026-09-08T12:10:19Z,2014-03-17,USD,ZAR,10.729,LSL is pegged 1:1 to ZAR under the Common Monetary Area -- this rate applies directly to the Loti.
2026-09-08T12:10:19Z,2014-03-18,USD,ZAR,10.7381,LSL is pegged 1:1 to ZAR under the Common Monetary Area -- this rate applies directly to the Loti.
2026-09-08T12:10:19Z,2014-03-19,USD,ZAR,10.719,LSL is pegged 1:1 to ZAR under the Common Monetary Area -- this rate applies directly to the Loti.
2026-09-08T12:10:19Z,2014-03-20,USD,ZAR,10.94,LSL is pegged 1:1 to ZAR under the Common Monetary Area -- this rate applies directly to the Loti.
2026-09-08T12:10:19Z,2014-03-21,USD,ZAR,10.883,LSL is pegged 1:1 to ZAR under the Common Monetary Area -- this rate applies directly to the Loti.
2026-09-08T12:10:19Z,2014-03-24,USD,ZAR,10.8501,LSL is pegged 1:1 to ZAR under the Common Monetary Area -- this rate applies directly to the Loti.
2026-09-08T12:10:19Z,2014-03-25,USD,ZAR,10.7771,LSL is pegged 1:1 to ZAR under the Common Monetary Area -- this rate applies directly to the Loti.
2026-09-08T12:10:19Z,2014-03-26,USD,ZAR,10.688,LSL is pegged 1:1 to ZAR under the Common Monetary Area -- this rate applies directly to the Loti.
2026-09-08T12:10:19Z,2014-03-27,USD,ZAR,10.7061,LSL is pegged 1:1 to ZAR under the Common Monetary Area -- this rate applies directly to the Loti.
2026-09-08T12:10:19Z,2014-03-28,USD,ZAR,10.5995,LSL is pegged 1:1 to ZAR under the Common Monetary Area -- this rate applies directly to the Loti.
2026-09-08T12:10:19Z,2014-03-31,USD,ZAR,10.5799,LSL is pegged 1:1 to ZAR under the Common Monetary Area -- this rate applies directly to the Loti.
2026-09-08T12:10:19Z,2014-04-01,USD,ZAR,10.5996,LSL is pegged 1:1 to ZAR under the Common Monetary Area -- this rate applies directly to the Loti.
2026-09-08T12:10:19Z,2014-04-02,USD,ZAR,10.6168,LSL is pegged 1:1 to ZAR under the Common Monetary Area -- this rate applies directly to the Loti.
2026-09-08T12:10:19Z,2014-04-03,USD,ZAR,10.6476,LSL is pegged 1:1 to ZAR under the Common Monetary Area -- this rate applies directly to the Loti.
2026-09-08T12:10:19Z,2014-04-04,USD,ZAR,10.6222,LSL is pegged 1:1 to ZAR under the Common Monetary Area -- this rate applies directly to the Loti.
2026-09-08T12:10:19Z,2014-04-07,USD,ZAR,10.5475,LSL is pegged 1:1 to ZAR under the Common Monetary Area -- this rate applies directly to the Loti.
2026-09-08T12:10:19Z,2014-04-08,USD,ZAR,10.4653,LSL is pegged 1:1 to ZAR under the Common Monetary Area -- this rate applies directly to the Loti.
2026-09-08T12:10:19Z,2014-04-09,USD,ZAR,10.455,LSL is pegged 1:1 to ZAR under the Common Monetary Area -- this rate applies directly to the Loti.
2026-09-08T12:10:19Z,2014-04-10,USD,ZAR,10.3952,LSL is pegged 1:1 to ZAR under the Common Monetary Area -- this rate applies directly to the Loti.
2026-09-08T12:10:19Z,2014-04-11,USD,ZAR,10.5052,LSL is pegged 1:1 to ZAR under the Common Monetary Area -- this rate applies directly to the Loti.
2026-09-08T12:10:19Z,2014-04-14,USD,ZAR,10.498,LSL is pegged 1:1 to ZAR under the Common Monetary Area -- this rate applies directly to the Loti.
2026-09-08T12:10:19Z,2014-04-15,USD,ZAR,10.5069,LSL is pegged 1:1 to ZAR under the Common Monetary Area -- this rate applies directly to the Loti.
2026-09-08T12:10:19Z,2014-04-16,USD,ZAR,10.5591,LSL is pegged 1:1 to ZAR under the Common Monetary Area -- this rate applies directly to the Loti.
2026-09-08T12:10:19Z,2014-04-17,USD,ZAR,10.53,LSL is pegged 1:1 to ZAR under the Common Monetary Area -- this rate applies directly to the Loti.
2026-09-08T12:10:19Z,2014-04-22,USD,ZAR,10.5607,LSL is pegged 1:1 to ZAR under the Common Monetary Area -- this rate applies directly to the Loti.
2026-09-08T12:10:19Z,2014-04-23,USD,ZAR,10.606,LSL is pegged 1:1 to ZAR under the Common Monetary Area -- this rate applies directly to the Loti.
2026-09-08T12:10:19Z,2014-04-24,USD,ZAR,10.5813,LSL is pegged 1:1 to ZAR under the Common Monetary Area -- this rate applies directly to the Loti.
2026-09-08T12:10:19Z,2014-04-25,USD,ZAR,10.6604,LSL is pegged 1:1 to ZAR under the Common Monetary Area -- this rate applies directly to the Loti.
2026-09-08T12:10:19Z,2014-04-28,USD,ZAR,10.637,LSL is pegged 1:1 to ZAR under the Common Monetary Area -- this rate applies directly to the Loti.
2026-09-08T12:10:19Z,2014-04-29,USD,ZAR,10.5794,LSL is pegged 1:1 to ZAR under the Common Monetary Area -- this rate applies directly to the Loti.
2026-09-08T12:10:19Z,2014-04-30,USD,ZAR,10.5627,LSL is pegged 1:1 to ZAR under the Common Monetary Area -- this rate applies directly to the Loti.
2026-09-08T12:10:19Z,2014-05-02,USD,ZAR,10.4913,LSL is pegged 1:1 to ZAR under the Common Monetary Area -- this rate applies directly to the Loti.
2026-09-08T12:10:19Z,2014-05-05,USD,ZAR,10.5112,LSL is pegged 1:1 to ZAR under the Common Monetary Area -- this rate applies directly to the Loti.
2026-09-08T12:10:19Z,2014-05-06,USD,ZAR,10.5013,LSL is pegged 1:1 to ZAR under the Common Monetary Area -- this rate applies directly to the Loti.
2026-09-08T12:10:19Z,2014-05-07,USD,ZAR,10.5091,LSL is pegged 1:1 to ZAR under the Common Monetary Area -- this rate applies directly to the Loti.
2026-09-08T12:10:19Z,2014-05-08,USD,ZAR,10.3677,LSL is pegged 1:1 to ZAR under the Common Monetary Area -- this rate applies directly to the Loti.
2026-09-08T12:10:19Z,2014-05-09,USD,ZAR,10.3603,LSL is pegged 1:1 to ZAR under the Common Monetary Area -- this rate applies directly to the Loti.
2026-09-08T12:10:19Z,2014-05-12,USD,ZAR,10.3367,LSL is pegged 1:1 to ZAR under the Common Monetary Area -- this rate applies directly to the Loti.
2026-09-08T12:10:19Z,2014-05-13,USD,ZAR,10.32,LSL is pegged 1:1 to ZAR under the Common Monetary Area -- this rate applies directly to the Loti.
2026-09-08T12:10:19Z,2014-05-14,USD,ZAR,10.3378,LSL is pegged 1:1 to ZAR under the Common Monetary Area -- this rate applies directly to the Loti.
2026-09-08T12:10:19Z,2014-05-15,USD,ZAR,10.3475,LSL is pegged 1:1 to ZAR under the Common Monetary Area -- this rate applies directly to the Loti.
2026-09-08T12:10:19Z,2014-05-16,USD,ZAR,10.384,LSL is pegged 1:1 to ZAR under the Common Monetary Area -- this rate applies directly to the Loti.
2026-09-08T12:10:19Z,2014-05-19,USD,ZAR,10.3999,LSL is pegged 1:1 to ZAR under the Common Monetary Area -- this rate applies directly to the Loti.
2026-09-08T12:10:19Z,2014-05-20,USD,ZAR,10.467,LSL is pegged 1:1 to ZAR under the Common Monetary Area -- this rate applies directly to the Loti.
2026-09-08T12:10:19Z,2014-05-21,USD,ZAR,10.417,LSL is pegged 1:1 to ZAR under the Common Monetary Area -- this rate applies directly to the Loti.
2026-09-08T12:10:19Z,2014-05-22,USD,ZAR,10.3856,LSL is pegged 1:1 to ZAR under the Common Monetary Area -- this rate applies directly to the Loti.
2026-09-08T12:10:19Z,2014-05-23,USD,ZAR,10.3558,LSL is pegged 1:1 to ZAR under the Common Monetary Area -- this rate applies directly to the Loti.
2026-09-08T12:10:19Z,2014-05-26,USD,ZAR,10.3476,LSL is pegged 1:1 to ZAR under the Common Monetary Area -- this rate applies directly to the Loti.
2026-09-08T12:10:19Z,2014-05-27,USD,ZAR,10.4311,LSL is pegged 1:1 to ZAR under the Common Monetary Area -- this rate applies directly to the Loti.
2026-09-08T12:10:19Z,2014-05-28,USD,ZAR,10.497,LSL is pegged 1:1 to ZAR under the Common Monetary Area -- this rate applies directly to the Loti.
2026-09-08T12:10:19Z,2014-05-29,USD,ZAR,10.4315,LSL is pegged 1:1 to ZAR under the Common Monetary Area -- this rate applies directly to the Loti.
2026-09-08T12:10:19Z,2014-05-30,USD,ZAR,10.4737,LSL is pegged 1:1 to ZAR under the Common Monetary Area -- this rate applies directly to the Loti.
2026-09-08T12:10:19Z,2014-06-02,USD,ZAR,10.6299,LSL is pegged 1:1 to ZAR under the Common Monetary Area -- this rate applies directly to the Loti.
2026-09-08T12:10:19Z,2014-06-03,USD,ZAR,10.7308,LSL is pegged 1:1 to ZAR under the Common Monetary Area -- this rate applies directly to the Loti.
2026-09-08T12:10:19Z,2014-06-04,USD,ZAR,10.7515,LSL is pegged 1:1 to ZAR under the Common Monetary Area -- this rate applies directly to the Loti.
2026-09-08T12:10:19Z,2014-06-05,USD,ZAR,10.6829,LSL is pegged 1:1 to ZAR under the Common Monetary Area -- this rate applies directly to the Loti.
2026-09-08T12:10:19Z,2014-06-06,USD,ZAR,10.6673,LSL is pegged 1:1 to ZAR under the Common Monetary Area -- this rate applies directly to the Loti.
2026-09-08T12:10:19Z,2014-06-09,USD,ZAR,10.5926,LSL is pegged 1:1 to ZAR under the Common Monetary Area -- this rate applies directly to the Loti.
2026-09-08T12:10:19Z,2014-06-10,USD,ZAR,10.7132,LSL is pegged 1:1 to ZAR under the Common Monetary Area -- this rate applies directly to the Loti.
2026-09-08T12:10:19Z,2014-06-11,USD,ZAR,10.748,LSL is pegged 1:1 to ZAR under the Common Monetary Area -- this rate applies directly to the Loti.
2026-09-08T12:10:19Z,2014-06-12,USD,ZAR,10.6925,LSL is pegged 1:1 to ZAR under the Common Monetary Area -- this rate applies directly to the Loti.
2026-09-08T12:10:19Z,2014-06-13,USD,ZAR,10.7721,LSL is pegged 1:1 to ZAR under the Common Monetary Area -- this rate applies directly to the Loti.
2026-09-08T12:10:19Z,2014-06-16,USD,ZAR,10.735,LSL is pegged 1:1 to ZAR under the Common Monetary Area -- this rate applies directly to the Loti.
2026-09-08T12:10:19Z,2014-06-17,USD,ZAR,10.7339,LSL is pegged 1:1 to ZAR under the Common Monetary Area -- this rate applies directly to the Loti.
2026-09-08T12:10:19Z,2014-06-18,USD,ZAR,10.7561,LSL is pegged 1:1 to ZAR under the Common Monetary Area -- this rate applies directly to the Loti.
2026-09-08T12:10:19Z,2014-06-19,USD,ZAR,10.6501,LSL is pegged 1:1 to ZAR under the Common Monetary Area -- this rate applies directly to the Loti.
2026-09-08T12:10:19Z,2014-06-20,USD,ZAR,10.7097,LSL is pegged 1:1 to ZAR under the Common Monetary Area -- this rate applies directly to the Loti.
2026-09-08T12:10:19Z,2014-06-23,USD,ZAR,10.5977,LSL is pegged 1:1 to ZAR under the Common Monetary Area -- this rate applies directly to the Loti.
2026-09-08T12:10:19Z,2014-06-24,USD,ZAR,10.5497,LSL is pegged 1:1 to ZAR under the Common Monetary Area -- this rate applies directly to the Loti.
2026-09-08T12:10:19Z,2014-06-25,USD,ZAR,10.6129,LSL is pegged 1:1 to ZAR under the Common Monetary Area -- this rate applies directly to the Loti.
2026-09-08T12:10:19Z,2014-06-26,USD,ZAR,10.6561,LSL is pegged 1:1 to ZAR under the Common Monetary Area -- this rate applies directly to the Loti.
2026-09-08T12:10:19Z,2014-06-27,USD,ZAR,10.6016,LSL is pegged 1:1 to ZAR under the Common Monetary Area -- this rate applies directly to the Loti.
2026-09-08T12:10:19Z,2014-06-30,USD,ZAR,10.587,LSL is pegged 1:1 to ZAR under the Common Monetary Area -- this rate applies directly to the Loti.
2026-09-08T12:10:19Z,2014-07-01,USD,ZAR,10.6552,LSL is pegged 1:1 to ZAR under the Common Monetary Area -- this rate applies directly to the Loti.
2026-09-08T12:10:19Z,2014-07-02,USD,ZAR,10.7143,LSL is pegged 1:1 to ZAR under the Common Monetary Area -- this rate applies directly to the Loti.
2026-09-08T12:10:19Z,2014-07-03,USD,ZAR,10.7796,LSL is pegged 1:1 to ZAR under the Common Monetary Area -- this rate applies directly to the Loti.
2026-09-08T12:10:19Z,2014-07-04,USD,ZAR,10.7485,LSL is pegged 1:1 to ZAR under the Common Monetary Area -- this rate applies directly to the Loti.
2026-09-08T12:10:19Z,2014-07-07,USD,ZAR,10.802,LSL is pegged 1:1 to ZAR under the Common Monetary Area -- this rate applies directly to the Loti.
2026-09-08T12:10:19Z,2014-07-08,USD,ZAR,10.6917,LSL is pegged 1:1 to ZAR under the Common Monetary Area -- this rate applies directly to the Loti.
2026-09-08T12:10:19Z,2014-07-09,USD,ZAR,10.705,LSL is pegged 1:1 to ZAR under the Common Monetary Area -- this rate applies directly to the Loti.
2026-09-08T12:10:19Z,2014-07-10,USD,ZAR,10.7451,LSL is pegged 1:1 to ZAR under the Common Monetary Area -- this rate applies directly to the Loti.
2026-09-08T12:10:19Z,2014-07-11,USD,ZAR,10.725,LSL is pegged 1:1 to ZAR under the Common Monetary Area -- this rate applies directly to the Loti.
2026-09-08T12:10:19Z,2014-07-14,USD,ZAR,10.6998,LSL is pegged 1:1 to ZAR under the Common Monetary Area -- this rate applies directly to the Loti.
2026-09-08T12:10:19Z,2014-07-15,USD,ZAR,10.6788,LSL is pegged 1:1 to ZAR under the Common Monetary Area -- this rate applies directly to the Loti.
2026-09-08T12:10:19Z,2014-07-16,USD,ZAR,10.6835,LSL is pegged 1:1 to ZAR under the Common Monetary Area -- this rate applies directly to the Loti.
2026-09-08T12:10:19Z,2014-07-17,USD,ZAR,10.7263,LSL is pegged 1:1 to ZAR under the Common Monetary Area -- this rate applies directly to the Loti.
2026-09-08T12:10:19Z,2014-07-18,USD,ZAR,10.6626,LSL is pegged 1:1 to ZAR under the Common Monetary Area -- this rate applies directly to the Loti.
2026-09-08T12:10:19Z,2014-07-21,USD,ZAR,10.6264,LSL is pegged 1:1 to ZAR under the Common Monetary Area -- this rate applies directly to the Loti.
2026-09-08T12:10:19Z,2014-07-22,USD,ZAR,10.6223,LSL is pegged 1:1 to ZAR under the Common Monetary Area -- this rate applies directly to the Loti.
2026-09-08T12:10:19Z,2014-07-23,USD,ZAR,10.528,LSL is pegged 1:1 to ZAR under the Common Monetary Area -- this rate applies directly to the Loti.
2026-09-08T12:10:19Z,2014-07-24,USD,ZAR,10.4944,LSL is pegged 1:1 to ZAR under the Common Monetary Area -- this rate applies directly to the Loti.
2026-09-08T12:10:19Z,2014-07-25,USD,ZAR,10.5275,LSL is pegged 1:1 to ZAR under the Common Monetary Area -- this rate applies directly to the Loti.
2026-09-08T12:10:19Z,2014-07-28,USD,ZAR,10.5355,LSL is pegged 1:1 to ZAR under the Common Monetary Area -- this rate applies directly to the Loti.
2026-09-08T12:10:19Z,2014-07-29,USD,ZAR,10.5909,LSL is pegged 1:1 to ZAR under the Common Monetary Area -- this rate applies directly to the Loti.
2026-09-08T12:10:19Z,2014-07-30,USD,ZAR,10.6166,LSL is pegged 1:1 to ZAR under the Common Monetary Area -- this rate applies directly to the Loti.
2026-09-08T12:10:19Z,2014-07-31,USD,ZAR,10.678,LSL is pegged 1:1 to ZAR under the Common Monetary Area -- this rate applies directly to the Loti.
2026-09-08T12:10:19Z,2014-08-01,USD,ZAR,10.7514,LSL is pegged 1:1 to ZAR under the Common Monetary Area -- this rate applies directly to the Loti.
2026-09-08T12:10:19Z,2014-08-04,USD,ZAR,10.6908,LSL is pegged 1:1 to ZAR under the Common Monetary Area -- this rate applies directly to the Loti.
2026-09-08T12:10:19Z,2014-08-05,USD,ZAR,10.6863,LSL is pegged 1:1 to ZAR under the Common Monetary Area -- this rate applies directly to the Loti.
2026-09-08T12:10:19Z,2014-08-06,USD,ZAR,10.7604,LSL is pegged 1:1 to ZAR under the Common Monetary Area -- this rate applies directly to the Loti.
2026-09-08T12:10:19Z,2014-08-07,USD,ZAR,10.7213,LSL is pegged 1:1 to ZAR under the Common Monetary Area -- this rate applies directly to the Loti.
2026-09-08T12:10:19Z,2014-08-08,USD,ZAR,10.7075,LSL is pegged 1:1 to ZAR under the Common Monetary Area -- this rate applies directly to the Loti.
2026-09-08T12:10:19Z,2014-08-11,USD,ZAR,10.686,LSL is pegged 1:1 to ZAR under the Common Monetary Area -- this rate applies directly to the Loti.
2026-09-08T12:10:19Z,2014-08-12,USD,ZAR,10.6615,LSL is pegged 1:1 to ZAR under the Common Monetary Area -- this rate applies directly to the Loti.
2026-09-08T12:10:19Z,2014-08-13,USD,ZAR,10.6128,LSL is pegged 1:1 to ZAR under the Common Monetary Area -- this rate applies directly to the Loti.
2026-09-08T12:10:19Z,2014-08-14,USD,ZAR,10.5554,LSL is pegged 1:1 to ZAR under the Common Monetary Area -- this rate applies directly to the Loti.
2026-09-08T12:10:19Z,2014-08-15,USD,ZAR,10.5383,LSL is pegged 1:1 to ZAR under the Common Monetary Area -- this rate applies directly to the Loti.
2026-09-08T12:10:19Z,2014-08-18,USD,ZAR,10.6116,LSL is pegged 1:1 to ZAR under the Common Monetary Area -- this rate applies directly to the Loti.
2026-09-08T12:10:19Z,2014-08-19,USD,ZAR,10.6332,LSL is pegged 1:1 to ZAR under the Common Monetary Area -- this rate applies directly to the Loti.
2026-09-08T12:10:19Z,2014-08-20,USD,ZAR,10.6819,LSL is pegged 1:1 to ZAR under the Common Monetary Area -- this rate applies directly to the Loti.
2026-09-08T12:10:19Z,2014-08-21,USD,ZAR,10.7025,LSL is pegged 1:1 to ZAR under the Common Monetary Area -- this rate applies directly to the Loti.
2026-09-08T12:10:19Z,2014-08-22,USD,ZAR,10.7162,LSL is pegged 1:1 to ZAR under the Common Monetary Area -- this rate applies directly to the Loti.
2026-09-08T12:10:19Z,2014-08-25,USD,ZAR,10.695,LSL is pegged 1:1 to ZAR under the Common Monetary Area -- this rate applies directly to the Loti.
2026-09-08T12:10:19Z,2014-08-26,USD,ZAR,10.675,LSL is pegged 1:1 to ZAR under the Common Monetary Area -- this rate applies directly to the Loti.
2026-09-08T12:10:19Z,2014-08-27,USD,ZAR,10.6492,LSL is pegged 1:1 to ZAR under the Common Monetary Area -- this rate applies directly to the Loti.
2026-09-08T12:10:19Z,2014-08-28,USD,ZAR,10.6549,LSL is pegged 1:1 to ZAR under the Common Monetary Area -- this rate applies directly to the Loti.
2026-09-08T12:10:19Z,2014-08-29,USD,ZAR,10.6301,LSL is pegged 1:1 to ZAR under the Common Monetary Area -- this rate applies directly to the Loti.
2026-09-08T12:10:19Z,2014-09-01,USD,ZAR,10.6622,LSL is pegged 1:1 to ZAR under the Common Monetary Area -- this rate applies directly to the Loti.
2026-09-08T12:10:19Z,2014-09-02,USD,ZAR,10.7333,LSL is pegged 1:1 to ZAR under the Common Monetary Area -- this rate applies directly to the Loti.
2026-09-08T12:10:19Z,2014-09-03,USD,ZAR,10.684,LSL is pegged 1:1 to ZAR under the Common Monetary Area -- this rate applies directly to the Loti.
2026-09-08T12:10:19Z,2014-09-04,USD,ZAR,10.6636,LSL is pegged 1:1 to ZAR under the Common Monetary Area -- this rate applies directly to the Loti.
2026-09-08T12:10:19Z,2014-09-05,USD,ZAR,10.7385,LSL is pegged 1:1 to ZAR under the Common Monetary Area -- this rate applies directly to the Loti.
2026-09-08T12:10:19Z,2014-09-08,USD,ZAR,10.751,LSL is pegged 1:1 to ZAR under the Common Monetary Area -- this rate applies directly to the Loti.
2026-09-08T12:10:19Z,2014-09-09,USD,ZAR,10.924,LSL is pegged 1:1 to ZAR under the Common Monetary Area -- this rate applies directly to the Loti.
2026-09-08T12:10:19Z,2014-09-10,USD,ZAR,10.9712,LSL is pegged 1:1 to ZAR under the Common Monetary Area -- this rate applies directly to the Loti.
2026-09-08T12:10:19Z,2014-09-11,USD,ZAR,10.9824,LSL is pegged 1:1 to ZAR under the Common Monetary Area -- this rate applies directly to the Loti.
2026-09-08T12:10:19Z,2014-09-12,USD,ZAR,10.9783,LSL is pegged 1:1 to ZAR under the Common Monetary Area -- this rate applies directly to the Loti.
2026-09-08T12:10:19Z,2014-09-15,USD,ZAR,11.0247,LSL is pegged 1:1 to ZAR under the Common Monetary Area -- this rate applies directly to the Loti.
2026-09-08T12:10:19Z,2014-09-16,USD,ZAR,10.9515,LSL is pegged 1:1 to ZAR under the Common Monetary Area -- this rate applies directly to the Loti.
2026-09-08T12:10:19Z,2014-09-17,USD,ZAR,10.9478,LSL is pegged 1:1 to ZAR under the Common Monetary Area -- this rate applies directly to the Loti.
2026-09-08T12:10:19Z,2014-09-18,USD,ZAR,11.0443,LSL is pegged 1:1 to ZAR under the Common Monetary Area -- this rate applies directly to the Loti.
2026-09-08T12:10:19Z,2014-09-19,USD,ZAR,11.0302,LSL is pegged 1:1 to ZAR under the Common Monetary Area -- this rate applies directly to the Loti.
2026-09-08T12:10:19Z,2014-09-22,USD,ZAR,11.1197,LSL is pegged 1:1 to ZAR under the Common Monetary Area -- this rate applies directly to the Loti.
2026-09-08T12:10:19Z,2014-09-23,USD,ZAR,11.097,LSL is pegged 1:1 to ZAR under the Common Monetary Area -- this rate applies directly to the Loti.
2026-09-08T12:10:19Z,2014-09-24,USD,ZAR,11.1286,LSL is pegged 1:1 to ZAR under the Common Monetary Area -- this rate applies directly to the Loti.
2026-09-08T12:10:19Z,2014-09-25,USD,ZAR,11.2147,LSL is pegged 1:1 to ZAR under the Common Monetary Area -- this rate applies directly to the Loti.
2026-09-08T12:10:19Z,2014-09-26,USD,ZAR,11.1799,LSL is pegged 1:1 to ZAR under the Common Monetary Area -- this rate applies directly to the Loti.
2026-09-08T12:10:19Z,2014-09-29,USD,ZAR,11.3065,LSL is pegged 1:1 to ZAR under the Common Monetary Area -- this rate applies directly to the Loti.
2026-09-08T12:10:19Z,2014-09-30,USD,ZAR,11.3332,LSL is pegged 1:1 to ZAR under the Common Monetary Area -- this rate applies directly to the Loti.
2026-09-08T12:10:19Z,2014-10-01,USD,ZAR,11.2821,LSL is pegged 1:1 to ZAR under the Common Monetary Area -- this rate applies directly to the Loti.
2026-09-08T12:10:19Z,2014-10-02,USD,ZAR,11.2118,LSL is pegged 1:1 to ZAR under the Common Monetary Area -- this rate applies directly to the Loti.
2026-09-08T12:10:19Z,2014-10-03,USD,ZAR,11.2572,LSL is pegged 1:1 to ZAR under the Common Monetary Area -- this rate applies directly to the Loti.
2026-09-08T12:10:19Z,2014-10-06,USD,ZAR,11.2537,LSL is pegged 1:1 to ZAR under the Common Monetary Area -- this rate applies directly to the Loti.
2026-09-08T12:10:19Z,2014-10-07,USD,ZAR,11.218,LSL is pegged 1:1 to ZAR under the Common Monetary Area -- this rate applies directly to the Loti.
2026-09-08T12:10:19Z,2014-10-08,USD,ZAR,11.2115,LSL is pegged 1:1 to ZAR under the Common Monetary Area -- this rate applies directly to the Loti.
2026-09-08T12:10:19Z,2014-10-09,USD,ZAR,11.0108,LSL is pegged 1:1 to ZAR under the Common Monetary Area -- this rate applies directly to the Loti.
2026-09-08T12:10:19Z,2014-10-10,USD,ZAR,11.1283,LSL is pegged 1:1 to ZAR under the Common Monetary Area -- this rate applies directly to the Loti.
2026-09-08T12:10:19Z,2014-10-13,USD,ZAR,11.0492,LSL is pegged 1:1 to ZAR under the Common Monetary Area -- this rate applies directly to the Loti.
2026-09-08T12:10:19Z,2014-10-14,USD,ZAR,11.074,LSL is pegged 1:1 to ZAR under the Common Monetary Area -- this rate applies directly to the Loti.
2026-09-08T12:10:19Z,2014-10-15,USD,ZAR,11.0797,LSL is pegged 1:1 to ZAR under the Common Monetary Area -- this rate applies directly to the Loti.
2026-09-08T12:10:19Z,2014-10-16,USD,ZAR,11.1461,LSL is pegged 1:1 to ZAR under the Common Monetary Area -- this rate applies directly to the Loti.
2026-09-08T12:10:19Z,2014-10-17,USD,ZAR,11.077,LSL is pegged 1:1 to ZAR under the Common Monetary Area -- this rate applies directly to the Loti.
2026-09-08T12:10:19Z,2014-10-20,USD,ZAR,11.0411,LSL is pegged 1:1 to ZAR under the Common Monetary Area -- this rate applies directly to the Loti.
2026-09-08T12:10:19Z,2014-10-21,USD,ZAR,10.9749,LSL is pegged 1:1 to ZAR under the Common Monetary Area -- this rate applies directly to the Loti.
2026-09-08T12:10:19Z,2014-10-22,USD,ZAR,11.0368,LSL is pegged 1:1 to ZAR under the Common Monetary Area -- this rate applies directly to the Loti.
2026-09-08T12:10:19Z,2014-10-23,USD,ZAR,10.9367,LSL is pegged 1:1 to ZAR under the Common Monetary Area -- this rate applies directly to the Loti.
2026-09-08T12:10:19Z,2014-10-24,USD,ZAR,10.9707,LSL is pegged 1:1 to ZAR under the Common Monetary Area -- this rate applies directly to the Loti.
2026-09-08T12:10:19Z,2014-10-27,USD,ZAR,10.9692,LSL is pegged 1:1 to ZAR under the Common Monetary Area -- this rate applies directly to the Loti.
2026-09-08T12:10:19Z,2014-10-28,USD,ZAR,10.8947,LSL is pegged 1:1 to ZAR under the Common Monetary Area -- this rate applies directly to the Loti.
2026-09-08T12:10:19Z,2014-10-29,USD,ZAR,10.8697,LSL is pegged 1:1 to ZAR under the Common Monetary Area -- this rate applies directly to the Loti.
2026-09-08T12:10:19Z,2014-10-30,USD,ZAR,10.9044,LSL is pegged 1:1 to ZAR under the Common Monetary Area -- this rate applies directly to the Loti.
2026-09-08T12:10:19Z,2014-10-31,USD,ZAR,10.9803,LSL is pegged 1:1 to ZAR under the Common Monetary Area -- this rate applies directly to the Loti.
2026-09-08T12:10:19Z,2014-11-03,USD,ZAR,11.035,LSL is pegged 1:1 to ZAR under the Common Monetary Area -- this rate applies directly to the Loti.
2026-09-08T12:10:19Z,2014-11-04,USD,ZAR,11.0516,LSL is pegged 1:1 to ZAR under the Common Monetary Area -- this rate applies directly to the Loti.
2026-09-08T12:10:19Z,2014-11-05,USD,ZAR,11.1378,LSL is pegged 1:1 to ZAR under the Common Monetary Area -- this rate applies directly to the Loti.
2026-09-08T12:10:19Z,2014-11-06,USD,ZAR,11.1225,LSL is pegged 1:1 to ZAR under the Common Monetary Area -- this rate applies directly to the Loti.
2026-09-08T12:10:19Z,2014-11-07,USD,ZAR,11.2999,LSL is pegged 1:1 to ZAR under the Common Monetary Area -- this rate applies directly to the Loti.
2026-09-08T12:10:19Z,2014-11-10,USD,ZAR,11.2074,LSL is pegged 1:1 to ZAR under the Common Monetary Area -- this rate applies directly to the Loti.
2026-09-08T12:10:19Z,2014-11-11,USD,ZAR,11.2845,LSL is pegged 1:1 to ZAR under the Common Monetary Area -- this rate applies directly to the Loti.
2026-09-08T12:10:19Z,2014-11-12,USD,ZAR,11.2381,LSL is pegged 1:1 to ZAR under the Common Monetary Area -- this rate applies directly to the Loti.
2026-09-08T12:10:19Z,2014-11-13,USD,ZAR,11.2243,LSL is pegged 1:1 to ZAR under the Common Monetary Area -- this rate applies directly to the Loti.
2026-09-08T12:10:19Z,2014-11-14,USD,ZAR,11.1962,LSL is pegged 1:1 to ZAR under the Common Monetary Area -- this rate applies directly to the Loti.
2026-09-08T12:10:19Z,2014-11-17,USD,ZAR,11.1185,LSL is pegged 1:1 to ZAR under the Common Monetary Area -- this rate applies directly to the Loti.
2026-09-08T12:10:19Z,2014-11-18,USD,ZAR,11.0343,LSL is pegged 1:1 to ZAR under the Common Monetary Area -- this rate applies directly to the Loti.
2026-09-08T12:10:19Z,2014-11-19,USD,ZAR,11.058,LSL is pegged 1:1 to ZAR under the Common Monetary Area -- this rate applies directly to the Loti.
2026-09-08T12:10:19Z,2014-11-20,USD,ZAR,10.9906,LSL is pegged 1:1 to ZAR under the Common Monetary Area -- this rate applies directly to the Loti.
2026-09-08T12:10:19Z,2014-11-21,USD,ZAR,10.919,LSL is pegged 1:1 to ZAR under the Common Monetary Area -- this rate applies directly to the Loti.
2026-09-08T12:10:19Z,2014-11-24,USD,ZAR,10.991,LSL is pegged 1:1 to ZAR under the Common Monetary Area -- this rate applies directly to the Loti.
2026-09-08T12:10:19Z,2014-11-25,USD,ZAR,11.0,LSL is pegged 1:1 to ZAR under the Common Monetary Area -- this rate applies directly to the Loti.
2026-09-08T12:10:19Z,2014-11-26,USD,ZAR,10.9707,LSL is pegged 1:1 to ZAR under the Common Monetary Area -- this rate applies directly to the Loti.
2026-09-08T12:10:19Z,2014-11-27,USD,ZAR,10.9642,LSL is pegged 1:1 to ZAR under the Common Monetary Area -- this rate applies directly to the Loti.
2026-09-08T12:10:19Z,2014-11-28,USD,ZAR,11.0268,LSL is pegged 1:1 to ZAR under the Common Monetary Area -- this rate applies directly to the Loti.
2026-09-08T12:10:19Z,2014-12-01,USD,ZAR,11.0307,LSL is pegged 1:1 to ZAR under the Common Monetary Area -- this rate applies directly to the Loti.
2026-09-08T12:10:19Z,2014-12-02,USD,ZAR,11.0672,LSL is pegged 1:1 to ZAR under the Common Monetary Area -- this rate applies directly to the Loti.
2026-09-08T12:10:19Z,2014-12-03,USD,ZAR,11.1745,LSL is pegged 1:1 to ZAR under the Common Monetary Area -- this rate applies directly to the Loti.
2026-09-08T12:10:19Z,2014-12-04,USD,ZAR,11.1803,LSL is pegged 1:1 to ZAR under the Common Monetary Area -- this rate applies directly to the Loti.
2026-09-08T12:10:19Z,2014-12-05,USD,ZAR,11.2258,LSL is pegged 1:1 to ZAR under the Common Monetary Area -- this rate applies directly to the Loti.
2026-09-08T12:10:19Z,2014-12-08,USD,ZAR,11.5209,LSL is pegged 1:1 to ZAR under the Common Monetary Area -- this rate applies directly to the Loti.
2026-09-08T12:10:19Z,2014-12-09,USD,ZAR,11.4525,LSL is pegged 1:1 to ZAR under the Common Monetary Area -- this rate applies directly to the Loti.
2026-09-08T12:10:19Z,2014-12-10,USD,ZAR,11.4937,LSL is pegged 1:1 to ZAR under the Common Monetary Area -- this rate applies directly to the Loti.
2026-09-08T12:10:19Z,2014-12-11,USD,ZAR,11.5373,LSL is pegged 1:1 to ZAR under the Common Monetary Area -- this rate applies directly to the Loti.
2026-09-08T12:10:19Z,2014-12-12,USD,ZAR,11.628,LSL is pegged 1:1 to ZAR under the Common Monetary Area -- this rate applies directly to the Loti.
2026-09-08T12:10:19Z,2014-12-15,USD,ZAR,11.6452,LSL is pegged 1:1 to ZAR under the Common Monetary Area -- this rate applies directly to the Loti.
2026-09-08T12:10:19Z,2014-12-16,USD,ZAR,11.6498,LSL is pegged 1:1 to ZAR under the Common Monetary Area -- this rate applies directly to the Loti.
2026-09-08T12:10:19Z,2014-12-17,USD,ZAR,11.7055,LSL is pegged 1:1 to ZAR under the Common Monetary Area -- this rate applies directly to the Loti.
2026-09-08T12:10:19Z,2014-12-18,USD,ZAR,11.549,LSL is pegged 1:1 to ZAR under the Common Monetary Area -- this rate applies directly to the Loti.
2026-09-08T12:10:19Z,2014-12-19,USD,ZAR,11.6025,LSL is pegged 1:1 to ZAR under the Common Monetary Area -- this rate applies directly to the Loti.
2026-09-08T12:10:19Z,2014-12-22,USD,ZAR,11.59,LSL is pegged 1:1 to ZAR under the Common Monetary Area -- this rate applies directly to the Loti.
2026-09-08T12:10:19Z,2014-12-23,USD,ZAR,11.6048,LSL is pegged 1:1 to ZAR under the Common Monetary Area -- this rate applies directly to the Loti.
2026-09-08T12:10:19Z,2014-12-24,USD,ZAR,11.662,LSL is pegged 1:1 to ZAR under the Common Monetary Area -- this rate applies directly to the Loti.
2026-09-08T12:10:19Z,2014-12-29,USD,ZAR,11.6059,LSL is pegged 1:1 to ZAR under the Common Monetary Area -- this rate applies directly to the Loti.
2026-09-08T12:10:19Z,2014-12-30,USD,ZAR,11.6354,LSL is pegged 1:1 to ZAR under the Common Monetary Area -- this rate applies directly to the Loti.
2026-09-08T12:10:19Z,2014-12-31,USD,ZAR,11.5603,LSL is pegged 1:1 to ZAR under the Common Monetary Area -- this rate applies directly to the Loti.
2026-09-08T12:10:19Z,2015-01-02,USD,ZAR,11.6611,LSL is pegged 1:1 to ZAR under the Common Monetary Area -- this rate applies directly to the Loti.
2026-09-08T12:10:19Z,2015-01-05,USD,ZAR,11.728,LSL is pegged 1:1 to ZAR under the Common Monetary Area -- this rate applies directly to the Loti.
2026-09-08T12:10:19Z,2015-01-06,USD,ZAR,11.7317,LSL is pegged 1:1 to ZAR under the Common Monetary Area -- this rate applies directly to the Loti.
2026-09-08T12:10:19Z,2015-01-07,USD,ZAR,11.714,LSL is pegged 1:1 to ZAR under the Common Monetary Area -- this rate applies directly to the Loti.
2026-09-08T12:10:19Z,2015-01-08,USD,ZAR,11.6343,LSL is pegged 1:1 to ZAR under the Common Monetary Area -- this rate applies directly to the Loti.
2026-09-08T12:10:19Z,2015-01-09,USD,ZAR,11.5682,LSL is pegged 1:1 to ZAR under the Common Monetary Area -- this rate applies directly to the Loti.
2026-09-08T12:10:19Z,2015-01-12,USD,ZAR,11.5263,LSL is pegged 1:1 to ZAR under the Common Monetary Area -- this rate applies directly to the Loti.
2026-09-08T12:10:19Z,2015-01-13,USD,ZAR,11.4995,LSL is pegged 1:1 to ZAR under the Common Monetary Area -- this rate applies directly to the Loti.
2026-09-08T12:10:19Z,2015-01-14,USD,ZAR,11.5021,LSL is pegged 1:1 to ZAR under the Common Monetary Area -- this rate applies directly to the Loti.
2026-09-08T12:10:19Z,2015-01-15,USD,ZAR,11.45,LSL is pegged 1:1 to ZAR under the Common Monetary Area -- this rate applies directly to the Loti.
2026-09-08T12:10:19Z,2015-01-16,USD,ZAR,11.5663,LSL is pegged 1:1 to ZAR under the Common Monetary Area -- this rate applies directly to the Loti.
2026-09-08T12:10:19Z,2015-01-19,USD,ZAR,11.6513,LSL is pegged 1:1 to ZAR under the Common Monetary Area -- this rate applies directly to the Loti.
2026-09-08T12:10:19Z,2015-01-20,USD,ZAR,11.6263,LSL is pegged 1:1 to ZAR under the Common Monetary Area -- this rate applies directly to the Loti.
2026-09-08T12:10:19Z,2015-01-21,USD,ZAR,11.5454,LSL is pegged 1:1 to ZAR under the Common Monetary Area -- this rate applies directly to the Loti.
2026-09-08T12:10:19Z,2015-01-22,USD,ZAR,11.4793,LSL is pegged 1:1 to ZAR under the Common Monetary Area -- this rate applies directly to the Loti.
2026-09-08T12:10:19Z,2015-01-23,USD,ZAR,11.469,LSL is pegged 1:1 to ZAR under the Common Monetary Area -- this rate applies directly to the Loti.
2026-09-08T12:10:19Z,2015-01-26,USD,ZAR,11.4793,LSL is pegged 1:1 to ZAR under the Common Monetary Area -- this rate applies directly to the Loti.
2026-09-08T12:10:19Z,2015-01-27,USD,ZAR,11.5938,LSL is pegged 1:1 to ZAR under the Common Monetary Area -- this rate applies directly to the Loti.
2026-09-08T12:10:19Z,2015-01-28,USD,ZAR,11.5666,LSL is pegged 1:1 to ZAR under the Common Monetary Area -- this rate applies directly to the Loti.
2026-09-08T12:10:19Z,2015-01-29,USD,ZAR,11.6245,LSL is pegged 1:1 to ZAR under the Common Monetary Area -- this rate applies directly to the Loti.
2026-09-08T12:10:19Z,2015-01-30,USD,ZAR,11.5903,LSL is pegged 1:1 to ZAR under the Common Monetary Area -- this rate applies directly to the Loti.
2026-09-08T12:10:19Z,2015-02-02,USD,ZAR,11.5768,LSL is pegged 1:1 to ZAR under the Common Monetary Area -- this rate applies directly to the Loti.
2026-09-08T12:10:19Z,2015-02-03,USD,ZAR,11.4555,LSL is pegged 1:1 to ZAR under the Common Monetary Area -- this rate applies directly to the Loti.
2026-09-08T12:10:19Z,2015-02-04,USD,ZAR,11.4215,LSL is pegged 1:1 to ZAR under the Common Monetary Area -- this rate applies directly to the Loti.
2026-09-08T12:10:19Z,2015-02-05,USD,ZAR,11.3786,LSL is pegged 1:1 to ZAR under the Common Monetary Area -- this rate applies directly to the Loti.
2026-09-08T12:10:19Z,2015-02-06,USD,ZAR,11.3118,LSL is pegged 1:1 to ZAR under the Common Monetary Area -- this rate applies directly to the Loti.
2026-09-08T12:10:19Z,2015-02-09,USD,ZAR,11.5777,LSL is pegged 1:1 to ZAR under the Common Monetary Area -- this rate applies directly to the Loti.
2026-09-08T12:10:19Z,2015-02-10,USD,ZAR,11.6352,LSL is pegged 1:1 to ZAR under the Common Monetary Area -- this rate applies directly to the Loti.
2026-09-08T12:10:19Z,2015-02-11,USD,ZAR,11.8265,LSL is pegged 1:1 to ZAR under the Common Monetary Area -- this rate applies directly to the Loti.
2026-09-08T12:10:19Z,2015-02-12,USD,ZAR,11.8079,LSL is pegged 1:1 to ZAR under the Common Monetary Area -- this rate applies directly to the Loti.
2026-09-08T12:10:19Z,2015-02-13,USD,ZAR,11.7239,LSL is pegged 1:1 to ZAR under the Common Monetary Area -- this rate applies directly to the Loti.
2026-09-08T12:10:19Z,2015-02-16,USD,ZAR,11.632,LSL is pegged 1:1 to ZAR under the Common Monetary Area -- this rate applies directly to the Loti.
2026-09-08T12:10:19Z,2015-02-17,USD,ZAR,11.595,LSL is pegged 1:1 to ZAR under the Common Monetary Area -- this rate applies directly to the Loti.
2026-09-08T12:10:19Z,2015-02-18,USD,ZAR,11.6884,LSL is pegged 1:1 to ZAR under the Common Monetary Area -- this rate applies directly to the Loti.
2026-09-08T12:10:19Z,2015-02-19,USD,ZAR,11.6445,LSL is pegged 1:1 to ZAR under the Common Monetary Area -- this rate applies directly to the Loti.
2026-09-08T12:10:19Z,2015-02-20,USD,ZAR,11.6552,LSL is pegged 1:1 to ZAR under the Common Monetary Area -- this rate applies directly to the Loti.
2026-09-08T12:10:19Z,2015-02-23,USD,ZAR,11.711,LSL is pegged 1:1 to ZAR under the Common Monetary Area -- this rate applies directly to the Loti.
2026-09-08T12:10:19Z,2015-02-24,USD,ZAR,11.6075,LSL is pegged 1:1 to ZAR under the Common Monetary Area -- this rate applies directly to the Loti.
2026-09-08T12:10:19Z,2015-02-25,USD,ZAR,11.4798,LSL is pegged 1:1 to ZAR under the Common Monetary Area -- this rate applies directly to the Loti.
2026-09-08T12:10:19Z,2015-02-26,USD,ZAR,11.4324,LSL is pegged 1:1 to ZAR under the Common Monetary Area -- this rate applies directly to the Loti.
2026-09-08T12:10:19Z,2015-02-27,USD,ZAR,11.6267,LSL is pegged 1:1 to ZAR under the Common Monetary Area -- this rate applies directly to the Loti.
2026-09-08T12:10:19Z,2015-03-02,USD,ZAR,11.7077,LSL is pegged 1:1 to ZAR under the Common Monetary Area -- this rate applies directly to the Loti.
2026-09-08T12:10:19Z,2015-03-03,USD,ZAR,11.7923,LSL is pegged 1:1 to ZAR under the Common Monetary Area -- this rate applies directly to the Loti.
2026-09-08T12:10:19Z,2015-03-04,USD,ZAR,11.7827,LSL is pegged 1:1 to ZAR under the Common Monetary Area -- this rate applies directly to the Loti.
2026-09-08T12:10:19Z,2015-03-05,USD,ZAR,11.7592,LSL is pegged 1:1 to ZAR under the Common Monetary Area -- this rate applies directly to the Loti.
2026-09-08T12:10:19Z,2015-03-06,USD,ZAR,11.7791,LSL is pegged 1:1 to ZAR under the Common Monetary Area -- this rate applies directly to the Loti.
2026-09-08T12:10:19Z,2015-03-09,USD,ZAR,12.0885,LSL is pegged 1:1 to ZAR under the Common Monetary Area -- this rate applies directly to the Loti.
2026-09-08T12:10:19Z,2015-03-10,USD,ZAR,12.2806,LSL is pegged 1:1 to ZAR under the Common Monetary Area -- this rate applies directly to the Loti.
2026-09-08T12:10:19Z,2015-03-11,USD,ZAR,12.2949,LSL is pegged 1:1 to ZAR under the Common Monetary Area -- this rate applies directly to the Loti.
2026-09-08T12:10:19Z,2015-03-12,USD,ZAR,12.2145,LSL is pegged 1:1 to ZAR under the Common Monetary Area -- this rate applies directly to the Loti.
2026-09-08T12:10:19Z,2015-03-13,USD,ZAR,12.4658,LSL is pegged 1:1 to ZAR under the Common Monetary Area -- this rate applies directly to the Loti.
2026-09-08T12:10:19Z,2015-03-16,USD,ZAR,12.401,LSL is pegged 1:1 to ZAR under the Common Monetary Area -- this rate applies directly to the Loti.
2026-09-08T12:10:19Z,2015-03-17,USD,ZAR,12.394,LSL is pegged 1:1 to ZAR under the Common Monetary Area -- this rate applies directly to the Loti.
2026-09-08T12:10:19Z,2015-03-18,USD,ZAR,12.3724,LSL is pegged 1:1 to ZAR under the Common Monetary Area -- this rate applies directly to the Loti.
2026-09-08T12:10:19Z,2015-03-19,USD,ZAR,12.252,LSL is pegged 1:1 to ZAR under the Common Monetary Area -- this rate applies directly to the Loti.
2026-09-08T12:10:19Z,2015-03-20,USD,ZAR,12.122,LSL is pegged 1:1 to ZAR under the Common Monetary Area -- this rate applies directly to the Loti.
2026-09-08T12:10:19Z,2015-03-23,USD,ZAR,11.9715,LSL is pegged 1:1 to ZAR under the Common Monetary Area -- this rate applies directly to the Loti.
2026-09-08T12:10:19Z,2015-03-24,USD,ZAR,11.8374,LSL is pegged 1:1 to ZAR under the Common Monetary Area -- this rate applies directly to the Loti.
2026-09-08T12:10:19Z,2015-03-25,USD,ZAR,11.7955,LSL is pegged 1:1 to ZAR under the Common Monetary Area -- this rate applies directly to the Loti.
2026-09-08T12:10:19Z,2015-03-26,USD,ZAR,11.8645,LSL is pegged 1:1 to ZAR under the Common Monetary Area -- this rate applies directly to the Loti.
2026-09-08T12:10:19Z,2015-03-27,USD,ZAR,12.0214,LSL is pegged 1:1 to ZAR under the Common Monetary Area -- this rate applies directly to the Loti.
2026-09-08T12:10:19Z,2015-03-30,USD,ZAR,12.1204,LSL is pegged 1:1 to ZAR under the Common Monetary Area -- this rate applies directly to the Loti.
2026-09-08T12:10:19Z,2015-03-31,USD,ZAR,12.206,LSL is pegged 1:1 to ZAR under the Common Monetary Area -- this rate applies directly to the Loti.
2026-09-08T12:10:19Z,2015-04-01,USD,ZAR,12.0884,LSL is pegged 1:1 to ZAR under the Common Monetary Area -- this rate applies directly to the Loti.
2026-09-08T12:10:19Z,2015-04-02,USD,ZAR,11.9991,LSL is pegged 1:1 to ZAR under the Common Monetary Area -- this rate applies directly to the Loti.
2026-09-08T12:10:19Z,2015-04-07,USD,ZAR,11.8323,LSL is pegged 1:1 to ZAR under the Common Monetary Area -- this rate applies directly to the Loti.
2026-09-08T12:10:19Z,2015-04-08,USD,ZAR,11.7825,LSL is pegged 1:1 to ZAR under the Common Monetary Area -- this rate applies directly to the Loti.
2026-09-08T12:10:19Z,2015-04-09,USD,ZAR,11.7882,LSL is pegged 1:1 to ZAR under the Common Monetary Area -- this rate applies directly to the Loti.
2026-09-08T12:10:19Z,2015-04-10,USD,ZAR,12.059,LSL is pegged 1:1 to ZAR under the Common Monetary Area -- this rate applies directly to the Loti.
2026-09-08T12:10:19Z,2015-04-13,USD,ZAR,12.1549,LSL is pegged 1:1 to ZAR under the Common Monetary Area -- this rate applies directly to the Loti.
2026-09-08T12:10:19Z,2015-04-14,USD,ZAR,12.1261,LSL is pegged 1:1 to ZAR under the Common Monetary Area -- this rate applies directly to the Loti.
2026-09-08T12:10:19Z,2015-04-15,USD,ZAR,12.153,LSL is pegged 1:1 to ZAR under the Common Monetary Area -- this rate applies directly to the Loti.
2026-09-08T12:10:19Z,2015-04-16,USD,ZAR,12.0513,LSL is pegged 1:1 to ZAR under the Common Monetary Area -- this rate applies directly to the Loti.
2026-09-08T12:10:19Z,2015-04-17,USD,ZAR,11.9467,LSL is pegged 1:1 to ZAR under the Common Monetary Area -- this rate applies directly to the Loti.
2026-09-08T12:10:19Z,2015-04-20,USD,ZAR,12.1001,LSL is pegged 1:1 to ZAR under the Common Monetary Area -- this rate applies directly to the Loti.
2026-09-08T12:10:19Z,2015-04-21,USD,ZAR,12.1099,LSL is pegged 1:1 to ZAR under the Common Monetary Area -- this rate applies directly to the Loti.
2026-09-08T12:10:19Z,2015-04-22,USD,ZAR,12.1341,LSL is pegged 1:1 to ZAR under the Common Monetary Area -- this rate applies directly to the Loti.
2026-09-08T12:10:19Z,2015-04-23,USD,ZAR,12.2541,LSL is pegged 1:1 to ZAR under the Common Monetary Area -- this rate applies directly to the Loti.
2026-09-08T12:10:19Z,2015-04-24,USD,ZAR,12.1825,LSL is pegged 1:1 to ZAR under the Common Monetary Area -- this rate applies directly to the Loti.
2026-09-08T12:10:19Z,2015-04-27,USD,ZAR,12.1092,LSL is pegged 1:1 to ZAR under the Common Monetary Area -- this rate applies directly to the Loti.
2026-09-08T12:10:19Z,2015-04-28,USD,ZAR,11.907,LSL is pegged 1:1 to ZAR under the Common Monetary Area -- this rate applies directly to the Loti.
2026-09-08T12:10:19Z,2015-04-29,USD,ZAR,11.878,LSL is pegged 1:1 to ZAR under the Common Monetary Area -- this rate applies directly to the Loti.
2026-09-08T12:10:19Z,2015-04-30,USD,ZAR,11.8068,LSL is pegged 1:1 to ZAR under the Common Monetary Area -- this rate applies directly to the Loti.
2026-09-08T12:10:19Z,2015-05-04,USD,ZAR,12.0508,LSL is pegged 1:1 to ZAR under the Common Monetary Area -- this rate applies directly to the Loti.
2026-09-08T12:10:19Z,2015-05-05,USD,ZAR,12.048,LSL is pegged 1:1 to ZAR under the Common Monetary Area -- this rate applies directly to the Loti.
2026-09-08T12:10:19Z,2015-05-06,USD,ZAR,12.034,LSL is pegged 1:1 to ZAR under the Common Monetary Area -- this rate applies directly to the Loti.
2026-09-08T12:10:19Z,2015-05-07,USD,ZAR,11.9962,LSL is pegged 1:1 to ZAR under the Common Monetary Area -- this rate applies directly to the Loti.
2026-09-08T12:10:19Z,2015-05-08,USD,ZAR,12.0548,LSL is pegged 1:1 to ZAR under the Common Monetary Area -- this rate applies directly to the Loti.
2026-09-08T12:10:19Z,2015-05-11,USD,ZAR,11.9892,LSL is pegged 1:1 to ZAR under the Common Monetary Area -- this rate applies directly to the Loti.
2026-09-08T12:10:19Z,2015-05-12,USD,ZAR,12.1298,LSL is pegged 1:1 to ZAR under the Common Monetary Area -- this rate applies directly to the Loti.
2026-09-08T12:10:19Z,2015-05-13,USD,ZAR,11.982,LSL is pegged 1:1 to ZAR under the Common Monetary Area -- this rate applies directly to the Loti.
2026-09-08T12:10:19Z,2015-05-14,USD,ZAR,11.8335,LSL is pegged 1:1 to ZAR under the Common Monetary Area -- this rate applies directly to the Loti.
2026-09-08T12:10:19Z,2015-05-15,USD,ZAR,11.8678,LSL is pegged 1:1 to ZAR under the Common Monetary Area -- this rate applies directly to the Loti.
2026-09-08T12:10:19Z,2015-05-18,USD,ZAR,11.858,LSL is pegged 1:1 to ZAR under the Common Monetary Area -- this rate applies directly to the Loti.
2026-09-08T12:10:19Z,2015-05-19,USD,ZAR,11.8551,LSL is pegged 1:1 to ZAR under the Common Monetary Area -- this rate applies directly to the Loti.
2026-09-08T12:10:19Z,2015-05-20,USD,ZAR,11.8979,LSL is pegged 1:1 to ZAR under the Common Monetary Area -- this rate applies directly to the Loti.
2026-09-08T12:10:19Z,2015-05-21,USD,ZAR,11.777,LSL is pegged 1:1 to ZAR under the Common Monetary Area -- this rate applies directly to the Loti.
2026-09-08T12:10:19Z,2015-05-22,USD,ZAR,11.7828,LSL is pegged 1:1 to ZAR under the Common Monetary Area -- this rate applies directly to the Loti.
2026-09-08T12:10:19Z,2015-05-25,USD,ZAR,11.9361,LSL is pegged 1:1 to ZAR under the Common Monetary Area -- this rate applies directly to the Loti.
2026-09-08T12:10:19Z,2015-05-26,USD,ZAR,12.0124,LSL is pegged 1:1 to ZAR under the Common Monetary Area -- this rate applies directly to the Loti.
2026-09-08T12:10:19Z,2015-05-27,USD,ZAR,12.1164,LSL is pegged 1:1 to ZAR under the Common Monetary Area -- this rate applies directly to the Loti.
2026-09-08T12:10:19Z,2015-05-28,USD,ZAR,12.1146,LSL is pegged 1:1 to ZAR under the Common Monetary Area -- this rate applies directly to the Loti.
2026-09-08T12:10:19Z,2015-05-29,USD,ZAR,12.1613,LSL is pegged 1:1 to ZAR under the Common Monetary Area -- this rate applies directly to the Loti.
2026-09-08T12:10:19Z,2015-06-01,USD,ZAR,12.2548,LSL is pegged 1:1 to ZAR under the Common Monetary Area -- this rate applies directly to the Loti.
2026-09-08T12:10:19Z,2015-06-02,USD,ZAR,12.2592,LSL is pegged 1:1 to ZAR under the Common Monetary Area -- this rate applies directly to the Loti.
2026-09-08T12:10:19Z,2015-06-03,USD,ZAR,12.2588,LSL is pegged 1:1 to ZAR under the Common Monetary Area -- this rate applies directly to the Loti.
2026-09-08T12:10:19Z,2015-06-04,USD,ZAR,12.3376,LSL is pegged 1:1 to ZAR under the Common Monetary Area -- this rate applies directly to the Loti.
2026-09-08T12:10:19Z,2015-06-05,USD,ZAR,12.402,LSL is pegged 1:1 to ZAR under the Common Monetary Area -- this rate applies directly to the Loti.
2026-09-08T12:10:19Z,2015-06-08,USD,ZAR,12.584,LSL is pegged 1:1 to ZAR under the Common Monetary Area -- this rate applies directly to the Loti.
2026-09-08T12:10:19Z,2015-06-09,USD,ZAR,12.4345,LSL is pegged 1:1 to ZAR under the Common Monetary Area -- this rate applies directly to the Loti.
2026-09-08T12:10:19Z,2015-06-10,USD,ZAR,12.368,LSL is pegged 1:1 to ZAR under the Common Monetary Area -- this rate applies directly to the Loti.
2026-09-08T12:10:19Z,2015-06-11,USD,ZAR,12.4289,LSL is pegged 1:1 to ZAR under the Common Monetary Area -- this rate applies directly to the Loti.
2026-09-08T12:10:19Z,2015-06-12,USD,ZAR,12.4135,LSL is pegged 1:1 to ZAR under the Common Monetary Area -- this rate applies directly to the Loti.
2026-09-08T12:10:19Z,2015-06-15,USD,ZAR,12.424,LSL is pegged 1:1 to ZAR under the Common Monetary Area -- this rate applies directly to the Loti.
2026-09-08T12:10:19Z,2015-06-16,USD,ZAR,12.4482,LSL is pegged 1:1 to ZAR under the Common Monetary Area -- this rate applies directly to the Loti.
2026-09-08T12:10:19Z,2015-06-17,USD,ZAR,12.4325,LSL is pegged 1:1 to ZAR under the Common Monetary Area -- this rate applies directly to the Loti.
2026-09-08T12:10:19Z,2015-06-18,USD,ZAR,12.1762,LSL is pegged 1:1 to ZAR under the Common Monetary Area -- this rate applies directly to the Loti.
2026-09-08T12:10:19Z,2015-06-19,USD,ZAR,12.2673,LSL is pegged 1:1 to ZAR under the Common Monetary Area -- this rate applies directly to the Loti.
2026-09-08T12:10:19Z,2015-06-22,USD,ZAR,12.156,LSL is pegged 1:1 to ZAR under the Common Monetary Area -- this rate applies directly to the Loti.
2026-09-08T12:10:19Z,2015-06-23,USD,ZAR,12.1844,LSL is pegged 1:1 to ZAR under the Common Monetary Area -- this rate applies directly to the Loti.
2026-09-08T12:10:19Z,2015-06-24,USD,ZAR,12.125,LSL is pegged 1:1 to ZAR under the Common Monetary Area -- this rate applies directly to the Loti.
2026-09-08T12:10:19Z,2015-06-25,USD,ZAR,12.1029,LSL is pegged 1:1 to ZAR under the Common Monetary Area -- this rate applies directly to the Loti.
2026-09-08T12:10:19Z,2015-06-26,USD,ZAR,12.1775,LSL is pegged 1:1 to ZAR under the Common Monetary Area -- this rate applies directly to the Loti.
2026-09-08T12:10:19Z,2015-06-29,USD,ZAR,12.2549,LSL is pegged 1:1 to ZAR under the Common Monetary Area -- this rate applies directly to the Loti.
2026-09-08T12:10:19Z,2015-06-30,USD,ZAR,12.192,LSL is pegged 1:1 to ZAR under the Common Monetary Area -- this rate applies directly to the Loti.
2026-09-08T12:10:19Z,2015-07-01,USD,ZAR,12.1917,LSL is pegged 1:1 to ZAR under the Common Monetary Area -- this rate applies directly to the Loti.
2026-09-08T12:10:19Z,2015-07-02,USD,ZAR,12.3537,LSL is pegged 1:1 to ZAR under the Common Monetary Area -- this rate applies directly to the Loti.
2026-09-08T12:10:19Z,2015-07-03,USD,ZAR,12.289,LSL is pegged 1:1 to ZAR under the Common Monetary Area -- this rate applies directly to the Loti.
2026-09-08T12:10:19Z,2015-07-06,USD,ZAR,12.4211,LSL is pegged 1:1 to ZAR under the Common Monetary Area -- this rate applies directly to the Loti.
2026-09-08T12:10:19Z,2015-07-07,USD,ZAR,12.479,LSL is pegged 1:1 to ZAR under the Common Monetary Area -- this rate applies directly to the Loti.
2026-09-08T12:10:19Z,2015-07-08,USD,ZAR,12.5158,LSL is pegged 1:1 to ZAR under the Common Monetary Area -- this rate applies directly to the Loti.
2026-09-08T12:10:19Z,2015-07-09,USD,ZAR,12.456,LSL is pegged 1:1 to ZAR under the Common Monetary Area -- this rate applies directly to the Loti.
2026-09-08T12:10:19Z,2015-07-10,USD,ZAR,12.4118,LSL is pegged 1:1 to ZAR under the Common Monetary Area -- this rate applies directly to the Loti.
2026-09-08T12:10:19Z,2015-07-13,USD,ZAR,12.4885,LSL is pegged 1:1 to ZAR under the Common Monetary Area -- this rate applies directly to the Loti.
2026-09-08T12:10:19Z,2015-07-14,USD,ZAR,12.401,LSL is pegged 1:1 to ZAR under the Common Monetary Area -- this rate applies directly to the Loti.
2026-09-08T12:10:19Z,2015-07-15,USD,ZAR,12.3523,LSL is pegged 1:1 to ZAR under the Common Monetary Area -- this rate applies directly to the Loti.
2026-09-08T12:10:19Z,2015-07-16,USD,ZAR,12.4172,LSL is pegged 1:1 to ZAR under the Common Monetary Area -- this rate applies directly to the Loti.
2026-09-08T12:10:19Z,2015-07-17,USD,ZAR,12.3235,LSL is pegged 1:1 to ZAR under the Common Monetary Area -- this rate applies directly to the Loti.
2026-09-08T12:10:19Z,2015-07-20,USD,ZAR,12.411,LSL is pegged 1:1 to ZAR under the Common Monetary Area -- this rate applies directly to the Loti.
2026-09-08T12:10:19Z,2015-07-21,USD,ZAR,12.395,LSL is pegged 1:1 to ZAR under the Common Monetary Area -- this rate applies directly to the Loti.
2026-09-08T12:10:19Z,2015-07-22,USD,ZAR,12.3759,LSL is pegged 1:1 to ZAR under the Common Monetary Area -- this rate applies directly to the Loti.
2026-09-08T12:10:19Z,2015-07-23,USD,ZAR,12.4286,LSL is pegged 1:1 to ZAR under the Common Monetary Area -- this rate applies directly to the Loti.
2026-09-08T12:10:19Z,2015-07-24,USD,ZAR,12.633,LSL is pegged 1:1 to ZAR under the Common Monetary Area -- this rate applies directly to the Loti.
2026-09-08T12:10:19Z,2015-07-27,USD,ZAR,12.6865,LSL is pegged 1:1 to ZAR under the Common Monetary Area -- this rate applies directly to the Loti.
2026-09-08T12:10:19Z,2015-07-28,USD,ZAR,12.5615,LSL is pegged 1:1 to ZAR under the Common Monetary Area -- this rate applies directly to the Loti.
2026-09-08T12:10:19Z,2015-07-29,USD,ZAR,12.5401,LSL is pegged 1:1 to ZAR under the Common Monetary Area -- this rate applies directly to the Loti.
2026-09-08T12:10:19Z,2015-07-30,USD,ZAR,12.6848,LSL is pegged 1:1 to ZAR under the Common Monetary Area -- this rate applies directly to the Loti.
2026-09-08T12:10:19Z,2015-07-31,USD,ZAR,12.6935,LSL is pegged 1:1 to ZAR under the Common Monetary Area -- this rate applies directly to the Loti.
2026-09-08T12:10:19Z,2015-08-03,USD,ZAR,12.7182,LSL is pegged 1:1 to ZAR under the Common Monetary Area -- this rate applies directly to the Loti.
2026-09-08T12:10:19Z,2015-08-04,USD,ZAR,12.6561,LSL is pegged 1:1 to ZAR under the Common Monetary Area -- this rate applies directly to the Loti.
2026-09-08T12:10:19Z,2015-08-05,USD,ZAR,12.7707,LSL is pegged 1:1 to ZAR under the Common Monetary Area -- this rate applies directly to the Loti.
2026-09-08T12:10:19Z,2015-08-06,USD,ZAR,12.7611,LSL is pegged 1:1 to ZAR under the Common Monetary Area -- this rate applies directly to the Loti.
2026-09-08T12:10:19Z,2015-08-07,USD,ZAR,12.6998,LSL is pegged 1:1 to ZAR under the Common Monetary Area -- this rate applies directly to the Loti.
2026-09-08T12:10:19Z,2015-08-10,USD,ZAR,12.7258,LSL is pegged 1:1 to ZAR under the Common Monetary Area -- this rate applies directly to the Loti.
2026-09-08T12:10:19Z,2015-08-11,USD,ZAR,12.7209,LSL is pegged 1:1 to ZAR under the Common Monetary Area -- this rate applies directly to the Loti.
2026-09-08T12:10:19Z,2015-08-12,USD,ZAR,12.7452,LSL is pegged 1:1 to ZAR under the Common Monetary Area -- this rate applies directly to the Loti.
2026-09-08T12:10:19Z,2015-08-13,USD,ZAR,12.8009,LSL is pegged 1:1 to ZAR under the Common Monetary Area -- this rate applies directly to the Loti.
2026-09-08T12:10:19Z,2015-08-14,USD,ZAR,12.7945,LSL is pegged 1:1 to ZAR under the Common Monetary Area -- this rate applies directly to the Loti.
2026-09-08T12:10:19Z,2015-08-17,USD,ZAR,12.9135,LSL is pegged 1:1 to ZAR under the Common Monetary Area -- this rate applies directly to the Loti.
2026-09-08T12:10:19Z,2015-08-18,USD,ZAR,12.9156,LSL is pegged 1:1 to ZAR under the Common Monetary Area -- this rate applies directly to the Loti.
2026-09-08T12:10:19Z,2015-08-19,USD,ZAR,12.9008,LSL is pegged 1:1 to ZAR under the Common Monetary Area -- this rate applies directly to the Loti.
2026-09-08T12:10:19Z,2015-08-20,USD,ZAR,12.946,LSL is pegged 1:1 to ZAR under the Common Monetary Area -- this rate applies directly to the Loti.
2026-09-08T12:10:19Z,2015-08-21,USD,ZAR,12.9413,LSL is pegged 1:1 to ZAR under the Common Monetary Area -- this rate applies directly to the Loti.
2026-09-08T12:10:19Z,2015-08-24,USD,ZAR,13.2672,LSL is pegged 1:1 to ZAR under the Common Monetary Area -- this rate applies directly to the Loti.
2026-09-08T12:10:19Z,2015-08-25,USD,ZAR,13.055,LSL is pegged 1:1 to ZAR under the Common Monetary Area -- this rate applies directly to the Loti.
2026-09-08T12:10:19Z,2015-08-26,USD,ZAR,13.0675,LSL is pegged 1:1 to ZAR under the Common Monetary Area -- this rate applies directly to the Loti.
2026-09-08T12:10:19Z,2015-08-27,USD,ZAR,13.117,LSL is pegged 1:1 to ZAR under the Common Monetary Area -- this rate applies directly to the Loti.
2026-09-08T12:10:19Z,2015-08-28,USD,ZAR,13.2362,LSL is pegged 1:1 to ZAR under the Common Monetary Area -- this rate applies directly to the Loti.
2026-09-08T12:10:19Z,2015-08-31,USD,ZAR,13.3345,LSL is pegged 1:1 to ZAR under the Common Monetary Area -- this rate applies directly to the Loti.
2026-09-08T12:10:19Z,2015-09-01,USD,ZAR,13.3858,LSL is pegged 1:1 to ZAR under the Common Monetary Area -- this rate applies directly to the Loti.
2026-09-08T12:10:19Z,2015-09-02,USD,ZAR,13.4589,LSL is pegged 1:1 to ZAR under the Common Monetary Area -- this rate applies directly to the Loti.
2026-09-08T12:10:19Z,2015-09-03,USD,ZAR,13.615,LSL is pegged 1:1 to ZAR under the Common Monetary Area -- this rate applies directly to the Loti.
2026-09-08T12:10:19Z,2015-09-04,USD,ZAR,13.624,LSL is pegged 1:1 to ZAR under the Common Monetary Area -- this rate applies directly to the Loti.
2026-09-08T12:10:19Z,2015-09-07,USD,ZAR,13.9155,LSL is pegged 1:1 to ZAR under the Common Monetary Area -- this rate applies directly to the Loti.
2026-09-08T12:10:19Z,2015-09-08,USD,ZAR,13.8156,LSL is pegged 1:1 to ZAR under the Common Monetary Area -- this rate applies directly to the Loti.
2026-09-08T12:10:19Z,2015-09-09,USD,ZAR,13.6705,LSL is pegged 1:1 to ZAR under the Common Monetary Area -- this rate applies directly to the Loti.
2026-09-08T12:10:19Z,2015-09-10,USD,ZAR,13.8566,LSL is pegged 1:1 to ZAR under the Common Monetary Area -- this rate applies directly to the Loti.
2026-09-08T12:10:19Z,2015-09-11,USD,ZAR,13.5682,LSL is pegged 1:1 to ZAR under the Common Monetary Area -- this rate applies directly to the Loti.
2026-09-08T12:10:19Z,2015-09-14,USD,ZAR,13.582,LSL is pegged 1:1 to ZAR under the Common Monetary Area -- this rate applies directly to the Loti.
2026-09-08T12:10:19Z,2015-09-15,USD,ZAR,13.4777,LSL is pegged 1:1 to ZAR under the Common Monetary Area -- this rate applies directly to the Loti.
2026-09-08T12:10:19Z,2015-09-16,USD,ZAR,13.3595,LSL is pegged 1:1 to ZAR under the Common Monetary Area -- this rate applies directly to the Loti.
2026-09-08T12:10:19Z,2015-09-17,USD,ZAR,13.3857,LSL is pegged 1:1 to ZAR under the Common Monetary Area -- this rate applies directly to the Loti.
2026-09-08T12:10:19Z,2015-09-18,USD,ZAR,13.2202,LSL is pegged 1:1 to ZAR under the Common Monetary Area -- this rate applies directly to the Loti.
2026-09-08T12:10:19Z,2015-09-21,USD,ZAR,13.3396,LSL is pegged 1:1 to ZAR under the Common Monetary Area -- this rate applies directly to the Loti.
2026-09-08T12:10:19Z,2015-09-22,USD,ZAR,13.6748,LSL is pegged 1:1 to ZAR under the Common Monetary Area -- this rate applies directly to the Loti.
2026-09-08T12:10:19Z,2015-09-23,USD,ZAR,13.658,LSL is pegged 1:1 to ZAR under the Common Monetary Area -- this rate applies directly to the Loti.
2026-09-08T12:10:19Z,2015-09-24,USD,ZAR,13.998,LSL is pegged 1:1 to ZAR under the Common Monetary Area -- this rate applies directly to the Loti.
2026-09-08T12:10:19Z,2015-09-25,USD,ZAR,13.7372,LSL is pegged 1:1 to ZAR under the Common Monetary Area -- this rate applies directly to the Loti.
2026-09-08T12:10:19Z,2015-09-28,USD,ZAR,14.0312,LSL is pegged 1:1 to ZAR under the Common Monetary Area -- this rate applies directly to the Loti.
2026-09-08T12:10:19Z,2015-09-29,USD,ZAR,13.9068,LSL is pegged 1:1 to ZAR under the Common Monetary Area -- this rate applies directly to the Loti.
2026-09-08T12:10:19Z,2015-09-30,USD,ZAR,13.8342,LSL is pegged 1:1 to ZAR under the Common Monetary Area -- this rate applies directly to the Loti.
2026-09-08T12:10:19Z,2015-10-01,USD,ZAR,13.8523,LSL is pegged 1:1 to ZAR under the Common Monetary Area -- this rate applies directly to the Loti.
2026-09-08T12:10:19Z,2015-10-02,USD,ZAR,13.8979,LSL is pegged 1:1 to ZAR under the Common Monetary Area -- this rate applies directly to the Loti.
2026-09-08T12:10:19Z,2015-10-05,USD,ZAR,13.59,LSL is pegged 1:1 to ZAR under the Common Monetary Area -- this rate applies directly to the Loti.
2026-09-08T12:10:19Z,2015-10-06,USD,ZAR,13.6856,LSL is pegged 1:1 to ZAR under the Common Monetary Area -- this rate applies directly to the Loti.
2026-09-08T12:10:19Z,2015-10-07,USD,ZAR,13.3756,LSL is pegged 1:1 to ZAR under the Common Monetary Area -- this rate applies directly to the Loti.
2026-09-08T12:10:19Z,2015-10-08,USD,ZAR,13.4669,LSL is pegged 1:1 to ZAR under the Common Monetary Area -- this rate applies directly to the Loti.
2026-09-08T12:10:19Z,2015-10-09,USD,ZAR,13.2612,LSL is pegged 1:1 to ZAR under the Common Monetary Area -- this rate applies directly to the Loti.
2026-09-08T12:10:19Z,2015-10-12,USD,ZAR,13.2726,LSL is pegged 1:1 to ZAR under the Common Monetary Area -- this rate applies directly to the Loti.
2026-09-08T12:10:19Z,2015-10-13,USD,ZAR,13.457,LSL is pegged 1:1 to ZAR under the Common Monetary Area -- this rate applies directly to the Loti.
2026-09-08T12:10:19Z,2015-10-14,USD,ZAR,13.4175,LSL is pegged 1:1 to ZAR under the Common Monetary Area -- this rate applies directly to the Loti.
2026-09-08T12:10:19Z,2015-10-15,USD,ZAR,13.1093,LSL is pegged 1:1 to ZAR under the Common Monetary Area -- this rate applies directly to the Loti.
2026-09-08T12:10:19Z,2015-10-16,USD,ZAR,13.146,LSL is pegged 1:1 to ZAR under the Common Monetary Area -- this rate applies directly to the Loti.
2026-09-08T12:10:19Z,2015-10-19,USD,ZAR,13.1924,LSL is pegged 1:1 to ZAR under the Common Monetary Area -- this rate applies directly to the Loti.
2026-09-08T12:10:19Z,2015-10-20,USD,ZAR,13.1996,LSL is pegged 1:1 to ZAR under the Common Monetary Area -- this rate applies directly to the Loti.
2026-09-08T12:10:19Z,2015-10-21,USD,ZAR,13.4265,LSL is pegged 1:1 to ZAR under the Common Monetary Area -- this rate applies directly to the Loti.
2026-09-08T12:10:19Z,2015-10-22,USD,ZAR,13.5249,LSL is pegged 1:1 to ZAR under the Common Monetary Area -- this rate applies directly to the Loti.
2026-09-08T12:10:19Z,2015-10-23,USD,ZAR,13.4434,LSL is pegged 1:1 to ZAR under the Common Monetary Area -- this rate applies directly to the Loti.
2026-09-08T12:10:19Z,2015-10-26,USD,ZAR,13.571,LSL is pegged 1:1 to ZAR under the Common Monetary Area -- this rate applies directly to the Loti.
2026-09-08T12:10:19Z,2015-10-27,USD,ZAR,13.7429,LSL is pegged 1:1 to ZAR under the Common Monetary Area -- this rate applies directly to the Loti.
2026-09-08T12:10:19Z,2015-10-28,USD,ZAR,13.5797,LSL is pegged 1:1 to ZAR under the Common Monetary Area -- this rate applies directly to the Loti.
2026-09-08T12:10:19Z,2015-10-29,USD,ZAR,13.8378,LSL is pegged 1:1 to ZAR under the Common Monetary Area -- this rate applies directly to the Loti.
2026-09-08T12:10:19Z,2015-10-30,USD,ZAR,13.817,LSL is pegged 1:1 to ZAR under the Common Monetary Area -- this rate applies directly to the Loti.
2026-09-08T12:10:19Z,2015-11-02,USD,ZAR,13.7646,LSL is pegged 1:1 to ZAR under the Common Monetary Area -- this rate applies directly to the Loti.
2026-09-08T12:10:19Z,2015-11-03,USD,ZAR,13.8978,LSL is pegged 1:1 to ZAR under the Common Monetary Area -- this rate applies directly to the Loti.
2026-09-08T12:10:19Z,2015-11-04,USD,ZAR,13.8162,LSL is pegged 1:1 to ZAR under the Common Monetary Area -- this rate applies directly to the Loti.
2026-09-08T12:10:19Z,2015-11-05,USD,ZAR,13.8862,LSL is pegged 1:1 to ZAR under the Common Monetary Area -- this rate applies directly to the Loti.
2026-09-08T12:10:19Z,2015-11-06,USD,ZAR,13.9483,LSL is pegged 1:1 to ZAR under the Common Monetary Area -- this rate applies directly to the Loti.
2026-09-08T12:10:19Z,2015-11-09,USD,ZAR,14.253,LSL is pegged 1:1 to ZAR under the Common Monetary Area -- this rate applies directly to the Loti.
2026-09-08T12:10:19Z,2015-11-10,USD,ZAR,14.3512,LSL is pegged 1:1 to ZAR under the Common Monetary Area -- this rate applies directly to the Loti.
2026-09-08T12:10:19Z,2015-11-11,USD,ZAR,14.185,LSL is pegged 1:1 to ZAR under the Common Monetary Area -- this rate applies directly to the Loti.
2026-09-08T12:10:19Z,2015-11-12,USD,ZAR,14.2578,LSL is pegged 1:1 to ZAR under the Common Monetary Area -- this rate applies directly to the Loti.
2026-09-08T12:10:19Z,2015-11-13,USD,ZAR,14.3496,LSL is pegged 1:1 to ZAR under the Common Monetary Area -- this rate applies directly to the Loti.
2026-09-08T12:10:19Z,2015-11-16,USD,ZAR,14.3896,LSL is pegged 1:1 to ZAR under the Common Monetary Area -- this rate applies directly to the Loti.
2026-09-08T12:10:19Z,2015-11-17,USD,ZAR,14.2376,LSL is pegged 1:1 to ZAR under the Common Monetary Area -- this rate applies directly to the Loti.
2026-09-08T12:10:19Z,2015-11-18,USD,ZAR,14.2075,LSL is pegged 1:1 to ZAR under the Common Monetary Area -- this rate applies directly to the Loti.
2026-09-08T12:10:19Z,2015-11-19,USD,ZAR,14.2047,LSL is pegged 1:1 to ZAR under the Common Monetary Area -- this rate applies directly to the Loti.
2026-09-08T12:10:19Z,2015-11-20,USD,ZAR,13.928,LSL is pegged 1:1 to ZAR under the Common Monetary Area -- this rate applies directly to the Loti.
2026-09-08T12:10:19Z,2015-11-23,USD,ZAR,14.0209,LSL is pegged 1:1 to ZAR under the Common Monetary Area -- this rate applies directly to the Loti.
2026-09-08T12:10:19Z,2015-11-24,USD,ZAR,14.0652,LSL is pegged 1:1 to ZAR under the Common Monetary Area -- this rate applies directly to the Loti.
2026-09-08T12:10:19Z,2015-11-25,USD,ZAR,14.0901,LSL is pegged 1:1 to ZAR under the Common Monetary Area -- this rate applies directly to the Loti.
2026-09-08T12:10:19Z,2015-11-26,USD,ZAR,14.225,LSL is pegged 1:1 to ZAR under the Common Monetary Area -- this rate applies directly to the Loti.
2026-09-08T12:10:19Z,2015-11-27,USD,ZAR,14.3185,LSL is pegged 1:1 to ZAR under the Common Monetary Area -- this rate applies directly to the Loti.
2026-09-08T12:10:19Z,2015-11-30,USD,ZAR,14.4526,LSL is pegged 1:1 to ZAR under the Common Monetary Area -- this rate applies directly to the Loti.
2026-09-08T12:10:19Z,2015-12-01,USD,ZAR,14.468,LSL is pegged 1:1 to ZAR under the Common Monetary Area -- this rate applies directly to the Loti.
2026-09-08T12:10:19Z,2015-12-02,USD,ZAR,14.336,LSL is pegged 1:1 to ZAR under the Common Monetary Area -- this rate applies directly to the Loti.
2026-09-08T12:10:19Z,2015-12-03,USD,ZAR,14.3132,LSL is pegged 1:1 to ZAR under the Common Monetary Area -- this rate applies directly to the Loti.
2026-09-08T12:10:19Z,2015-12-04,USD,ZAR,14.4263,LSL is pegged 1:1 to ZAR under the Common Monetary Area -- this rate applies directly to the Loti.
2026-09-08T12:10:19Z,2015-12-07,USD,ZAR,14.4873,LSL is pegged 1:1 to ZAR under the Common Monetary Area -- this rate applies directly to the Loti.
2026-09-08T12:10:19Z,2015-12-08,USD,ZAR,14.6683,LSL is pegged 1:1 to ZAR under the Common Monetary Area -- this rate applies directly to the Loti.
2026-09-08T12:10:19Z,2015-12-09,USD,ZAR,14.577,LSL is pegged 1:1 to ZAR under the Common Monetary Area -- this rate applies directly to the Loti.
2026-09-08T12:10:19Z,2015-12-10,USD,ZAR,15.274,LSL is pegged 1:1 to ZAR under the Common Monetary Area -- this rate applies directly to the Loti.
2026-09-08T12:10:19Z,2015-12-11,USD,ZAR,15.8862,LSL is pegged 1:1 to ZAR under the Common Monetary Area -- this rate applies directly to the Loti.
2026-09-08T12:10:19Z,2015-12-14,USD,ZAR,15.3005,LSL is pegged 1:1 to ZAR under the Common Monetary Area -- this rate applies directly to the Loti.
2026-09-08T12:10:19Z,2015-12-15,USD,ZAR,14.942,LSL is pegged 1:1 to ZAR under the Common Monetary Area -- this rate applies directly to the Loti.
2026-09-08T12:10:19Z,2015-12-16,USD,ZAR,15.0652,LSL is pegged 1:1 to ZAR under the Common Monetary Area -- this rate applies directly to the Loti.
2026-09-08T12:10:19Z,2015-12-17,USD,ZAR,14.9986,LSL is pegged 1:1 to ZAR under the Common Monetary Area -- this rate applies directly to the Loti.
2026-09-08T12:10:19Z,2015-12-18,USD,ZAR,15.0423,LSL is pegged 1:1 to ZAR under the Common Monetary Area -- this rate applies directly to the Loti.
2026-09-08T12:10:19Z,2015-12-21,USD,ZAR,15.098,LSL is pegged 1:1 to ZAR under the Common Monetary Area -- this rate applies directly to the Loti.
2026-09-08T12:10:19Z,2015-12-22,USD,ZAR,15.134,LSL is pegged 1:1 to ZAR under the Common Monetary Area -- this rate applies directly to the Loti.
2026-09-08T12:10:19Z,2015-12-23,USD,ZAR,15.2629,LSL is pegged 1:1 to ZAR under the Common Monetary Area -- this rate applies directly to the Loti.
2026-09-08T12:10:19Z,2015-12-24,USD,ZAR,15.187,LSL is pegged 1:1 to ZAR under the Common Monetary Area -- this rate applies directly to the Loti.
2026-09-08T12:10:19Z,2015-12-28,USD,ZAR,15.2493,LSL is pegged 1:1 to ZAR under the Common Monetary Area -- this rate applies directly to the Loti.
2026-09-08T12:10:19Z,2015-12-29,USD,ZAR,15.303,LSL is pegged 1:1 to ZAR under the Common Monetary Area -- this rate applies directly to the Loti.
2026-09-08T12:10:19Z,2015-12-30,USD,ZAR,15.4537,LSL is pegged 1:1 to ZAR under the Common Monetary Area -- this rate applies directly to the Loti.
2026-09-08T12:10:19Z,2015-12-31,USD,ZAR,15.5718,LSL is pegged 1:1 to ZAR under the Common Monetary Area -- this rate applies directly to the Loti.
2026-09-08T12:10:19Z,2016-01-04,USD,ZAR,15.5586,LSL is pegged 1:1 to ZAR under the Common Monetary Area -- this rate applies directly to the Loti.
2026-09-08T12:10:19Z,2016-01-05,USD,ZAR,15.6005,LSL is pegged 1:1 to ZAR under the Common Monetary Area -- this rate applies directly to the Loti.
2026-09-08T12:10:19Z,2016-01-06,USD,ZAR,15.8287,LSL is pegged 1:1 to ZAR under the Common Monetary Area -- this rate applies directly to the Loti.
2026-09-08T12:10:19Z,2016-01-07,USD,ZAR,16.1011,LSL is pegged 1:1 to ZAR under the Common Monetary Area -- this rate applies directly to the Loti.
2026-09-08T12:10:19Z,2016-01-08,USD,ZAR,16.0087,LSL is pegged 1:1 to ZAR under the Common Monetary Area -- this rate applies directly to the Loti.
2026-09-08T12:10:19Z,2016-01-11,USD,ZAR,16.5755,LSL is pegged 1:1 to ZAR under the Common Monetary Area -- this rate applies directly to the Loti.
2026-09-08T12:10:19Z,2016-01-12,USD,ZAR,16.587,LSL is pegged 1:1 to ZAR under the Common Monetary Area -- this rate applies directly to the Loti.
2026-09-08T12:10:19Z,2016-01-13,USD,ZAR,16.4897,LSL is pegged 1:1 to ZAR under the Common Monetary Area -- this rate applies directly to the Loti.
2026-09-08T12:10:19Z,2016-01-14,USD,ZAR,16.568,LSL is pegged 1:1 to ZAR under the Common Monetary Area -- this rate applies directly to the Loti.
2026-09-08T12:10:19Z,2016-01-15,USD,ZAR,16.6991,LSL is pegged 1:1 to ZAR under the Common Monetary Area -- this rate applies directly to the Loti.
2026-09-08T12:10:19Z,2016-01-18,USD,ZAR,16.7905,LSL is pegged 1:1 to ZAR under the Common Monetary Area -- this rate applies directly to the Loti.
2026-09-08T12:10:19Z,2016-01-19,USD,ZAR,16.665,LSL is pegged 1:1 to ZAR under the Common Monetary Area -- this rate applies directly to the Loti.
2026-09-08T12:10:19Z,2016-01-20,USD,ZAR,16.7687,LSL is pegged 1:1 to ZAR under the Common Monetary Area -- this rate applies directly to the Loti.
2026-09-08T12:10:19Z,2016-01-21,USD,ZAR,16.6578,LSL is pegged 1:1 to ZAR under the Common Monetary Area -- this rate applies directly to the Loti.
2026-09-08T12:10:19Z,2016-01-22,USD,ZAR,16.4825,LSL is pegged 1:1 to ZAR under the Common Monetary Area -- this rate applies directly to the Loti.
2026-09-08T12:10:19Z,2016-01-25,USD,ZAR,16.5123,LSL is pegged 1:1 to ZAR under the Common Monetary Area -- this rate applies directly to the Loti.
2026-09-08T12:10:19Z,2016-01-26,USD,ZAR,16.5065,LSL is pegged 1:1 to ZAR under the Common Monetary Area -- this rate applies directly to the Loti.
2026-09-08T12:10:19Z,2016-01-27,USD,ZAR,16.3302,LSL is pegged 1:1 to ZAR under the Common Monetary Area -- this rate applies directly to the Loti.
2026-09-08T12:10:19Z,2016-01-28,USD,ZAR,16.3061,LSL is pegged 1:1 to ZAR under the Common Monetary Area -- this rate applies directly to the Loti.
2026-09-08T12:10:19Z,2016-01-29,USD,ZAR,16.019,LSL is pegged 1:1 to ZAR under the Common Monetary Area -- this rate applies directly to the Loti.
2026-09-08T12:10:19Z,2016-02-01,USD,ZAR,16.0804,LSL is pegged 1:1 to ZAR under the Common Monetary Area -- this rate applies directly to the Loti.
2026-09-08T12:10:19Z,2016-02-02,USD,ZAR,16.0993,LSL is pegged 1:1 to ZAR under the Common Monetary Area -- this rate applies directly to the Loti.
2026-09-08T12:10:19Z,2016-02-03,USD,ZAR,16.1849,LSL is pegged 1:1 to ZAR under the Common Monetary Area -- this rate applies directly to the Loti.
2026-09-08T12:10:19Z,2016-02-04,USD,ZAR,15.8549,LSL is pegged 1:1 to ZAR under the Common Monetary Area -- this rate applies directly to the Loti.
2026-09-08T12:10:19Z,2016-02-05,USD,ZAR,15.8529,LSL is pegged 1:1 to ZAR under the Common Monetary Area -- this rate applies directly to the Loti.
2026-09-08T12:10:19Z,2016-02-08,USD,ZAR,16.2044,LSL is pegged 1:1 to ZAR under the Common Monetary Area -- this rate applies directly to the Loti.
2026-09-08T12:10:19Z,2016-02-09,USD,ZAR,16.1944,LSL is pegged 1:1 to ZAR under the Common Monetary Area -- this rate applies directly to the Loti.
2026-09-08T12:10:19Z,2016-02-10,USD,ZAR,15.8461,LSL is pegged 1:1 to ZAR under the Common Monetary Area -- this rate applies directly to the Loti.
2026-09-08T12:10:19Z,2016-02-11,USD,ZAR,15.8524,LSL is pegged 1:1 to ZAR under the Common Monetary Area -- this rate applies directly to the Loti.
2026-09-08T12:10:19Z,2016-02-12,USD,ZAR,15.893,LSL is pegged 1:1 to ZAR under the Common Monetary Area -- this rate applies directly to the Loti.
2026-09-08T12:10:19Z,2016-02-15,USD,ZAR,15.7526,LSL is pegged 1:1 to ZAR under the Common Monetary Area -- this rate applies directly to the Loti.
2026-09-08T12:10:19Z,2016-02-16,USD,ZAR,15.7325,LSL is pegged 1:1 to ZAR under the Common Monetary Area -- this rate applies directly to the Loti.
2026-09-08T12:10:19Z,2016-02-17,USD,ZAR,15.6537,LSL is pegged 1:1 to ZAR under the Common Monetary Area -- this rate applies directly to the Loti.
2026-09-08T12:10:19Z,2016-02-18,USD,ZAR,15.3967,LSL is pegged 1:1 to ZAR under the Common Monetary Area -- this rate applies directly to the Loti.
2026-09-08T12:10:19Z,2016-02-19,USD,ZAR,15.4452,LSL is pegged 1:1 to ZAR under the Common Monetary Area -- this rate applies directly to the Loti.
2026-09-08T12:10:19Z,2016-02-22,USD,ZAR,15.2808,LSL is pegged 1:1 to ZAR under the Common Monetary Area -- this rate applies directly to the Loti.
2026-09-08T12:10:19Z,2016-02-23,USD,ZAR,15.1246,LSL is pegged 1:1 to ZAR under the Common Monetary Area -- this rate applies directly to the Loti.
2026-09-08T12:10:19Z,2016-02-24,USD,ZAR,15.5409,LSL is pegged 1:1 to ZAR under the Common Monetary Area -- this rate applies directly to the Loti.
2026-09-08T12:10:19Z,2016-02-25,USD,ZAR,15.567,LSL is pegged 1:1 to ZAR under the Common Monetary Area -- this rate applies directly to the Loti.
2026-09-08T12:10:19Z,2016-02-26,USD,ZAR,15.6758,LSL is pegged 1:1 to ZAR under the Common Monetary Area -- this rate applies directly to the Loti.
2026-09-08T12:10:19Z,2016-02-29,USD,ZAR,16.0326,LSL is pegged 1:1 to ZAR under the Common Monetary Area -- this rate applies directly to the Loti.
2026-09-08T12:10:19Z,2016-03-01,USD,ZAR,15.8227,LSL is pegged 1:1 to ZAR under the Common Monetary Area -- this rate applies directly to the Loti.
2026-09-08T12:10:19Z,2016-03-02,USD,ZAR,15.6685,LSL is pegged 1:1 to ZAR under the Common Monetary Area -- this rate applies directly to the Loti.
2026-09-08T12:10:19Z,2016-03-03,USD,ZAR,15.7091,LSL is pegged 1:1 to ZAR under the Common Monetary Area -- this rate applies directly to the Loti.
2026-09-08T12:10:19Z,2016-03-04,USD,ZAR,15.613,LSL is pegged 1:1 to ZAR under the Common Monetary Area -- this rate applies directly to the Loti.
2026-09-08T12:10:19Z,2016-03-07,USD,ZAR,15.3709,LSL is pegged 1:1 to ZAR under the Common Monetary Area -- this rate applies directly to the Loti.
2026-09-08T12:10:19Z,2016-03-08,USD,ZAR,15.3686,LSL is pegged 1:1 to ZAR under the Common Monetary Area -- this rate applies directly to the Loti.
2026-09-08T12:10:19Z,2016-03-09,USD,ZAR,15.3785,LSL is pegged 1:1 to ZAR under the Common Monetary Area -- this rate applies directly to the Loti.
2026-09-08T12:10:19Z,2016-03-10,USD,ZAR,15.0723,LSL is pegged 1:1 to ZAR under the Common Monetary Area -- this rate applies directly to the Loti.
2026-09-08T12:10:19Z,2016-03-11,USD,ZAR,15.241,LSL is pegged 1:1 to ZAR under the Common Monetary Area -- this rate applies directly to the Loti.
2026-09-08T12:10:19Z,2016-03-14,USD,ZAR,15.4009,LSL is pegged 1:1 to ZAR under the Common Monetary Area -- this rate applies directly to the Loti.
2026-09-08T12:10:19Z,2016-03-15,USD,ZAR,15.8535,LSL is pegged 1:1 to ZAR under the Common Monetary Area -- this rate applies directly to the Loti.
2026-09-08T12:10:19Z,2016-03-16,USD,ZAR,16.2125,LSL is pegged 1:1 to ZAR under the Common Monetary Area -- this rate applies directly to the Loti.
2026-09-08T12:10:19Z,2016-03-17,USD,ZAR,15.3955,LSL is pegged 1:1 to ZAR under the Common Monetary Area -- this rate applies directly to the Loti.
2026-09-08T12:10:19Z,2016-03-18,USD,ZAR,15.2517,LSL is pegged 1:1 to ZAR under the Common Monetary Area -- this rate applies directly to the Loti.
2026-09-08T12:10:19Z,2016-03-21,USD,ZAR,15.3002,LSL is pegged 1:1 to ZAR under the Common Monetary Area -- this rate applies directly to the Loti.
2026-09-08T12:10:19Z,2016-03-22,USD,ZAR,15.3362,LSL is pegged 1:1 to ZAR under the Common Monetary Area -- this rate applies directly to the Loti.
2026-09-08T12:10:19Z,2016-03-23,USD,ZAR,15.35,LSL is pegged 1:1 to ZAR under the Common Monetary Area -- this rate applies directly to the Loti.
2026-09-08T12:10:19Z,2016-03-24,USD,ZAR,15.497,LSL is pegged 1:1 to ZAR under the Common Monetary Area -- this rate applies directly to the Loti.
2026-09-08T12:10:19Z,2016-03-29,USD,ZAR,15.4686,LSL is pegged 1:1 to ZAR under the Common Monetary Area -- this rate applies directly to the Loti.
2026-09-08T12:10:19Z,2016-03-30,USD,ZAR,14.9354,LSL is pegged 1:1 to ZAR under the Common Monetary Area -- this rate applies directly to the Loti.
2026-09-08T12:10:19Z,2016-03-31,USD,ZAR,14.7445,LSL is pegged 1:1 to ZAR under the Common Monetary Area -- this rate applies directly to the Loti.
2026-09-08T12:10:19Z,2016-04-01,USD,ZAR,14.7619,LSL is pegged 1:1 to ZAR under the Common Monetary Area -- this rate applies directly to the Loti.
2026-09-08T12:10:19Z,2016-04-04,USD,ZAR,14.6573,LSL is pegged 1:1 to ZAR under the Common Monetary Area -- this rate applies directly to the Loti.
2026-09-08T12:10:19Z,2016-04-05,USD,ZAR,14.972,LSL is pegged 1:1 to ZAR under the Common Monetary Area -- this rate applies directly to the Loti.
2026-09-08T12:10:19Z,2016-04-06,USD,ZAR,15.2439,LSL is pegged 1:1 to ZAR under the Common Monetary Area -- this rate applies directly to the Loti.
2026-09-08T12:10:19Z,2016-04-07,USD,ZAR,15.2385,LSL is pegged 1:1 to ZAR under the Common Monetary Area -- this rate applies directly to the Loti.
2026-09-08T12:10:19Z,2016-04-08,USD,ZAR,15.0684,LSL is pegged 1:1 to ZAR under the Common Monetary Area -- this rate applies directly to the Loti.
2026-09-08T12:10:19Z,2016-04-11,USD,ZAR,14.7458,LSL is pegged 1:1 to ZAR under the Common Monetary Area -- this rate applies directly to the Loti.
2026-09-08T12:10:19Z,2016-04-12,USD,ZAR,14.689,LSL is pegged 1:1 to ZAR under the Common Monetary Area -- this rate applies directly to the Loti.
2026-09-08T12:10:19Z,2016-04-13,USD,ZAR,14.7231,LSL is pegged 1:1 to ZAR under the Common Monetary Area -- this rate applies directly to the Loti.
2026-09-08T12:10:19Z,2016-04-14,USD,ZAR,14.5697,LSL is pegged 1:1 to ZAR under the Common Monetary Area -- this rate applies directly to the Loti.
2026-09-08T12:10:19Z,2016-04-15,USD,ZAR,14.5714,LSL is pegged 1:1 to ZAR under the Common Monetary Area -- this rate applies directly to the Loti.
2026-09-08T12:10:19Z,2016-04-18,USD,ZAR,14.5994,LSL is pegged 1:1 to ZAR under the Common Monetary Area -- this rate applies directly to the Loti.
2026-09-08T12:10:19Z,2016-04-19,USD,ZAR,14.2849,LSL is pegged 1:1 to ZAR under the Common Monetary Area -- this rate applies directly to the Loti.
2026-09-08T12:10:19Z,2016-04-20,USD,ZAR,14.2036,LSL is pegged 1:1 to ZAR under the Common Monetary Area -- this rate applies directly to the Loti.
2026-09-08T12:10:19Z,2016-04-21,USD,ZAR,14.1787,LSL is pegged 1:1 to ZAR under the Common Monetary Area -- this rate applies directly to the Loti.
2026-09-08T12:10:19Z,2016-04-22,USD,ZAR,14.3697,LSL is pegged 1:1 to ZAR under the Common Monetary Area -- this rate applies directly to the Loti.
2026-09-08T12:10:19Z,2016-04-25,USD,ZAR,14.4834,LSL is pegged 1:1 to ZAR under the Common Monetary Area -- this rate applies directly to the Loti.
2026-09-08T12:10:19Z,2016-04-26,USD,ZAR,14.485,LSL is pegged 1:1 to ZAR under the Common Monetary Area -- this rate applies directly to the Loti.
2026-09-08T12:10:19Z,2016-04-27,USD,ZAR,14.4661,LSL is pegged 1:1 to ZAR under the Common Monetary Area -- this rate applies directly to the Loti.
2026-09-08T12:10:19Z,2016-04-28,USD,ZAR,14.38,LSL is pegged 1:1 to ZAR under the Common Monetary Area -- this rate applies directly to the Loti.
2026-09-08T12:10:19Z,2016-04-29,USD,ZAR,14.1688,LSL is pegged 1:1 to ZAR under the Common Monetary Area -- this rate applies directly to the Loti.
2026-09-08T12:10:19Z,2016-05-02,USD,ZAR,14.1849,LSL is pegged 1:1 to ZAR under the Common Monetary Area -- this rate applies directly to the Loti.
2026-09-08T12:10:19Z,2016-05-03,USD,ZAR,14.4624,LSL is pegged 1:1 to ZAR under the Common Monetary Area -- this rate applies directly to the Loti.
2026-09-08T12:10:19Z,2016-05-04,USD,ZAR,14.7824,LSL is pegged 1:1 to ZAR under the Common Monetary Area -- this rate applies directly to the Loti.
2026-09-08T12:10:19Z,2016-05-05,USD,ZAR,14.9271,LSL is pegged 1:1 to ZAR under the Common Monetary Area -- this rate applies directly to the Loti.
2026-09-08T12:10:19Z,2016-05-06,USD,ZAR,14.961,LSL is pegged 1:1 to ZAR under the Common Monetary Area -- this rate applies directly to the Loti.
2026-09-08T12:10:19Z,2016-05-09,USD,ZAR,15.1055,LSL is pegged 1:1 to ZAR under the Common Monetary Area -- this rate applies directly to the Loti.
2026-09-08T12:10:19Z,2016-05-10,USD,ZAR,15.2277,LSL is pegged 1:1 to ZAR under the Common Monetary Area -- this rate applies directly to the Loti.
2026-09-08T12:10:19Z,2016-05-11,USD,ZAR,15.1404,LSL is pegged 1:1 to ZAR under the Common Monetary Area -- this rate applies directly to the Loti.
2026-09-08T12:10:19Z,2016-05-12,USD,ZAR,14.991,LSL is pegged 1:1 to ZAR under the Common Monetary Area -- this rate applies directly to the Loti.
2026-09-08T12:10:19Z,2016-05-13,USD,ZAR,15.1685,LSL is pegged 1:1 to ZAR under the Common Monetary Area -- this rate applies directly to the Loti.
2026-09-08T12:10:19Z,2016-05-16,USD,ZAR,15.5696,LSL is pegged 1:1 to ZAR under the Common Monetary Area -- this rate applies directly to the Loti.
2026-09-08T12:10:19Z,2016-05-17,USD,ZAR,15.6,LSL is pegged 1:1 to ZAR under the Common Monetary Area -- this rate applies directly to the Loti.
2026-09-08T12:10:19Z,2016-05-18,USD,ZAR,15.884,LSL is pegged 1:1 to ZAR under the Common Monetary Area -- this rate applies directly to the Loti.
2026-09-08T12:10:19Z,2016-05-19,USD,ZAR,15.8483,LSL is pegged 1:1 to ZAR under the Common Monetary Area -- this rate applies directly to the Loti.
2026-09-08T12:10:19Z,2016-05-20,USD,ZAR,15.7473,LSL is pegged 1:1 to ZAR under the Common Monetary Area -- this rate applies directly to the Loti.
2026-09-08T12:10:19Z,2016-05-23,USD,ZAR,15.6195,LSL is pegged 1:1 to ZAR under the Common Monetary Area -- this rate applies directly to the Loti.
2026-09-08T12:10:19Z,2016-05-24,USD,ZAR,15.6251,LSL is pegged 1:1 to ZAR under the Common Monetary Area -- this rate applies directly to the Loti.
2026-09-08T12:10:19Z,2016-05-25,USD,ZAR,15.6782,LSL is pegged 1:1 to ZAR under the Common Monetary Area -- this rate applies directly to the Loti.
2026-09-08T12:10:19Z,2016-05-26,USD,ZAR,15.595,LSL is pegged 1:1 to ZAR under the Common Monetary Area -- this rate applies directly to the Loti.
2026-09-08T12:10:19Z,2016-05-27,USD,ZAR,15.6254,LSL is pegged 1:1 to ZAR under the Common Monetary Area -- this rate applies directly to the Loti.
2026-09-08T12:10:19Z,2016-05-30,USD,ZAR,15.771,LSL is pegged 1:1 to ZAR under the Common Monetary Area -- this rate applies directly to the Loti.
2026-09-08T12:10:19Z,2016-05-31,USD,ZAR,15.7668,LSL is pegged 1:1 to ZAR under the Common Monetary Area -- this rate applies directly to the Loti.
2026-09-08T12:10:19Z,2016-06-01,USD,ZAR,15.6957,LSL is pegged 1:1 to ZAR under the Common Monetary Area -- this rate applies directly to the Loti.
2026-09-08T12:10:19Z,2016-06-02,USD,ZAR,15.593,LSL is pegged 1:1 to ZAR under the Common Monetary Area -- this rate applies directly to the Loti.
2026-09-08T12:10:19Z,2016-06-03,USD,ZAR,15.5799,LSL is pegged 1:1 to ZAR under the Common Monetary Area -- this rate applies directly to the Loti.
2026-09-08T12:10:19Z,2016-06-06,USD,ZAR,14.985,LSL is pegged 1:1 to ZAR under the Common Monetary Area -- this rate applies directly to the Loti.
2026-09-08T12:10:19Z,2016-06-07,USD,ZAR,14.8656,LSL is pegged 1:1 to ZAR under the Common Monetary Area -- this rate applies directly to the Loti.
2026-09-08T12:10:19Z,2016-06-08,USD,ZAR,14.7312,LSL is pegged 1:1 to ZAR under the Common Monetary Area -- this rate applies directly to the Loti.
2026-09-08T12:10:19Z,2016-06-09,USD,ZAR,14.825,LSL is pegged 1:1 to ZAR under the Common Monetary Area -- this rate applies directly to the Loti.
2026-09-08T12:10:19Z,2016-06-10,USD,ZAR,15.0906,LSL is pegged 1:1 to ZAR under the Common Monetary Area -- this rate applies directly to the Loti.
2026-09-08T12:10:19Z,2016-06-13,USD,ZAR,15.1757,LSL is pegged 1:1 to ZAR under the Common Monetary Area -- this rate applies directly to the Loti.
2026-09-08T12:10:19Z,2016-06-14,USD,ZAR,15.3557,LSL is pegged 1:1 to ZAR under the Common Monetary Area -- this rate applies directly to the Loti.
2026-09-08T12:10:19Z,2016-06-15,USD,ZAR,15.2285,LSL is pegged 1:1 to ZAR under the Common Monetary Area -- this rate applies directly to the Loti.
2026-09-08T12:10:19Z,2016-06-16,USD,ZAR,15.4144,LSL is pegged 1:1 to ZAR under the Common Monetary Area -- this rate applies directly to the Loti.
2026-09-08T12:10:19Z,2016-06-17,USD,ZAR,15.214,LSL is pegged 1:1 to ZAR under the Common Monetary Area -- this rate applies directly to the Loti.
2026-09-08T12:10:19Z,2016-06-20,USD,ZAR,14.8201,LSL is pegged 1:1 to ZAR under the Common Monetary Area -- this rate applies directly to the Loti.
2026-09-08T12:10:19Z,2016-06-21,USD,ZAR,14.676,LSL is pegged 1:1 to ZAR under the Common Monetary Area -- this rate applies directly to the Loti.
2026-09-08T12:10:19Z,2016-06-22,USD,ZAR,14.692,LSL is pegged 1:1 to ZAR under the Common Monetary Area -- this rate applies directly to the Loti.
2026-09-08T12:10:19Z,2016-06-23,USD,ZAR,14.457,LSL is pegged 1:1 to ZAR under the Common Monetary Area -- this rate applies directly to the Loti.
2026-09-08T12:10:19Z,2016-06-24,USD,ZAR,15.12,LSL is pegged 1:1 to ZAR under the Common Monetary Area -- this rate applies directly to the Loti.
2026-09-08T12:10:19Z,2016-06-27,USD,ZAR,15.3256,LSL is pegged 1:1 to ZAR under the Common Monetary Area -- this rate applies directly to the Loti.
2026-09-08T12:10:19Z,2016-06-28,USD,ZAR,15.2471,LSL is pegged 1:1 to ZAR under the Common Monetary Area -- this rate applies directly to the Loti.
2026-09-08T12:10:19Z,2016-06-29,USD,ZAR,14.9699,LSL is pegged 1:1 to ZAR under the Common Monetary Area -- this rate applies directly to the Loti.
2026-09-08T12:10:19Z,2016-06-30,USD,ZAR,14.8136,LSL is pegged 1:1 to ZAR under the Common Monetary Area -- this rate applies directly to the Loti.
2026-09-08T12:10:19Z,2016-07-01,USD,ZAR,14.5745,LSL is pegged 1:1 to ZAR under the Common Monetary Area -- this rate applies directly to the Loti.
2026-09-08T12:10:19Z,2016-07-04,USD,ZAR,14.4924,LSL is pegged 1:1 to ZAR under the Common Monetary Area -- this rate applies directly to the Loti.
2026-09-08T12:10:19Z,2016-07-05,USD,ZAR,14.7515,LSL is pegged 1:1 to ZAR under the Common Monetary Area -- this rate applies directly to the Loti.
2026-09-08T12:10:19Z,2016-07-06,USD,ZAR,14.8898,LSL is pegged 1:1 to ZAR under the Common Monetary Area -- this rate applies directly to the Loti.
2026-09-08T12:10:19Z,2016-07-07,USD,ZAR,14.66,LSL is pegged 1:1 to ZAR under the Common Monetary Area -- this rate applies directly to the Loti.
2026-09-08T12:10:19Z,2016-07-08,USD,ZAR,14.6962,LSL is pegged 1:1 to ZAR under the Common Monetary Area -- this rate applies directly to the Loti.
2026-09-08T12:10:19Z,2016-07-11,USD,ZAR,14.4423,LSL is pegged 1:1 to ZAR under the Common Monetary Area -- this rate applies directly to the Loti.
2026-09-08T12:10:19Z,2016-07-12,USD,ZAR,14.3037,LSL is pegged 1:1 to ZAR under the Common Monetary Area -- this rate applies directly to the Loti.
2026-09-08T12:10:19Z,2016-07-13,USD,ZAR,14.333,LSL is pegged 1:1 to ZAR under the Common Monetary Area -- this rate applies directly to the Loti.
2026-09-08T12:10:19Z,2016-07-14,USD,ZAR,14.212,LSL is pegged 1:1 to ZAR under the Common Monetary Area -- this rate applies directly to the Loti.
2026-09-08T12:10:19Z,2016-07-15,USD,ZAR,14.3483,LSL is pegged 1:1 to ZAR under the Common Monetary Area -- this rate applies directly to the Loti.
2026-09-08T12:10:19Z,2016-07-18,USD,ZAR,14.2663,LSL is pegged 1:1 to ZAR under the Common Monetary Area -- this rate applies directly to the Loti.
2026-09-08T12:10:19Z,2016-07-19,USD,ZAR,14.327,LSL is pegged 1:1 to ZAR under the Common Monetary Area -- this rate applies directly to the Loti.
2026-09-08T12:10:19Z,2016-07-20,USD,ZAR,14.2828,LSL is pegged 1:1 to ZAR under the Common Monetary Area -- this rate applies directly to the Loti.
2026-09-08T12:10:19Z,2016-07-21,USD,ZAR,14.2926,LSL is pegged 1:1 to ZAR under the Common Monetary Area -- this rate applies directly to the Loti.
2026-09-08T12:10:19Z,2016-07-22,USD,ZAR,14.2473,LSL is pegged 1:1 to ZAR under the Common Monetary Area -- this rate applies directly to the Loti.
2026-09-08T12:10:19Z,2016-07-25,USD,ZAR,14.2738,LSL is pegged 1:1 to ZAR under the Common Monetary Area -- this rate applies directly to the Loti.
2026-09-08T12:10:19Z,2016-07-26,USD,ZAR,14.4287,LSL is pegged 1:1 to ZAR under the Common Monetary Area -- this rate applies directly to the Loti.
2026-09-08T12:10:19Z,2016-07-27,USD,ZAR,14.2918,LSL is pegged 1:1 to ZAR under the Common Monetary Area -- this rate applies directly to the Loti.
2026-09-08T12:10:19Z,2016-07-28,USD,ZAR,14.2442,LSL is pegged 1:1 to ZAR under the Common Monetary Area -- this rate applies directly to the Loti.
2026-09-08T12:10:19Z,2016-07-29,USD,ZAR,14.1547,LSL is pegged 1:1 to ZAR under the Common Monetary Area -- this rate applies directly to the Loti.
2026-09-08T12:10:19Z,2016-08-01,USD,ZAR,13.8948,LSL is pegged 1:1 to ZAR under the Common Monetary Area -- this rate applies directly to the Loti.
2026-09-08T12:10:19Z,2016-08-02,USD,ZAR,13.9702,LSL is pegged 1:1 to ZAR under the Common Monetary Area -- this rate applies directly to the Loti.
2026-09-08T12:10:19Z,2016-08-03,USD,ZAR,13.9804,LSL is pegged 1:1 to ZAR under the Common Monetary Area -- this rate applies directly to the Loti.
2026-09-08T12:10:19Z,2016-08-04,USD,ZAR,13.739,LSL is pegged 1:1 to ZAR under the Common Monetary Area -- this rate applies directly to the Loti.
2026-09-08T12:10:19Z,2016-08-05,USD,ZAR,13.673,LSL is pegged 1:1 to ZAR under the Common Monetary Area -- this rate applies directly to the Loti.
2026-09-08T12:10:19Z,2016-08-08,USD,ZAR,13.6452,LSL is pegged 1:1 to ZAR under the Common Monetary Area -- this rate applies directly to the Loti.
2026-09-08T12:10:19Z,2016-08-09,USD,ZAR,13.5468,LSL is pegged 1:1 to ZAR under the Common Monetary Area -- this rate applies directly to the Loti.
2026-09-08T12:10:19Z,2016-08-10,USD,ZAR,13.2763,LSL is pegged 1:1 to ZAR under the Common Monetary Area -- this rate applies directly to the Loti.
2026-09-08T12:10:19Z,2016-08-11,USD,ZAR,13.3668,LSL is pegged 1:1 to ZAR under the Common Monetary Area -- this rate applies directly to the Loti.
2026-09-08T12:10:19Z,2016-08-12,USD,ZAR,13.506,LSL is pegged 1:1 to ZAR under the Common Monetary Area -- this rate applies directly to the Loti.
2026-09-08T12:10:19Z,2016-08-15,USD,ZAR,13.3583,LSL is pegged 1:1 to ZAR under the Common Monetary Area -- this rate applies directly to the Loti.
2026-09-08T12:10:19Z,2016-08-16,USD,ZAR,13.2381,LSL is pegged 1:1 to ZAR under the Common Monetary Area -- this rate applies directly to the Loti.
2026-09-08T12:10:19Z,2016-08-17,USD,ZAR,13.4541,LSL is pegged 1:1 to ZAR under the Common Monetary Area -- this rate applies directly to the Loti.
2026-09-08T12:10:19Z,2016-08-18,USD,ZAR,13.3581,LSL is pegged 1:1 to ZAR under the Common Monetary Area -- this rate applies directly to the Loti.
2026-09-08T12:10:19Z,2016-08-19,USD,ZAR,13.5104,LSL is pegged 1:1 to ZAR under the Common Monetary Area -- this rate applies directly to the Loti.
2026-09-08T12:10:19Z,2016-08-22,USD,ZAR,13.5879,LSL is pegged 1:1 to ZAR under the Common Monetary Area -- this rate applies directly to the Loti.
2026-09-08T12:10:19Z,2016-08-23,USD,ZAR,13.475,LSL is pegged 1:1 to ZAR under the Common Monetary Area -- this rate applies directly to the Loti.
2026-09-08T12:10:19Z,2016-08-24,USD,ZAR,14.1445,LSL is pegged 1:1 to ZAR under the Common Monetary Area -- this rate applies directly to the Loti.
2026-09-08T12:10:19Z,2016-08-25,USD,ZAR,14.13,LSL is pegged 1:1 to ZAR under the Common Monetary Area -- this rate applies directly to the Loti.
2026-09-08T12:10:19Z,2016-08-26,USD,ZAR,14.0498,LSL is pegged 1:1 to ZAR under the Common Monetary Area -- this rate applies directly to the Loti.
2026-09-08T12:10:19Z,2016-08-29,USD,ZAR,14.53,LSL is pegged 1:1 to ZAR under the Common Monetary Area -- this rate applies directly to the Loti.
2026-09-08T12:10:19Z,2016-08-30,USD,ZAR,14.3747,LSL is pegged 1:1 to ZAR under the Common Monetary Area -- this rate applies directly to the Loti.
2026-09-08T12:10:19Z,2016-08-31,USD,ZAR,14.5285,LSL is pegged 1:1 to ZAR under the Common Monetary Area -- this rate applies directly to the Loti.
2026-09-08T12:10:19Z,2016-09-01,USD,ZAR,14.67,LSL is pegged 1:1 to ZAR under the Common Monetary Area -- this rate applies directly to the Loti.
2026-09-08T12:10:19Z,2016-09-02,USD,ZAR,14.524,LSL is pegged 1:1 to ZAR under the Common Monetary Area -- this rate applies directly to the Loti.
2026-09-08T12:10:19Z,2016-09-05,USD,ZAR,14.3525,LSL is pegged 1:1 to ZAR under the Common Monetary Area -- this rate applies directly to the Loti.
2026-09-08T12:10:19Z,2016-09-06,USD,ZAR,14.2049,LSL is pegged 1:1 to ZAR under the Common Monetary Area -- this rate applies directly to the Loti.
2026-09-08T12:10:19Z,2016-09-07,USD,ZAR,14.0275,LSL is pegged 1:1 to ZAR under the Common Monetary Area -- this rate applies directly to the Loti.
2026-09-08T12:10:19Z,2016-09-08,USD,ZAR,13.9038,LSL is pegged 1:1 to ZAR under the Common Monetary Area -- this rate applies directly to the Loti.
2026-09-08T12:10:19Z,2016-09-09,USD,ZAR,14.3241,LSL is pegged 1:1 to ZAR under the Common Monetary Area -- this rate applies directly to the Loti.
2026-09-08T12:10:19Z,2016-09-12,USD,ZAR,14.4809,LSL is pegged 1:1 to ZAR under the Common Monetary Area -- this rate applies directly to the Loti.
2026-09-08T12:10:19Z,2016-09-13,USD,ZAR,14.2981,LSL is pegged 1:1 to ZAR under the Common Monetary Area -- this rate applies directly to the Loti.
2026-09-08T12:10:19Z,2016-09-14,USD,ZAR,14.332,LSL is pegged 1:1 to ZAR under the Common Monetary Area -- this rate applies directly to the Loti.
2026-09-08T12:10:19Z,2016-09-15,USD,ZAR,14.217,LSL is pegged 1:1 to ZAR under the Common Monetary Area -- this rate applies directly to the Loti.
2026-09-08T12:10:19Z,2016-09-16,USD,ZAR,14.135,LSL is pegged 1:1 to ZAR under the Common Monetary Area -- this rate applies directly to the Loti.
2026-09-08T12:10:19Z,2016-09-19,USD,ZAR,14.0293,LSL is pegged 1:1 to ZAR under the Common Monetary Area -- this rate applies directly to the Loti.
2026-09-08T12:10:19Z,2016-09-20,USD,ZAR,13.872,LSL is pegged 1:1 to ZAR under the Common Monetary Area -- this rate applies directly to the Loti.
2026-09-08T12:10:19Z,2016-09-21,USD,ZAR,13.712,LSL is pegged 1:1 to ZAR under the Common Monetary Area -- this rate applies directly to the Loti.
2026-09-08T12:10:19Z,2016-09-22,USD,ZAR,13.487,LSL is pegged 1:1 to ZAR under the Common Monetary Area -- this rate applies directly to the Loti.
2026-09-08T12:10:19Z,2016-09-23,USD,ZAR,13.5875,LSL is pegged 1:1 to ZAR under the Common Monetary Area -- this rate applies directly to the Loti.
2026-09-08T12:10:19Z,2016-09-26,USD,ZAR,13.673,LSL is pegged 1:1 to ZAR under the Common Monetary Area -- this rate applies directly to the Loti.
2026-09-08T12:10:19Z,2016-09-27,USD,ZAR,13.55,LSL is pegged 1:1 to ZAR under the Common Monetary Area -- this rate applies directly to the Loti.
2026-09-08T12:10:19Z,2016-09-28,USD,ZAR,13.585,LSL is pegged 1:1 to ZAR under the Common Monetary Area -- this rate applies directly to the Loti.
2026-09-08T12:10:19Z,2016-09-29,USD,ZAR,13.7902,LSL is pegged 1:1 to ZAR under the Common Monetary Area -- this rate applies directly to the Loti.
2026-09-08T12:10:19Z,2016-09-30,USD,ZAR,13.909,LSL is pegged 1:1 to ZAR under the Common Monetary Area -- this rate applies directly to the Loti.
2026-09-08T12:10:19Z,2016-10-03,USD,ZAR,13.585,LSL is pegged 1:1 to ZAR under the Common Monetary Area -- this rate applies directly to the Loti.
2026-09-08T12:10:19Z,2016-10-04,USD,ZAR,13.604,LSL is pegged 1:1 to ZAR under the Common Monetary Area -- this rate applies directly to the Loti.
2026-09-08T12:10:19Z,2016-10-05,USD,ZAR,13.7442,LSL is pegged 1:1 to ZAR under the Common Monetary Area -- this rate applies directly to the Loti.
2026-09-08T12:10:19Z,2016-10-06,USD,ZAR,13.8198,LSL is pegged 1:1 to ZAR under the Common Monetary Area -- this rate applies directly to the Loti.
2026-09-08T12:10:19Z,2016-10-07,USD,ZAR,13.8805,LSL is pegged 1:1 to ZAR under the Common Monetary Area -- this rate applies directly to the Loti.
2026-09-08T12:10:19Z,2016-10-10,USD,ZAR,13.8486,LSL is pegged 1:1 to ZAR under the Common Monetary Area -- this rate applies directly to the Loti.
2026-09-08T12:10:19Z,2016-10-11,USD,ZAR,14.263,LSL is pegged 1:1 to ZAR under the Common Monetary Area -- this rate applies directly to the Loti.
2026-09-08T12:10:19Z,2016-10-12,USD,ZAR,14.394,LSL is pegged 1:1 to ZAR under the Common Monetary Area -- this rate applies directly to the Loti.
2026-09-08T12:10:19Z,2016-10-13,USD,ZAR,14.2963,LSL is pegged 1:1 to ZAR under the Common Monetary Area -- this rate applies directly to the Loti.
2026-09-08T12:10:19Z,2016-10-14,USD,ZAR,14.2068,LSL is pegged 1:1 to ZAR under the Common Monetary Area -- this rate applies directly to the Loti.
2026-09-08T12:10:19Z,2016-10-17,USD,ZAR,14.238,LSL is pegged 1:1 to ZAR under the Common Monetary Area -- this rate applies directly to the Loti.
2026-09-08T12:10:19Z,2016-10-18,USD,ZAR,14.0465,LSL is pegged 1:1 to ZAR under the Common Monetary Area -- this rate applies directly to the Loti.
2026-09-08T12:10:19Z,2016-10-19,USD,ZAR,13.9038,LSL is pegged 1:1 to ZAR under the Common Monetary Area -- this rate applies directly to the Loti.
2026-09-08T12:10:19Z,2016-10-20,USD,ZAR,13.9107,LSL is pegged 1:1 to ZAR under the Common Monetary Area -- this rate applies directly to the Loti.
2026-09-08T12:10:19Z,2016-10-21,USD,ZAR,14.0319,LSL is pegged 1:1 to ZAR under the Common Monetary Area -- this rate applies directly to the Loti.
2026-09-08T12:10:19Z,2016-10-24,USD,ZAR,13.88,LSL is pegged 1:1 to ZAR under the Common Monetary Area -- this rate applies directly to the Loti.
2026-09-08T12:10:19Z,2016-10-25,USD,ZAR,13.834,LSL is pegged 1:1 to ZAR under the Common Monetary Area -- this rate applies directly to the Loti.
2026-09-08T12:10:19Z,2016-10-26,USD,ZAR,13.75,LSL is pegged 1:1 to ZAR under the Common Monetary Area -- this rate applies directly to the Loti.
2026-09-08T12:10:19Z,2016-10-27,USD,ZAR,13.8575,LSL is pegged 1:1 to ZAR under the Common Monetary Area -- this rate applies directly to the Loti.
2026-09-08T12:10:19Z,2016-10-28,USD,ZAR,13.8812,LSL is pegged 1:1 to ZAR under the Common Monetary Area -- this rate applies directly to the Loti.
2026-09-08T12:10:19Z,2016-10-31,USD,ZAR,13.565,LSL is pegged 1:1 to ZAR under the Common Monetary Area -- this rate applies directly to the Loti.
2026-09-08T12:10:19Z,2016-11-01,USD,ZAR,13.4957,LSL is pegged 1:1 to ZAR under the Common Monetary Area -- this rate applies directly to the Loti.
2026-09-08T12:10:19Z,2016-11-02,USD,ZAR,13.3775,LSL is pegged 1:1 to ZAR under the Common Monetary Area -- this rate applies directly to the Loti.
2026-09-08T12:10:19Z,2016-11-03,USD,ZAR,13.4621,LSL is pegged 1:1 to ZAR under the Common Monetary Area -- this rate applies directly to the Loti.
2026-09-08T12:10:19Z,2016-11-04,USD,ZAR,13.5329,LSL is pegged 1:1 to ZAR under the Common Monetary Area -- this rate applies directly to the Loti.
2026-09-08T12:10:19Z,2016-11-07,USD,ZAR,13.4555,LSL is pegged 1:1 to ZAR under the Common Monetary Area -- this rate applies directly to the Loti.
2026-09-08T12:10:19Z,2016-11-08,USD,ZAR,13.3464,LSL is pegged 1:1 to ZAR under the Common Monetary Area -- this rate applies directly to the Loti.
2026-09-08T12:10:19Z,2016-11-09,USD,ZAR,13.455,LSL is pegged 1:1 to ZAR under the Common Monetary Area -- this rate applies directly to the Loti.
2026-09-08T12:10:19Z,2016-11-10,USD,ZAR,13.8645,LSL is pegged 1:1 to ZAR under the Common Monetary Area -- this rate applies directly to the Loti.
2026-09-08T12:10:19Z,2016-11-11,USD,ZAR,14.2217,LSL is pegged 1:1 to ZAR under the Common Monetary Area -- this rate applies directly to the Loti.
2026-09-08T12:10:19Z,2016-11-14,USD,ZAR,14.3882,LSL is pegged 1:1 to ZAR under the Common Monetary Area -- this rate applies directly to the Loti.
2026-09-08T12:10:19Z,2016-11-15,USD,ZAR,14.183,LSL is pegged 1:1 to ZAR under the Common Monetary Area -- this rate applies directly to the Loti.
2026-09-08T12:10:19Z,2016-11-16,USD,ZAR,14.3335,LSL is pegged 1:1 to ZAR under the Common Monetary Area -- this rate applies directly to the Loti.
2026-09-08T12:10:19Z,2016-11-17,USD,ZAR,14.27,LSL is pegged 1:1 to ZAR under the Common Monetary Area -- this rate applies directly to the Loti.
2026-09-08T12:10:19Z,2016-11-18,USD,ZAR,14.3748,LSL is pegged 1:1 to ZAR under the Common Monetary Area -- this rate applies directly to the Loti.
2026-09-08T12:10:19Z,2016-11-21,USD,ZAR,14.22,LSL is pegged 1:1 to ZAR under the Common Monetary Area -- this rate applies directly to the Loti.
2026-09-08T12:10:19Z,2016-11-22,USD,ZAR,14.0569,LSL is pegged 1:1 to ZAR under the Common Monetary Area -- this rate applies directly to the Loti.
2026-09-08T12:10:19Z,2016-11-23,USD,ZAR,14.14,LSL is pegged 1:1 to ZAR under the Common Monetary Area -- this rate applies directly to the Loti.
2026-09-08T12:10:19Z,2016-11-24,USD,ZAR,14.2288,LSL is pegged 1:1 to ZAR under the Common Monetary Area -- this rate applies directly to the Loti.
2026-09-08T12:10:19Z,2016-11-25,USD,ZAR,14.135,LSL is pegged 1:1 to ZAR under the Common Monetary Area -- this rate applies directly to the Loti.
2026-09-08T12:10:19Z,2016-11-28,USD,ZAR,13.885,LSL is pegged 1:1 to ZAR under the Common Monetary Area -- this rate applies directly to the Loti.
2026-09-08T12:10:19Z,2016-11-29,USD,ZAR,13.99,LSL is pegged 1:1 to ZAR under the Common Monetary Area -- this rate applies directly to the Loti.
2026-09-08T12:10:19Z,2016-11-30,USD,ZAR,14.0005,LSL is pegged 1:1 to ZAR under the Common Monetary Area -- this rate applies directly to the Loti.
2026-09-08T12:10:19Z,2016-12-01,USD,ZAR,14.075,LSL is pegged 1:1 to ZAR under the Common Monetary Area -- this rate applies directly to the Loti.
2026-09-08T12:10:19Z,2016-12-02,USD,ZAR,14.0813,LSL is pegged 1:1 to ZAR under the Common Monetary Area -- this rate applies directly to the Loti.
2026-09-08T12:10:19Z,2016-12-05,USD,ZAR,13.8409,LSL is pegged 1:1 to ZAR under the Common Monetary Area -- this rate applies directly to the Loti.
2026-09-08T12:10:19Z,2016-12-06,USD,ZAR,13.613,LSL is pegged 1:1 to ZAR under the Common Monetary Area -- this rate applies directly to the Loti.
2026-09-08T12:10:19Z,2016-12-07,USD,ZAR,13.563,LSL is pegged 1:1 to ZAR under the Common Monetary Area -- this rate applies directly to the Loti.
2026-09-08T12:10:19Z,2016-12-08,USD,ZAR,13.6742,LSL is pegged 1:1 to ZAR under the Common Monetary Area -- this rate applies directly to the Loti.
2026-09-08T12:10:19Z,2016-12-09,USD,ZAR,13.775,LSL is pegged 1:1 to ZAR under the Common Monetary Area -- this rate applies directly to the Loti.
2026-09-08T12:10:19Z,2016-12-12,USD,ZAR,13.726,LSL is pegged 1:1 to ZAR under the Common Monetary Area -- this rate applies directly to the Loti.
2026-09-08T12:10:19Z,2016-12-13,USD,ZAR,13.6871,LSL is pegged 1:1 to ZAR under the Common Monetary Area -- this rate applies directly to the Loti.
2026-09-08T12:10:19Z,2016-12-14,USD,ZAR,13.6704,LSL is pegged 1:1 to ZAR under the Common Monetary Area -- this rate applies directly to the Loti.
2026-09-08T12:10:19Z,2016-12-15,USD,ZAR,14.04,LSL is pegged 1:1 to ZAR under the Common Monetary Area -- this rate applies directly to the Loti.
2026-09-08T12:10:19Z,2016-12-16,USD,ZAR,13.9741,LSL is pegged 1:1 to ZAR under the Common Monetary Area -- this rate applies directly to the Loti.
2026-09-08T12:10:19Z,2016-12-19,USD,ZAR,14.075,LSL is pegged 1:1 to ZAR under the Common Monetary Area -- this rate applies directly to the Loti.
2026-09-08T12:10:19Z,2016-12-20,USD,ZAR,14.0685,LSL is pegged 1:1 to ZAR under the Common Monetary Area -- this rate applies directly to the Loti.
2026-09-08T12:10:19Z,2016-12-21,USD,ZAR,13.9493,LSL is pegged 1:1 to ZAR under the Common Monetary Area -- this rate applies directly to the Loti.
2026-09-08T12:10:19Z,2016-12-22,USD,ZAR,14.057,LSL is pegged 1:1 to ZAR under the Common Monetary Area -- this rate applies directly to the Loti.
2026-09-08T12:10:19Z,2016-12-23,USD,ZAR,14.0104,LSL is pegged 1:1 to ZAR under the Common Monetary Area -- this rate applies directly to the Loti.
2026-09-08T12:10:19Z,2016-12-27,USD,ZAR,13.9581,LSL is pegged 1:1 to ZAR under the Common Monetary Area -- this rate applies directly to the Loti.
2026-09-08T12:10:19Z,2016-12-28,USD,ZAR,13.8963,LSL is pegged 1:1 to ZAR under the Common Monetary Area -- this rate applies directly to the Loti.
2026-09-08T12:10:19Z,2016-12-29,USD,ZAR,13.6728,LSL is pegged 1:1 to ZAR under the Common Monetary Area -- this rate applies directly to the Loti.
2026-09-08T12:10:19Z,2016-12-30,USD,ZAR,13.715,LSL is pegged 1:1 to ZAR under the Common Monetary Area -- this rate applies directly to the Loti.
2026-09-08T12:10:19Z,2017-01-02,USD,ZAR,13.7286,LSL is pegged 1:1 to ZAR under the Common Monetary Area -- this rate applies directly to the Loti.
2026-09-08T12:10:19Z,2017-01-03,USD,ZAR,13.7545,LSL is pegged 1:1 to ZAR under the Common Monetary Area -- this rate applies directly to the Loti.
2026-09-08T12:10:19Z,2017-01-04,USD,ZAR,13.6446,LSL is pegged 1:1 to ZAR under the Common Monetary Area -- this rate applies directly to the Loti.
2026-09-08T12:10:19Z,2017-01-05,USD,ZAR,13.641,LSL is pegged 1:1 to ZAR under the Common Monetary Area -- this rate applies directly to the Loti.
2026-09-08T12:10:19Z,2017-01-06,USD,ZAR,13.6159,LSL is pegged 1:1 to ZAR under the Common Monetary Area -- this rate applies directly to the Loti.
2026-09-08T12:10:19Z,2017-01-09,USD,ZAR,13.7055,LSL is pegged 1:1 to ZAR under the Common Monetary Area -- this rate applies directly to the Loti.
2026-09-08T12:10:19Z,2017-01-10,USD,ZAR,13.7005,LSL is pegged 1:1 to ZAR under the Common Monetary Area -- this rate applies directly to the Loti.
2026-09-08T12:10:19Z,2017-01-11,USD,ZAR,13.781,LSL is pegged 1:1 to ZAR under the Common Monetary Area -- this rate applies directly to the Loti.
2026-09-08T12:10:19Z,2017-01-12,USD,ZAR,13.4353,LSL is pegged 1:1 to ZAR under the Common Monetary Area -- this rate applies directly to the Loti.
2026-09-08T12:10:19Z,2017-01-13,USD,ZAR,13.5149,LSL is pegged 1:1 to ZAR under the Common Monetary Area -- this rate applies directly to the Loti.
2026-09-08T12:10:19Z,2017-01-16,USD,ZAR,13.6126,LSL is pegged 1:1 to ZAR under the Common Monetary Area -- this rate applies directly to the Loti.
2026-09-08T12:10:19Z,2017-01-17,USD,ZAR,13.4752,LSL is pegged 1:1 to ZAR under the Common Monetary Area -- this rate applies directly to the Loti.
2026-09-08T12:10:19Z,2017-01-18,USD,ZAR,13.5626,LSL is pegged 1:1 to ZAR under the Common Monetary Area -- this rate applies directly to the Loti.
2026-09-08T12:10:19Z,2017-01-19,USD,ZAR,13.5973,LSL is pegged 1:1 to ZAR under the Common Monetary Area -- this rate applies directly to the Loti.
2026-09-08T12:10:19Z,2017-01-20,USD,ZAR,13.624,LSL is pegged 1:1 to ZAR under the Common Monetary Area -- this rate applies directly to the Loti.
2026-09-08T12:10:19Z,2017-01-23,USD,ZAR,13.5565,LSL is pegged 1:1 to ZAR under the Common Monetary Area -- this rate applies directly to the Loti.
2026-09-08T12:10:19Z,2017-01-24,USD,ZAR,13.3646,LSL is pegged 1:1 to ZAR under the Common Monetary Area -- this rate applies directly to the Loti.
2026-09-08T12:10:19Z,2017-01-25,USD,ZAR,13.2725,LSL is pegged 1:1 to ZAR under the Common Monetary Area -- this rate applies directly to the Loti.
2026-09-08T12:10:19Z,2017-01-26,USD,ZAR,13.374,LSL is pegged 1:1 to ZAR under the Common Monetary Area -- this rate applies directly to the Loti.
2026-09-08T12:10:19Z,2017-01-27,USD,ZAR,13.526,LSL is pegged 1:1 to ZAR under the Common Monetary Area -- this rate applies directly to the Loti.
2026-09-08T12:10:19Z,2017-01-30,USD,ZAR,13.5945,LSL is pegged 1:1 to ZAR under the Common Monetary Area -- this rate applies directly to the Loti.
2026-09-08T12:10:19Z,2017-01-31,USD,ZAR,13.43,LSL is pegged 1:1 to ZAR under the Common Monetary Area -- this rate applies directly to the Loti.
2026-09-08T12:10:19Z,2017-02-01,USD,ZAR,13.4233,LSL is pegged 1:1 to ZAR under the Common Monetary Area -- this rate applies directly to the Loti.
2026-09-08T12:10:19Z,2017-02-02,USD,ZAR,13.3921,LSL is pegged 1:1 to ZAR under the Common Monetary Area -- this rate applies directly to the Loti.
2026-09-08T12:10:19Z,2017-02-03,USD,ZAR,13.4263,LSL is pegged 1:1 to ZAR under the Common Monetary Area -- this rate applies directly to the Loti.
2026-09-08T12:10:19Z,2017-02-06,USD,ZAR,13.2959,LSL is pegged 1:1 to ZAR under the Common Monetary Area -- this rate applies directly to the Loti.
2026-09-08T12:10:19Z,2017-02-07,USD,ZAR,13.4373,LSL is pegged 1:1 to ZAR under the Common Monetary Area -- this rate applies directly to the Loti.
2026-09-08T12:10:19Z,2017-02-08,USD,ZAR,13.4235,LSL is pegged 1:1 to ZAR under the Common Monetary Area -- this rate applies directly to the Loti.
2026-09-08T12:10:19Z,2017-02-09,USD,ZAR,13.41,LSL is pegged 1:1 to ZAR under the Common Monetary Area -- this rate applies directly to the Loti.
2026-09-08T12:10:19Z,2017-02-10,USD,ZAR,13.3471,LSL is pegged 1:1 to ZAR under the Common Monetary Area -- this rate applies directly to the Loti.
2026-09-08T12:10:19Z,2017-02-13,USD,ZAR,13.3417,LSL is pegged 1:1 to ZAR under the Common Monetary Area -- this rate applies directly to the Loti.
2026-09-08T12:10:19Z,2017-02-14,USD,ZAR,13.098,LSL is pegged 1:1 to ZAR under the Common Monetary Area -- this rate applies directly to the Loti.
2026-09-08T12:10:19Z,2017-02-15,USD,ZAR,13.046,LSL is pegged 1:1 to ZAR under the Common Monetary Area -- this rate applies directly to the Loti.
2026-09-08T12:10:19Z,2017-02-16,USD,ZAR,12.94,LSL is pegged 1:1 to ZAR under the Common Monetary Area -- this rate applies directly to the Loti.
2026-09-08T12:10:19Z,2017-02-17,USD,ZAR,13.0852,LSL is pegged 1:1 to ZAR under the Common Monetary Area -- this rate applies directly to the Loti.
2026-09-08T12:10:19Z,2017-02-20,USD,ZAR,13.11,LSL is pegged 1:1 to ZAR under the Common Monetary Area -- this rate applies directly to the Loti.
2026-09-08T12:10:19Z,2017-02-21,USD,ZAR,13.1599,LSL is pegged 1:1 to ZAR under the Common Monetary Area -- this rate applies directly to the Loti.
2026-09-08T12:10:19Z,2017-02-22,USD,ZAR,13.105,LSL is pegged 1:1 to ZAR under the Common Monetary Area -- this rate applies directly to the Loti.
2026-09-08T12:10:19Z,2017-02-23,USD,ZAR,12.88,LSL is pegged 1:1 to ZAR under the Common Monetary Area -- this rate applies directly to the Loti.
2026-09-08T12:10:19Z,2017-02-24,USD,ZAR,12.9151,LSL is pegged 1:1 to ZAR under the Common Monetary Area -- this rate applies directly to the Loti.
2026-09-08T12:10:19Z,2017-02-27,USD,ZAR,12.955,LSL is pegged 1:1 to ZAR under the Common Monetary Area -- this rate applies directly to the Loti.
2026-09-08T12:10:19Z,2017-02-28,USD,ZAR,13.0141,LSL is pegged 1:1 to ZAR under the Common Monetary Area -- this rate applies directly to the Loti.
2026-09-08T12:10:19Z,2017-03-01,USD,ZAR,13.082,LSL is pegged 1:1 to ZAR under the Common Monetary Area -- this rate applies directly to the Loti.
2026-09-08T12:10:19Z,2017-03-02,USD,ZAR,13.1062,LSL is pegged 1:1 to ZAR under the Common Monetary Area -- this rate applies directly to the Loti.
2026-09-08T12:10:19Z,2017-03-03,USD,ZAR,13.0828,LSL is pegged 1:1 to ZAR under the Common Monetary Area -- this rate applies directly to the Loti.
2026-09-08T12:10:19Z,2017-03-06,USD,ZAR,12.9951,LSL is pegged 1:1 to ZAR under the Common Monetary Area -- this rate applies directly to the Loti.
2026-09-08T12:10:19Z,2017-03-07,USD,ZAR,12.9575,LSL is pegged 1:1 to ZAR under the Common Monetary Area -- this rate applies directly to the Loti.
2026-09-08T12:10:19Z,2017-03-08,USD,ZAR,13.0644,LSL is pegged 1:1 to ZAR under the Common Monetary Area -- this rate applies directly to the Loti.
2026-09-08T12:10:19Z,2017-03-09,USD,ZAR,13.2669,LSL is pegged 1:1 to ZAR under the Common Monetary Area -- this rate applies directly to the Loti.
2026-09-08T12:10:19Z,2017-03-10,USD,ZAR,13.2643,LSL is pegged 1:1 to ZAR under the Common Monetary Area -- this rate applies directly to the Loti.
2026-09-08T12:10:19Z,2017-03-13,USD,ZAR,13.139,LSL is pegged 1:1 to ZAR under the Common Monetary Area -- this rate applies directly to the Loti.
2026-09-08T12:10:19Z,2017-03-14,USD,ZAR,13.16,LSL is pegged 1:1 to ZAR under the Common Monetary Area -- this rate applies directly to the Loti.
2026-09-08T12:10:19Z,2017-03-15,USD,ZAR,13.053,LSL is pegged 1:1 to ZAR under the Common Monetary Area -- this rate applies directly to the Loti.
2026-09-08T12:10:19Z,2017-03-16,USD,ZAR,12.7046,LSL is pegged 1:1 to ZAR under the Common Monetary Area -- this rate applies directly to the Loti.
2026-09-08T12:10:19Z,2017-03-17,USD,ZAR,12.76,LSL is pegged 1:1 to ZAR under the Common Monetary Area -- this rate applies directly to the Loti.
2026-09-08T12:10:19Z,2017-03-20,USD,ZAR,12.676,LSL is pegged 1:1 to ZAR under the Common Monetary Area -- this rate applies directly to the Loti.
2026-09-08T12:10:19Z,2017-03-21,USD,ZAR,12.5738,LSL is pegged 1:1 to ZAR under the Common Monetary Area -- this rate applies directly to the Loti.
2026-09-08T12:10:19Z,2017-03-22,USD,ZAR,12.595,LSL is pegged 1:1 to ZAR under the Common Monetary Area -- this rate applies directly to the Loti.
2026-09-08T12:10:19Z,2017-03-23,USD,ZAR,12.51,LSL is pegged 1:1 to ZAR under the Common Monetary Area -- this rate applies directly to the Loti.
2026-09-08T12:10:19Z,2017-03-24,USD,ZAR,12.4772,LSL is pegged 1:1 to ZAR under the Common Monetary Area -- this rate applies directly to the Loti.
2026-09-08T12:10:19Z,2017-03-27,USD,ZAR,12.6375,LSL is pegged 1:1 to ZAR under the Common Monetary Area -- this rate applies directly to the Loti.
2026-09-08T12:10:19Z,2017-03-28,USD,ZAR,12.9402,LSL is pegged 1:1 to ZAR under the Common Monetary Area -- this rate applies directly to the Loti.
2026-09-08T12:10:19Z,2017-03-29,USD,ZAR,13.1387,LSL is pegged 1:1 to ZAR under the Common Monetary Area -- this rate applies directly to the Loti.
2026-09-08T12:10:19Z,2017-03-30,USD,ZAR,12.8681,LSL is pegged 1:1 to ZAR under the Common Monetary Area -- this rate applies directly to the Loti.
2026-09-08T12:10:19Z,2017-03-31,USD,ZAR,13.32,LSL is pegged 1:1 to ZAR under the Common Monetary Area -- this rate applies directly to the Loti.
2026-09-08T12:10:19Z,2017-04-03,USD,ZAR,13.5546,LSL is pegged 1:1 to ZAR under the Common Monetary Area -- this rate applies directly to the Loti.
2026-09-08T12:10:19Z,2017-04-04,USD,ZAR,13.762,LSL is pegged 1:1 to ZAR under the Common Monetary Area -- this rate applies directly to the Loti.
2026-09-08T12:10:19Z,2017-04-05,USD,ZAR,13.7036,LSL is pegged 1:1 to ZAR under the Common Monetary Area -- this rate applies directly to the Loti.
2026-09-08T12:10:19Z,2017-04-06,USD,ZAR,13.8036,LSL is pegged 1:1 to ZAR under the Common Monetary Area -- this rate applies directly to the Loti.
2026-09-08T12:10:19Z,2017-04-07,USD,ZAR,13.8137,LSL is pegged 1:1 to ZAR under the Common Monetary Area -- this rate applies directly to the Loti.
2026-09-08T12:10:19Z,2017-04-10,USD,ZAR,13.889,LSL is pegged 1:1 to ZAR under the Common Monetary Area -- this rate applies directly to the Loti.
2026-09-08T12:10:19Z,2017-04-11,USD,ZAR,13.8368,LSL is pegged 1:1 to ZAR under the Common Monetary Area -- this rate applies directly to the Loti.
2026-09-08T12:10:19Z,2017-04-12,USD,ZAR,13.6902,LSL is pegged 1:1 to ZAR under the Common Monetary Area -- this rate applies directly to the Loti.
2026-09-08T12:10:19Z,2017-04-13,USD,ZAR,13.5282,LSL is pegged 1:1 to ZAR under the Common Monetary Area -- this rate applies directly to the Loti.
2026-09-08T12:10:19Z,2017-04-18,USD,ZAR,13.3871,LSL is pegged 1:1 to ZAR under the Common Monetary Area -- this rate applies directly to the Loti.
2026-09-08T12:10:19Z,2017-04-19,USD,ZAR,13.297,LSL is pegged 1:1 to ZAR under the Common Monetary Area -- this rate applies directly to the Loti.
2026-09-08T12:10:19Z,2017-04-20,USD,ZAR,13.1486,LSL is pegged 1:1 to ZAR under the Common Monetary Area -- this rate applies directly to the Loti.
2026-09-08T12:10:19Z,2017-04-21,USD,ZAR,13.1414,LSL is pegged 1:1 to ZAR under the Common Monetary Area -- this rate applies directly to the Loti.
2026-09-08T12:10:19Z,2017-04-24,USD,ZAR,12.9645,LSL is pegged 1:1 to ZAR under the Common Monetary Area -- this rate applies directly to the Loti.
2026-09-08T12:10:19Z,2017-04-25,USD,ZAR,13.0448,LSL is pegged 1:1 to ZAR under the Common Monetary Area -- this rate applies directly to the Loti.
2026-09-08T12:10:19Z,2017-04-26,USD,ZAR,13.2358,LSL is pegged 1:1 to ZAR under the Common Monetary Area -- this rate applies directly to the Loti.
2026-09-08T12:10:19Z,2017-04-27,USD,ZAR,13.3592,LSL is pegged 1:1 to ZAR under the Common Monetary Area -- this rate applies directly to the Loti.
2026-09-08T12:10:19Z,2017-04-28,USD,ZAR,13.257,LSL is pegged 1:1 to ZAR under the Common Monetary Area -- this rate applies directly to the Loti.
2026-09-08T12:10:19Z,2017-05-02,USD,ZAR,13.274,LSL is pegged 1:1 to ZAR under the Common Monetary Area -- this rate applies directly to the Loti.
2026-09-08T12:10:19Z,2017-05-03,USD,ZAR,13.3465,LSL is pegged 1:1 to ZAR under the Common Monetary Area -- this rate applies directly to the Loti.
2026-09-08T12:10:19Z,2017-05-04,USD,ZAR,13.5436,LSL is pegged 1:1 to ZAR under the Common Monetary Area -- this rate applies directly to the Loti.
2026-09-08T12:10:19Z,2017-05-05,USD,ZAR,13.5843,LSL is pegged 1:1 to ZAR under the Common Monetary Area -- this rate applies directly to the Loti.
2026-09-08T12:10:19Z,2017-05-08,USD,ZAR,13.576,LSL is pegged 1:1 to ZAR under the Common Monetary Area -- this rate applies directly to the Loti.
2026-09-08T12:10:19Z,2017-05-09,USD,ZAR,13.665,LSL is pegged 1:1 to ZAR under the Common Monetary Area -- this rate applies directly to the Loti.
2026-09-08T12:10:19Z,2017-05-10,USD,ZAR,13.49,LSL is pegged 1:1 to ZAR under the Common Monetary Area -- this rate applies directly to the Loti.
2026-09-08T12:10:19Z,2017-05-11,USD,ZAR,13.3662,LSL is pegged 1:1 to ZAR under the Common Monetary Area -- this rate applies directly to the Loti.
2026-09-08T12:10:19Z,2017-05-12,USD,ZAR,13.4549,LSL is pegged 1:1 to ZAR under the Common Monetary Area -- this rate applies directly to the Loti.
2026-09-08T12:10:19Z,2017-05-15,USD,ZAR,13.1989,LSL is pegged 1:1 to ZAR under the Common Monetary Area -- this rate applies directly to the Loti.
2026-09-08T12:10:19Z,2017-05-16,USD,ZAR,13.1374,LSL is pegged 1:1 to ZAR under the Common Monetary Area -- this rate applies directly to the Loti.
2026-09-08T12:10:19Z,2017-05-17,USD,ZAR,13.091,LSL is pegged 1:1 to ZAR under the Common Monetary Area -- this rate applies directly to the Loti.
2026-09-08T12:10:19Z,2017-05-18,USD,ZAR,13.5287,LSL is pegged 1:1 to ZAR under the Common Monetary Area -- this rate applies directly to the Loti.
2026-09-08T12:10:19Z,2017-05-19,USD,ZAR,13.2636,LSL is pegged 1:1 to ZAR under the Common Monetary Area -- this rate applies directly to the Loti.
2026-09-08T12:10:19Z,2017-05-22,USD,ZAR,13.1814,LSL is pegged 1:1 to ZAR under the Common Monetary Area -- this rate applies directly to the Loti.
2026-09-08T12:10:19Z,2017-05-23,USD,ZAR,13.2037,LSL is pegged 1:1 to ZAR under the Common Monetary Area -- this rate applies directly to the Loti.
2026-09-08T12:10:19Z,2017-05-24,USD,ZAR,12.9525,LSL is pegged 1:1 to ZAR under the Common Monetary Area -- this rate applies directly to the Loti.
2026-09-08T12:10:19Z,2017-05-25,USD,ZAR,12.895,LSL is pegged 1:1 to ZAR under the Common Monetary Area -- this rate applies directly to the Loti.
2026-09-08T12:10:19Z,2017-05-26,USD,ZAR,12.8714,LSL is pegged 1:1 to ZAR under the Common Monetary Area -- this rate applies directly to the Loti.
2026-09-08T12:10:19Z,2017-05-29,USD,ZAR,12.9475,LSL is pegged 1:1 to ZAR under the Common Monetary Area -- this rate applies directly to the Loti.
2026-09-08T12:10:19Z,2017-05-30,USD,ZAR,13.147,LSL is pegged 1:1 to ZAR under the Common Monetary Area -- this rate applies directly to the Loti.
2026-09-08T12:10:19Z,2017-05-31,USD,ZAR,13.1338,LSL is pegged 1:1 to ZAR under the Common Monetary Area -- this rate applies directly to the Loti.
2026-09-08T12:10:19Z,2017-06-01,USD,ZAR,13.05,LSL is pegged 1:1 to ZAR under the Common Monetary Area -- this rate applies directly to the Loti.
2026-09-08T12:10:19Z,2017-06-02,USD,ZAR,12.8704,LSL is pegged 1:1 to ZAR under the Common Monetary Area -- this rate applies directly to the Loti.
2026-09-08T12:10:19Z,2017-06-05,USD,ZAR,12.7404,LSL is pegged 1:1 to ZAR under the Common Monetary Area -- this rate applies directly to the Loti.
2026-09-08T12:10:19Z,2017-06-06,USD,ZAR,12.8487,LSL is pegged 1:1 to ZAR under the Common Monetary Area -- this rate applies directly to the Loti.
2026-09-08T12:10:19Z,2017-06-07,USD,ZAR,12.865,LSL is pegged 1:1 to ZAR under the Common Monetary Area -- this rate applies directly to the Loti.
2026-09-08T12:10:19Z,2017-06-08,USD,ZAR,12.8663,LSL is pegged 1:1 to ZAR under the Common Monetary Area -- this rate applies directly to the Loti.
2026-09-08T12:10:19Z,2017-06-09,USD,ZAR,12.8849,LSL is pegged 1:1 to ZAR under the Common Monetary Area -- this rate applies directly to the Loti.
2026-09-08T12:10:19Z,2017-06-12,USD,ZAR,12.8114,LSL is pegged 1:1 to ZAR under the Common Monetary Area -- this rate applies directly to the Loti.
2026-09-08T12:10:19Z,2017-06-13,USD,ZAR,12.775,LSL is pegged 1:1 to ZAR under the Common Monetary Area -- this rate applies directly to the Loti.
2026-09-08T12:10:19Z,2017-06-14,USD,ZAR,12.7374,LSL is pegged 1:1 to ZAR under the Common Monetary Area -- this rate applies directly to the Loti.
2026-09-08T12:10:19Z,2017-06-15,USD,ZAR,12.8715,LSL is pegged 1:1 to ZAR under the Common Monetary Area -- this rate applies directly to the Loti.
2026-09-08T12:10:19Z,2017-06-16,USD,ZAR,12.88,LSL is pegged 1:1 to ZAR under the Common Monetary Area -- this rate applies directly to the Loti.
2026-09-08T12:10:19Z,2017-06-19,USD,ZAR,12.9787,LSL is pegged 1:1 to ZAR under the Common Monetary Area -- this rate applies directly to the Loti.
2026-09-08T12:10:19Z,2017-06-20,USD,ZAR,13.102,LSL is pegged 1:1 to ZAR under the Common Monetary Area -- this rate applies directly to the Loti.
2026-09-08T12:10:19Z,2017-06-21,USD,ZAR,13.0309,LSL is pegged 1:1 to ZAR under the Common Monetary Area -- this rate applies directly to the Loti.
2026-09-08T12:10:19Z,2017-06-22,USD,ZAR,13.0006,LSL is pegged 1:1 to ZAR under the Common Monetary Area -- this rate applies directly to the Loti.
2026-09-08T12:10:19Z,2017-06-23,USD,ZAR,12.9357,LSL is pegged 1:1 to ZAR under the Common Monetary Area -- this rate applies directly to the Loti.
2026-09-08T12:10:19Z,2017-06-26,USD,ZAR,12.88,LSL is pegged 1:1 to ZAR under the Common Monetary Area -- this rate applies directly to the Loti.
2026-09-08T12:10:19Z,2017-06-27,USD,ZAR,12.9076,LSL is pegged 1:1 to ZAR under the Common Monetary Area -- this rate applies directly to the Loti.
2026-09-08T12:10:19Z,2017-06-28,USD,ZAR,13.018,LSL is pegged 1:1 to ZAR under the Common Monetary Area -- this rate applies directly to the Loti.
2026-09-08T12:10:19Z,2017-06-29,USD,ZAR,12.9905,LSL is pegged 1:1 to ZAR under the Common Monetary Area -- this rate applies directly to the Loti.
2026-09-08T12:10:19Z,2017-06-30,USD,ZAR,13.074,LSL is pegged 1:1 to ZAR under the Common Monetary Area -- this rate applies directly to the Loti.
2026-09-08T12:10:19Z,2017-07-03,USD,ZAR,13.1873,LSL is pegged 1:1 to ZAR under the Common Monetary Area -- this rate applies directly to the Loti.
2026-09-08T12:10:19Z,2017-07-04,USD,ZAR,13.2284,LSL is pegged 1:1 to ZAR under the Common Monetary Area -- this rate applies directly to the Loti.
2026-09-08T12:10:19Z,2017-07-05,USD,ZAR,13.3522,LSL is pegged 1:1 to ZAR under the Common Monetary Area -- this rate applies directly to the Loti.
2026-09-08T12:10:19Z,2017-07-06,USD,ZAR,13.48,LSL is pegged 1:1 to ZAR under the Common Monetary Area -- this rate applies directly to the Loti.
2026-09-08T12:10:19Z,2017-07-07,USD,ZAR,13.3759,LSL is pegged 1:1 to ZAR under the Common Monetary Area -- this rate applies directly to the Loti.
2026-09-08T12:10:19Z,2017-07-10,USD,ZAR,13.36,LSL is pegged 1:1 to ZAR under the Common Monetary Area -- this rate applies directly to the Loti.
2026-09-08T12:10:19Z,2017-07-11,USD,ZAR,13.555,LSL is pegged 1:1 to ZAR under the Common Monetary Area -- this rate applies directly to the Loti.
2026-09-08T12:10:19Z,2017-07-12,USD,ZAR,13.395,LSL is pegged 1:1 to ZAR under the Common Monetary Area -- this rate applies directly to the Loti.
2026-09-08T12:10:19Z,2017-07-13,USD,ZAR,13.2225,LSL is pegged 1:1 to ZAR under the Common Monetary Area -- this rate applies directly to the Loti.
2026-09-08T12:10:19Z,2017-07-14,USD,ZAR,13.168,LSL is pegged 1:1 to ZAR under the Common Monetary Area -- this rate applies directly to the Loti.
2026-09-08T12:10:19Z,2017-07-17,USD,ZAR,12.9436,LSL is pegged 1:1 to ZAR under the Common Monetary Area -- this rate applies directly to the Loti.
2026-09-08T12:10:19Z,2017-07-18,USD,ZAR,12.935,LSL is pegged 1:1 to ZAR under the Common Monetary Area -- this rate applies directly to the Loti.
2026-09-08T12:10:19Z,2017-07-19,USD,ZAR,12.9104,LSL is pegged 1:1 to ZAR under the Common Monetary Area -- this rate applies directly to the Loti.
2026-09-08T12:10:19Z,2017-07-20,USD,ZAR,12.9752,LSL is pegged 1:1 to ZAR under the Common Monetary Area -- this rate applies directly to the Loti.
2026-09-08T12:10:19Z,2017-07-21,USD,ZAR,12.9341,LSL is pegged 1:1 to ZAR under the Common Monetary Area -- this rate applies directly to the Loti.
2026-09-08T12:10:19Z,2017-07-24,USD,ZAR,12.9564,LSL is pegged 1:1 to ZAR under the Common Monetary Area -- this rate applies directly to the Loti.
2026-09-08T12:10:19Z,2017-07-25,USD,ZAR,13.0119,LSL is pegged 1:1 to ZAR under the Common Monetary Area -- this rate applies directly to the Loti.
2026-09-08T12:10:19Z,2017-07-26,USD,ZAR,13.0538,LSL is pegged 1:1 to ZAR under the Common Monetary Area -- this rate applies directly to the Loti.
2026-09-08T12:10:19Z,2017-07-27,USD,ZAR,12.9639,LSL is pegged 1:1 to ZAR under the Common Monetary Area -- this rate applies directly to the Loti.
2026-09-08T12:10:19Z,2017-07-28,USD,ZAR,13.0285,LSL is pegged 1:1 to ZAR under the Common Monetary Area -- this rate applies directly to the Loti.
2026-09-08T12:10:19Z,2017-07-31,USD,ZAR,13.1079,LSL is pegged 1:1 to ZAR under the Common Monetary Area -- this rate applies directly to the Loti.
2026-09-08T12:10:19Z,2017-08-01,USD,ZAR,13.285,LSL is pegged 1:1 to ZAR under the Common Monetary Area -- this rate applies directly to the Loti.
2026-09-08T12:10:19Z,2017-08-02,USD,ZAR,13.281,LSL is pegged 1:1 to ZAR under the Common Monetary Area -- this rate applies directly to the Loti.
2026-09-08T12:10:19Z,2017-08-03,USD,ZAR,13.2907,LSL is pegged 1:1 to ZAR under the Common Monetary Area -- this rate applies directly to the Loti.
2026-09-08T12:10:19Z,2017-08-04,USD,ZAR,13.3356,LSL is pegged 1:1 to ZAR under the Common Monetary Area -- this rate applies directly to the Loti.
2026-09-08T12:10:19Z,2017-08-07,USD,ZAR,13.3645,LSL is pegged 1:1 to ZAR under the Common Monetary Area -- this rate applies directly to the Loti.
2026-09-08T12:10:19Z,2017-08-08,USD,ZAR,13.1651,LSL is pegged 1:1 to ZAR under the Common Monetary Area -- this rate applies directly to the Loti.
2026-09-08T12:10:19Z,2017-08-09,USD,ZAR,13.4815,LSL is pegged 1:1 to ZAR under the Common Monetary Area -- this rate applies directly to the Loti.
2026-09-08T12:10:19Z,2017-08-10,USD,ZAR,13.36,LSL is pegged 1:1 to ZAR under the Common Monetary Area -- this rate applies directly to the Loti.
2026-09-08T12:10:19Z,2017-08-11,USD,ZAR,13.4926,LSL is pegged 1:1 to ZAR under the Common Monetary Area -- this rate applies directly to the Loti.
2026-09-08T12:10:19Z,2017-08-14,USD,ZAR,13.2713,LSL is pegged 1:1 to ZAR under the Common Monetary Area -- this rate applies directly to the Loti.
2026-09-08T12:10:19Z,2017-08-15,USD,ZAR,13.3259,LSL is pegged 1:1 to ZAR under the Common Monetary Area -- this rate applies directly to the Loti.
2026-09-08T12:10:19Z,2017-08-16,USD,ZAR,13.2344,LSL is pegged 1:1 to ZAR under the Common Monetary Area -- this rate applies directly to the Loti.
2026-09-08T12:10:19Z,2017-08-17,USD,ZAR,13.2021,LSL is pegged 1:1 to ZAR under the Common Monetary Area -- this rate applies directly to the Loti.
2026-09-08T12:10:19Z,2017-08-18,USD,ZAR,13.2246,LSL is pegged 1:1 to ZAR under the Common Monetary Area -- this rate applies directly to the Loti.
2026-09-08T12:10:19Z,2017-08-21,USD,ZAR,13.205,LSL is pegged 1:1 to ZAR under the Common Monetary Area -- this rate applies directly to the Loti.
2026-09-08T12:10:19Z,2017-08-22,USD,ZAR,13.2025,LSL is pegged 1:1 to ZAR under the Common Monetary Area -- this rate applies directly to the Loti.
2026-09-08T12:10:19Z,2017-08-23,USD,ZAR,13.265,LSL is pegged 1:1 to ZAR under the Common Monetary Area -- this rate applies directly to the Loti.
2026-09-08T12:10:19Z,2017-08-24,USD,ZAR,13.2082,LSL is pegged 1:1 to ZAR under the Common Monetary Area -- this rate applies directly to the Loti.
2026-09-08T12:10:19Z,2017-08-25,USD,ZAR,13.168,LSL is pegged 1:1 to ZAR under the Common Monetary Area -- this rate applies directly to the Loti.
2026-09-08T12:10:19Z,2017-08-28,USD,ZAR,13.045,LSL is pegged 1:1 to ZAR under the Common Monetary Area -- this rate applies directly to the Loti.
2026-09-08T12:10:19Z,2017-08-29,USD,ZAR,12.975,LSL is pegged 1:1 to ZAR under the Common Monetary Area -- this rate applies directly to the Loti.
2026-09-08T12:10:19Z,2017-08-30,USD,ZAR,13.055,LSL is pegged 1:1 to ZAR under the Common Monetary Area -- this rate applies directly to the Loti.
2026-09-08T12:10:19Z,2017-08-31,USD,ZAR,13.0713,LSL is pegged 1:1 to ZAR under the Common Monetary Area -- this rate applies directly to the Loti.
2026-09-08T12:10:19Z,2017-09-01,USD,ZAR,12.935,LSL is pegged 1:1 to ZAR under the Common Monetary Area -- this rate applies directly to the Loti.
2026-09-08T12:10:19Z,2017-09-04,USD,ZAR,12.9439,LSL is pegged 1:1 to ZAR under the Common Monetary Area -- this rate applies directly to the Loti.
2026-09-08T12:10:19Z,2017-09-05,USD,ZAR,12.9433,LSL is pegged 1:1 to ZAR under the Common Monetary Area -- this rate applies directly to the Loti.
2026-09-08T12:10:19Z,2017-09-06,USD,ZAR,12.9046,LSL is pegged 1:1 to ZAR under the Common Monetary Area -- this rate applies directly to the Loti.
2026-09-08T12:10:19Z,2017-09-07,USD,ZAR,12.8112,LSL is pegged 1:1 to ZAR under the Common Monetary Area -- this rate applies directly to the Loti.
2026-09-08T12:10:19Z,2017-09-08,USD,ZAR,12.8627,LSL is pegged 1:1 to ZAR under the Common Monetary Area -- this rate applies directly to the Loti.
2026-09-08T12:10:19Z,2017-09-11,USD,ZAR,12.9313,LSL is pegged 1:1 to ZAR under the Common Monetary Area -- this rate applies directly to the Loti.
2026-09-08T12:10:19Z,2017-09-12,USD,ZAR,12.9724,LSL is pegged 1:1 to ZAR under the Common Monetary Area -- this rate applies directly to the Loti.
2026-09-08T12:10:19Z,2017-09-13,USD,ZAR,13.1142,LSL is pegged 1:1 to ZAR under the Common Monetary Area -- this rate applies directly to the Loti.
2026-09-08T12:10:19Z,2017-09-14,USD,ZAR,13.177,LSL is pegged 1:1 to ZAR under the Common Monetary Area -- this rate applies directly to the Loti.
2026-09-08T12:10:19Z,2017-09-15,USD,ZAR,13.175,LSL is pegged 1:1 to ZAR under the Common Monetary Area -- this rate applies directly to the Loti.
2026-09-08T12:10:19Z,2017-09-18,USD,ZAR,13.215,LSL is pegged 1:1 to ZAR under the Common Monetary Area -- this rate applies directly to the Loti.
2026-09-08T12:10:19Z,2017-09-19,USD,ZAR,13.3182,LSL is pegged 1:1 to ZAR under the Common Monetary Area -- this rate applies directly to the Loti.
2026-09-08T12:10:19Z,2017-09-20,USD,ZAR,13.2471,LSL is pegged 1:1 to ZAR under the Common Monetary Area -- this rate applies directly to the Loti.
2026-09-08T12:10:19Z,2017-09-21,USD,ZAR,13.3464,LSL is pegged 1:1 to ZAR under the Common Monetary Area -- this rate applies directly to the Loti.
2026-09-08T12:10:19Z,2017-09-22,USD,ZAR,13.2396,LSL is pegged 1:1 to ZAR under the Common Monetary Area -- this rate applies directly to the Loti.
2026-09-08T12:10:19Z,2017-09-25,USD,ZAR,13.2754,LSL is pegged 1:1 to ZAR under the Common Monetary Area -- this rate applies directly to the Loti.
2026-09-08T12:10:19Z,2017-09-26,USD,ZAR,13.3477,LSL is pegged 1:1 to ZAR under the Common Monetary Area -- this rate applies directly to the Loti.
2026-09-08T12:10:19Z,2017-09-27,USD,ZAR,13.5476,LSL is pegged 1:1 to ZAR under the Common Monetary Area -- this rate applies directly to the Loti.
2026-09-08T12:10:19Z,2017-09-28,USD,ZAR,13.5158,LSL is pegged 1:1 to ZAR under the Common Monetary Area -- this rate applies directly to the Loti.
2026-09-08T12:10:19Z,2017-09-29,USD,ZAR,13.505,LSL is pegged 1:1 to ZAR under the Common Monetary Area -- this rate applies directly to the Loti.
2026-09-08T12:10:19Z,2017-10-02,USD,ZAR,13.636,LSL is pegged 1:1 to ZAR under the Common Monetary Area -- this rate applies directly to the Loti.
2026-09-08T12:10:19Z,2017-10-03,USD,ZAR,13.7159,LSL is pegged 1:1 to ZAR under the Common Monetary Area -- this rate applies directly to the Loti.
2026-09-08T12:10:19Z,2017-10-04,USD,ZAR,13.56,LSL is pegged 1:1 to ZAR under the Common Monetary Area -- this rate applies directly to the Loti.
2026-09-08T12:10:19Z,2017-10-05,USD,ZAR,13.628,LSL is pegged 1:1 to ZAR under the Common Monetary Area -- this rate applies directly to the Loti.
2026-09-08T12:10:19Z,2017-10-06,USD,ZAR,13.7264,LSL is pegged 1:1 to ZAR under the Common Monetary Area -- this rate applies directly to the Loti.
2026-09-08T12:10:19Z,2017-10-09,USD,ZAR,13.7911,LSL is pegged 1:1 to ZAR under the Common Monetary Area -- this rate applies directly to the Loti.
2026-09-08T12:10:19Z,2017-10-10,USD,ZAR,13.6886,LSL is pegged 1:1 to ZAR under the Common Monetary Area -- this rate applies directly to the Loti.
2026-09-08T12:10:19Z,2017-10-11,USD,ZAR,13.5693,LSL is pegged 1:1 to ZAR under the Common Monetary Area -- this rate applies directly to the Loti.
2026-09-08T12:10:19Z,2017-10-12,USD,ZAR,13.503,LSL is pegged 1:1 to ZAR under the Common Monetary Area -- this rate applies directly to the Loti.
2026-09-08T12:10:19Z,2017-10-13,USD,ZAR,13.3825,LSL is pegged 1:1 to ZAR under the Common Monetary Area -- this rate applies directly to the Loti.
2026-09-08T12:10:19Z,2017-10-16,USD,ZAR,13.316,LSL is pegged 1:1 to ZAR under the Common Monetary Area -- this rate applies directly to the Loti.
2026-09-08T12:10:19Z,2017-10-17,USD,ZAR,13.4346,LSL is pegged 1:1 to ZAR under the Common Monetary Area -- this rate applies directly to the Loti.
2026-09-08T12:10:19Z,2017-10-18,USD,ZAR,13.533,LSL is pegged 1:1 to ZAR under the Common Monetary Area -- this rate applies directly to the Loti.
2026-09-08T12:10:19Z,2017-10-19,USD,ZAR,13.5442,LSL is pegged 1:1 to ZAR under the Common Monetary Area -- this rate applies directly to the Loti.
2026-09-08T12:10:19Z,2017-10-20,USD,ZAR,13.6841,LSL is pegged 1:1 to ZAR under the Common Monetary Area -- this rate applies directly to the Loti.
2026-09-08T12:10:19Z,2017-10-23,USD,ZAR,13.6892,LSL is pegged 1:1 to ZAR under the Common Monetary Area -- this rate applies directly to the Loti.
2026-09-08T12:10:19Z,2017-10-24,USD,ZAR,13.723,LSL is pegged 1:1 to ZAR under the Common Monetary Area -- this rate applies directly to the Loti.
2026-09-08T12:10:19Z,2017-10-25,USD,ZAR,13.8286,LSL is pegged 1:1 to ZAR under the Common Monetary Area -- this rate applies directly to the Loti.
2026-09-08T12:10:19Z,2017-10-26,USD,ZAR,14.2423,LSL is pegged 1:1 to ZAR under the Common Monetary Area -- this rate applies directly to the Loti.
2026-09-08T12:10:19Z,2017-10-27,USD,ZAR,14.2055,LSL is pegged 1:1 to ZAR under the Common Monetary Area -- this rate applies directly to the Loti.
2026-09-08T12:10:19Z,2017-10-30,USD,ZAR,14.0683,LSL is pegged 1:1 to ZAR under the Common Monetary Area -- this rate applies directly to the Loti.
2026-09-08T12:10:19Z,2017-10-31,USD,ZAR,14.1212,LSL is pegged 1:1 to ZAR under the Common Monetary Area -- this rate applies directly to the Loti.
2026-09-08T12:10:19Z,2017-11-01,USD,ZAR,14.1159,LSL is pegged 1:1 to ZAR under the Common Monetary Area -- this rate applies directly to the Loti.
2026-09-08T12:10:19Z,2017-11-02,USD,ZAR,13.987,LSL is pegged 1:1 to ZAR under the Common Monetary Area -- this rate applies directly to the Loti.
2026-09-08T12:10:19Z,2017-11-03,USD,ZAR,14.1268,LSL is pegged 1:1 to ZAR under the Common Monetary Area -- this rate applies directly to the Loti.
2026-09-08T12:10:19Z,2017-11-06,USD,ZAR,14.2017,LSL is pegged 1:1 to ZAR under the Common Monetary Area -- this rate applies directly to the Loti.
2026-09-08T12:10:19Z,2017-11-07,USD,ZAR,14.172,LSL is pegged 1:1 to ZAR under the Common Monetary Area -- this rate applies directly to the Loti.
2026-09-08T12:10:19Z,2017-11-08,USD,ZAR,14.1861,LSL is pegged 1:1 to ZAR under the Common Monetary Area -- this rate applies directly to the Loti.
2026-09-08T12:10:19Z,2017-11-09,USD,ZAR,14.2138,LSL is pegged 1:1 to ZAR under the Common Monetary Area -- this rate applies directly to the Loti.
2026-09-08T12:10:19Z,2017-11-10,USD,ZAR,14.38,LSL is pegged 1:1 to ZAR under the Common Monetary Area -- this rate applies directly to the Loti.
2026-09-08T12:10:19Z,2017-11-13,USD,ZAR,14.558,LSL is pegged 1:1 to ZAR under the Common Monetary Area -- this rate applies directly to the Loti.
2026-09-08T12:10:19Z,2017-11-14,USD,ZAR,14.3833,LSL is pegged 1:1 to ZAR under the Common Monetary Area -- this rate applies directly to the Loti.
2026-09-08T12:10:19Z,2017-11-15,USD,ZAR,14.376,LSL is pegged 1:1 to ZAR under the Common Monetary Area -- this rate applies directly to the Loti.
2026-09-08T12:10:19Z,2017-11-16,USD,ZAR,14.2766,LSL is pegged 1:1 to ZAR under the Common Monetary Area -- this rate applies directly to the Loti.
2026-09-08T12:10:19Z,2017-11-17,USD,ZAR,14.0131,LSL is pegged 1:1 to ZAR under the Common Monetary Area -- this rate applies directly to the Loti.
2026-09-08T12:10:19Z,2017-11-20,USD,ZAR,14.055,LSL is pegged 1:1 to ZAR under the Common Monetary Area -- this rate applies directly to the Loti.
2026-09-08T12:10:19Z,2017-11-21,USD,ZAR,14.08,LSL is pegged 1:1 to ZAR under the Common Monetary Area -- this rate applies directly to the Loti.
2026-09-08T12:10:19Z,2017-11-22,USD,ZAR,13.8812,LSL is pegged 1:1 to ZAR under the Common Monetary Area -- this rate applies directly to the Loti.
2026-09-08T12:10:19Z,2017-11-23,USD,ZAR,13.8763,LSL is pegged 1:1 to ZAR under the Common Monetary Area -- this rate applies directly to the Loti.
2026-09-08T12:10:19Z,2017-11-24,USD,ZAR,13.9937,LSL is pegged 1:1 to ZAR under the Common Monetary Area -- this rate applies directly to the Loti.
2026-09-08T12:10:19Z,2017-11-27,USD,ZAR,13.7285,LSL is pegged 1:1 to ZAR under the Common Monetary Area -- this rate applies directly to the Loti.
2026-09-08T12:10:19Z,2017-11-28,USD,ZAR,13.7401,LSL is pegged 1:1 to ZAR under the Common Monetary Area -- this rate applies directly to the Loti.
2026-09-08T12:10:19Z,2017-11-29,USD,ZAR,13.6769,LSL is pegged 1:1 to ZAR under the Common Monetary Area -- this rate applies directly to the Loti.
2026-09-08T12:10:19Z,2017-11-30,USD,ZAR,13.6098,LSL is pegged 1:1 to ZAR under the Common Monetary Area -- this rate applies directly to the Loti.
2026-09-08T12:10:19Z,2017-12-01,USD,ZAR,13.7069,LSL is pegged 1:1 to ZAR under the Common Monetary Area -- this rate applies directly to the Loti.
2026-09-08T12:10:19Z,2017-12-04,USD,ZAR,13.63,LSL is pegged 1:1 to ZAR under the Common Monetary Area -- this rate applies directly to the Loti.
2026-09-08T12:10:19Z,2017-12-05,USD,ZAR,13.512,LSL is pegged 1:1 to ZAR under the Common Monetary Area -- this rate applies directly to the Loti.
2026-09-08T12:10:19Z,2017-12-06,USD,ZAR,13.5269,LSL is pegged 1:1 to ZAR under the Common Monetary Area -- this rate applies directly to the Loti.
2026-09-08T12:10:19Z,2017-12-07,USD,ZAR,13.6515,LSL is pegged 1:1 to ZAR under the Common Monetary Area -- this rate applies directly to the Loti.
2026-09-08T12:10:19Z,2017-12-08,USD,ZAR,13.6596,LSL is pegged 1:1 to ZAR under the Common Monetary Area -- this rate applies directly to the Loti.
2026-09-08T12:10:19Z,2017-12-11,USD,ZAR,13.6163,LSL is pegged 1:1 to ZAR under the Common Monetary Area -- this rate applies directly to the Loti.
2026-09-08T12:10:19Z,2017-12-12,USD,ZAR,13.6118,LSL is pegged 1:1 to ZAR under the Common Monetary Area -- this rate applies directly to the Loti.
2026-09-08T12:10:19Z,2017-12-13,USD,ZAR,13.622,LSL is pegged 1:1 to ZAR under the Common Monetary Area -- this rate applies directly to the Loti.
2026-09-08T12:10:19Z,2017-12-14,USD,ZAR,13.469,LSL is pegged 1:1 to ZAR under the Common Monetary Area -- this rate applies directly to the Loti.
2026-09-08T12:10:19Z,2017-12-15,USD,ZAR,13.3668,LSL is pegged 1:1 to ZAR under the Common Monetary Area -- this rate applies directly to the Loti.
2026-09-08T12:10:19Z,2017-12-18,USD,ZAR,12.8581,LSL is pegged 1:1 to ZAR under the Common Monetary Area -- this rate applies directly to the Loti.
2026-09-08T12:10:19Z,2017-12-19,USD,ZAR,12.7343,LSL is pegged 1:1 to ZAR under the Common Monetary Area -- this rate applies directly to the Loti.
2026-09-08T12:10:19Z,2017-12-20,USD,ZAR,12.673,LSL is pegged 1:1 to ZAR under the Common Monetary Area -- this rate applies directly to the Loti.
2026-09-08T12:10:19Z,2017-12-21,USD,ZAR,12.721,LSL is pegged 1:1 to ZAR under the Common Monetary Area -- this rate applies directly to the Loti.
2026-09-08T12:10:19Z,2017-12-22,USD,ZAR,12.7045,LSL is pegged 1:1 to ZAR under the Common Monetary Area -- this rate applies directly to the Loti.
2026-09-08T12:10:19Z,2017-12-27,USD,ZAR,12.4513,LSL is pegged 1:1 to ZAR under the Common Monetary Area -- this rate applies directly to the Loti.
2026-09-08T12:10:19Z,2017-12-28,USD,ZAR,12.345,LSL is pegged 1:1 to ZAR under the Common Monetary Area -- this rate applies directly to the Loti.
2026-09-08T12:10:19Z,2017-12-29,USD,ZAR,12.345,LSL is pegged 1:1 to ZAR under the Common Monetary Area -- this rate applies directly to the Loti.
2026-09-08T12:10:19Z,2018-01-02,USD,ZAR,12.3498,LSL is pegged 1:1 to ZAR under the Common Monetary Area -- this rate applies directly to the Loti.
2026-09-08T12:10:19Z,2018-01-03,USD,ZAR,12.38,LSL is pegged 1:1 to ZAR under the Common Monetary Area -- this rate applies directly to the Loti.
2026-09-08T12:10:19Z,2018-01-04,USD,ZAR,12.3063,LSL is pegged 1:1 to ZAR under the Common Monetary Area -- this rate applies directly to the Loti.
2026-09-08T12:10:19Z,2018-01-05,USD,ZAR,12.3608,LSL is pegged 1:1 to ZAR under the Common Monetary Area -- this rate applies directly to the Loti.
2026-09-08T12:10:19Z,2018-01-08,USD,ZAR,12.4383,LSL is pegged 1:1 to ZAR under the Common Monetary Area -- this rate applies directly to the Loti.
2026-09-08T12:10:19Z,2018-01-09,USD,ZAR,12.3483,LSL is pegged 1:1 to ZAR under the Common Monetary Area -- this rate applies directly to the Loti.
2026-09-08T12:10:19Z,2018-01-10,USD,ZAR,12.4428,LSL is pegged 1:1 to ZAR under the Common Monetary Area -- this rate applies directly to the Loti.
2026-09-08T12:10:19Z,2018-01-11,USD,ZAR,12.461,LSL is pegged 1:1 to ZAR under the Common Monetary Area -- this rate applies directly to the Loti.
2026-09-08T12:10:19Z,2018-01-12,USD,ZAR,12.3985,LSL is pegged 1:1 to ZAR under the Common Monetary Area -- this rate applies directly to the Loti.
2026-09-08T12:10:19Z,2018-01-15,USD,ZAR,12.3022,LSL is pegged 1:1 to ZAR under the Common Monetary Area -- this rate applies directly to the Loti.
2026-09-08T12:10:19Z,2018-01-16,USD,ZAR,12.2625,LSL is pegged 1:1 to ZAR under the Common Monetary Area -- this rate applies directly to the Loti.
2026-09-08T12:10:19Z,2018-01-17,USD,ZAR,12.335,LSL is pegged 1:1 to ZAR under the Common Monetary Area -- this rate applies directly to the Loti.
2026-09-08T12:10:19Z,2018-01-18,USD,ZAR,12.2628,LSL is pegged 1:1 to ZAR under the Common Monetary Area -- this rate applies directly to the Loti.
2026-09-08T12:10:19Z,2018-01-19,USD,ZAR,12.2034,LSL is pegged 1:1 to ZAR under the Common Monetary Area -- this rate applies directly to the Loti.
2026-09-08T12:10:19Z,2018-01-22,USD,ZAR,12.1,LSL is pegged 1:1 to ZAR under the Common Monetary Area -- this rate applies directly to the Loti.
2026-09-08T12:10:19Z,2018-01-23,USD,ZAR,12.1276,LSL is pegged 1:1 to ZAR under the Common Monetary Area -- this rate applies directly to the Loti.
2026-09-08T12:10:19Z,2018-01-24,USD,ZAR,11.9659,LSL is pegged 1:1 to ZAR under the Common Monetary Area -- this rate applies directly to the Loti.
2026-09-08T12:10:19Z,2018-01-25,USD,ZAR,11.8976,LSL is pegged 1:1 to ZAR under the Common Monetary Area -- this rate applies directly to the Loti.
2026-09-08T12:10:19Z,2018-01-26,USD,ZAR,11.8915,LSL is pegged 1:1 to ZAR under the Common Monetary Area -- this rate applies directly to the Loti.
2026-09-08T12:10:19Z,2018-01-29,USD,ZAR,11.9763,LSL is pegged 1:1 to ZAR under the Common Monetary Area -- this rate applies directly to the Loti.
2026-09-08T12:10:19Z,2018-01-30,USD,ZAR,11.9136,LSL is pegged 1:1 to ZAR under the Common Monetary Area -- this rate applies directly to the Loti.
2026-09-08T12:10:19Z,2018-01-31,USD,ZAR,11.8664,LSL is pegged 1:1 to ZAR under the Common Monetary Area -- this rate applies directly to the Loti.
2026-09-08T12:10:19Z,2018-02-01,USD,ZAR,11.8986,LSL is pegged 1:1 to ZAR under the Common Monetary Area -- this rate applies directly to the Loti.
2026-09-08T12:10:19Z,2018-02-02,USD,ZAR,11.9741,LSL is pegged 1:1 to ZAR under the Common Monetary Area -- this rate applies directly to the Loti.
2026-09-08T12:10:19Z,2018-02-05,USD,ZAR,12.0285,LSL is pegged 1:1 to ZAR under the Common Monetary Area -- this rate applies directly to the Loti.
2026-09-08T12:10:19Z,2018-02-06,USD,ZAR,12.0625,LSL is pegged 1:1 to ZAR under the Common Monetary Area -- this rate applies directly to the Loti.
2026-09-08T12:10:19Z,2018-02-07,USD,ZAR,11.9663,LSL is pegged 1:1 to ZAR under the Common Monetary Area -- this rate applies directly to the Loti.
2026-09-08T12:10:19Z,2018-02-08,USD,ZAR,12.0802,LSL is pegged 1:1 to ZAR under the Common Monetary Area -- this rate applies directly to the Loti.
2026-09-08T12:10:19Z,2018-02-09,USD,ZAR,12.121,LSL is pegged 1:1 to ZAR under the Common Monetary Area -- this rate applies directly to the Loti.
2026-09-08T12:10:19Z,2018-02-12,USD,ZAR,11.9645,LSL is pegged 1:1 to ZAR under the Common Monetary Area -- this rate applies directly to the Loti.
2026-09-08T12:10:19Z,2018-02-13,USD,ZAR,11.9825,LSL is pegged 1:1 to ZAR under the Common Monetary Area -- this rate applies directly to the Loti.
2026-09-08T12:10:19Z,2018-02-14,USD,ZAR,11.8188,LSL is pegged 1:1 to ZAR under the Common Monetary Area -- this rate applies directly to the Loti.
2026-09-08T12:10:19Z,2018-02-15,USD,ZAR,11.6551,LSL is pegged 1:1 to ZAR under the Common Monetary Area -- this rate applies directly to the Loti.
2026-09-08T12:10:19Z,2018-02-16,USD,ZAR,11.6601,LSL is pegged 1:1 to ZAR under the Common Monetary Area -- this rate applies directly to the Loti.
2026-09-08T12:10:19Z,2018-02-19,USD,ZAR,11.653,LSL is pegged 1:1 to ZAR under the Common Monetary Area -- this rate applies directly to the Loti.
2026-09-08T12:10:19Z,2018-02-20,USD,ZAR,11.7436,LSL is pegged 1:1 to ZAR under the Common Monetary Area -- this rate applies directly to the Loti.
2026-09-08T12:10:19Z,2018-02-21,USD,ZAR,11.645,LSL is pegged 1:1 to ZAR under the Common Monetary Area -- this rate applies directly to the Loti.
2026-09-08T12:10:19Z,2018-02-22,USD,ZAR,11.7168,LSL is pegged 1:1 to ZAR under the Common Monetary Area -- this rate applies directly to the Loti.
2026-09-08T12:10:19Z,2018-02-23,USD,ZAR,11.5651,LSL is pegged 1:1 to ZAR under the Common Monetary Area -- this rate applies directly to the Loti.
2026-09-08T12:10:19Z,2018-02-26,USD,ZAR,11.593,LSL is pegged 1:1 to ZAR under the Common Monetary Area -- this rate applies directly to the Loti.
2026-09-08T12:10:19Z,2018-02-27,USD,ZAR,11.656,LSL is pegged 1:1 to ZAR under the Common Monetary Area -- this rate applies directly to the Loti.
2026-09-08T12:10:19Z,2018-02-28,USD,ZAR,11.7633,LSL is pegged 1:1 to ZAR under the Common Monetary Area -- this rate applies directly to the Loti.
2026-09-08T12:10:19Z,2018-03-01,USD,ZAR,11.93,LSL is pegged 1:1 to ZAR under the Common Monetary Area -- this rate applies directly to the Loti.
2026-09-08T12:10:19Z,2018-03-02,USD,ZAR,11.9451,LSL is pegged 1:1 to ZAR under the Common Monetary Area -- this rate applies directly to the Loti.
2026-09-08T12:10:19Z,2018-03-05,USD,ZAR,11.8775,LSL is pegged 1:1 to ZAR under the Common Monetary Area -- this rate applies directly to the Loti.
2026-09-08T12:10:19Z,2018-03-06,USD,ZAR,11.7194,LSL is pegged 1:1 to ZAR under the Common Monetary Area -- this rate applies directly to the Loti.
2026-09-08T12:10:19Z,2018-03-07,USD,ZAR,11.9042,LSL is pegged 1:1 to ZAR under the Common Monetary Area -- this rate applies directly to the Loti.
2026-09-08T12:10:19Z,2018-03-08,USD,ZAR,11.8887,LSL is pegged 1:1 to ZAR under the Common Monetary Area -- this rate applies directly to the Loti.
2026-09-08T12:10:19Z,2018-03-09,USD,ZAR,11.8995,LSL is pegged 1:1 to ZAR under the Common Monetary Area -- this rate applies directly to the Loti.
2026-09-08T12:10:19Z,2018-03-12,USD,ZAR,11.8487,LSL is pegged 1:1 to ZAR under the Common Monetary Area -- this rate applies directly to the Loti.
2026-09-08T12:10:19Z,2018-03-13,USD,ZAR,11.7779,LSL is pegged 1:1 to ZAR under the Common Monetary Area -- this rate applies directly to the Loti.
2026-09-08T12:10:19Z,2018-03-14,USD,ZAR,11.7628,LSL is pegged 1:1 to ZAR under the Common Monetary Area -- this rate applies directly to the Loti.
2026-09-08T12:10:19Z,2018-03-15,USD,ZAR,11.8566,LSL is pegged 1:1 to ZAR under the Common Monetary Area -- this rate applies directly to the Loti.
2026-09-08T12:10:19Z,2018-03-16,USD,ZAR,11.942,LSL is pegged 1:1 to ZAR under the Common Monetary Area -- this rate applies directly to the Loti.
2026-09-08T12:10:19Z,2018-03-19,USD,ZAR,12.0981,LSL is pegged 1:1 to ZAR under the Common Monetary Area -- this rate applies directly to the Loti.
2026-09-08T12:10:19Z,2018-03-20,USD,ZAR,11.9573,LSL is pegged 1:1 to ZAR under the Common Monetary Area -- this rate applies directly to the Loti.
2026-09-08T12:10:19Z,2018-03-21,USD,ZAR,11.9871,LSL is pegged 1:1 to ZAR under the Common Monetary Area -- this rate applies directly to the Loti.
2026-09-08T12:10:19Z,2018-03-22,USD,ZAR,11.8321,LSL is pegged 1:1 to ZAR under the Common Monetary Area -- this rate applies directly to the Loti.
2026-09-08T12:10:19Z,2018-03-23,USD,ZAR,11.7612,LSL is pegged 1:1 to ZAR under the Common Monetary Area -- this rate applies directly to the Loti.
2026-09-08T12:10:19Z,2018-03-26,USD,ZAR,11.6781,LSL is pegged 1:1 to ZAR under the Common Monetary Area -- this rate applies directly to the Loti.
2026-09-08T12:10:19Z,2018-03-27,USD,ZAR,11.6837,LSL is pegged 1:1 to ZAR under the Common Monetary Area -- this rate applies directly to the Loti.
2026-09-08T12:10:19Z,2018-03-28,USD,ZAR,11.6978,LSL is pegged 1:1 to ZAR under the Common Monetary Area -- this rate applies directly to the Loti.
2026-09-08T12:10:19Z,2018-03-29,USD,ZAR,11.8667,LSL is pegged 1:1 to ZAR under the Common Monetary Area -- this rate applies directly to the Loti.
2026-09-08T12:10:19Z,2018-04-03,USD,ZAR,11.823,LSL is pegged 1:1 to ZAR under the Common Monetary Area -- this rate applies directly to the Loti.
2026-09-08T12:10:19Z,2018-04-04,USD,ZAR,11.9198,LSL is pegged 1:1 to ZAR under the Common Monetary Area -- this rate applies directly to the Loti.
2026-09-08T12:10:19Z,2018-04-05,USD,ZAR,11.9265,LSL is pegged 1:1 to ZAR under the Common Monetary Area -- this rate applies directly to the Loti.
2026-09-08T12:10:19Z,2018-04-06,USD,ZAR,12.0776,LSL is pegged 1:1 to ZAR under the Common Monetary Area -- this rate applies directly to the Loti.
2026-09-08T12:10:19Z,2018-04-09,USD,ZAR,12.123,LSL is pegged 1:1 to ZAR under the Common Monetary Area -- this rate applies directly to the Loti.
2026-09-08T12:10:19Z,2018-04-10,USD,ZAR,12.0563,LSL is pegged 1:1 to ZAR under the Common Monetary Area -- this rate applies directly to the Loti.
2026-09-08T12:10:19Z,2018-04-11,USD,ZAR,12.0864,LSL is pegged 1:1 to ZAR under the Common Monetary Area -- this rate applies directly to the Loti.
2026-09-08T12:10:19Z,2018-04-12,USD,ZAR,11.9969,LSL is pegged 1:1 to ZAR under the Common Monetary Area -- this rate applies directly to the Loti.
2026-09-08T12:10:19Z,2018-04-13,USD,ZAR,12.053,LSL is pegged 1:1 to ZAR under the Common Monetary Area -- this rate applies directly to the Loti.
2026-09-08T12:10:19Z,2018-04-16,USD,ZAR,12.083,LSL is pegged 1:1 to ZAR under the Common Monetary Area -- this rate applies directly to the Loti.
2026-09-08T12:10:19Z,2018-04-17,USD,ZAR,12.0168,LSL is pegged 1:1 to ZAR under the Common Monetary Area -- this rate applies directly to the Loti.
2026-09-08T12:10:19Z,2018-04-18,USD,ZAR,11.9612,LSL is pegged 1:1 to ZAR under the Common Monetary Area -- this rate applies directly to the Loti.
2026-09-08T12:10:19Z,2018-04-19,USD,ZAR,11.9377,LSL is pegged 1:1 to ZAR under the Common Monetary Area -- this rate applies directly to the Loti.
2026-09-08T12:10:19Z,2018-04-20,USD,ZAR,12.0244,LSL is pegged 1:1 to ZAR under the Common Monetary Area -- this rate applies directly to the Loti.
2026-09-08T12:10:19Z,2018-04-23,USD,ZAR,12.2242,LSL is pegged 1:1 to ZAR under the Common Monetary Area -- this rate applies directly to the Loti.
2026-09-08T12:10:19Z,2018-04-24,USD,ZAR,12.3363,LSL is pegged 1:1 to ZAR under the Common Monetary Area -- this rate applies directly to the Loti.
2026-09-08T12:10:19Z,2018-04-25,USD,ZAR,12.5084,LSL is pegged 1:1 to ZAR under the Common Monetary Area -- this rate applies directly to the Loti.
2026-09-08T12:10:19Z,2018-04-26,USD,ZAR,12.388,LSL is pegged 1:1 to ZAR under the Common Monetary Area -- this rate applies directly to the Loti.
2026-09-08T12:10:19Z,2018-04-27,USD,ZAR,12.3974,LSL is pegged 1:1 to ZAR under the Common Monetary Area -- this rate applies directly to the Loti.
2026-09-08T12:10:19Z,2018-04-30,USD,ZAR,12.4283,LSL is pegged 1:1 to ZAR under the Common Monetary Area -- this rate applies directly to the Loti.
2026-09-08T12:10:19Z,2018-05-02,USD,ZAR,12.604,LSL is pegged 1:1 to ZAR under the Common Monetary Area -- this rate applies directly to the Loti.
2026-09-08T12:10:19Z,2018-05-03,USD,ZAR,12.625,LSL is pegged 1:1 to ZAR under the Common Monetary Area -- this rate applies directly to the Loti.
2026-09-08T12:10:19Z,2018-05-04,USD,ZAR,12.6272,LSL is pegged 1:1 to ZAR under the Common Monetary Area -- this rate applies directly to the Loti.
2026-09-08T12:10:19Z,2018-05-07,USD,ZAR,12.5802,LSL is pegged 1:1 to ZAR under the Common Monetary Area -- this rate applies directly to the Loti.
2026-09-08T12:10:19Z,2018-05-08,USD,ZAR,12.5637,LSL is pegged 1:1 to ZAR under the Common Monetary Area -- this rate applies directly to the Loti.
2026-09-08T12:10:19Z,2018-05-09,USD,ZAR,12.5727,LSL is pegged 1:1 to ZAR under the Common Monetary Area -- this rate applies directly to the Loti.
2026-09-08T12:10:19Z,2018-05-10,USD,ZAR,12.3793,LSL is pegged 1:1 to ZAR under the Common Monetary Area -- this rate applies directly to the Loti.
2026-09-08T12:10:19Z,2018-05-11,USD,ZAR,12.2771,LSL is pegged 1:1 to ZAR under the Common Monetary Area -- this rate applies directly to the Loti.
2026-09-08T12:10:19Z,2018-05-14,USD,ZAR,12.2561,LSL is pegged 1:1 to ZAR under the Common Monetary Area -- this rate applies directly to the Loti.
2026-09-08T12:10:19Z,2018-05-15,USD,ZAR,12.4875,LSL is pegged 1:1 to ZAR under the Common Monetary Area -- this rate applies directly to the Loti.
2026-09-08T12:10:19Z,2018-05-16,USD,ZAR,12.5241,LSL is pegged 1:1 to ZAR under the Common Monetary Area -- this rate applies directly to the Loti.
2026-09-08T12:10:19Z,2018-05-17,USD,ZAR,12.5378,LSL is pegged 1:1 to ZAR under the Common Monetary Area -- this rate applies directly to the Loti.
2026-09-08T12:10:19Z,2018-05-18,USD,ZAR,12.684,LSL is pegged 1:1 to ZAR under the Common Monetary Area -- this rate applies directly to the Loti.
2026-09-08T12:10:19Z,2018-05-21,USD,ZAR,12.8712,LSL is pegged 1:1 to ZAR under the Common Monetary Area -- this rate applies directly to the Loti.
2026-09-08T12:10:19Z,2018-05-22,USD,ZAR,12.5494,LSL is pegged 1:1 to ZAR under the Common Monetary Area -- this rate applies directly to the Loti.
2026-09-08T12:10:19Z,2018-05-23,USD,ZAR,12.6462,LSL is pegged 1:1 to ZAR under the Common Monetary Area -- this rate applies directly to the Loti.
2026-09-08T12:10:19Z,2018-05-24,USD,ZAR,12.4525,LSL is pegged 1:1 to ZAR under the Common Monetary Area -- this rate applies directly to the Loti.
2026-09-08T12:10:19Z,2018-05-25,USD,ZAR,12.5,LSL is pegged 1:1 to ZAR under the Common Monetary Area -- this rate applies directly to the Loti.
2026-09-08T12:10:19Z,2018-05-28,USD,ZAR,12.451,LSL is pegged 1:1 to ZAR under the Common Monetary Area -- this rate applies directly to the Loti.
2026-09-08T12:10:19Z,2018-05-29,USD,ZAR,12.6722,LSL is pegged 1:1 to ZAR under the Common Monetary Area -- this rate applies directly to the Loti.
2026-09-08T12:10:19Z,2018-05-30,USD,ZAR,12.565,LSL is pegged 1:1 to ZAR under the Common Monetary Area -- this rate applies directly to the Loti.
2026-09-08T12:10:19Z,2018-05-31,USD,ZAR,12.5678,LSL is pegged 1:1 to ZAR under the Common Monetary Area -- this rate applies directly to the Loti.
2026-09-08T12:10:19Z,2018-06-01,USD,ZAR,12.71,LSL is pegged 1:1 to ZAR under the Common Monetary Area -- this rate applies directly to the Loti.
2026-09-08T12:10:19Z,2018-06-04,USD,ZAR,12.529,LSL is pegged 1:1 to ZAR under the Common Monetary Area -- this rate applies directly to the Loti.
2026-09-08T12:10:19Z,2018-06-05,USD,ZAR,12.6963,LSL is pegged 1:1 to ZAR under the Common Monetary Area -- this rate applies directly to the Loti.
2026-09-08T12:10:19Z,2018-06-06,USD,ZAR,12.7855,LSL is pegged 1:1 to ZAR under the Common Monetary Area -- this rate applies directly to the Loti.
2026-09-08T12:10:19Z,2018-06-07,USD,ZAR,12.7875,LSL is pegged 1:1 to ZAR under the Common Monetary Area -- this rate applies directly to the Loti.
2026-09-08T12:10:19Z,2018-06-08,USD,ZAR,13.0867,LSL is pegged 1:1 to ZAR under the Common Monetary Area -- this rate applies directly to the Loti.
2026-09-08T12:10:19Z,2018-06-11,USD,ZAR,13.146,LSL is pegged 1:1 to ZAR under the Common Monetary Area -- this rate applies directly to the Loti.
2026-09-08T12:10:19Z,2018-06-12,USD,ZAR,13.1645,LSL is pegged 1:1 to ZAR under the Common Monetary Area -- this rate applies directly to the Loti.
2026-09-08T12:10:19Z,2018-06-13,USD,ZAR,13.253,LSL is pegged 1:1 to ZAR under the Common Monetary Area -- this rate applies directly to the Loti.
2026-09-08T12:10:19Z,2018-06-14,USD,ZAR,13.105,LSL is pegged 1:1 to ZAR under the Common Monetary Area -- this rate applies directly to the Loti.
2026-09-08T12:10:19Z,2018-06-15,USD,ZAR,13.4235,LSL is pegged 1:1 to ZAR under the Common Monetary Area -- this rate applies directly to the Loti.
2026-09-08T12:10:19Z,2018-06-18,USD,ZAR,13.4569,LSL is pegged 1:1 to ZAR under the Common Monetary Area -- this rate applies directly to the Loti.
2026-09-08T12:10:19Z,2018-06-19,USD,ZAR,13.8636,LSL is pegged 1:1 to ZAR under the Common Monetary Area -- this rate applies directly to the Loti.
2026-09-08T12:10:19Z,2018-06-20,USD,ZAR,13.6783,LSL is pegged 1:1 to ZAR under the Common Monetary Area -- this rate applies directly to the Loti.
2026-09-08T12:10:19Z,2018-06-21,USD,ZAR,13.6575,LSL is pegged 1:1 to ZAR under the Common Monetary Area -- this rate applies directly to the Loti.
2026-09-08T12:10:19Z,2018-06-22,USD,ZAR,13.4929,LSL is pegged 1:1 to ZAR under the Common Monetary Area -- this rate applies directly to the Loti.
2026-09-08T12:10:19Z,2018-06-25,USD,ZAR,13.5284,LSL is pegged 1:1 to ZAR under the Common Monetary Area -- this rate applies directly to the Loti.
2026-09-08T12:10:19Z,2018-06-26,USD,ZAR,13.5565,LSL is pegged 1:1 to ZAR under the Common Monetary Area -- this rate applies directly to the Loti.
2026-09-08T12:10:19Z,2018-06-27,USD,ZAR,13.6835,LSL is pegged 1:1 to ZAR under the Common Monetary Area -- this rate applies directly to the Loti.
2026-09-08T12:10:19Z,2018-06-28,USD,ZAR,13.867,LSL is pegged 1:1 to ZAR under the Common Monetary Area -- this rate applies directly to the Loti.
2026-09-08T12:10:19Z,2018-06-29,USD,ZAR,13.766,LSL is pegged 1:1 to ZAR under the Common Monetary Area -- this rate applies directly to the Loti.
2026-09-08T12:10:19Z,2018-07-02,USD,ZAR,13.8079,LSL is pegged 1:1 to ZAR under the Common Monetary Area -- this rate applies directly to the Loti.
2026-09-08T12:10:19Z,2018-07-03,USD,ZAR,13.6921,LSL is pegged 1:1 to ZAR under the Common Monetary Area -- this rate applies directly to the Loti.
2026-09-08T12:10:19Z,2018-07-04,USD,ZAR,13.7114,LSL is pegged 1:1 to ZAR under the Common Monetary Area -- this rate applies directly to the Loti.
2026-09-08T12:10:19Z,2018-07-05,USD,ZAR,13.555,LSL is pegged 1:1 to ZAR under the Common Monetary Area -- this rate applies directly to the Loti.
2026-09-08T12:10:19Z,2018-07-06,USD,ZAR,13.595,LSL is pegged 1:1 to ZAR under the Common Monetary Area -- this rate applies directly to the Loti.
2026-09-08T12:10:19Z,2018-07-09,USD,ZAR,13.3103,LSL is pegged 1:1 to ZAR under the Common Monetary Area -- this rate applies directly to the Loti.
2026-09-08T12:10:19Z,2018-07-10,USD,ZAR,13.4322,LSL is pegged 1:1 to ZAR under the Common Monetary Area -- this rate applies directly to the Loti.
2026-09-08T12:10:19Z,2018-07-11,USD,ZAR,13.4819,LSL is pegged 1:1 to ZAR under the Common Monetary Area -- this rate applies directly to the Loti.
2026-09-08T12:10:19Z,2018-07-12,USD,ZAR,13.4232,LSL is pegged 1:1 to ZAR under the Common Monetary Area -- this rate applies directly to the Loti.
2026-09-08T12:10:19Z,2018-07-13,USD,ZAR,13.3288,LSL is pegged 1:1 to ZAR under the Common Monetary Area -- this rate applies directly to the Loti.
2026-09-08T12:10:19Z,2018-07-16,USD,ZAR,13.182,LSL is pegged 1:1 to ZAR under the Common Monetary Area -- this rate applies directly to the Loti.
2026-09-08T12:10:19Z,2018-07-17,USD,ZAR,13.2721,LSL is pegged 1:1 to ZAR under the Common Monetary Area -- this rate applies directly to the Loti.
2026-09-08T12:10:19Z,2018-07-18,USD,ZAR,13.3546,LSL is pegged 1:1 to ZAR under the Common Monetary Area -- this rate applies directly to the Loti.
2026-09-08T12:10:19Z,2018-07-19,USD,ZAR,13.4625,LSL is pegged 1:1 to ZAR under the Common Monetary Area -- this rate applies directly to the Loti.
2026-09-08T12:10:19Z,2018-07-20,USD,ZAR,13.459,LSL is pegged 1:1 to ZAR under the Common Monetary Area -- this rate applies directly to the Loti.
2026-09-08T12:10:19Z,2018-07-23,USD,ZAR,13.5033,LSL is pegged 1:1 to ZAR under the Common Monetary Area -- this rate applies directly to the Loti.
2026-09-08T12:10:19Z,2018-07-24,USD,ZAR,13.33,LSL is pegged 1:1 to ZAR under the Common Monetary Area -- this rate applies directly to the Loti.
2026-09-08T12:10:19Z,2018-07-25,USD,ZAR,13.2101,LSL is pegged 1:1 to ZAR under the Common Monetary Area -- this rate applies directly to the Loti.
2026-09-08T12:10:19Z,2018-07-26,USD,ZAR,13.1921,LSL is pegged 1:1 to ZAR under the Common Monetary Area -- this rate applies directly to the Loti.
2026-09-08T12:10:19Z,2018-07-27,USD,ZAR,13.2445,LSL is pegged 1:1 to ZAR under the Common Monetary Area -- this rate applies directly to the Loti.
2026-09-08T12:10:19Z,2018-07-30,USD,ZAR,13.181,LSL is pegged 1:1 to ZAR under the Common Monetary Area -- this rate applies directly to the Loti.
2026-09-08T12:10:19Z,2018-07-31,USD,ZAR,13.0944,LSL is pegged 1:1 to ZAR under the Common Monetary Area -- this rate applies directly to the Loti.
2026-09-08T12:10:19Z,2018-08-01,USD,ZAR,13.2648,LSL is pegged 1:1 to ZAR under the Common Monetary Area -- this rate applies directly to the Loti.
2026-09-08T12:10:19Z,2018-08-02,USD,ZAR,13.4474,LSL is pegged 1:1 to ZAR under the Common Monetary Area -- this rate applies directly to the Loti.
2026-09-08T12:10:19Z,2018-08-03,USD,ZAR,13.3646,LSL is pegged 1:1 to ZAR under the Common Monetary Area -- this rate applies directly to the Loti.
2026-09-08T12:10:19Z,2018-08-06,USD,ZAR,13.4252,LSL is pegged 1:1 to ZAR under the Common Monetary Area -- this rate applies directly to the Loti.
2026-09-08T12:10:19Z,2018-08-07,USD,ZAR,13.2886,LSL is pegged 1:1 to ZAR under the Common Monetary Area -- this rate applies directly to the Loti.
2026-09-08T12:10:19Z,2018-08-08,USD,ZAR,13.4271,LSL is pegged 1:1 to ZAR under the Common Monetary Area -- this rate applies directly to the Loti.
2026-09-08T12:10:19Z,2018-08-09,USD,ZAR,13.4952,LSL is pegged 1:1 to ZAR under the Common Monetary Area -- this rate applies directly to the Loti.
2026-09-08T12:10:19Z,2018-08-10,USD,ZAR,13.9029,LSL is pegged 1:1 to ZAR under the Common Monetary Area -- this rate applies directly to the Loti.
2026-09-08T12:10:19Z,2018-08-13,USD,ZAR,14.3665,LSL is pegged 1:1 to ZAR under the Common Monetary Area -- this rate applies directly to the Loti.
2026-09-08T12:10:19Z,2018-08-14,USD,ZAR,14.1894,LSL is pegged 1:1 to ZAR under the Common Monetary Area -- this rate applies directly to the Loti.
2026-09-08T12:10:19Z,2018-08-15,USD,ZAR,14.6373,LSL is pegged 1:1 to ZAR under the Common Monetary Area -- this rate applies directly to the Loti.
2026-09-08T12:10:19Z,2018-08-16,USD,ZAR,14.5853,LSL is pegged 1:1 to ZAR under the Common Monetary Area -- this rate applies directly to the Loti.
2026-09-08T12:10:19Z,2018-08-17,USD,ZAR,14.9211,LSL is pegged 1:1 to ZAR under the Common Monetary Area -- this rate applies directly to the Loti.
2026-09-08T12:10:19Z,2018-08-20,USD,ZAR,14.585,LSL is pegged 1:1 to ZAR under the Common Monetary Area -- this rate applies directly to the Loti.
2026-09-08T12:10:19Z,2018-08-21,USD,ZAR,14.445,LSL is pegged 1:1 to ZAR under the Common Monetary Area -- this rate applies directly to the Loti.
2026-09-08T12:10:19Z,2018-08-22,USD,ZAR,14.2737,LSL is pegged 1:1 to ZAR under the Common Monetary Area -- this rate applies directly to the Loti.
2026-09-08T12:10:19Z,2018-08-23,USD,ZAR,14.2245,LSL is pegged 1:1 to ZAR under the Common Monetary Area -- this rate applies directly to the Loti.
2026-09-08T12:10:19Z,2018-08-24,USD,ZAR,14.25,LSL is pegged 1:1 to ZAR under the Common Monetary Area -- this rate applies directly to the Loti.
2026-09-08T12:10:19Z,2018-08-27,USD,ZAR,14.3096,LSL is pegged 1:1 to ZAR under the Common Monetary Area -- this rate applies directly to the Loti.
2026-09-08T12:10:19Z,2018-08-28,USD,ZAR,14.1669,LSL is pegged 1:1 to ZAR under the Common Monetary Area -- this rate applies directly to the Loti.
2026-09-08T12:10:19Z,2018-08-29,USD,ZAR,14.4233,LSL is pegged 1:1 to ZAR under the Common Monetary Area -- this rate applies directly to the Loti.
2026-09-08T12:10:19Z,2018-08-30,USD,ZAR,14.5484,LSL is pegged 1:1 to ZAR under the Common Monetary Area -- this rate applies directly to the Loti.
2026-09-08T12:10:19Z,2018-08-31,USD,ZAR,14.7393,LSL is pegged 1:1 to ZAR under the Common Monetary Area -- this rate applies directly to the Loti.
2026-09-08T12:10:19Z,2018-09-03,USD,ZAR,14.881,LSL is pegged 1:1 to ZAR under the Common Monetary Area -- this rate applies directly to the Loti.
2026-09-08T12:10:19Z,2018-09-04,USD,ZAR,15.2393,LSL is pegged 1:1 to ZAR under the Common Monetary Area -- this rate applies directly to the Loti.
2026-09-08T12:10:19Z,2018-09-05,USD,ZAR,15.5332,LSL is pegged 1:1 to ZAR under the Common Monetary Area -- this rate applies directly to the Loti.
2026-09-08T12:10:19Z,2018-09-06,USD,ZAR,15.32,LSL is pegged 1:1 to ZAR under the Common Monetary Area -- this rate applies directly to the Loti.
2026-09-08T12:10:19Z,2018-09-07,USD,ZAR,15.1124,LSL is pegged 1:1 to ZAR under the Common Monetary Area -- this rate applies directly to the Loti.
2026-09-08T12:10:19Z,2018-09-10,USD,ZAR,15.17,LSL is pegged 1:1 to ZAR under the Common Monetary Area -- this rate applies directly to the Loti.
2026-09-08T12:10:19Z,2018-09-11,USD,ZAR,15.0922,LSL is pegged 1:1 to ZAR under the Common Monetary Area -- this rate applies directly to the Loti.
2026-09-08T12:10:19Z,2018-09-12,USD,ZAR,15.0512,LSL is pegged 1:1 to ZAR under the Common Monetary Area -- this rate applies directly to the Loti.
2026-09-08T12:10:19Z,2018-09-13,USD,ZAR,14.7629,LSL is pegged 1:1 to ZAR under the Common Monetary Area -- this rate applies directly to the Loti.
2026-09-08T12:10:19Z,2018-09-14,USD,ZAR,14.8292,LSL is pegged 1:1 to ZAR under the Common Monetary Area -- this rate applies directly to the Loti.
2026-09-08T12:10:19Z,2018-09-17,USD,ZAR,14.97,LSL is pegged 1:1 to ZAR under the Common Monetary Area -- this rate applies directly to the Loti.
2026-09-08T12:10:19Z,2018-09-18,USD,ZAR,14.9251,LSL is pegged 1:1 to ZAR under the Common Monetary Area -- this rate applies directly to the Loti.
2026-09-08T12:10:19Z,2018-09-19,USD,ZAR,14.6571,LSL is pegged 1:1 to ZAR under the Common Monetary Area -- this rate applies directly to the Loti.
2026-09-08T12:10:19Z,2018-09-20,USD,ZAR,14.47,LSL is pegged 1:1 to ZAR under the Common Monetary Area -- this rate applies directly to the Loti.
2026-09-08T12:10:19Z,2018-09-21,USD,ZAR,14.365,LSL is pegged 1:1 to ZAR under the Common Monetary Area -- this rate applies directly to the Loti.
2026-09-08T12:10:19Z,2018-09-24,USD,ZAR,14.2352,LSL is pegged 1:1 to ZAR under the Common Monetary Area -- this rate applies directly to the Loti.
2026-09-08T12:10:19Z,2018-09-25,USD,ZAR,14.375,LSL is pegged 1:1 to ZAR under the Common Monetary Area -- this rate applies directly to the Loti.
2026-09-08T12:10:19Z,2018-09-26,USD,ZAR,14.299,LSL is pegged 1:1 to ZAR under the Common Monetary Area -- this rate applies directly to the Loti.
2026-09-08T12:10:19Z,2018-09-27,USD,ZAR,14.1071,LSL is pegged 1:1 to ZAR under the Common Monetary Area -- this rate applies directly to the Loti.
2026-09-08T12:10:19Z,2018-09-28,USD,ZAR,14.2059,LSL is pegged 1:1 to ZAR under the Common Monetary Area -- this rate applies directly to the Loti.
2026-09-08T12:10:19Z,2018-10-01,USD,ZAR,14.1587,LSL is pegged 1:1 to ZAR under the Common Monetary Area -- this rate applies directly to the Loti.
2026-09-08T12:10:19Z,2018-10-02,USD,ZAR,14.382,LSL is pegged 1:1 to ZAR under the Common Monetary Area -- this rate applies directly to the Loti.
2026-09-08T12:10:19Z,2018-10-03,USD,ZAR,14.3775,LSL is pegged 1:1 to ZAR under the Common Monetary Area -- this rate applies directly to the Loti.
2026-09-08T12:10:19Z,2018-10-04,USD,ZAR,14.6768,LSL is pegged 1:1 to ZAR under the Common Monetary Area -- this rate applies directly to the Loti.
2026-09-08T12:10:19Z,2018-10-05,USD,ZAR,14.7535,LSL is pegged 1:1 to ZAR under the Common Monetary Area -- this rate applies directly to the Loti.
2026-09-08T12:10:19Z,2018-10-08,USD,ZAR,14.8641,LSL is pegged 1:1 to ZAR under the Common Monetary Area -- this rate applies directly to the Loti.
2026-09-08T12:10:19Z,2018-10-09,USD,ZAR,15.0261,LSL is pegged 1:1 to ZAR under the Common Monetary Area -- this rate applies directly to the Loti.
2026-09-08T12:10:19Z,2018-10-10,USD,ZAR,14.6298,LSL is pegged 1:1 to ZAR under the Common Monetary Area -- this rate applies directly to the Loti.
2026-09-08T12:10:19Z,2018-10-11,USD,ZAR,14.5968,LSL is pegged 1:1 to ZAR under the Common Monetary Area -- this rate applies directly to the Loti.
2026-09-08T12:10:19Z,2018-10-12,USD,ZAR,14.4289,LSL is pegged 1:1 to ZAR under the Common Monetary Area -- this rate applies directly to the Loti.
2026-09-08T12:10:19Z,2018-10-15,USD,ZAR,14.4313,LSL is pegged 1:1 to ZAR under the Common Monetary Area -- this rate applies directly to the Loti.
2026-09-08T12:10:19Z,2018-10-16,USD,ZAR,14.2456,LSL is pegged 1:1 to ZAR under the Common Monetary Area -- this rate applies directly to the Loti.
2026-09-08T12:10:19Z,2018-10-17,USD,ZAR,14.2646,LSL is pegged 1:1 to ZAR under the Common Monetary Area -- this rate applies directly to the Loti.
2026-09-08T12:10:19Z,2018-10-18,USD,ZAR,14.2637,LSL is pegged 1:1 to ZAR under the Common Monetary Area -- this rate applies directly to the Loti.
2026-09-08T12:10:19Z,2018-10-19,USD,ZAR,14.3417,LSL is pegged 1:1 to ZAR under the Common Monetary Area -- this rate applies directly to the Loti.
2026-09-08T12:10:19Z,2018-10-22,USD,ZAR,14.2901,LSL is pegged 1:1 to ZAR under the Common Monetary Area -- this rate applies directly to the Loti.
2026-09-08T12:10:19Z,2018-10-23,USD,ZAR,14.3543,LSL is pegged 1:1 to ZAR under the Common Monetary Area -- this rate applies directly to the Loti.
2026-09-08T12:10:19Z,2018-10-24,USD,ZAR,14.352,LSL is pegged 1:1 to ZAR under the Common Monetary Area -- this rate applies directly to the Loti.
2026-09-08T12:10:19Z,2018-10-25,USD,ZAR,14.481,LSL is pegged 1:1 to ZAR under the Common Monetary Area -- this rate applies directly to the Loti.
2026-09-08T12:10:19Z,2018-10-26,USD,ZAR,14.7194,LSL is pegged 1:1 to ZAR under the Common Monetary Area -- this rate applies directly to the Loti.
2026-09-08T12:10:19Z,2018-10-29,USD,ZAR,14.4768,LSL is pegged 1:1 to ZAR under the Common Monetary Area -- this rate applies directly to the Loti.
2026-09-08T12:10:19Z,2018-10-30,USD,ZAR,14.6228,LSL is pegged 1:1 to ZAR under the Common Monetary Area -- this rate applies directly to the Loti.
2026-09-08T12:10:19Z,2018-10-31,USD,ZAR,14.8385,LSL is pegged 1:1 to ZAR under the Common Monetary Area -- this rate applies directly to the Loti.
2026-09-08T12:10:19Z,2018-11-01,USD,ZAR,14.5722,LSL is pegged 1:1 to ZAR under the Common Monetary Area -- this rate applies directly to the Loti.
2026-09-08T12:10:19Z,2018-11-02,USD,ZAR,14.34,LSL is pegged 1:1 to ZAR under the Common Monetary Area -- this rate applies directly to the Loti.
2026-09-08T12:10:19Z,2018-11-05,USD,ZAR,14.3562,LSL is pegged 1:1 to ZAR under the Common Monetary Area -- this rate applies directly to the Loti.
2026-09-08T12:10:19Z,2018-11-06,USD,ZAR,14.2064,LSL is pegged 1:1 to ZAR under the Common Monetary Area -- this rate applies directly to the Loti.
2026-09-08T12:10:19Z,2018-11-07,USD,ZAR,13.9476,LSL is pegged 1:1 to ZAR under the Common Monetary Area -- this rate applies directly to the Loti.
2026-09-08T12:10:19Z,2018-11-08,USD,ZAR,13.9697,LSL is pegged 1:1 to ZAR under the Common Monetary Area -- this rate applies directly to the Loti.
2026-09-08T12:10:19Z,2018-11-09,USD,ZAR,14.2679,LSL is pegged 1:1 to ZAR under the Common Monetary Area -- this rate applies directly to the Loti.
2026-09-08T12:10:19Z,2018-11-12,USD,ZAR,14.3676,LSL is pegged 1:1 to ZAR under the Common Monetary Area -- this rate applies directly to the Loti.
2026-09-08T12:10:19Z,2018-11-13,USD,ZAR,14.4307,LSL is pegged 1:1 to ZAR under the Common Monetary Area -- this rate applies directly to the Loti.
2026-09-08T12:10:19Z,2018-11-14,USD,ZAR,14.3436,LSL is pegged 1:1 to ZAR under the Common Monetary Area -- this rate applies directly to the Loti.
2026-09-08T12:10:19Z,2018-11-15,USD,ZAR,14.2625,LSL is pegged 1:1 to ZAR under the Common Monetary Area -- this rate applies directly to the Loti.
2026-09-08T12:10:19Z,2018-11-16,USD,ZAR,14.2063,LSL is pegged 1:1 to ZAR under the Common Monetary Area -- this rate applies directly to the Loti.
2026-09-08T12:10:19Z,2018-11-19,USD,ZAR,14.0126,LSL is pegged 1:1 to ZAR under the Common Monetary Area -- this rate applies directly to the Loti.
2026-09-08T12:10:19Z,2018-11-20,USD,ZAR,14.0644,LSL is pegged 1:1 to ZAR under the Common Monetary Area -- this rate applies directly to the Loti.
2026-09-08T12:10:19Z,2018-11-21,USD,ZAR,13.9381,LSL is pegged 1:1 to ZAR under the Common Monetary Area -- this rate applies directly to the Loti.
2026-09-08T12:10:19Z,2018-11-22,USD,ZAR,13.772,LSL is pegged 1:1 to ZAR under the Common Monetary Area -- this rate applies directly to the Loti.
2026-09-08T12:10:19Z,2018-11-23,USD,ZAR,13.8748,LSL is pegged 1:1 to ZAR under the Common Monetary Area -- this rate applies directly to the Loti.
2026-09-08T12:10:19Z,2018-11-26,USD,ZAR,13.8451,LSL is pegged 1:1 to ZAR under the Common Monetary Area -- this rate applies directly to the Loti.
2026-09-08T12:10:19Z,2018-11-27,USD,ZAR,13.7994,LSL is pegged 1:1 to ZAR under the Common Monetary Area -- this rate applies directly to the Loti.
2026-09-08T12:10:19Z,2018-11-28,USD,ZAR,13.9394,LSL is pegged 1:1 to ZAR under the Common Monetary Area -- this rate applies directly to the Loti.
2026-09-08T12:10:19Z,2018-11-29,USD,ZAR,13.628,LSL is pegged 1:1 to ZAR under the Common Monetary Area -- this rate applies directly to the Loti.
2026-09-08T12:10:19Z,2018-11-30,USD,ZAR,13.7563,LSL is pegged 1:1 to ZAR under the Common Monetary Area -- this rate applies directly to the Loti.
2026-09-08T12:10:19Z,2018-12-03,USD,ZAR,13.6855,LSL is pegged 1:1 to ZAR under the Common Monetary Area -- this rate applies directly to the Loti.
2026-09-08T12:10:19Z,2018-12-04,USD,ZAR,13.6114,LSL is pegged 1:1 to ZAR under the Common Monetary Area -- this rate applies directly to the Loti.
2026-09-08T12:10:19Z,2018-12-05,USD,ZAR,13.7719,LSL is pegged 1:1 to ZAR under the Common Monetary Area -- this rate applies directly to the Loti.
2026-09-08T12:10:19Z,2018-12-06,USD,ZAR,14.0778,LSL is pegged 1:1 to ZAR under the Common Monetary Area -- this rate applies directly to the Loti.
2026-09-08T12:10:19Z,2018-12-07,USD,ZAR,14.1301,LSL is pegged 1:1 to ZAR under the Common Monetary Area -- this rate applies directly to the Loti.
2026-09-08T12:10:19Z,2018-12-10,USD,ZAR,14.3075,LSL is pegged 1:1 to ZAR under the Common Monetary Area -- this rate applies directly to the Loti.
2026-09-08T12:10:19Z,2018-12-11,USD,ZAR,14.3161,LSL is pegged 1:1 to ZAR under the Common Monetary Area -- this rate applies directly to the Loti.
2026-09-08T12:10:19Z,2018-12-12,USD,ZAR,14.2319,LSL is pegged 1:1 to ZAR under the Common Monetary Area -- this rate applies directly to the Loti.
2026-09-08T12:10:19Z,2018-12-13,USD,ZAR,14.1788,LSL is pegged 1:1 to ZAR under the Common Monetary Area -- this rate applies directly to the Loti.
2026-09-08T12:10:19Z,2018-12-14,USD,ZAR,14.3718,LSL is pegged 1:1 to ZAR under the Common Monetary Area -- this rate applies directly to the Loti.
2026-09-08T12:10:19Z,2018-12-17,USD,ZAR,14.3561,LSL is pegged 1:1 to ZAR under the Common Monetary Area -- this rate applies directly to the Loti.
2026-09-08T12:10:19Z,2018-12-18,USD,ZAR,14.3365,LSL is pegged 1:1 to ZAR under the Common Monetary Area -- this rate applies directly to the Loti.
2026-09-08T12:10:19Z,2018-12-19,USD,ZAR,14.2571,LSL is pegged 1:1 to ZAR under the Common Monetary Area -- this rate applies directly to the Loti.
2026-09-08T12:10:19Z,2018-12-20,USD,ZAR,14.1996,LSL is pegged 1:1 to ZAR under the Common Monetary Area -- this rate applies directly to the Loti.
2026-09-08T12:10:19Z,2018-12-21,USD,ZAR,14.4343,LSL is pegged 1:1 to ZAR under the Common Monetary Area -- this rate applies directly to the Loti.
2026-09-08T12:10:19Z,2018-12-24,USD,ZAR,14.628,LSL is pegged 1:1 to ZAR under the Common Monetary Area -- this rate applies directly to the Loti.
2026-09-08T12:10:19Z,2018-12-27,USD,ZAR,14.5212,LSL is pegged 1:1 to ZAR under the Common Monetary Area -- this rate applies directly to the Loti.
2026-09-08T12:10:19Z,2018-12-28,USD,ZAR,14.3623,LSL is pegged 1:1 to ZAR under the Common Monetary Area -- this rate applies directly to the Loti.
2026-09-08T12:10:19Z,2018-12-31,USD,ZAR,14.375,LSL is pegged 1:1 to ZAR under the Common Monetary Area -- this rate applies directly to the Loti.
2026-09-08T12:10:19Z,2019-01-02,USD,ZAR,14.4841,LSL is pegged 1:1 to ZAR under the Common Monetary Area -- this rate applies directly to the Loti.
2026-09-08T12:10:19Z,2019-01-03,USD,ZAR,14.465,LSL is pegged 1:1 to ZAR under the Common Monetary Area -- this rate applies directly to the Loti.
2026-09-08T12:10:19Z,2019-01-04,USD,ZAR,14.1344,LSL is pegged 1:1 to ZAR under the Common Monetary Area -- this rate applies directly to the Loti.
2026-09-08T12:10:19Z,2019-01-07,USD,ZAR,13.8614,LSL is pegged 1:1 to ZAR under the Common Monetary Area -- this rate applies directly to the Loti.
2026-09-08T12:10:19Z,2019-01-08,USD,ZAR,14.0179,LSL is pegged 1:1 to ZAR under the Common Monetary Area -- this rate applies directly to the Loti.
2026-09-08T12:10:19Z,2019-01-09,USD,ZAR,13.9796,LSL is pegged 1:1 to ZAR under the Common Monetary Area -- this rate applies directly to the Loti.
2026-09-08T12:10:19Z,2019-01-10,USD,ZAR,13.8475,LSL is pegged 1:1 to ZAR under the Common Monetary Area -- this rate applies directly to the Loti.
2026-09-08T12:10:19Z,2019-01-11,USD,ZAR,13.8398,LSL is pegged 1:1 to ZAR under the Common Monetary Area -- this rate applies directly to the Loti.
2026-09-08T12:10:19Z,2019-01-14,USD,ZAR,13.8849,LSL is pegged 1:1 to ZAR under the Common Monetary Area -- this rate applies directly to the Loti.
2026-09-08T12:10:19Z,2019-01-15,USD,ZAR,13.8198,LSL is pegged 1:1 to ZAR under the Common Monetary Area -- this rate applies directly to the Loti.
2026-09-08T12:10:19Z,2019-01-16,USD,ZAR,13.705,LSL is pegged 1:1 to ZAR under the Common Monetary Area -- this rate applies directly to the Loti.
2026-09-08T12:10:19Z,2019-01-17,USD,ZAR,13.7715,LSL is pegged 1:1 to ZAR under the Common Monetary Area -- this rate applies directly to the Loti.
2026-09-08T12:10:19Z,2019-01-18,USD,ZAR,13.7859,LSL is pegged 1:1 to ZAR under the Common Monetary Area -- this rate applies directly to the Loti.
2026-09-08T12:10:19Z,2019-01-21,USD,ZAR,13.8665,LSL is pegged 1:1 to ZAR under the Common Monetary Area -- this rate applies directly to the Loti.
2026-09-08T12:10:19Z,2019-01-22,USD,ZAR,13.8907,LSL is pegged 1:1 to ZAR under the Common Monetary Area -- this rate applies directly to the Loti.
2026-09-08T12:10:19Z,2019-01-23,USD,ZAR,13.8717,LSL is pegged 1:1 to ZAR under the Common Monetary Area -- this rate applies directly to the Loti.
2026-09-08T12:10:19Z,2019-01-24,USD,ZAR,13.7871,LSL is pegged 1:1 to ZAR under the Common Monetary Area -- this rate applies directly to the Loti.
2026-09-08T12:10:19Z,2019-01-25,USD,ZAR,13.6524,LSL is pegged 1:1 to ZAR under the Common Monetary Area -- this rate applies directly to the Loti.
2026-09-08T12:10:19Z,2019-01-28,USD,ZAR,13.6506,LSL is pegged 1:1 to ZAR under the Common Monetary Area -- this rate applies directly to the Loti.
2026-09-08T12:10:19Z,2019-01-29,USD,ZAR,13.6193,LSL is pegged 1:1 to ZAR under the Common Monetary Area -- this rate applies directly to the Loti.
2026-09-08T12:10:19Z,2019-01-30,USD,ZAR,13.6043,LSL is pegged 1:1 to ZAR under the Common Monetary Area -- this rate applies directly to the Loti.
2026-09-08T12:10:19Z,2019-01-31,USD,ZAR,13.2678,LSL is pegged 1:1 to ZAR under the Common Monetary Area -- this rate applies directly to the Loti.
2026-09-08T12:10:19Z,2019-02-01,USD,ZAR,13.3259,LSL is pegged 1:1 to ZAR under the Common Monetary Area -- this rate applies directly to the Loti.
2026-09-08T12:10:19Z,2019-02-04,USD,ZAR,13.405,LSL is pegged 1:1 to ZAR under the Common Monetary Area -- this rate applies directly to the Loti.
2026-09-08T12:10:19Z,2019-02-05,USD,ZAR,13.3742,LSL is pegged 1:1 to ZAR under the Common Monetary Area -- this rate applies directly to the Loti.
2026-09-08T12:10:19Z,2019-02-06,USD,ZAR,13.4608,LSL is pegged 1:1 to ZAR under the Common Monetary Area -- this rate applies directly to the Loti.
2026-09-08T12:10:19Z,2019-02-07,USD,ZAR,13.6336,LSL is pegged 1:1 to ZAR under the Common Monetary Area -- this rate applies directly to the Loti.
2026-09-08T12:10:19Z,2019-02-08,USD,ZAR,13.6098,LSL is pegged 1:1 to ZAR under the Common Monetary Area -- this rate applies directly to the Loti.
2026-09-08T12:10:19Z,2019-02-11,USD,ZAR,13.7363,LSL is pegged 1:1 to ZAR under the Common Monetary Area -- this rate applies directly to the Loti.
2026-09-08T12:10:19Z,2019-02-12,USD,ZAR,13.7678,LSL is pegged 1:1 to ZAR under the Common Monetary Area -- this rate applies directly to the Loti.
2026-09-08T12:10:19Z,2019-02-13,USD,ZAR,13.8758,LSL is pegged 1:1 to ZAR under the Common Monetary Area -- this rate applies directly to the Loti.
2026-09-08T12:10:19Z,2019-02-14,USD,ZAR,14.17,LSL is pegged 1:1 to ZAR under the Common Monetary Area -- this rate applies directly to the Loti.
2026-09-08T12:10:19Z,2019-02-15,USD,ZAR,14.1218,LSL is pegged 1:1 to ZAR under the Common Monetary Area -- this rate applies directly to the Loti.
2026-09-08T12:10:19Z,2019-02-18,USD,ZAR,14.1016,LSL is pegged 1:1 to ZAR under the Common Monetary Area -- this rate applies directly to the Loti.
2026-09-08T12:10:19Z,2019-02-19,USD,ZAR,14.1668,LSL is pegged 1:1 to ZAR under the Common Monetary Area -- this rate applies directly to the Loti.
2026-09-08T12:10:19Z,2019-02-20,USD,ZAR,14.1381,LSL is pegged 1:1 to ZAR under the Common Monetary Area -- this rate applies directly to the Loti.
2026-09-08T12:10:19Z,2019-02-21,USD,ZAR,13.9633,LSL is pegged 1:1 to ZAR under the Common Monetary Area -- this rate applies directly to the Loti.
2026-09-08T12:10:19Z,2019-02-22,USD,ZAR,14.005,LSL is pegged 1:1 to ZAR under the Common Monetary Area -- this rate applies directly to the Loti.
2026-09-08T12:10:19Z,2019-02-25,USD,ZAR,13.8779,LSL is pegged 1:1 to ZAR under the Common Monetary Area -- this rate applies directly to the Loti.
2026-09-08T12:10:19Z,2019-02-26,USD,ZAR,13.865,LSL is pegged 1:1 to ZAR under the Common Monetary Area -- this rate applies directly to the Loti.
2026-09-08T12:10:19Z,2019-02-27,USD,ZAR,13.8625,LSL is pegged 1:1 to ZAR under the Common Monetary Area -- this rate applies directly to the Loti.
2026-09-08T12:10:19Z,2019-02-28,USD,ZAR,13.9698,LSL is pegged 1:1 to ZAR under the Common Monetary Area -- this rate applies directly to the Loti.
2026-09-08T12:10:19Z,2019-03-01,USD,ZAR,14.1813,LSL is pegged 1:1 to ZAR under the Common Monetary Area -- this rate applies directly to the Loti.
2026-09-08T12:10:19Z,2019-03-04,USD,ZAR,14.2421,LSL is pegged 1:1 to ZAR under the Common Monetary Area -- this rate applies directly to the Loti.
2026-09-08T12:10:19Z,2019-03-05,USD,ZAR,14.1683,LSL is pegged 1:1 to ZAR under the Common Monetary Area -- this rate applies directly to the Loti.
2026-09-08T12:10:19Z,2019-03-06,USD,ZAR,14.2046,LSL is pegged 1:1 to ZAR under the Common Monetary Area -- this rate applies directly to the Loti.
2026-09-08T12:10:19Z,2019-03-07,USD,ZAR,14.3301,LSL is pegged 1:1 to ZAR under the Common Monetary Area -- this rate applies directly to the Loti.
2026-09-08T12:10:19Z,2019-03-08,USD,ZAR,14.527,LSL is pegged 1:1 to ZAR under the Common Monetary Area -- this rate applies directly to the Loti.
2026-09-08T12:10:19Z,2019-03-11,USD,ZAR,14.365,LSL is pegged 1:1 to ZAR under the Common Monetary Area -- this rate applies directly to the Loti.
2026-09-08T12:10:19Z,2019-03-12,USD,ZAR,14.2959,LSL is pegged 1:1 to ZAR under the Common Monetary Area -- this rate applies directly to the Loti.
2026-09-08T12:10:19Z,2019-03-13,USD,ZAR,14.3313,LSL is pegged 1:1 to ZAR under the Common Monetary Area -- this rate applies directly to the Loti.
2026-09-08T12:10:19Z,2019-03-14,USD,ZAR,14.5038,LSL is pegged 1:1 to ZAR under the Common Monetary Area -- this rate applies directly to the Loti.
2026-09-08T12:10:19Z,2019-03-15,USD,ZAR,14.4837,LSL is pegged 1:1 to ZAR under the Common Monetary Area -- this rate applies directly to the Loti.
2026-09-08T12:10:19Z,2019-03-18,USD,ZAR,14.3778,LSL is pegged 1:1 to ZAR under the Common Monetary Area -- this rate applies directly to the Loti.
2026-09-08T12:10:19Z,2019-03-19,USD,ZAR,14.415,LSL is pegged 1:1 to ZAR under the Common Monetary Area -- this rate applies directly to the Loti.
2026-09-08T12:10:19Z,2019-03-20,USD,ZAR,14.4251,LSL is pegged 1:1 to ZAR under the Common Monetary Area -- this rate applies directly to the Loti.
2026-09-08T12:10:19Z,2019-03-21,USD,ZAR,14.1948,LSL is pegged 1:1 to ZAR under the Common Monetary Area -- this rate applies directly to the Loti.
2026-09-08T12:10:19Z,2019-03-22,USD,ZAR,14.3752,LSL is pegged 1:1 to ZAR under the Common Monetary Area -- this rate applies directly to the Loti.
2026-09-08T12:10:19Z,2019-03-25,USD,ZAR,14.3927,LSL is pegged 1:1 to ZAR under the Common Monetary Area -- this rate applies directly to the Loti.
2026-09-08T12:10:19Z,2019-03-26,USD,ZAR,14.367,LSL is pegged 1:1 to ZAR under the Common Monetary Area -- this rate applies directly to the Loti.
2026-09-08T12:10:19Z,2019-03-27,USD,ZAR,14.586,LSL is pegged 1:1 to ZAR under the Common Monetary Area -- this rate applies directly to the Loti.
2026-09-08T12:10:19Z,2019-03-28,USD,ZAR,14.7033,LSL is pegged 1:1 to ZAR under the Common Monetary Area -- this rate applies directly to the Loti.
2026-09-08T12:10:19Z,2019-03-29,USD,ZAR,14.4764,LSL is pegged 1:1 to ZAR under the Common Monetary Area -- this rate applies directly to the Loti.
2026-09-08T12:10:19Z,2019-04-01,USD,ZAR,14.1665,LSL is pegged 1:1 to ZAR under the Common Monetary Area -- this rate applies directly to the Loti.
2026-09-08T12:10:19Z,2019-04-02,USD,ZAR,14.13,LSL is pegged 1:1 to ZAR under the Common Monetary Area -- this rate applies directly to the Loti.
2026-09-08T12:10:19Z,2019-04-03,USD,ZAR,14.1528,LSL is pegged 1:1 to ZAR under the Common Monetary Area -- this rate applies directly to the Loti.
2026-09-08T12:10:19Z,2019-04-04,USD,ZAR,14.1508,LSL is pegged 1:1 to ZAR under the Common Monetary Area -- this rate applies directly to the Loti.
2026-09-08T12:10:19Z,2019-04-05,USD,ZAR,14.0726,LSL is pegged 1:1 to ZAR under the Common Monetary Area -- this rate applies directly to the Loti.
2026-09-08T12:10:19Z,2019-04-08,USD,ZAR,14.0994,LSL is pegged 1:1 to ZAR under the Common Monetary Area -- this rate applies directly to the Loti.
2026-09-08T12:10:19Z,2019-04-09,USD,ZAR,14.0299,LSL is pegged 1:1 to ZAR under the Common Monetary Area -- this rate applies directly to the Loti.
2026-09-08T12:10:19Z,2019-04-10,USD,ZAR,13.9543,LSL is pegged 1:1 to ZAR under the Common Monetary Area -- this rate applies directly to the Loti.
2026-09-08T12:10:19Z,2019-04-11,USD,ZAR,14.005,LSL is pegged 1:1 to ZAR under the Common Monetary Area -- this rate applies directly to the Loti.
2026-09-08T12:10:19Z,2019-04-12,USD,ZAR,13.9238,LSL is pegged 1:1 to ZAR under the Common Monetary Area -- this rate applies directly to the Loti.
2026-09-08T12:10:19Z,2019-04-15,USD,ZAR,13.9832,LSL is pegged 1:1 to ZAR under the Common Monetary Area -- this rate applies directly to the Loti.
2026-09-08T12:10:19Z,2019-04-16,USD,ZAR,14.0466,LSL is pegged 1:1 to ZAR under the Common Monetary Area -- this rate applies directly to the Loti.
2026-09-08T12:10:19Z,2019-04-17,USD,ZAR,13.9697,LSL is pegged 1:1 to ZAR under the Common Monetary Area -- this rate applies directly to the Loti.
2026-09-08T12:10:19Z,2019-04-18,USD,ZAR,14.0873,LSL is pegged 1:1 to ZAR under the Common Monetary Area -- this rate applies directly to the Loti.
2026-09-08T12:10:19Z,2019-04-23,USD,ZAR,14.2006,LSL is pegged 1:1 to ZAR under the Common Monetary Area -- this rate applies directly to the Loti.
2026-09-08T12:10:19Z,2019-04-24,USD,ZAR,14.357,LSL is pegged 1:1 to ZAR under the Common Monetary Area -- this rate applies directly to the Loti.
2026-09-08T12:10:19Z,2019-04-25,USD,ZAR,14.531,LSL is pegged 1:1 to ZAR under the Common Monetary Area -- this rate applies directly to the Loti.
2026-09-08T12:10:19Z,2019-04-26,USD,ZAR,14.4149,LSL is pegged 1:1 to ZAR under the Common Monetary Area -- this rate applies directly to the Loti.
2026-09-08T12:10:19Z,2019-04-29,USD,ZAR,14.345,LSL is pegged 1:1 to ZAR under the Common Monetary Area -- this rate applies directly to the Loti.
2026-09-08T12:10:19Z,2019-04-30,USD,ZAR,14.2828,LSL is pegged 1:1 to ZAR under the Common Monetary Area -- this rate applies directly to the Loti.
2026-09-08T12:10:19Z,2019-05-02,USD,ZAR,14.4647,LSL is pegged 1:1 to ZAR under the Common Monetary Area -- this rate applies directly to the Loti.
2026-09-08T12:10:19Z,2019-05-03,USD,ZAR,14.5291,LSL is pegged 1:1 to ZAR under the Common Monetary Area -- this rate applies directly to the Loti.
2026-09-08T12:10:19Z,2019-05-06,USD,ZAR,14.5146,LSL is pegged 1:1 to ZAR under the Common Monetary Area -- this rate applies directly to the Loti.
2026-09-08T12:10:19Z,2019-05-07,USD,ZAR,14.4139,LSL is pegged 1:1 to ZAR under the Common Monetary Area -- this rate applies directly to the Loti.
2026-09-08T12:10:19Z,2019-05-08,USD,ZAR,14.3448,LSL is pegged 1:1 to ZAR under the Common Monetary Area -- this rate applies directly to the Loti.
2026-09-08T12:10:19Z,2019-05-09,USD,ZAR,14.3332,LSL is pegged 1:1 to ZAR under the Common Monetary Area -- this rate applies directly to the Loti.
2026-09-08T12:10:19Z,2019-05-10,USD,ZAR,14.2264,LSL is pegged 1:1 to ZAR under the Common Monetary Area -- this rate applies directly to the Loti.
2026-09-08T12:10:19Z,2019-05-13,USD,ZAR,14.3057,LSL is pegged 1:1 to ZAR under the Common Monetary Area -- this rate applies directly to the Loti.
2026-09-08T12:10:19Z,2019-05-14,USD,ZAR,14.23,LSL is pegged 1:1 to ZAR under the Common Monetary Area -- this rate applies directly to the Loti.
2026-09-08T12:10:19Z,2019-05-15,USD,ZAR,14.2735,LSL is pegged 1:1 to ZAR under the Common Monetary Area -- this rate applies directly to the Loti.
2026-09-08T12:10:19Z,2019-05-16,USD,ZAR,14.1529,LSL is pegged 1:1 to ZAR under the Common Monetary Area -- this rate applies directly to the Loti.
2026-09-08T12:10:19Z,2019-05-17,USD,ZAR,14.3812,LSL is pegged 1:1 to ZAR under the Common Monetary Area -- this rate applies directly to the Loti.
2026-09-08T12:10:19Z,2019-05-20,USD,ZAR,14.363,LSL is pegged 1:1 to ZAR under the Common Monetary Area -- this rate applies directly to the Loti.
2026-09-08T12:10:19Z,2019-05-21,USD,ZAR,14.4171,LSL is pegged 1:1 to ZAR under the Common Monetary Area -- this rate applies directly to the Loti.
2026-09-08T12:10:19Z,2019-05-22,USD,ZAR,14.3679,LSL is pegged 1:1 to ZAR under the Common Monetary Area -- this rate applies directly to the Loti.
2026-09-08T12:10:19Z,2019-05-23,USD,ZAR,14.4479,LSL is pegged 1:1 to ZAR under the Common Monetary Area -- this rate applies directly to the Loti.
2026-09-08T12:10:19Z,2019-05-24,USD,ZAR,14.4412,LSL is pegged 1:1 to ZAR under the Common Monetary Area -- this rate applies directly to the Loti.
2026-09-08T12:10:19Z,2019-05-27,USD,ZAR,14.4569,LSL is pegged 1:1 to ZAR under the Common Monetary Area -- this rate applies directly to the Loti.
2026-09-08T12:10:19Z,2019-05-28,USD,ZAR,14.6081,LSL is pegged 1:1 to ZAR under the Common Monetary Area -- this rate applies directly to the Loti.
2026-09-08T12:10:19Z,2019-05-29,USD,ZAR,14.815,LSL is pegged 1:1 to ZAR under the Common Monetary Area -- this rate applies directly to the Loti.
2026-09-08T12:10:19Z,2019-05-30,USD,ZAR,14.6418,LSL is pegged 1:1 to ZAR under the Common Monetary Area -- this rate applies directly to the Loti.
2026-09-08T12:10:19Z,2019-05-31,USD,ZAR,14.6923,LSL is pegged 1:1 to ZAR under the Common Monetary Area -- this rate applies directly to the Loti.
2026-09-08T12:10:19Z,2019-06-03,USD,ZAR,14.565,LSL is pegged 1:1 to ZAR under the Common Monetary Area -- this rate applies directly to the Loti.
2026-09-08T12:10:19Z,2019-06-04,USD,ZAR,14.6559,LSL is pegged 1:1 to ZAR under the Common Monetary Area -- this rate applies directly to the Loti.
2026-09-08T12:10:19Z,2019-06-05,USD,ZAR,14.7366,LSL is pegged 1:1 to ZAR under the Common Monetary Area -- this rate applies directly to the Loti.
2026-09-08T12:10:19Z,2019-06-06,USD,ZAR,14.8698,LSL is pegged 1:1 to ZAR under the Common Monetary Area -- this rate applies directly to the Loti.
2026-09-08T12:10:19Z,2019-06-07,USD,ZAR,15.052,LSL is pegged 1:1 to ZAR under the Common Monetary Area -- this rate applies directly to the Loti.
2026-09-08T12:10:19Z,2019-06-10,USD,ZAR,14.8653,LSL is pegged 1:1 to ZAR under the Common Monetary Area -- this rate applies directly to the Loti.
2026-09-08T12:10:19Z,2019-06-11,USD,ZAR,14.765,LSL is pegged 1:1 to ZAR under the Common Monetary Area -- this rate applies directly to the Loti.
2026-09-08T12:10:19Z,2019-06-12,USD,ZAR,14.7601,LSL is pegged 1:1 to ZAR under the Common Monetary Area -- this rate applies directly to the Loti.
2026-09-08T12:10:19Z,2019-06-13,USD,ZAR,14.8708,LSL is pegged 1:1 to ZAR under the Common Monetary Area -- this rate applies directly to the Loti.
2026-09-08T12:10:19Z,2019-06-14,USD,ZAR,14.7829,LSL is pegged 1:1 to ZAR under the Common Monetary Area -- this rate applies directly to the Loti.
2026-09-08T12:10:19Z,2019-06-17,USD,ZAR,14.8178,LSL is pegged 1:1 to ZAR under the Common Monetary Area -- this rate applies directly to the Loti.
2026-09-08T12:10:19Z,2019-06-18,USD,ZAR,14.6404,LSL is pegged 1:1 to ZAR under the Common Monetary Area -- this rate applies directly to the Loti.
2026-09-08T12:10:19Z,2019-06-19,USD,ZAR,14.5171,LSL is pegged 1:1 to ZAR under the Common Monetary Area -- this rate applies directly to the Loti.
2026-09-08T12:10:19Z,2019-06-20,USD,ZAR,14.2663,LSL is pegged 1:1 to ZAR under the Common Monetary Area -- this rate applies directly to the Loti.
2026-09-08T12:10:19Z,2019-06-21,USD,ZAR,14.3317,LSL is pegged 1:1 to ZAR under the Common Monetary Area -- this rate applies directly to the Loti.
2026-09-08T12:10:19Z,2019-06-24,USD,ZAR,14.3317,LSL is pegged 1:1 to ZAR under the Common Monetary Area -- this rate applies directly to the Loti.
2026-09-08T12:10:19Z,2019-06-25,USD,ZAR,14.3029,LSL is pegged 1:1 to ZAR under the Common Monetary Area -- this rate applies directly to the Loti.
2026-09-08T12:10:19Z,2019-06-26,USD,ZAR,14.3286,LSL is pegged 1:1 to ZAR under the Common Monetary Area -- this rate applies directly to the Loti.
2026-09-08T12:10:19Z,2019-06-27,USD,ZAR,14.1507,LSL is pegged 1:1 to ZAR under the Common Monetary Area -- this rate applies directly to the Loti.
2026-09-08T12:10:19Z,2019-06-28,USD,ZAR,14.1668,LSL is pegged 1:1 to ZAR under the Common Monetary Area -- this rate applies directly to the Loti.
2026-09-08T12:10:19Z,2019-07-01,USD,ZAR,14.1172,LSL is pegged 1:1 to ZAR under the Common Monetary Area -- this rate applies directly to the Loti.
2026-09-08T12:10:19Z,2019-07-02,USD,ZAR,14.1221,LSL is pegged 1:1 to ZAR under the Common Monetary Area -- this rate applies directly to the Loti.
2026-09-08T12:10:19Z,2019-07-03,USD,ZAR,14.1138,LSL is pegged 1:1 to ZAR under the Common Monetary Area -- this rate applies directly to the Loti.
2026-09-08T12:10:19Z,2019-07-04,USD,ZAR,13.9856,LSL is pegged 1:1 to ZAR under the Common Monetary Area -- this rate applies directly to the Loti.
2026-09-08T12:10:19Z,2019-07-05,USD,ZAR,14.1088,LSL is pegged 1:1 to ZAR under the Common Monetary Area -- this rate applies directly to the Loti.
2026-09-08T12:10:19Z,2019-07-08,USD,ZAR,14.1608,LSL is pegged 1:1 to ZAR under the Common Monetary Area -- this rate applies directly to the Loti.
2026-09-08T12:10:19Z,2019-07-09,USD,ZAR,14.1644,LSL is pegged 1:1 to ZAR under the Common Monetary Area -- this rate applies directly to the Loti.
2026-09-08T12:10:19Z,2019-07-10,USD,ZAR,14.16,LSL is pegged 1:1 to ZAR under the Common Monetary Area -- this rate applies directly to the Loti.
2026-09-08T12:10:19Z,2019-07-11,USD,ZAR,13.868,LSL is pegged 1:1 to ZAR under the Common Monetary Area -- this rate applies directly to the Loti.
2026-09-08T12:10:19Z,2019-07-12,USD,ZAR,13.9582,LSL is pegged 1:1 to ZAR under the Common Monetary Area -- this rate applies directly to the Loti.
2026-09-08T12:10:19Z,2019-07-15,USD,ZAR,13.8624,LSL is pegged 1:1 to ZAR under the Common Monetary Area -- this rate applies directly to the Loti.
2026-09-08T12:10:19Z,2019-07-16,USD,ZAR,13.8741,LSL is pegged 1:1 to ZAR under the Common Monetary Area -- this rate applies directly to the Loti.
2026-09-08T12:10:19Z,2019-07-17,USD,ZAR,13.9644,LSL is pegged 1:1 to ZAR under the Common Monetary Area -- this rate applies directly to the Loti.
2026-09-08T12:10:19Z,2019-07-18,USD,ZAR,13.9918,LSL is pegged 1:1 to ZAR under the Common Monetary Area -- this rate applies directly to the Loti.
2026-09-08T12:10:19Z,2019-07-19,USD,ZAR,13.9292,LSL is pegged 1:1 to ZAR under the Common Monetary Area -- this rate applies directly to the Loti.
2026-09-08T12:10:19Z,2019-07-22,USD,ZAR,13.8923,LSL is pegged 1:1 to ZAR under the Common Monetary Area -- this rate applies directly to the Loti.
2026-09-08T12:10:19Z,2019-07-23,USD,ZAR,13.872,LSL is pegged 1:1 to ZAR under the Common Monetary Area -- this rate applies directly to the Loti.
2026-09-08T12:10:19Z,2019-07-24,USD,ZAR,13.9142,LSL is pegged 1:1 to ZAR under the Common Monetary Area -- this rate applies directly to the Loti.
2026-09-08T12:10:19Z,2019-07-25,USD,ZAR,13.9162,LSL is pegged 1:1 to ZAR under the Common Monetary Area -- this rate applies directly to the Loti.
2026-09-08T12:10:19Z,2019-07-26,USD,ZAR,14.1548,LSL is pegged 1:1 to ZAR under the Common Monetary Area -- this rate applies directly to the Loti.
2026-09-08T12:10:19Z,2019-07-29,USD,ZAR,14.2241,LSL is pegged 1:1 to ZAR under the Common Monetary Area -- this rate applies directly to the Loti.
2026-09-08T12:10:19Z,2019-07-30,USD,ZAR,14.1475,LSL is pegged 1:1 to ZAR under the Common Monetary Area -- this rate applies directly to the Loti.
2026-09-08T12:10:19Z,2019-07-31,USD,ZAR,14.226,LSL is pegged 1:1 to ZAR under the Common Monetary Area -- this rate applies directly to the Loti.
2026-09-08T12:10:19Z,2019-08-01,USD,ZAR,14.493,LSL is pegged 1:1 to ZAR under the Common Monetary Area -- this rate applies directly to the Loti.
2026-09-08T12:10:19Z,2019-08-02,USD,ZAR,14.7012,LSL is pegged 1:1 to ZAR under the Common Monetary Area -- this rate applies directly to the Loti.
2026-09-08T12:10:19Z,2019-08-05,USD,ZAR,14.9163,LSL is pegged 1:1 to ZAR under the Common Monetary Area -- this rate applies directly to the Loti.
2026-09-08T12:10:19Z,2019-08-06,USD,ZAR,14.806,LSL is pegged 1:1 to ZAR under the Common Monetary Area -- this rate applies directly to the Loti.
2026-09-08T12:10:19Z,2019-08-07,USD,ZAR,14.9568,LSL is pegged 1:1 to ZAR under the Common Monetary Area -- this rate applies directly to the Loti.
2026-09-08T12:10:19Z,2019-08-08,USD,ZAR,15.1448,LSL is pegged 1:1 to ZAR under the Common Monetary Area -- this rate applies directly to the Loti.
2026-09-08T12:10:19Z,2019-08-09,USD,ZAR,15.1866,LSL is pegged 1:1 to ZAR under the Common Monetary Area -- this rate applies directly to the Loti.
2026-09-08T12:10:19Z,2019-08-12,USD,ZAR,15.38,LSL is pegged 1:1 to ZAR under the Common Monetary Area -- this rate applies directly to the Loti.
2026-09-08T12:10:19Z,2019-08-13,USD,ZAR,15.3528,LSL is pegged 1:1 to ZAR under the Common Monetary Area -- this rate applies directly to the Loti.
2026-09-08T12:10:19Z,2019-08-14,USD,ZAR,15.3084,LSL is pegged 1:1 to ZAR under the Common Monetary Area -- this rate applies directly to the Loti.
2026-09-08T12:10:19Z,2019-08-15,USD,ZAR,15.2861,LSL is pegged 1:1 to ZAR under the Common Monetary Area -- this rate applies directly to the Loti.
2026-09-08T12:10:19Z,2019-08-16,USD,ZAR,15.1752,LSL is pegged 1:1 to ZAR under the Common Monetary Area -- this rate applies directly to the Loti.
2026-09-08T12:10:19Z,2019-08-19,USD,ZAR,15.3584,LSL is pegged 1:1 to ZAR under the Common Monetary Area -- this rate applies directly to the Loti.
2026-09-08T12:10:19Z,2019-08-20,USD,ZAR,15.3591,LSL is pegged 1:1 to ZAR under the Common Monetary Area -- this rate applies directly to the Loti.
2026-09-08T12:10:19Z,2019-08-21,USD,ZAR,15.1813,LSL is pegged 1:1 to ZAR under the Common Monetary Area -- this rate applies directly to the Loti.
2026-09-08T12:10:19Z,2019-08-22,USD,ZAR,15.1743,LSL is pegged 1:1 to ZAR under the Common Monetary Area -- this rate applies directly to the Loti.
2026-09-08T12:10:19Z,2019-08-23,USD,ZAR,15.2227,LSL is pegged 1:1 to ZAR under the Common Monetary Area -- this rate applies directly to the Loti.
2026-09-08T12:10:19Z,2019-08-26,USD,ZAR,15.2614,LSL is pegged 1:1 to ZAR under the Common Monetary Area -- this rate applies directly to the Loti.
2026-09-08T12:10:19Z,2019-08-27,USD,ZAR,15.2958,LSL is pegged 1:1 to ZAR under the Common Monetary Area -- this rate applies directly to the Loti.
2026-09-08T12:10:19Z,2019-08-28,USD,ZAR,15.3676,LSL is pegged 1:1 to ZAR under the Common Monetary Area -- this rate applies directly to the Loti.
2026-09-08T12:10:19Z,2019-08-29,USD,ZAR,15.2592,LSL is pegged 1:1 to ZAR under the Common Monetary Area -- this rate applies directly to the Loti.
2026-09-08T12:10:19Z,2019-08-30,USD,ZAR,15.25,LSL is pegged 1:1 to ZAR under the Common Monetary Area -- this rate applies directly to the Loti.
2026-09-08T12:10:19Z,2019-09-02,USD,ZAR,15.2103,LSL is pegged 1:1 to ZAR under the Common Monetary Area -- this rate applies directly to the Loti.
2026-09-08T12:10:19Z,2019-09-03,USD,ZAR,15.1344,LSL is pegged 1:1 to ZAR under the Common Monetary Area -- this rate applies directly to the Loti.
2026-09-08T12:10:19Z,2019-09-04,USD,ZAR,14.8601,LSL is pegged 1:1 to ZAR under the Common Monetary Area -- this rate applies directly to the Loti.
2026-09-08T12:10:19Z,2019-09-05,USD,ZAR,14.8096,LSL is pegged 1:1 to ZAR under the Common Monetary Area -- this rate applies directly to the Loti.
2026-09-08T12:10:19Z,2019-09-06,USD,ZAR,14.7645,LSL is pegged 1:1 to ZAR under the Common Monetary Area -- this rate applies directly to the Loti.
2026-09-08T12:10:19Z,2019-09-09,USD,ZAR,14.677,LSL is pegged 1:1 to ZAR under the Common Monetary Area -- this rate applies directly to the Loti.
2026-09-08T12:10:19Z,2019-09-10,USD,ZAR,14.6733,LSL is pegged 1:1 to ZAR under the Common Monetary Area -- this rate applies directly to the Loti.
2026-09-08T12:10:19Z,2019-09-11,USD,ZAR,14.6673,LSL is pegged 1:1 to ZAR under the Common Monetary Area -- this rate applies directly to the Loti.
2026-09-08T12:10:19Z,2019-09-12,USD,ZAR,14.5887,LSL is pegged 1:1 to ZAR under the Common Monetary Area -- this rate applies directly to the Loti.
2026-09-08T12:10:19Z,2019-09-13,USD,ZAR,14.5082,LSL is pegged 1:1 to ZAR under the Common Monetary Area -- this rate applies directly to the Loti.
2026-09-08T12:10:19Z,2019-09-16,USD,ZAR,14.6404,LSL is pegged 1:1 to ZAR under the Common Monetary Area -- this rate applies directly to the Loti.
2026-09-08T12:10:19Z,2019-09-17,USD,ZAR,14.7633,LSL is pegged 1:1 to ZAR under the Common Monetary Area -- this rate applies directly to the Loti.
2026-09-08T12:10:19Z,2019-09-18,USD,ZAR,14.6183,LSL is pegged 1:1 to ZAR under the Common Monetary Area -- this rate applies directly to the Loti.
2026-09-08T12:10:19Z,2019-09-19,USD,ZAR,14.6698,LSL is pegged 1:1 to ZAR under the Common Monetary Area -- this rate applies directly to the Loti.
2026-09-08T12:10:19Z,2019-09-20,USD,ZAR,14.8677,LSL is pegged 1:1 to ZAR under the Common Monetary Area -- this rate applies directly to the Loti.
2026-09-08T12:10:19Z,2019-09-23,USD,ZAR,14.8807,LSL is pegged 1:1 to ZAR under the Common Monetary Area -- this rate applies directly to the Loti.
2026-09-08T12:10:19Z,2019-09-24,USD,ZAR,14.8686,LSL is pegged 1:1 to ZAR under the Common Monetary Area -- this rate applies directly to the Loti.
2026-09-08T12:10:19Z,2019-09-25,USD,ZAR,15.0323,LSL is pegged 1:1 to ZAR under the Common Monetary Area -- this rate applies directly to the Loti.
2026-09-08T12:10:19Z,2019-09-26,USD,ZAR,14.9683,LSL is pegged 1:1 to ZAR under the Common Monetary Area -- this rate applies directly to the Loti.
2026-09-08T12:10:19Z,2019-09-27,USD,ZAR,15.0737,LSL is pegged 1:1 to ZAR under the Common Monetary Area -- this rate applies directly to the Loti.
2026-09-08T12:10:19Z,2019-09-30,USD,ZAR,15.2058,LSL is pegged 1:1 to ZAR under the Common Monetary Area -- this rate applies directly to the Loti.
2026-09-08T12:10:19Z,2019-10-01,USD,ZAR,15.2964,LSL is pegged 1:1 to ZAR under the Common Monetary Area -- this rate applies directly to the Loti.
2026-09-08T12:10:19Z,2019-10-02,USD,ZAR,15.2519,LSL is pegged 1:1 to ZAR under the Common Monetary Area -- this rate applies directly to the Loti.
2026-09-08T12:10:19Z,2019-10-03,USD,ZAR,15.1655,LSL is pegged 1:1 to ZAR under the Common Monetary Area -- this rate applies directly to the Loti.
2026-09-08T12:10:19Z,2019-10-04,USD,ZAR,15.1604,LSL is pegged 1:1 to ZAR under the Common Monetary Area -- this rate applies directly to the Loti.
2026-09-08T12:10:19Z,2019-10-07,USD,ZAR,15.1307,LSL is pegged 1:1 to ZAR under the Common Monetary Area -- this rate applies directly to the Loti.
2026-09-08T12:10:19Z,2019-10-08,USD,ZAR,15.2678,LSL is pegged 1:1 to ZAR under the Common Monetary Area -- this rate applies directly to the Loti.
2026-09-08T12:10:19Z,2019-10-09,USD,ZAR,15.1396,LSL is pegged 1:1 to ZAR under the Common Monetary Area -- this rate applies directly to the Loti.
2026-09-08T12:10:19Z,2019-10-10,USD,ZAR,15.1313,LSL is pegged 1:1 to ZAR under the Common Monetary Area -- this rate applies directly to the Loti.
2026-09-08T12:10:19Z,2019-10-11,USD,ZAR,14.849,LSL is pegged 1:1 to ZAR under the Common Monetary Area -- this rate applies directly to the Loti.
2026-09-08T12:10:19Z,2019-10-14,USD,ZAR,14.8022,LSL is pegged 1:1 to ZAR under the Common Monetary Area -- this rate applies directly to the Loti.
2026-09-08T12:10:19Z,2019-10-15,USD,ZAR,14.8624,LSL is pegged 1:1 to ZAR under the Common Monetary Area -- this rate applies directly to the Loti.
2026-09-08T12:10:19Z,2019-10-16,USD,ZAR,14.9777,LSL is pegged 1:1 to ZAR under the Common Monetary Area -- this rate applies directly to the Loti.
2026-09-08T12:10:19Z,2019-10-17,USD,ZAR,14.8731,LSL is pegged 1:1 to ZAR under the Common Monetary Area -- this rate applies directly to the Loti.
2026-09-08T12:10:19Z,2019-10-18,USD,ZAR,14.7672,LSL is pegged 1:1 to ZAR under the Common Monetary Area -- this rate applies directly to the Loti.
2026-09-08T12:10:19Z,2019-10-21,USD,ZAR,14.7526,LSL is pegged 1:1 to ZAR under the Common Monetary Area -- this rate applies directly to the Loti.
2026-09-08T12:10:19Z,2019-10-22,USD,ZAR,14.6754,LSL is pegged 1:1 to ZAR under the Common Monetary Area -- this rate applies directly to the Loti.
2026-09-08T12:10:19Z,2019-10-23,USD,ZAR,14.6738,LSL is pegged 1:1 to ZAR under the Common Monetary Area -- this rate applies directly to the Loti.
2026-09-08T12:10:19Z,2019-10-24,USD,ZAR,14.6255,LSL is pegged 1:1 to ZAR under the Common Monetary Area -- this rate applies directly to the Loti.
2026-09-08T12:10:19Z,2019-10-25,USD,ZAR,14.6202,LSL is pegged 1:1 to ZAR under the Common Monetary Area -- this rate applies directly to the Loti.
2026-09-08T12:10:19Z,2019-10-28,USD,ZAR,14.5397,LSL is pegged 1:1 to ZAR under the Common Monetary Area -- this rate applies directly to the Loti.
2026-09-08T12:10:19Z,2019-10-29,USD,ZAR,14.6229,LSL is pegged 1:1 to ZAR under the Common Monetary Area -- this rate applies directly to the Loti.
2026-09-08T12:10:19Z,2019-10-30,USD,ZAR,14.9117,LSL is pegged 1:1 to ZAR under the Common Monetary Area -- this rate applies directly to the Loti.
2026-09-08T12:10:19Z,2019-10-31,USD,ZAR,15.1623,LSL is pegged 1:1 to ZAR under the Common Monetary Area -- this rate applies directly to the Loti.
2026-09-08T12:10:19Z,2019-11-01,USD,ZAR,15.1073,LSL is pegged 1:1 to ZAR under the Common Monetary Area -- this rate applies directly to the Loti.
2026-09-08T12:10:19Z,2019-11-04,USD,ZAR,14.8141,LSL is pegged 1:1 to ZAR under the Common Monetary Area -- this rate applies directly to the Loti.
2026-09-08T12:10:19Z,2019-11-05,USD,ZAR,14.7516,LSL is pegged 1:1 to ZAR under the Common Monetary Area -- this rate applies directly to the Loti.
2026-09-08T12:10:19Z,2019-11-06,USD,ZAR,14.8019,LSL is pegged 1:1 to ZAR under the Common Monetary Area -- this rate applies directly to the Loti.
2026-09-08T12:10:19Z,2019-11-07,USD,ZAR,14.7362,LSL is pegged 1:1 to ZAR under the Common Monetary Area -- this rate applies directly to the Loti.
2026-09-08T12:10:19Z,2019-11-08,USD,ZAR,14.7835,LSL is pegged 1:1 to ZAR under the Common Monetary Area -- this rate applies directly to the Loti.
2026-09-08T12:10:19Z,2019-11-11,USD,ZAR,14.8673,LSL is pegged 1:1 to ZAR under the Common Monetary Area -- this rate applies directly to the Loti.
2026-09-08T12:10:19Z,2019-11-12,USD,ZAR,14.8283,LSL is pegged 1:1 to ZAR under the Common Monetary Area -- this rate applies directly to the Loti.
2026-09-08T12:10:19Z,2019-11-13,USD,ZAR,14.941,LSL is pegged 1:1 to ZAR under the Common Monetary Area -- this rate applies directly to the Loti.
2026-09-08T12:10:19Z,2019-11-14,USD,ZAR,14.8409,LSL is pegged 1:1 to ZAR under the Common Monetary Area -- this rate applies directly to the Loti.
2026-09-08T12:10:19Z,2019-11-15,USD,ZAR,14.7267,LSL is pegged 1:1 to ZAR under the Common Monetary Area -- this rate applies directly to the Loti.
2026-09-08T12:10:19Z,2019-11-18,USD,ZAR,14.7783,LSL is pegged 1:1 to ZAR under the Common Monetary Area -- this rate applies directly to the Loti.
2026-09-08T12:10:19Z,2019-11-19,USD,ZAR,14.7342,LSL is pegged 1:1 to ZAR under the Common Monetary Area -- this rate applies directly to the Loti.
2026-09-08T12:10:19Z,2019-11-20,USD,ZAR,14.7998,LSL is pegged 1:1 to ZAR under the Common Monetary Area -- this rate applies directly to the Loti.
2026-09-08T12:10:19Z,2019-11-21,USD,ZAR,14.6646,LSL is pegged 1:1 to ZAR under the Common Monetary Area -- this rate applies directly to the Loti.
2026-09-08T12:10:19Z,2019-11-22,USD,ZAR,14.715,LSL is pegged 1:1 to ZAR under the Common Monetary Area -- this rate applies directly to the Loti.
2026-09-08T12:10:19Z,2019-11-25,USD,ZAR,14.7404,LSL is pegged 1:1 to ZAR under the Common Monetary Area -- this rate applies directly to the Loti.
2026-09-08T12:10:19Z,2019-11-26,USD,ZAR,14.8261,LSL is pegged 1:1 to ZAR under the Common Monetary Area -- this rate applies directly to the Loti.
2026-09-08T12:10:19Z,2019-11-27,USD,ZAR,14.7048,LSL is pegged 1:1 to ZAR under the Common Monetary Area -- this rate applies directly to the Loti.
2026-09-08T12:10:19Z,2019-11-28,USD,ZAR,14.7477,LSL is pegged 1:1 to ZAR under the Common Monetary Area -- this rate applies directly to the Loti.
2026-09-08T12:10:19Z,2019-11-29,USD,ZAR,14.6783,LSL is pegged 1:1 to ZAR under the Common Monetary Area -- this rate applies directly to the Loti.
2026-09-08T12:10:19Z,2019-12-02,USD,ZAR,14.6757,LSL is pegged 1:1 to ZAR under the Common Monetary Area -- this rate applies directly to the Loti.
2026-09-08T12:10:19Z,2019-12-03,USD,ZAR,14.6557,LSL is pegged 1:1 to ZAR under the Common Monetary Area -- this rate applies directly to the Loti.
2026-09-08T12:10:19Z,2019-12-04,USD,ZAR,14.5496,LSL is pegged 1:1 to ZAR under the Common Monetary Area -- this rate applies directly to the Loti.
2026-09-08T12:10:19Z,2019-12-05,USD,ZAR,14.6723,LSL is pegged 1:1 to ZAR under the Common Monetary Area -- this rate applies directly to the Loti.
2026-09-08T12:10:19Z,2019-12-06,USD,ZAR,14.6234,LSL is pegged 1:1 to ZAR under the Common Monetary Area -- this rate applies directly to the Loti.
2026-09-08T12:10:19Z,2019-12-09,USD,ZAR,14.6077,LSL is pegged 1:1 to ZAR under the Common Monetary Area -- this rate applies directly to the Loti.
2026-09-08T12:10:19Z,2019-12-10,USD,ZAR,14.8164,LSL is pegged 1:1 to ZAR under the Common Monetary Area -- this rate applies directly to the Loti.
2026-09-08T12:10:19Z,2019-12-11,USD,ZAR,14.7641,LSL is pegged 1:1 to ZAR under the Common Monetary Area -- this rate applies directly to the Loti.
2026-09-08T12:10:19Z,2019-12-12,USD,ZAR,14.6582,LSL is pegged 1:1 to ZAR under the Common Monetary Area -- this rate applies directly to the Loti.
2026-09-08T12:10:19Z,2019-12-13,USD,ZAR,14.4436,LSL is pegged 1:1 to ZAR under the Common Monetary Area -- this rate applies directly to the Loti.
2026-09-08T12:10:19Z,2019-12-16,USD,ZAR,14.472,LSL is pegged 1:1 to ZAR under the Common Monetary Area -- this rate applies directly to the Loti.
2026-09-08T12:10:19Z,2019-12-17,USD,ZAR,14.4173,LSL is pegged 1:1 to ZAR under the Common Monetary Area -- this rate applies directly to the Loti.
2026-09-08T12:10:19Z,2019-12-18,USD,ZAR,14.368,LSL is pegged 1:1 to ZAR under the Common Monetary Area -- this rate applies directly to the Loti.
2026-09-08T12:10:19Z,2019-12-19,USD,ZAR,14.3186,LSL is pegged 1:1 to ZAR under the Common Monetary Area -- this rate applies directly to the Loti.
2026-09-08T12:10:19Z,2019-12-20,USD,ZAR,14.2323,LSL is pegged 1:1 to ZAR under the Common Monetary Area -- this rate applies directly to the Loti.
2026-09-08T12:10:19Z,2019-12-23,USD,ZAR,14.2307,LSL is pegged 1:1 to ZAR under the Common Monetary Area -- this rate applies directly to the Loti.
2026-09-08T12:10:19Z,2019-12-24,USD,ZAR,14.1935,LSL is pegged 1:1 to ZAR under the Common Monetary Area -- this rate applies directly to the Loti.
2026-09-08T12:10:19Z,2019-12-27,USD,ZAR,14.0455,LSL is pegged 1:1 to ZAR under the Common Monetary Area -- this rate applies directly to the Loti.
2026-09-08T12:10:19Z,2019-12-30,USD,ZAR,14.0672,LSL is pegged 1:1 to ZAR under the Common Monetary Area -- this rate applies directly to the Loti.
2026-09-08T12:10:19Z,2019-12-31,USD,ZAR,14.0442,LSL is pegged 1:1 to ZAR under the Common Monetary Area -- this rate applies directly to the Loti.
2026-09-08T12:10:19Z,2020-01-02,USD,ZAR,14.0709,LSL is pegged 1:1 to ZAR under the Common Monetary Area -- this rate applies directly to the Loti.
2026-09-08T12:10:19Z,2020-01-03,USD,ZAR,14.2838,LSL is pegged 1:1 to ZAR under the Common Monetary Area -- this rate applies directly to the Loti.
2026-09-08T12:10:19Z,2020-01-06,USD,ZAR,14.2456,LSL is pegged 1:1 to ZAR under the Common Monetary Area -- this rate applies directly to the Loti.
2026-09-08T12:10:19Z,2020-01-07,USD,ZAR,14.2968,LSL is pegged 1:1 to ZAR under the Common Monetary Area -- this rate applies directly to the Loti.
2026-09-08T12:10:19Z,2020-01-08,USD,ZAR,14.23,LSL is pegged 1:1 to ZAR under the Common Monetary Area -- this rate applies directly to the Loti.
2026-09-08T12:10:19Z,2020-01-09,USD,ZAR,14.2069,LSL is pegged 1:1 to ZAR under the Common Monetary Area -- this rate applies directly to the Loti.
2026-09-08T12:10:19Z,2020-01-10,USD,ZAR,14.2531,LSL is pegged 1:1 to ZAR under the Common Monetary Area -- this rate applies directly to the Loti.
2026-09-08T12:10:19Z,2020-01-13,USD,ZAR,14.3761,LSL is pegged 1:1 to ZAR under the Common Monetary Area -- this rate applies directly to the Loti.
2026-09-08T12:10:19Z,2020-01-14,USD,ZAR,14.4196,LSL is pegged 1:1 to ZAR under the Common Monetary Area -- this rate applies directly to the Loti.
2026-09-08T12:10:19Z,2020-01-15,USD,ZAR,14.3796,LSL is pegged 1:1 to ZAR under the Common Monetary Area -- this rate applies directly to the Loti.
2026-09-08T12:10:19Z,2020-01-16,USD,ZAR,14.4354,LSL is pegged 1:1 to ZAR under the Common Monetary Area -- this rate applies directly to the Loti.
2026-09-08T12:10:19Z,2020-01-17,USD,ZAR,14.4564,LSL is pegged 1:1 to ZAR under the Common Monetary Area -- this rate applies directly to the Loti.
2026-09-08T12:10:19Z,2020-01-20,USD,ZAR,14.5282,LSL is pegged 1:1 to ZAR under the Common Monetary Area -- this rate applies directly to the Loti.
2026-09-08T12:10:19Z,2020-01-21,USD,ZAR,14.4758,LSL is pegged 1:1 to ZAR under the Common Monetary Area -- this rate applies directly to the Loti.
2026-09-08T12:10:19Z,2020-01-22,USD,ZAR,14.4075,LSL is pegged 1:1 to ZAR under the Common Monetary Area -- this rate applies directly to the Loti.
2026-09-08T12:10:19Z,2020-01-23,USD,ZAR,14.3813,LSL is pegged 1:1 to ZAR under the Common Monetary Area -- this rate applies directly to the Loti.
2026-09-08T12:10:19Z,2020-01-24,USD,ZAR,14.3711,LSL is pegged 1:1 to ZAR under the Common Monetary Area -- this rate applies directly to the Loti.
2026-09-08T12:10:19Z,2020-01-27,USD,ZAR,14.5516,LSL is pegged 1:1 to ZAR under the Common Monetary Area -- this rate applies directly to the Loti.
2026-09-08T12:10:19Z,2020-01-28,USD,ZAR,14.6523,LSL is pegged 1:1 to ZAR under the Common Monetary Area -- this rate applies directly to the Loti.
2026-09-08T12:10:19Z,2020-01-29,USD,ZAR,14.6095,LSL is pegged 1:1 to ZAR under the Common Monetary Area -- this rate applies directly to the Loti.
2026-09-08T12:10:19Z,2020-01-30,USD,ZAR,14.7496,LSL is pegged 1:1 to ZAR under the Common Monetary Area -- this rate applies directly to the Loti.
2026-09-08T12:10:19Z,2020-01-31,USD,ZAR,14.9204,LSL is pegged 1:1 to ZAR under the Common Monetary Area -- this rate applies directly to the Loti.
2026-09-08T12:10:19Z,2020-02-03,USD,ZAR,14.893,LSL is pegged 1:1 to ZAR under the Common Monetary Area -- this rate applies directly to the Loti.
2026-09-08T12:10:19Z,2020-02-04,USD,ZAR,14.7775,LSL is pegged 1:1 to ZAR under the Common Monetary Area -- this rate applies directly to the Loti.
2026-09-08T12:10:19Z,2020-02-05,USD,ZAR,14.7189,LSL is pegged 1:1 to ZAR under the Common Monetary Area -- this rate applies directly to the Loti.
2026-09-08T12:10:19Z,2020-02-06,USD,ZAR,14.8167,LSL is pegged 1:1 to ZAR under the Common Monetary Area -- this rate applies directly to the Loti.
2026-09-08T12:10:19Z,2020-02-07,USD,ZAR,14.9698,LSL is pegged 1:1 to ZAR under the Common Monetary Area -- this rate applies directly to the Loti.
2026-09-08T12:10:19Z,2020-02-10,USD,ZAR,15.0476,LSL is pegged 1:1 to ZAR under the Common Monetary Area -- this rate applies directly to the Loti.
2026-09-08T12:10:19Z,2020-02-11,USD,ZAR,14.8914,LSL is pegged 1:1 to ZAR under the Common Monetary Area -- this rate applies directly to the Loti.
2026-09-08T12:10:19Z,2020-02-12,USD,ZAR,14.7761,LSL is pegged 1:1 to ZAR under the Common Monetary Area -- this rate applies directly to the Loti.
2026-09-08T12:10:19Z,2020-02-13,USD,ZAR,14.8443,LSL is pegged 1:1 to ZAR under the Common Monetary Area -- this rate applies directly to the Loti.
2026-09-08T12:10:19Z,2020-02-14,USD,ZAR,14.8625,LSL is pegged 1:1 to ZAR under the Common Monetary Area -- this rate applies directly to the Loti.
2026-09-08T12:10:19Z,2020-02-17,USD,ZAR,14.9603,LSL is pegged 1:1 to ZAR under the Common Monetary Area -- this rate applies directly to the Loti.
2026-09-08T12:10:19Z,2020-02-18,USD,ZAR,15.051,LSL is pegged 1:1 to ZAR under the Common Monetary Area -- this rate applies directly to the Loti.
2026-09-08T12:10:19Z,2020-02-19,USD,ZAR,14.9468,LSL is pegged 1:1 to ZAR under the Common Monetary Area -- this rate applies directly to the Loti.
2026-09-08T12:10:19Z,2020-02-20,USD,ZAR,15.1034,LSL is pegged 1:1 to ZAR under the Common Monetary Area -- this rate applies directly to the Loti.
2026-09-08T12:10:19Z,2020-02-21,USD,ZAR,15.088,LSL is pegged 1:1 to ZAR under the Common Monetary Area -- this rate applies directly to the Loti.
2026-09-08T12:10:19Z,2020-02-24,USD,ZAR,15.1222,LSL is pegged 1:1 to ZAR under the Common Monetary Area -- this rate applies directly to the Loti.
2026-09-08T12:10:19Z,2020-02-25,USD,ZAR,15.189,LSL is pegged 1:1 to ZAR under the Common Monetary Area -- this rate applies directly to the Loti.
2026-09-08T12:10:19Z,2020-02-26,USD,ZAR,15.1315,LSL is pegged 1:1 to ZAR under the Common Monetary Area -- this rate applies directly to the Loti.
2026-09-08T12:10:19Z,2020-02-27,USD,ZAR,15.3612,LSL is pegged 1:1 to ZAR under the Common Monetary Area -- this rate applies directly to the Loti.
2026-09-08T12:10:19Z,2020-02-28,USD,ZAR,15.5745,LSL is pegged 1:1 to ZAR under the Common Monetary Area -- this rate applies directly to the Loti.
2026-09-08T12:10:19Z,2020-03-02,USD,ZAR,15.6628,LSL is pegged 1:1 to ZAR under the Common Monetary Area -- this rate applies directly to the Loti.
2026-09-08T12:10:19Z,2020-03-03,USD,ZAR,15.5838,LSL is pegged 1:1 to ZAR under the Common Monetary Area -- this rate applies directly to the Loti.
2026-09-08T12:10:19Z,2020-03-04,USD,ZAR,15.2615,LSL is pegged 1:1 to ZAR under the Common Monetary Area -- this rate applies directly to the Loti.
2026-09-08T12:10:19Z,2020-03-05,USD,ZAR,15.4417,LSL is pegged 1:1 to ZAR under the Common Monetary Area -- this rate applies directly to the Loti.
2026-09-08T12:10:19Z,2020-03-06,USD,ZAR,15.7475,LSL is pegged 1:1 to ZAR under the Common Monetary Area -- this rate applies directly to the Loti.
2026-09-08T12:10:19Z,2020-03-09,USD,ZAR,15.9653,LSL is pegged 1:1 to ZAR under the Common Monetary Area -- this rate applies directly to the Loti.
2026-09-08T12:10:19Z,2020-03-10,USD,ZAR,15.9435,LSL is pegged 1:1 to ZAR under the Common Monetary Area -- this rate applies directly to the Loti.
2026-09-08T12:10:19Z,2020-03-11,USD,ZAR,16.0639,LSL is pegged 1:1 to ZAR under the Common Monetary Area -- this rate applies directly to the Loti.
2026-09-08T12:10:19Z,2020-03-12,USD,ZAR,16.4099,LSL is pegged 1:1 to ZAR under the Common Monetary Area -- this rate applies directly to the Loti.
2026-09-08T12:10:19Z,2020-03-13,USD,ZAR,16.1415,LSL is pegged 1:1 to ZAR under the Common Monetary Area -- this rate applies directly to the Loti.
2026-09-08T12:10:19Z,2020-03-16,USD,ZAR,16.6355,LSL is pegged 1:1 to ZAR under the Common Monetary Area -- this rate applies directly to the Loti.
2026-09-08T12:10:19Z,2020-03-17,USD,ZAR,16.5988,LSL is pegged 1:1 to ZAR under the Common Monetary Area -- this rate applies directly to the Loti.
2026-09-08T12:10:19Z,2020-03-18,USD,ZAR,16.9768,LSL is pegged 1:1 to ZAR under the Common Monetary Area -- this rate applies directly to the Loti.
2026-09-08T12:10:19Z,2020-03-19,USD,ZAR,17.2947,LSL is pegged 1:1 to ZAR under the Common Monetary Area -- this rate applies directly to the Loti.
2026-09-08T12:10:19Z,2020-03-20,USD,ZAR,17.2903,LSL is pegged 1:1 to ZAR under the Common Monetary Area -- this rate applies directly to the Loti.
2026-09-08T12:10:19Z,2020-03-23,USD,ZAR,17.6333,LSL is pegged 1:1 to ZAR under the Common Monetary Area -- this rate applies directly to the Loti.
2026-09-08T12:10:19Z,2020-03-24,USD,ZAR,17.5924,LSL is pegged 1:1 to ZAR under the Common Monetary Area -- this rate applies directly to the Loti.
2026-09-08T12:10:19Z,2020-03-25,USD,ZAR,17.4081,LSL is pegged 1:1 to ZAR under the Common Monetary Area -- this rate applies directly to the Loti.
2026-09-08T12:10:19Z,2020-03-26,USD,ZAR,17.4378,LSL is pegged 1:1 to ZAR under the Common Monetary Area -- this rate applies directly to the Loti.
2026-09-08T12:10:19Z,2020-03-27,USD,ZAR,17.62,LSL is pegged 1:1 to ZAR under the Common Monetary Area -- this rate applies directly to the Loti.
2026-09-08T12:10:19Z,2020-03-30,USD,ZAR,17.8798,LSL is pegged 1:1 to ZAR under the Common Monetary Area -- this rate applies directly to the Loti.
2026-09-08T12:10:19Z,2020-03-31,USD,ZAR,17.8984,LSL is pegged 1:1 to ZAR under the Common Monetary Area -- this rate applies directly to the Loti.
2026-09-08T12:10:19Z,2020-04-01,USD,ZAR,17.9791,LSL is pegged 1:1 to ZAR under the Common Monetary Area -- this rate applies directly to the Loti.
2026-09-08T12:10:19Z,2020-04-02,USD,ZAR,18.5008,LSL is pegged 1:1 to ZAR under the Common Monetary Area -- this rate applies directly to the Loti.
2026-09-08T12:10:19Z,2020-04-03,USD,ZAR,18.7891,LSL is pegged 1:1 to ZAR under the Common Monetary Area -- this rate applies directly to the Loti.
2026-09-08T12:10:19Z,2020-04-06,USD,ZAR,18.8611,LSL is pegged 1:1 to ZAR under the Common Monetary Area -- this rate applies directly to the Loti.
2026-09-08T12:10:19Z,2020-04-07,USD,ZAR,18.359,LSL is pegged 1:1 to ZAR under the Common Monetary Area -- this rate applies directly to the Loti.
2026-09-08T12:10:19Z,2020-04-08,USD,ZAR,18.179,LSL is pegged 1:1 to ZAR under the Common Monetary Area -- this rate applies directly to the Loti.
2026-09-08T12:10:19Z,2020-04-09,USD,ZAR,18.0715,LSL is pegged 1:1 to ZAR under the Common Monetary Area -- this rate applies directly to the Loti.
2026-09-08T12:10:19Z,2020-04-14,USD,ZAR,18.2669,LSL is pegged 1:1 to ZAR under the Common Monetary Area -- this rate applies directly to the Loti.
2026-09-08T12:10:19Z,2020-04-15,USD,ZAR,18.7233,LSL is pegged 1:1 to ZAR under the Common Monetary Area -- this rate applies directly to the Loti.
2026-09-08T12:10:19Z,2020-04-16,USD,ZAR,18.5865,LSL is pegged 1:1 to ZAR under the Common Monetary Area -- this rate applies directly to the Loti.
2026-09-08T12:10:19Z,2020-04-17,USD,ZAR,18.7505,LSL is pegged 1:1 to ZAR under the Common Monetary Area -- this rate applies directly to the Loti.
2026-09-08T12:10:19Z,2020-04-20,USD,ZAR,18.7376,LSL is pegged 1:1 to ZAR under the Common Monetary Area -- this rate applies directly to the Loti.
2026-09-08T12:10:19Z,2020-04-21,USD,ZAR,18.9951,LSL is pegged 1:1 to ZAR under the Common Monetary Area -- this rate applies directly to the Loti.
2026-09-08T12:10:19Z,2020-04-22,USD,ZAR,18.8102,LSL is pegged 1:1 to ZAR under the Common Monetary Area -- this rate applies directly to the Loti.
2026-09-08T12:10:19Z,2020-04-23,USD,ZAR,19.0707,LSL is pegged 1:1 to ZAR under the Common Monetary Area -- this rate applies directly to the Loti.
2026-09-08T12:10:19Z,2020-04-24,USD,ZAR,18.9833,LSL is pegged 1:1 to ZAR under the Common Monetary Area -- this rate applies directly to the Loti.
2026-09-08T12:10:19Z,2020-04-27,USD,ZAR,18.8085,LSL is pegged 1:1 to ZAR under the Common Monetary Area -- this rate applies directly to the Loti.
2026-09-08T12:10:19Z,2020-04-28,USD,ZAR,18.655,LSL is pegged 1:1 to ZAR under the Common Monetary Area -- this rate applies directly to the Loti.
2026-09-08T12:10:19Z,2020-04-29,USD,ZAR,18.4317,LSL is pegged 1:1 to ZAR under the Common Monetary Area -- this rate applies directly to the Loti.
2026-09-08T12:10:19Z,2020-04-30,USD,ZAR,18.0739,LSL is pegged 1:1 to ZAR under the Common Monetary Area -- this rate applies directly to the Loti.
2026-09-08T12:10:19Z,2020-05-04,USD,ZAR,18.6364,LSL is pegged 1:1 to ZAR under the Common Monetary Area -- this rate applies directly to the Loti.
2026-09-08T12:10:19Z,2020-05-05,USD,ZAR,18.3545,LSL is pegged 1:1 to ZAR under the Common Monetary Area -- this rate applies directly to the Loti.
2026-09-08T12:10:19Z,2020-05-06,USD,ZAR,18.562,LSL is pegged 1:1 to ZAR under the Common Monetary Area -- this rate applies directly to the Loti.
2026-09-08T12:10:19Z,2020-05-07,USD,ZAR,18.6126,LSL is pegged 1:1 to ZAR under the Common Monetary Area -- this rate applies directly to the Loti.
2026-09-08T12:10:19Z,2020-05-08,USD,ZAR,18.4423,LSL is pegged 1:1 to ZAR under the Common Monetary Area -- this rate applies directly to the Loti.
2026-09-08T12:10:19Z,2020-05-11,USD,ZAR,18.4405,LSL is pegged 1:1 to ZAR under the Common Monetary Area -- this rate applies directly to the Loti.
2026-09-08T12:10:19Z,2020-05-12,USD,ZAR,18.1785,LSL is pegged 1:1 to ZAR under the Common Monetary Area -- this rate applies directly to the Loti.
2026-09-08T12:10:19Z,2020-05-13,USD,ZAR,18.3163,LSL is pegged 1:1 to ZAR under the Common Monetary Area -- this rate applies directly to the Loti.
2026-09-08T12:10:19Z,2020-05-14,USD,ZAR,18.6842,LSL is pegged 1:1 to ZAR under the Common Monetary Area -- this rate applies directly to the Loti.
2026-09-08T12:10:19Z,2020-05-15,USD,ZAR,18.5923,LSL is pegged 1:1 to ZAR under the Common Monetary Area -- this rate applies directly to the Loti.
2026-09-08T12:10:19Z,2020-05-18,USD,ZAR,18.3635,LSL is pegged 1:1 to ZAR under the Common Monetary Area -- this rate applies directly to the Loti.
2026-09-08T12:10:19Z,2020-05-19,USD,ZAR,18.2328,LSL is pegged 1:1 to ZAR under the Common Monetary Area -- this rate applies directly to the Loti.
2026-09-08T12:10:19Z,2020-05-20,USD,ZAR,18.0236,LSL is pegged 1:1 to ZAR under the Common Monetary Area -- this rate applies directly to the Loti.
2026-09-08T12:10:19Z,2020-05-21,USD,ZAR,17.8706,LSL is pegged 1:1 to ZAR under the Common Monetary Area -- this rate applies directly to the Loti.
2026-09-08T12:10:19Z,2020-05-22,USD,ZAR,17.6519,LSL is pegged 1:1 to ZAR under the Common Monetary Area -- this rate applies directly to the Loti.
2026-09-08T12:10:19Z,2020-05-25,USD,ZAR,17.6725,LSL is pegged 1:1 to ZAR under the Common Monetary Area -- this rate applies directly to the Loti.
2026-09-08T12:10:19Z,2020-05-26,USD,ZAR,17.3713,LSL is pegged 1:1 to ZAR under the Common Monetary Area -- this rate applies directly to the Loti.
2026-09-08T12:10:19Z,2020-05-27,USD,ZAR,17.4213,LSL is pegged 1:1 to ZAR under the Common Monetary Area -- this rate applies directly to the Loti.
2026-09-08T12:10:19Z,2020-05-28,USD,ZAR,17.4275,LSL is pegged 1:1 to ZAR under the Common Monetary Area -- this rate applies directly to the Loti.
2026-09-08T12:10:19Z,2020-05-29,USD,ZAR,17.4424,LSL is pegged 1:1 to ZAR under the Common Monetary Area -- this rate applies directly to the Loti.
2026-09-08T12:10:19Z,2020-06-01,USD,ZAR,17.4517,LSL is pegged 1:1 to ZAR under the Common Monetary Area -- this rate applies directly to the Loti.
2026-09-08T12:10:19Z,2020-06-02,USD,ZAR,17.2503,LSL is pegged 1:1 to ZAR under the Common Monetary Area -- this rate applies directly to the Loti.
2026-09-08T12:10:19Z,2020-06-03,USD,ZAR,17.0488,LSL is pegged 1:1 to ZAR under the Common Monetary Area -- this rate applies directly to the Loti.
2026-09-08T12:10:19Z,2020-06-04,USD,ZAR,16.8941,LSL is pegged 1:1 to ZAR under the Common Monetary Area -- this rate applies directly to the Loti.
2026-09-08T12:10:19Z,2020-06-05,USD,ZAR,16.8423,LSL is pegged 1:1 to ZAR under the Common Monetary Area -- this rate applies directly to the Loti.
2026-09-08T12:10:19Z,2020-06-08,USD,ZAR,16.8187,LSL is pegged 1:1 to ZAR under the Common Monetary Area -- this rate applies directly to the Loti.
2026-09-08T12:10:19Z,2020-06-09,USD,ZAR,16.7288,LSL is pegged 1:1 to ZAR under the Common Monetary Area -- this rate applies directly to the Loti.
2026-09-08T12:10:19Z,2020-06-10,USD,ZAR,16.5605,LSL is pegged 1:1 to ZAR under the Common Monetary Area -- this rate applies directly to the Loti.
2026-09-08T12:10:19Z,2020-06-11,USD,ZAR,16.8639,LSL is pegged 1:1 to ZAR under the Common Monetary Area -- this rate applies directly to the Loti.
2026-09-08T12:10:19Z,2020-06-12,USD,ZAR,17.0554,LSL is pegged 1:1 to ZAR under the Common Monetary Area -- this rate applies directly to the Loti.
2026-09-08T12:10:19Z,2020-06-15,USD,ZAR,17.1705,LSL is pegged 1:1 to ZAR under the Common Monetary Area -- this rate applies directly to the Loti.
2026-09-08T12:10:19Z,2020-06-16,USD,ZAR,17.0249,LSL is pegged 1:1 to ZAR under the Common Monetary Area -- this rate applies directly to the Loti.
2026-09-08T12:10:19Z,2020-06-17,USD,ZAR,17.1197,LSL is pegged 1:1 to ZAR under the Common Monetary Area -- this rate applies directly to the Loti.
2026-09-08T12:10:19Z,2020-06-18,USD,ZAR,17.4063,LSL is pegged 1:1 to ZAR under the Common Monetary Area -- this rate applies directly to the Loti.
2026-09-08T12:10:19Z,2020-06-19,USD,ZAR,17.3452,LSL is pegged 1:1 to ZAR under the Common Monetary Area -- this rate applies directly to the Loti.
2026-09-08T12:10:19Z,2020-06-22,USD,ZAR,17.3974,LSL is pegged 1:1 to ZAR under the Common Monetary Area -- this rate applies directly to the Loti.
2026-09-08T12:10:19Z,2020-06-23,USD,ZAR,17.2044,LSL is pegged 1:1 to ZAR under the Common Monetary Area -- this rate applies directly to the Loti.
2026-09-08T12:10:19Z,2020-06-24,USD,ZAR,17.3106,LSL is pegged 1:1 to ZAR under the Common Monetary Area -- this rate applies directly to the Loti.
2026-09-08T12:10:19Z,2020-06-25,USD,ZAR,17.4003,LSL is pegged 1:1 to ZAR under the Common Monetary Area -- this rate applies directly to the Loti.
2026-09-08T12:10:19Z,2020-06-26,USD,ZAR,17.2834,LSL is pegged 1:1 to ZAR under the Common Monetary Area -- this rate applies directly to the Loti.
2026-09-08T12:10:19Z,2020-06-29,USD,ZAR,17.2157,LSL is pegged 1:1 to ZAR under the Common Monetary Area -- this rate applies directly to the Loti.
2026-09-08T12:10:19Z,2020-06-30,USD,ZAR,17.3625,LSL is pegged 1:1 to ZAR under the Common Monetary Area -- this rate applies directly to the Loti.
2026-09-08T12:10:19Z,2020-07-01,USD,ZAR,17.2263,LSL is pegged 1:1 to ZAR under the Common Monetary Area -- this rate applies directly to the Loti.
2026-09-08T12:10:19Z,2020-07-02,USD,ZAR,16.9194,LSL is pegged 1:1 to ZAR under the Common Monetary Area -- this rate applies directly to the Loti.
2026-09-08T12:10:19Z,2020-07-03,USD,ZAR,17.0849,LSL is pegged 1:1 to ZAR under the Common Monetary Area -- this rate applies directly to the Loti.
2026-09-08T12:10:19Z,2020-07-06,USD,ZAR,17.0208,LSL is pegged 1:1 to ZAR under the Common Monetary Area -- this rate applies directly to the Loti.
2026-09-08T12:10:19Z,2020-07-07,USD,ZAR,17.0866,LSL is pegged 1:1 to ZAR under the Common Monetary Area -- this rate applies directly to the Loti.
2026-09-08T12:10:19Z,2020-07-08,USD,ZAR,16.9793,LSL is pegged 1:1 to ZAR under the Common Monetary Area -- this rate applies directly to the Loti.
2026-09-08T12:10:19Z,2020-07-09,USD,ZAR,16.8128,LSL is pegged 1:1 to ZAR under the Common Monetary Area -- this rate applies directly to the Loti.
2026-09-08T12:10:19Z,2020-07-10,USD,ZAR,16.9288,LSL is pegged 1:1 to ZAR under the Common Monetary Area -- this rate applies directly to the Loti.
2026-09-08T12:10:19Z,2020-07-13,USD,ZAR,16.7469,LSL is pegged 1:1 to ZAR under the Common Monetary Area -- this rate applies directly to the Loti.
2026-09-08T12:10:19Z,2020-07-14,USD,ZAR,16.7676,LSL is pegged 1:1 to ZAR under the Common Monetary Area -- this rate applies directly to the Loti.
2026-09-08T12:10:19Z,2020-07-15,USD,ZAR,16.5205,LSL is pegged 1:1 to ZAR under the Common Monetary Area -- this rate applies directly to the Loti.
2026-09-08T12:10:19Z,2020-07-16,USD,ZAR,16.6621,LSL is pegged 1:1 to ZAR under the Common Monetary Area -- this rate applies directly to the Loti.
2026-09-08T12:10:19Z,2020-07-17,USD,ZAR,16.6692,LSL is pegged 1:1 to ZAR under the Common Monetary Area -- this rate applies directly to the Loti.
2026-09-08T12:10:19Z,2020-07-20,USD,ZAR,16.7199,LSL is pegged 1:1 to ZAR under the Common Monetary Area -- this rate applies directly to the Loti.
2026-09-08T12:10:19Z,2020-07-21,USD,ZAR,16.4997,LSL is pegged 1:1 to ZAR under the Common Monetary Area -- this rate applies directly to the Loti.
2026-09-08T12:10:19Z,2020-07-22,USD,ZAR,16.369,LSL is pegged 1:1 to ZAR under the Common Monetary Area -- this rate applies directly to the Loti.
2026-09-08T12:10:19Z,2020-07-23,USD,ZAR,16.6136,LSL is pegged 1:1 to ZAR under the Common Monetary Area -- this rate applies directly to the Loti.
2026-09-08T12:10:19Z,2020-07-24,USD,ZAR,16.7428,LSL is pegged 1:1 to ZAR under the Common Monetary Area -- this rate applies directly to the Loti.
2026-09-08T12:10:19Z,2020-07-27,USD,ZAR,16.4439,LSL is pegged 1:1 to ZAR under the Common Monetary Area -- this rate applies directly to the Loti.
2026-09-08T12:10:19Z,2020-07-28,USD,ZAR,16.584,LSL is pegged 1:1 to ZAR under the Common Monetary Area -- this rate applies directly to the Loti.
2026-09-08T12:10:19Z,2020-07-29,USD,ZAR,16.4835,LSL is pegged 1:1 to ZAR under the Common Monetary Area -- this rate applies directly to the Loti.
2026-09-08T12:10:19Z,2020-07-30,USD,ZAR,16.7819,LSL is pegged 1:1 to ZAR under the Common Monetary Area -- this rate applies directly to the Loti.
2026-09-08T12:10:19Z,2020-07-31,USD,ZAR,16.9615,LSL is pegged 1:1 to ZAR under the Common Monetary Area -- this rate applies directly to the Loti.
2026-09-08T12:10:19Z,2020-08-03,USD,ZAR,17.2932,LSL is pegged 1:1 to ZAR under the Common Monetary Area -- this rate applies directly to the Loti.
2026-09-08T12:10:19Z,2020-08-04,USD,ZAR,17.4144,LSL is pegged 1:1 to ZAR under the Common Monetary Area -- this rate applies directly to the Loti.
2026-09-08T12:10:19Z,2020-08-05,USD,ZAR,17.2279,LSL is pegged 1:1 to ZAR under the Common Monetary Area -- this rate applies directly to the Loti.
2026-09-08T12:10:19Z,2020-08-06,USD,ZAR,17.5344,LSL is pegged 1:1 to ZAR under the Common Monetary Area -- this rate applies directly to the Loti.
2026-09-08T12:10:19Z,2020-08-07,USD,ZAR,17.5248,LSL is pegged 1:1 to ZAR under the Common Monetary Area -- this rate applies directly to the Loti.
2026-09-08T12:10:19Z,2020-08-10,USD,ZAR,17.7208,LSL is pegged 1:1 to ZAR under the Common Monetary Area -- this rate applies directly to the Loti.
2026-09-08T12:10:19Z,2020-08-11,USD,ZAR,17.5049,LSL is pegged 1:1 to ZAR under the Common Monetary Area -- this rate applies directly to the Loti.
2026-09-08T12:10:19Z,2020-08-12,USD,ZAR,17.4242,LSL is pegged 1:1 to ZAR under the Common Monetary Area -- this rate applies directly to the Loti.
2026-09-08T12:10:19Z,2020-08-13,USD,ZAR,17.4427,LSL is pegged 1:1 to ZAR under the Common Monetary Area -- this rate applies directly to the Loti.
2026-09-08T12:10:19Z,2020-08-14,USD,ZAR,17.4486,LSL is pegged 1:1 to ZAR under the Common Monetary Area -- this rate applies directly to the Loti.
2026-09-08T12:10:19Z,2020-08-17,USD,ZAR,17.4437,LSL is pegged 1:1 to ZAR under the Common Monetary Area -- this rate applies directly to the Loti.
2026-09-08T12:10:19Z,2020-08-18,USD,ZAR,17.3988,LSL is pegged 1:1 to ZAR under the Common Monetary Area -- this rate applies directly to the Loti.
2026-09-08T12:10:19Z,2020-08-19,USD,ZAR,17.1943,LSL is pegged 1:1 to ZAR under the Common Monetary Area -- this rate applies directly to the Loti.
2026-09-08T12:10:19Z,2020-08-20,USD,ZAR,17.227,LSL is pegged 1:1 to ZAR under the Common Monetary Area -- this rate applies directly to the Loti.
2026-09-08T12:10:19Z,2020-08-21,USD,ZAR,17.247,LSL is pegged 1:1 to ZAR under the Common Monetary Area -- this rate applies directly to the Loti.
2026-09-08T12:10:19Z,2020-08-24,USD,ZAR,16.9334,LSL is pegged 1:1 to ZAR under the Common Monetary Area -- this rate applies directly to the Loti.
2026-09-08T12:10:19Z,2020-08-25,USD,ZAR,16.7669,LSL is pegged 1:1 to ZAR under the Common Monetary Area -- this rate applies directly to the Loti.
2026-09-08T12:10:19Z,2020-08-26,USD,ZAR,16.795,LSL is pegged 1:1 to ZAR under the Common Monetary Area -- this rate applies directly to the Loti.
2026-09-08T12:10:19Z,2020-08-27,USD,ZAR,16.9643,LSL is pegged 1:1 to ZAR under the Common Monetary Area -- this rate applies directly to the Loti.
2026-09-08T12:10:19Z,2020-08-28,USD,ZAR,16.6873,LSL is pegged 1:1 to ZAR under the Common Monetary Area -- this rate applies directly to the Loti.
2026-09-08T12:10:19Z,2020-08-31,USD,ZAR,16.716,LSL is pegged 1:1 to ZAR under the Common Monetary Area -- this rate applies directly to the Loti.
2026-09-08T12:10:19Z,2020-09-01,USD,ZAR,16.6396,LSL is pegged 1:1 to ZAR under the Common Monetary Area -- this rate applies directly to the Loti.
2026-09-08T12:10:19Z,2020-09-02,USD,ZAR,16.7907,LSL is pegged 1:1 to ZAR under the Common Monetary Area -- this rate applies directly to the Loti.
2026-09-08T12:10:19Z,2020-09-03,USD,ZAR,16.7661,LSL is pegged 1:1 to ZAR under the Common Monetary Area -- this rate applies directly to the Loti.
2026-09-08T12:10:19Z,2020-09-04,USD,ZAR,16.5747,LSL is pegged 1:1 to ZAR under the Common Monetary Area -- this rate applies directly to the Loti.
2026-09-08T12:10:19Z,2020-09-07,USD,ZAR,16.7163,LSL is pegged 1:1 to ZAR under the Common Monetary Area -- this rate applies directly to the Loti.
2026-09-08T12:10:19Z,2020-09-08,USD,ZAR,16.9733,LSL is pegged 1:1 to ZAR under the Common Monetary Area -- this rate applies directly to the Loti.
2026-09-08T12:10:19Z,2020-09-09,USD,ZAR,16.7369,LSL is pegged 1:1 to ZAR under the Common Monetary Area -- this rate applies directly to the Loti.
2026-09-08T12:10:19Z,2020-09-10,USD,ZAR,16.7607,LSL is pegged 1:1 to ZAR under the Common Monetary Area -- this rate applies directly to the Loti.
2026-09-08T12:10:19Z,2020-09-11,USD,ZAR,16.7477,LSL is pegged 1:1 to ZAR under the Common Monetary Area -- this rate applies directly to the Loti.
2026-09-08T12:10:19Z,2020-09-14,USD,ZAR,16.6618,LSL is pegged 1:1 to ZAR under the Common Monetary Area -- this rate applies directly to the Loti.
2026-09-08T12:10:19Z,2020-09-15,USD,ZAR,16.4538,LSL is pegged 1:1 to ZAR under the Common Monetary Area -- this rate applies directly to the Loti.
2026-09-08T12:10:19Z,2020-09-16,USD,ZAR,16.322,LSL is pegged 1:1 to ZAR under the Common Monetary Area -- this rate applies directly to the Loti.
2026-09-08T12:10:19Z,2020-09-17,USD,ZAR,16.3324,LSL is pegged 1:1 to ZAR under the Common Monetary Area -- this rate applies directly to the Loti.
2026-09-08T12:10:19Z,2020-09-18,USD,ZAR,16.1852,LSL is pegged 1:1 to ZAR under the Common Monetary Area -- this rate applies directly to the Loti.
2026-09-08T12:10:19Z,2020-09-21,USD,ZAR,16.7486,LSL is pegged 1:1 to ZAR under the Common Monetary Area -- this rate applies directly to the Loti.
2026-09-08T12:10:19Z,2020-09-22,USD,ZAR,16.6762,LSL is pegged 1:1 to ZAR under the Common Monetary Area -- this rate applies directly to the Loti.
2026-09-08T12:10:19Z,2020-09-23,USD,ZAR,17.0721,LSL is pegged 1:1 to ZAR under the Common Monetary Area -- this rate applies directly to the Loti.
2026-09-08T12:10:19Z,2020-09-24,USD,ZAR,17.061,LSL is pegged 1:1 to ZAR under the Common Monetary Area -- this rate applies directly to the Loti.
2026-09-08T12:10:19Z,2020-09-25,USD,ZAR,17.105,LSL is pegged 1:1 to ZAR under the Common Monetary Area -- this rate applies directly to the Loti.
2026-09-08T12:10:19Z,2020-09-28,USD,ZAR,17.0441,LSL is pegged 1:1 to ZAR under the Common Monetary Area -- this rate applies directly to the Loti.
2026-09-08T12:10:19Z,2020-09-29,USD,ZAR,16.9787,LSL is pegged 1:1 to ZAR under the Common Monetary Area -- this rate applies directly to the Loti.
2026-09-08T12:10:19Z,2020-09-30,USD,ZAR,16.834,LSL is pegged 1:1 to ZAR under the Common Monetary Area -- this rate applies directly to the Loti.
2026-09-08T12:10:19Z,2020-10-01,USD,ZAR,16.6247,LSL is pegged 1:1 to ZAR under the Common Monetary Area -- this rate applies directly to the Loti.
2026-09-08T12:10:19Z,2020-10-02,USD,ZAR,16.539,LSL is pegged 1:1 to ZAR under the Common Monetary Area -- this rate applies directly to the Loti.
2026-09-08T12:10:19Z,2020-10-05,USD,ZAR,16.4384,LSL is pegged 1:1 to ZAR under the Common Monetary Area -- this rate applies directly to the Loti.
2026-09-08T12:10:19Z,2020-10-06,USD,ZAR,16.4926,LSL is pegged 1:1 to ZAR under the Common Monetary Area -- this rate applies directly to the Loti.
2026-09-08T12:10:19Z,2020-10-07,USD,ZAR,16.6349,LSL is pegged 1:1 to ZAR under the Common Monetary Area -- this rate applies directly to the Loti.
2026-09-08T12:10:19Z,2020-10-08,USD,ZAR,16.5742,LSL is pegged 1:1 to ZAR under the Common Monetary Area -- this rate applies directly to the Loti.
2026-09-08T12:10:19Z,2020-10-09,USD,ZAR,16.4744,LSL is pegged 1:1 to ZAR under the Common Monetary Area -- this rate applies directly to the Loti.
2026-09-08T12:10:19Z,2020-10-12,USD,ZAR,16.5107,LSL is pegged 1:1 to ZAR under the Common Monetary Area -- this rate applies directly to the Loti.
2026-09-08T12:10:19Z,2020-10-13,USD,ZAR,16.4966,LSL is pegged 1:1 to ZAR under the Common Monetary Area -- this rate applies directly to the Loti.
2026-09-08T12:10:19Z,2020-10-14,USD,ZAR,16.5019,LSL is pegged 1:1 to ZAR under the Common Monetary Area -- this rate applies directly to the Loti.
2026-09-08T12:10:19Z,2020-10-15,USD,ZAR,16.6976,LSL is pegged 1:1 to ZAR under the Common Monetary Area -- this rate applies directly to the Loti.
2026-09-08T12:10:19Z,2020-10-16,USD,ZAR,16.512,LSL is pegged 1:1 to ZAR under the Common Monetary Area -- this rate applies directly to the Loti.
2026-09-08T12:10:19Z,2020-10-19,USD,ZAR,16.4451,LSL is pegged 1:1 to ZAR under the Common Monetary Area -- this rate applies directly to the Loti.
2026-09-08T12:10:19Z,2020-10-20,USD,ZAR,16.5322,LSL is pegged 1:1 to ZAR under the Common Monetary Area -- this rate applies directly to the Loti.
2026-09-08T12:10:19Z,2020-10-21,USD,ZAR,16.4001,LSL is pegged 1:1 to ZAR under the Common Monetary Area -- this rate applies directly to the Loti.
2026-09-08T12:10:19Z,2020-10-22,USD,ZAR,16.3065,LSL is pegged 1:1 to ZAR under the Common Monetary Area -- this rate applies directly to the Loti.
2026-09-08T12:10:19Z,2020-10-23,USD,ZAR,16.1863,LSL is pegged 1:1 to ZAR under the Common Monetary Area -- this rate applies directly to the Loti.
2026-09-08T12:10:19Z,2020-10-26,USD,ZAR,16.2518,LSL is pegged 1:1 to ZAR under the Common Monetary Area -- this rate applies directly to the Loti.
2026-09-08T12:10:19Z,2020-10-27,USD,ZAR,16.1105,LSL is pegged 1:1 to ZAR under the Common Monetary Area -- this rate applies directly to the Loti.
2026-09-08T12:10:19Z,2020-10-28,USD,ZAR,16.3884,LSL is pegged 1:1 to ZAR under the Common Monetary Area -- this rate applies directly to the Loti.
2026-09-08T12:10:19Z,2020-10-29,USD,ZAR,16.4322,LSL is pegged 1:1 to ZAR under the Common Monetary Area -- this rate applies directly to the Loti.
2026-09-08T12:10:19Z,2020-10-30,USD,ZAR,16.2728,LSL is pegged 1:1 to ZAR under the Common Monetary Area -- this rate applies directly to the Loti.
2026-09-08T12:10:19Z,2020-11-02,USD,ZAR,16.218,LSL is pegged 1:1 to ZAR under the Common Monetary Area -- this rate applies directly to the Loti.
2026-09-08T12:10:19Z,2020-11-03,USD,ZAR,16.0384,LSL is pegged 1:1 to ZAR under the Common Monetary Area -- this rate applies directly to the Loti.
2026-09-08T12:10:19Z,2020-11-04,USD,ZAR,16.0473,LSL is pegged 1:1 to ZAR under the Common Monetary Area -- this rate applies directly to the Loti.
2026-09-08T12:10:19Z,2020-11-05,USD,ZAR,15.765,LSL is pegged 1:1 to ZAR under the Common Monetary Area -- this rate applies directly to the Loti.
2026-09-08T12:10:19Z,2020-11-06,USD,ZAR,15.7484,LSL is pegged 1:1 to ZAR under the Common Monetary Area -- this rate applies directly to the Loti.
2026-09-08T12:10:19Z,2020-11-09,USD,ZAR,15.2575,LSL is pegged 1:1 to ZAR under the Common Monetary Area -- this rate applies directly to the Loti.
2026-09-08T12:10:19Z,2020-11-10,USD,ZAR,15.5409,LSL is pegged 1:1 to ZAR under the Common Monetary Area -- this rate applies directly to the Loti.
2026-09-08T12:10:19Z,2020-11-11,USD,ZAR,15.6655,LSL is pegged 1:1 to ZAR under the Common Monetary Area -- this rate applies directly to the Loti.
2026-09-08T12:10:19Z,2020-11-12,USD,ZAR,15.6821,LSL is pegged 1:1 to ZAR under the Common Monetary Area -- this rate applies directly to the Loti.
2026-09-08T12:10:19Z,2020-11-13,USD,ZAR,15.5792,LSL is pegged 1:1 to ZAR under the Common Monetary Area -- this rate applies directly to the Loti.
2026-09-08T12:10:19Z,2020-11-16,USD,ZAR,15.4139,LSL is pegged 1:1 to ZAR under the Common Monetary Area -- this rate applies directly to the Loti.
2026-09-08T12:10:19Z,2020-11-17,USD,ZAR,15.4067,LSL is pegged 1:1 to ZAR under the Common Monetary Area -- this rate applies directly to the Loti.
2026-09-08T12:10:19Z,2020-11-18,USD,ZAR,15.4039,LSL is pegged 1:1 to ZAR under the Common Monetary Area -- this rate applies directly to the Loti.
2026-09-08T12:10:19Z,2020-11-19,USD,ZAR,15.4795,LSL is pegged 1:1 to ZAR under the Common Monetary Area -- this rate applies directly to the Loti.
2026-09-08T12:10:19Z,2020-11-20,USD,ZAR,15.358,LSL is pegged 1:1 to ZAR under the Common Monetary Area -- this rate applies directly to the Loti.
2026-09-08T12:10:19Z,2020-11-23,USD,ZAR,15.332,LSL is pegged 1:1 to ZAR under the Common Monetary Area -- this rate applies directly to the Loti.
2026-09-08T12:10:19Z,2020-11-24,USD,ZAR,15.3566,LSL is pegged 1:1 to ZAR under the Common Monetary Area -- this rate applies directly to the Loti.
2026-09-08T12:10:19Z,2020-11-25,USD,ZAR,15.2632,LSL is pegged 1:1 to ZAR under the Common Monetary Area -- this rate applies directly to the Loti.
2026-09-08T12:10:19Z,2020-11-26,USD,ZAR,15.2183,LSL is pegged 1:1 to ZAR under the Common Monetary Area -- this rate applies directly to the Loti.
2026-09-08T12:10:19Z,2020-11-27,USD,ZAR,15.321,LSL is pegged 1:1 to ZAR under the Common Monetary Area -- this rate applies directly to the Loti.
2026-09-08T12:10:19Z,2020-11-30,USD,ZAR,15.3799,LSL is pegged 1:1 to ZAR under the Common Monetary Area -- this rate applies directly to the Loti.
2026-09-08T12:10:19Z,2020-12-01,USD,ZAR,15.3168,LSL is pegged 1:1 to ZAR under the Common Monetary Area -- this rate applies directly to the Loti.
2026-09-08T12:10:19Z,2020-12-02,USD,ZAR,15.3803,LSL is pegged 1:1 to ZAR under the Common Monetary Area -- this rate applies directly to the Loti.
2026-09-08T12:10:19Z,2020-12-03,USD,ZAR,15.2642,LSL is pegged 1:1 to ZAR under the Common Monetary Area -- this rate applies directly to the Loti.
2026-09-08T12:10:19Z,2020-12-04,USD,ZAR,15.1883,LSL is pegged 1:1 to ZAR under the Common Monetary Area -- this rate applies directly to the Loti.
2026-09-08T12:10:19Z,2020-12-07,USD,ZAR,15.1916,LSL is pegged 1:1 to ZAR under the Common Monetary Area -- this rate applies directly to the Loti.
2026-09-08T12:10:19Z,2020-12-08,USD,ZAR,15.0371,LSL is pegged 1:1 to ZAR under the Common Monetary Area -- this rate applies directly to the Loti.
2026-09-08T12:10:19Z,2020-12-09,USD,ZAR,14.9274,LSL is pegged 1:1 to ZAR under the Common Monetary Area -- this rate applies directly to the Loti.
2026-09-08T12:10:19Z,2020-12-10,USD,ZAR,15.0025,LSL is pegged 1:1 to ZAR under the Common Monetary Area -- this rate applies directly to the Loti.
2026-09-08T12:10:19Z,2020-12-11,USD,ZAR,15.1262,LSL is pegged 1:1 to ZAR under the Common Monetary Area -- this rate applies directly to the Loti.
2026-09-08T12:10:19Z,2020-12-14,USD,ZAR,14.9925,LSL is pegged 1:1 to ZAR under the Common Monetary Area -- this rate applies directly to the Loti.
2026-09-08T12:10:19Z,2020-12-15,USD,ZAR,14.9431,LSL is pegged 1:1 to ZAR under the Common Monetary Area -- this rate applies directly to the Loti.
2026-09-08T12:10:19Z,2020-12-16,USD,ZAR,14.8638,LSL is pegged 1:1 to ZAR under the Common Monetary Area -- this rate applies directly to the Loti.
2026-09-08T12:10:19Z,2020-12-17,USD,ZAR,14.684,LSL is pegged 1:1 to ZAR under the Common Monetary Area -- this rate applies directly to the Loti.
2026-09-08T12:10:19Z,2020-12-18,USD,ZAR,14.577,LSL is pegged 1:1 to ZAR under the Common Monetary Area -- this rate applies directly to the Loti.
2026-09-08T12:10:19Z,2020-12-21,USD,ZAR,14.8566,LSL is pegged 1:1 to ZAR under the Common Monetary Area -- this rate applies directly to the Loti.
2026-09-08T12:10:19Z,2020-12-22,USD,ZAR,14.5881,LSL is pegged 1:1 to ZAR under the Common Monetary Area -- this rate applies directly to the Loti.
2026-09-08T12:10:19Z,2020-12-23,USD,ZAR,14.6223,LSL is pegged 1:1 to ZAR under the Common Monetary Area -- this rate applies directly to the Loti.
2026-09-08T12:10:19Z,2020-12-24,USD,ZAR,14.6192,LSL is pegged 1:1 to ZAR under the Common Monetary Area -- this rate applies directly to the Loti.
2026-09-08T12:10:19Z,2020-12-28,USD,ZAR,14.5681,LSL is pegged 1:1 to ZAR under the Common Monetary Area -- this rate applies directly to the Loti.
2026-09-08T12:10:19Z,2020-12-29,USD,ZAR,14.6546,LSL is pegged 1:1 to ZAR under the Common Monetary Area -- this rate applies directly to the Loti.
2026-09-08T12:10:19Z,2020-12-30,USD,ZAR,14.6611,LSL is pegged 1:1 to ZAR under the Common Monetary Area -- this rate applies directly to the Loti.
2026-09-08T12:10:19Z,2020-12-31,USD,ZAR,14.6866,LSL is pegged 1:1 to ZAR under the Common Monetary Area -- this rate applies directly to the Loti.
2026-09-08T12:10:19Z,2021-01-04,USD,ZAR,14.575,LSL is pegged 1:1 to ZAR under the Common Monetary Area -- this rate applies directly to the Loti.
2026-09-08T12:10:19Z,2021-01-05,USD,ZAR,15.0105,LSL is pegged 1:1 to ZAR under the Common Monetary Area -- this rate applies directly to the Loti.
2026-09-08T12:10:19Z,2021-01-06,USD,ZAR,15.0043,LSL is pegged 1:1 to ZAR under the Common Monetary Area -- this rate applies directly to the Loti.
2026-09-08T12:10:19Z,2021-01-07,USD,ZAR,15.3078,LSL is pegged 1:1 to ZAR under the Common Monetary Area -- this rate applies directly to the Loti.
2026-09-08T12:10:19Z,2021-01-08,USD,ZAR,15.2826,LSL is pegged 1:1 to ZAR under the Common Monetary Area -- this rate applies directly to the Loti.
2026-09-08T12:10:19Z,2021-01-11,USD,ZAR,15.4632,LSL is pegged 1:1 to ZAR under the Common Monetary Area -- this rate applies directly to the Loti.
2026-09-08T12:10:19Z,2021-01-12,USD,ZAR,15.3991,LSL is pegged 1:1 to ZAR under the Common Monetary Area -- this rate applies directly to the Loti.
2026-09-08T12:10:19Z,2021-01-13,USD,ZAR,15.3156,LSL is pegged 1:1 to ZAR under the Common Monetary Area -- this rate applies directly to the Loti.
2026-09-08T12:10:19Z,2021-01-14,USD,ZAR,15.1886,LSL is pegged 1:1 to ZAR under the Common Monetary Area -- this rate applies directly to the Loti.
2026-09-08T12:10:19Z,2021-01-15,USD,ZAR,15.2295,LSL is pegged 1:1 to ZAR under the Common Monetary Area -- this rate applies directly to the Loti.
2026-09-08T12:10:19Z,2021-01-18,USD,ZAR,15.3282,LSL is pegged 1:1 to ZAR under the Common Monetary Area -- this rate applies directly to the Loti.
2026-09-08T12:10:19Z,2021-01-19,USD,ZAR,14.9341,LSL is pegged 1:1 to ZAR under the Common Monetary Area -- this rate applies directly to the Loti.
2026-09-08T12:10:19Z,2021-01-20,USD,ZAR,14.9658,LSL is pegged 1:1 to ZAR under the Common Monetary Area -- this rate applies directly to the Loti.
2026-09-08T12:10:19Z,2021-01-21,USD,ZAR,14.8041,LSL is pegged 1:1 to ZAR under the Common Monetary Area -- this rate applies directly to the Loti.
2026-09-08T12:10:19Z,2021-01-22,USD,ZAR,15.1184,LSL is pegged 1:1 to ZAR under the Common Monetary Area -- this rate applies directly to the Loti.
2026-09-08T12:10:19Z,2021-01-25,USD,ZAR,15.2181,LSL is pegged 1:1 to ZAR under the Common Monetary Area -- this rate applies directly to the Loti.
2026-09-08T12:10:19Z,2021-01-26,USD,ZAR,15.1581,LSL is pegged 1:1 to ZAR under the Common Monetary Area -- this rate applies directly to the Loti.
2026-09-08T12:10:19Z,2021-01-27,USD,ZAR,15.2203,LSL is pegged 1:1 to ZAR under the Common Monetary Area -- this rate applies directly to the Loti.
2026-09-08T12:10:19Z,2021-01-28,USD,ZAR,15.2473,LSL is pegged 1:1 to ZAR under the Common Monetary Area -- this rate applies directly to the Loti.
2026-09-08T12:10:19Z,2021-01-29,USD,ZAR,15.0839,LSL is pegged 1:1 to ZAR under the Common Monetary Area -- this rate applies directly to the Loti.
2026-09-08T12:10:19Z,2021-02-01,USD,ZAR,15.026,LSL is pegged 1:1 to ZAR under the Common Monetary Area -- this rate applies directly to the Loti.
2026-09-08T12:10:19Z,2021-02-02,USD,ZAR,14.9508,LSL is pegged 1:1 to ZAR under the Common Monetary Area -- this rate applies directly to the Loti.
2026-09-08T12:10:19Z,2021-02-03,USD,ZAR,14.9298,LSL is pegged 1:1 to ZAR under the Common Monetary Area -- this rate applies directly to the Loti.
2026-09-08T12:10:19Z,2021-02-04,USD,ZAR,15.0298,LSL is pegged 1:1 to ZAR under the Common Monetary Area -- this rate applies directly to the Loti.
2026-09-08T12:10:19Z,2021-02-05,USD,ZAR,14.9718,LSL is pegged 1:1 to ZAR under the Common Monetary Area -- this rate applies directly to the Loti.
2026-09-08T12:10:19Z,2021-02-08,USD,ZAR,14.944,LSL is pegged 1:1 to ZAR under the Common Monetary Area -- this rate applies directly to the Loti.
2026-09-08T12:10:19Z,2021-02-09,USD,ZAR,14.7846,LSL is pegged 1:1 to ZAR under the Common Monetary Area -- this rate applies directly to the Loti.
2026-09-08T12:10:19Z,2021-02-10,USD,ZAR,14.7028,LSL is pegged 1:1 to ZAR under the Common Monetary Area -- this rate applies directly to the Loti.
2026-09-08T12:10:19Z,2021-02-11,USD,ZAR,14.6154,LSL is pegged 1:1 to ZAR under the Common Monetary Area -- this rate applies directly to the Loti.
2026-09-08T12:10:19Z,2021-02-12,USD,ZAR,14.6483,LSL is pegged 1:1 to ZAR under the Common Monetary Area -- this rate applies directly to the Loti.
2026-09-08T12:10:19Z,2021-02-15,USD,ZAR,14.4287,LSL is pegged 1:1 to ZAR under the Common Monetary Area -- this rate applies directly to the Loti.
2026-09-08T12:10:19Z,2021-02-16,USD,ZAR,14.5387,LSL is pegged 1:1 to ZAR under the Common Monetary Area -- this rate applies directly to the Loti.
2026-09-08T12:10:19Z,2021-02-17,USD,ZAR,14.78,LSL is pegged 1:1 to ZAR under the Common Monetary Area -- this rate applies directly to the Loti.
2026-09-08T12:10:19Z,2021-02-18,USD,ZAR,14.5318,LSL is pegged 1:1 to ZAR under the Common Monetary Area -- this rate applies directly to the Loti.
2026-09-08T12:10:19Z,2021-02-19,USD,ZAR,14.6133,LSL is pegged 1:1 to ZAR under the Common Monetary Area -- this rate applies directly to the Loti.
2026-09-08T12:10:19Z,2021-02-22,USD,ZAR,14.8959,LSL is pegged 1:1 to ZAR under the Common Monetary Area -- this rate applies directly to the Loti.
2026-09-08T12:10:19Z,2021-02-23,USD,ZAR,14.708,LSL is pegged 1:1 to ZAR under the Common Monetary Area -- this rate applies directly to the Loti.
2026-09-08T12:10:19Z,2021-02-24,USD,ZAR,14.4676,LSL is pegged 1:1 to ZAR under the Common Monetary Area -- this rate applies directly to the Loti.
2026-09-08T12:10:19Z,2021-02-25,USD,ZAR,14.814,LSL is pegged 1:1 to ZAR under the Common Monetary Area -- this rate applies directly to the Loti.
2026-09-08T12:10:19Z,2021-02-26,USD,ZAR,14.9348,LSL is pegged 1:1 to ZAR under the Common Monetary Area -- this rate applies directly to the Loti.
2026-09-08T12:10:19Z,2021-03-01,USD,ZAR,15.0583,LSL is pegged 1:1 to ZAR under the Common Monetary Area -- this rate applies directly to the Loti.
2026-09-08T12:10:19Z,2021-03-02,USD,ZAR,15.0776,LSL is pegged 1:1 to ZAR under the Common Monetary Area -- this rate applies directly to the Loti.
2026-09-08T12:10:19Z,2021-03-03,USD,ZAR,14.9463,LSL is pegged 1:1 to ZAR under the Common Monetary Area -- this rate applies directly to the Loti.
2026-09-08T12:10:19Z,2021-03-04,USD,ZAR,15.0346,LSL is pegged 1:1 to ZAR under the Common Monetary Area -- this rate applies directly to the Loti.
2026-09-08T12:10:19Z,2021-03-05,USD,ZAR,15.2973,LSL is pegged 1:1 to ZAR under the Common Monetary Area -- this rate applies directly to the Loti.
2026-09-08T12:10:19Z,2021-03-08,USD,ZAR,15.4713,LSL is pegged 1:1 to ZAR under the Common Monetary Area -- this rate applies directly to the Loti.
2026-09-08T12:10:19Z,2021-03-09,USD,ZAR,15.3967,LSL is pegged 1:1 to ZAR under the Common Monetary Area -- this rate applies directly to the Loti.
2026-09-08T12:10:19Z,2021-03-10,USD,ZAR,15.2825,LSL is pegged 1:1 to ZAR under the Common Monetary Area -- this rate applies directly to the Loti.
2026-09-08T12:10:19Z,2021-03-11,USD,ZAR,14.8782,LSL is pegged 1:1 to ZAR under the Common Monetary Area -- this rate applies directly to the Loti.
2026-09-08T12:10:19Z,2021-03-12,USD,ZAR,14.9589,LSL is pegged 1:1 to ZAR under the Common Monetary Area -- this rate applies directly to the Loti.
2026-09-08T12:10:19Z,2021-03-15,USD,ZAR,14.8755,LSL is pegged 1:1 to ZAR under the Common Monetary Area -- this rate applies directly to the Loti.
2026-09-08T12:10:19Z,2021-03-16,USD,ZAR,14.8471,LSL is pegged 1:1 to ZAR under the Common Monetary Area -- this rate applies directly to the Loti.
2026-09-08T12:10:19Z,2021-03-17,USD,ZAR,14.8803,LSL is pegged 1:1 to ZAR under the Common Monetary Area -- this rate applies directly to the Loti.
2026-09-08T12:10:19Z,2021-03-18,USD,ZAR,14.792,LSL is pegged 1:1 to ZAR under the Common Monetary Area -- this rate applies directly to the Loti.
2026-09-08T12:10:19Z,2021-03-19,USD,ZAR,14.7213,LSL is pegged 1:1 to ZAR under the Common Monetary Area -- this rate applies directly to the Loti.
2026-09-08T12:10:19Z,2021-03-22,USD,ZAR,14.7289,LSL is pegged 1:1 to ZAR under the Common Monetary Area -- this rate applies directly to the Loti.
2026-09-08T12:10:19Z,2021-03-23,USD,ZAR,14.7958,LSL is pegged 1:1 to ZAR under the Common Monetary Area -- this rate applies directly to the Loti.
2026-09-08T12:10:19Z,2021-03-24,USD,ZAR,14.8201,LSL is pegged 1:1 to ZAR under the Common Monetary Area -- this rate applies directly to the Loti.
2026-09-08T12:10:19Z,2021-03-25,USD,ZAR,14.9849,LSL is pegged 1:1 to ZAR under the Common Monetary Area -- this rate applies directly to the Loti.
2026-09-08T12:10:19Z,2021-03-26,USD,ZAR,15.0098,LSL is pegged 1:1 to ZAR under the Common Monetary Area -- this rate applies directly to the Loti.
2026-09-08T12:10:19Z,2021-03-29,USD,ZAR,15.0139,LSL is pegged 1:1 to ZAR under the Common Monetary Area -- this rate applies directly to the Loti.
2026-09-08T12:10:19Z,2021-03-30,USD,ZAR,14.9388,LSL is pegged 1:1 to ZAR under the Common Monetary Area -- this rate applies directly to the Loti.
2026-09-08T12:10:19Z,2021-03-31,USD,ZAR,14.7961,LSL is pegged 1:1 to ZAR under the Common Monetary Area -- this rate applies directly to the Loti.
2026-09-08T12:10:19Z,2021-04-01,USD,ZAR,14.6496,LSL is pegged 1:1 to ZAR under the Common Monetary Area -- this rate applies directly to the Loti.
2026-09-08T12:10:19Z,2021-04-06,USD,ZAR,14.5106,LSL is pegged 1:1 to ZAR under the Common Monetary Area -- this rate applies directly to the Loti.
2026-09-08T12:10:19Z,2021-04-07,USD,ZAR,14.5408,LSL is pegged 1:1 to ZAR under the Common Monetary Area -- this rate applies directly to the Loti.
2026-09-08T12:10:19Z,2021-04-08,USD,ZAR,14.5437,LSL is pegged 1:1 to ZAR under the Common Monetary Area -- this rate applies directly to the Loti.
2026-09-08T12:10:19Z,2021-04-09,USD,ZAR,14.5609,LSL is pegged 1:1 to ZAR under the Common Monetary Area -- this rate applies directly to the Loti.
2026-09-08T12:10:19Z,2021-04-12,USD,ZAR,14.6067,LSL is pegged 1:1 to ZAR under the Common Monetary Area -- this rate applies directly to the Loti.
2026-09-08T12:10:19Z,2021-04-13,USD,ZAR,14.6459,LSL is pegged 1:1 to ZAR under the Common Monetary Area -- this rate applies directly to the Loti.
2026-09-08T12:10:19Z,2021-04-14,USD,ZAR,14.4591,LSL is pegged 1:1 to ZAR under the Common Monetary Area -- this rate applies directly to the Loti.
2026-09-08T12:10:19Z,2021-04-15,USD,ZAR,14.24,LSL is pegged 1:1 to ZAR under the Common Monetary Area -- this rate applies directly to the Loti.
2026-09-08T12:10:19Z,2021-04-16,USD,ZAR,14.2639,LSL is pegged 1:1 to ZAR under the Common Monetary Area -- this rate applies directly to the Loti.
2026-09-08T12:10:19Z,2021-04-19,USD,ZAR,14.2416,LSL is pegged 1:1 to ZAR under the Common Monetary Area -- this rate applies directly to the Loti.
2026-09-08T12:10:19Z,2021-04-20,USD,ZAR,14.2965,LSL is pegged 1:1 to ZAR under the Common Monetary Area -- this rate applies directly to the Loti.
2026-09-08T12:10:19Z,2021-04-21,USD,ZAR,14.2792,LSL is pegged 1:1 to ZAR under the Common Monetary Area -- this rate applies directly to the Loti.
2026-09-08T12:10:19Z,2021-04-22,USD,ZAR,14.3075,LSL is pegged 1:1 to ZAR under the Common Monetary Area -- this rate applies directly to the Loti.
2026-09-08T12:10:19Z,2021-04-23,USD,ZAR,14.2606,LSL is pegged 1:1 to ZAR under the Common Monetary Area -- this rate applies directly to the Loti.
2026-09-08T12:10:19Z,2021-04-26,USD,ZAR,14.269,LSL is pegged 1:1 to ZAR under the Common Monetary Area -- this rate applies directly to the Loti.
2026-09-08T12:10:19Z,2021-04-27,USD,ZAR,14.3434,LSL is pegged 1:1 to ZAR under the Common Monetary Area -- this rate applies directly to the Loti.
2026-09-08T12:10:19Z,2021-04-28,USD,ZAR,14.346,LSL is pegged 1:1 to ZAR under the Common Monetary Area -- this rate applies directly to the Loti.
2026-09-08T12:10:19Z,2021-04-29,USD,ZAR,14.2429,LSL is pegged 1:1 to ZAR under the Common Monetary Area -- this rate applies directly to the Loti.
2026-09-08T12:10:19Z,2021-04-30,USD,ZAR,14.3912,LSL is pegged 1:1 to ZAR under the Common Monetary Area -- this rate applies directly to the Loti.
2026-09-08T12:10:19Z,2021-05-03,USD,ZAR,14.4431,LSL is pegged 1:1 to ZAR under the Common Monetary Area -- this rate applies directly to the Loti.
2026-09-08T12:10:19Z,2021-05-04,USD,ZAR,14.5107,LSL is pegged 1:1 to ZAR under the Common Monetary Area -- this rate applies directly to the Loti.
2026-09-08T12:10:19Z,2021-05-05,USD,ZAR,14.4117,LSL is pegged 1:1 to ZAR under the Common Monetary Area -- this rate applies directly to the Loti.
2026-09-08T12:10:19Z,2021-05-06,USD,ZAR,14.2687,LSL is pegged 1:1 to ZAR under the Common Monetary Area -- this rate applies directly to the Loti.
2026-09-08T12:10:19Z,2021-05-07,USD,ZAR,14.2518,LSL is pegged 1:1 to ZAR under the Common Monetary Area -- this rate applies directly to the Loti.
2026-09-08T12:10:19Z,2021-05-10,USD,ZAR,14.0392,LSL is pegged 1:1 to ZAR under the Common Monetary Area -- this rate applies directly to the Loti.
2026-09-08T12:10:19Z,2021-05-11,USD,ZAR,13.9562,LSL is pegged 1:1 to ZAR under the Common Monetary Area -- this rate applies directly to the Loti.
2026-09-08T12:10:19Z,2021-05-12,USD,ZAR,13.9754,LSL is pegged 1:1 to ZAR under the Common Monetary Area -- this rate applies directly to the Loti.
2026-09-08T12:10:19Z,2021-05-13,USD,ZAR,14.159,LSL is pegged 1:1 to ZAR under the Common Monetary Area -- this rate applies directly to the Loti.
2026-09-08T12:10:19Z,2021-05-14,USD,ZAR,14.0825,LSL is pegged 1:1 to ZAR under the Common Monetary Area -- this rate applies directly to the Loti.
2026-09-08T12:10:19Z,2021-05-17,USD,ZAR,14.1698,LSL is pegged 1:1 to ZAR under the Common Monetary Area -- this rate applies directly to the Loti.
2026-09-08T12:10:19Z,2021-05-18,USD,ZAR,13.9778,LSL is pegged 1:1 to ZAR under the Common Monetary Area -- this rate applies directly to the Loti.
2026-09-08T12:10:19Z,2021-05-19,USD,ZAR,14.0392,LSL is pegged 1:1 to ZAR under the Common Monetary Area -- this rate applies directly to the Loti.
2026-09-08T12:10:19Z,2021-05-20,USD,ZAR,14.0653,LSL is pegged 1:1 to ZAR under the Common Monetary Area -- this rate applies directly to the Loti.
2026-09-08T12:10:19Z,2021-05-21,USD,ZAR,13.9383,LSL is pegged 1:1 to ZAR under the Common Monetary Area -- this rate applies directly to the Loti.
2026-09-08T12:10:19Z,2021-05-24,USD,ZAR,13.9717,LSL is pegged 1:1 to ZAR under the Common Monetary Area -- this rate applies directly to the Loti.
2026-09-08T12:10:19Z,2021-05-25,USD,ZAR,13.8284,LSL is pegged 1:1 to ZAR under the Common Monetary Area -- this rate applies directly to the Loti.
2026-09-08T12:10:19Z,2021-05-26,USD,ZAR,13.8427,LSL is pegged 1:1 to ZAR under the Common Monetary Area -- this rate applies directly to the Loti.
2026-09-08T12:10:19Z,2021-05-27,USD,ZAR,13.7438,LSL is pegged 1:1 to ZAR under the Common Monetary Area -- this rate applies directly to the Loti.
2026-09-08T12:10:19Z,2021-05-28,USD,ZAR,13.8317,LSL is pegged 1:1 to ZAR under the Common Monetary Area -- this rate applies directly to the Loti.
2026-09-08T12:10:19Z,2021-05-31,USD,ZAR,13.7672,LSL is pegged 1:1 to ZAR under the Common Monetary Area -- this rate applies directly to the Loti.
2026-09-08T12:10:19Z,2021-06-01,USD,ZAR,13.7656,LSL is pegged 1:1 to ZAR under the Common Monetary Area -- this rate applies directly to the Loti.
2026-09-08T12:10:19Z,2021-06-02,USD,ZAR,13.7263,LSL is pegged 1:1 to ZAR under the Common Monetary Area -- this rate applies directly to the Loti.
2026-09-08T12:10:19Z,2021-06-03,USD,ZAR,13.5569,LSL is pegged 1:1 to ZAR under the Common Monetary Area -- this rate applies directly to the Loti.
2026-09-08T12:10:19Z,2021-06-04,USD,ZAR,13.6522,LSL is pegged 1:1 to ZAR under the Common Monetary Area -- this rate applies directly to the Loti.
2026-09-08T12:10:19Z,2021-06-07,USD,ZAR,13.4783,LSL is pegged 1:1 to ZAR under the Common Monetary Area -- this rate applies directly to the Loti.
2026-09-08T12:10:19Z,2021-06-08,USD,ZAR,13.5112,LSL is pegged 1:1 to ZAR under the Common Monetary Area -- this rate applies directly to the Loti.
2026-09-08T12:10:19Z,2021-06-09,USD,ZAR,13.555,LSL is pegged 1:1 to ZAR under the Common Monetary Area -- this rate applies directly to the Loti.
2026-09-08T12:10:19Z,2021-06-10,USD,ZAR,13.6431,LSL is pegged 1:1 to ZAR under the Common Monetary Area -- this rate applies directly to the Loti.
2026-09-08T12:10:19Z,2021-06-11,USD,ZAR,13.5903,LSL is pegged 1:1 to ZAR under the Common Monetary Area -- this rate applies directly to the Loti.
2026-09-08T12:10:19Z,2021-06-14,USD,ZAR,13.8011,LSL is pegged 1:1 to ZAR under the Common Monetary Area -- this rate applies directly to the Loti.
2026-09-08T12:10:19Z,2021-06-15,USD,ZAR,13.776,LSL is pegged 1:1 to ZAR under the Common Monetary Area -- this rate applies directly to the Loti.
2026-09-08T12:10:19Z,2021-06-16,USD,ZAR,13.7417,LSL is pegged 1:1 to ZAR under the Common Monetary Area -- this rate applies directly to the Loti.
2026-09-08T12:10:19Z,2021-06-17,USD,ZAR,14.0787,LSL is pegged 1:1 to ZAR under the Common Monetary Area -- this rate applies directly to the Loti.
2026-09-08T12:10:19Z,2021-06-18,USD,ZAR,14.1388,LSL is pegged 1:1 to ZAR under the Common Monetary Area -- this rate applies directly to the Loti.
2026-09-08T12:10:19Z,2021-06-21,USD,ZAR,14.2505,LSL is pegged 1:1 to ZAR under the Common Monetary Area -- this rate applies directly to the Loti.
2026-09-08T12:10:19Z,2021-06-22,USD,ZAR,14.3292,LSL is pegged 1:1 to ZAR under the Common Monetary Area -- this rate applies directly to the Loti.
2026-09-08T12:10:19Z,2021-06-23,USD,ZAR,14.1735,LSL is pegged 1:1 to ZAR under the Common Monetary Area -- this rate applies directly to the Loti.
2026-09-08T12:10:19Z,2021-06-24,USD,ZAR,14.245,LSL is pegged 1:1 to ZAR under the Common Monetary Area -- this rate applies directly to the Loti.
2026-09-08T12:10:19Z,2021-06-25,USD,ZAR,14.0886,LSL is pegged 1:1 to ZAR under the Common Monetary Area -- this rate applies directly to the Loti.
2026-09-08T12:10:19Z,2021-06-28,USD,ZAR,14.2608,LSL is pegged 1:1 to ZAR under the Common Monetary Area -- this rate applies directly to the Loti.
2026-09-08T12:10:19Z,2021-06-29,USD,ZAR,14.3439,LSL is pegged 1:1 to ZAR under the Common Monetary Area -- this rate applies directly to the Loti.
2026-09-08T12:10:19Z,2021-06-30,USD,ZAR,14.3145,LSL is pegged 1:1 to ZAR under the Common Monetary Area -- this rate applies directly to the Loti.
2026-09-08T12:10:19Z,2021-07-01,USD,ZAR,14.2834,LSL is pegged 1:1 to ZAR under the Common Monetary Area -- this rate applies directly to the Loti.
2026-09-08T12:10:19Z,2021-07-02,USD,ZAR,14.4453,LSL is pegged 1:1 to ZAR under the Common Monetary Area -- this rate applies directly to the Loti.
2026-09-08T12:10:19Z,2021-07-05,USD,ZAR,14.2266,LSL is pegged 1:1 to ZAR under the Common Monetary Area -- this rate applies directly to the Loti.
2026-09-08T12:10:19Z,2021-07-06,USD,ZAR,14.2151,LSL is pegged 1:1 to ZAR under the Common Monetary Area -- this rate applies directly to the Loti.
2026-09-08T12:10:19Z,2021-07-07,USD,ZAR,14.2563,LSL is pegged 1:1 to ZAR under the Common Monetary Area -- this rate applies directly to the Loti.
2026-09-08T12:10:19Z,2021-07-08,USD,ZAR,14.4073,LSL is pegged 1:1 to ZAR under the Common Monetary Area -- this rate applies directly to the Loti.
2026-09-08T12:10:19Z,2021-07-09,USD,ZAR,14.2317,LSL is pegged 1:1 to ZAR under the Common Monetary Area -- this rate applies directly to the Loti.
2026-09-08T12:10:19Z,2021-07-12,USD,ZAR,14.4677,LSL is pegged 1:1 to ZAR under the Common Monetary Area -- this rate applies directly to the Loti.
2026-09-08T12:10:19Z,2021-07-13,USD,ZAR,14.5842,LSL is pegged 1:1 to ZAR under the Common Monetary Area -- this rate applies directly to the Loti.
2026-09-08T12:10:19Z,2021-07-14,USD,ZAR,14.644,LSL is pegged 1:1 to ZAR under the Common Monetary Area -- this rate applies directly to the Loti.
2026-09-08T12:10:19Z,2021-07-15,USD,ZAR,14.5675,LSL is pegged 1:1 to ZAR under the Common Monetary Area -- this rate applies directly to the Loti.
2026-09-08T12:10:19Z,2021-07-16,USD,ZAR,14.3908,LSL is pegged 1:1 to ZAR under the Common Monetary Area -- this rate applies directly to the Loti.
2026-09-08T12:10:19Z,2021-07-19,USD,ZAR,14.5114,LSL is pegged 1:1 to ZAR under the Common Monetary Area -- this rate applies directly to the Loti.
2026-09-08T12:10:19Z,2021-07-20,USD,ZAR,14.5519,LSL is pegged 1:1 to ZAR under the Common Monetary Area -- this rate applies directly to the Loti.
2026-09-08T12:10:19Z,2021-07-21,USD,ZAR,14.6798,LSL is pegged 1:1 to ZAR under the Common Monetary Area -- this rate applies directly to the Loti.
2026-09-08T12:10:19Z,2021-07-22,USD,ZAR,14.5604,LSL is pegged 1:1 to ZAR under the Common Monetary Area -- this rate applies directly to the Loti.
2026-09-08T12:10:19Z,2021-07-23,USD,ZAR,14.7771,LSL is pegged 1:1 to ZAR under the Common Monetary Area -- this rate applies directly to the Loti.
2026-09-08T12:10:19Z,2021-07-26,USD,ZAR,14.8338,LSL is pegged 1:1 to ZAR under the Common Monetary Area -- this rate applies directly to the Loti.
2026-09-08T12:10:19Z,2021-07-27,USD,ZAR,14.8461,LSL is pegged 1:1 to ZAR under the Common Monetary Area -- this rate applies directly to the Loti.
2026-09-08T12:10:19Z,2021-07-28,USD,ZAR,14.8041,LSL is pegged 1:1 to ZAR under the Common Monetary Area -- this rate applies directly to the Loti.
2026-09-08T12:10:19Z,2021-07-29,USD,ZAR,14.5807,LSL is pegged 1:1 to ZAR under the Common Monetary Area -- this rate applies directly to the Loti.
2026-09-08T12:10:19Z,2021-07-30,USD,ZAR,14.5726,LSL is pegged 1:1 to ZAR under the Common Monetary Area -- this rate applies directly to the Loti.
2026-09-08T12:10:19Z,2021-08-02,USD,ZAR,14.3861,LSL is pegged 1:1 to ZAR under the Common Monetary Area -- this rate applies directly to the Loti.
2026-09-08T12:10:19Z,2021-08-03,USD,ZAR,14.388,LSL is pegged 1:1 to ZAR under the Common Monetary Area -- this rate applies directly to the Loti.
2026-09-08T12:10:19Z,2021-08-04,USD,ZAR,14.2662,LSL is pegged 1:1 to ZAR under the Common Monetary Area -- this rate applies directly to the Loti.
2026-09-08T12:10:19Z,2021-08-05,USD,ZAR,14.3656,LSL is pegged 1:1 to ZAR under the Common Monetary Area -- this rate applies directly to the Loti.
2026-09-08T12:10:19Z,2021-08-06,USD,ZAR,14.4815,LSL is pegged 1:1 to ZAR under the Common Monetary Area -- this rate applies directly to the Loti.
2026-09-08T12:10:19Z,2021-08-09,USD,ZAR,14.631,LSL is pegged 1:1 to ZAR under the Common Monetary Area -- this rate applies directly to the Loti.
2026-09-08T12:10:19Z,2021-08-10,USD,ZAR,14.8102,LSL is pegged 1:1 to ZAR under the Common Monetary Area -- this rate applies directly to the Loti.
2026-09-08T12:10:19Z,2021-08-11,USD,ZAR,14.7914,LSL is pegged 1:1 to ZAR under the Common Monetary Area -- this rate applies directly to the Loti.
2026-09-08T12:10:19Z,2021-08-12,USD,ZAR,14.7185,LSL is pegged 1:1 to ZAR under the Common Monetary Area -- this rate applies directly to the Loti.
2026-09-08T12:10:19Z,2021-08-13,USD,ZAR,14.8373,LSL is pegged 1:1 to ZAR under the Common Monetary Area -- this rate applies directly to the Loti.
2026-09-08T12:10:19Z,2021-08-16,USD,ZAR,14.7683,LSL is pegged 1:1 to ZAR under the Common Monetary Area -- this rate applies directly to the Loti.
2026-09-08T12:10:19Z,2021-08-17,USD,ZAR,14.8225,LSL is pegged 1:1 to ZAR under the Common Monetary Area -- this rate applies directly to the Loti.
2026-09-08T12:10:19Z,2021-08-18,USD,ZAR,14.873,LSL is pegged 1:1 to ZAR under the Common Monetary Area -- this rate applies directly to the Loti.
2026-09-08T12:10:19Z,2021-08-19,USD,ZAR,15.1765,LSL is pegged 1:1 to ZAR under the Common Monetary Area -- this rate applies directly to the Loti.
2026-09-08T12:10:19Z,2021-08-20,USD,ZAR,15.3157,LSL is pegged 1:1 to ZAR under the Common Monetary Area -- this rate applies directly to the Loti.
2026-09-08T12:10:19Z,2021-08-23,USD,ZAR,15.2089,LSL is pegged 1:1 to ZAR under the Common Monetary Area -- this rate applies directly to the Loti.
2026-09-08T12:10:19Z,2021-08-24,USD,ZAR,15.0683,LSL is pegged 1:1 to ZAR under the Common Monetary Area -- this rate applies directly to the Loti.
2026-09-08T12:10:19Z,2021-08-25,USD,ZAR,14.9796,LSL is pegged 1:1 to ZAR under the Common Monetary Area -- this rate applies directly to the Loti.
2026-09-08T12:10:19Z,2021-08-26,USD,ZAR,14.9078,LSL is pegged 1:1 to ZAR under the Common Monetary Area -- this rate applies directly to the Loti.
2026-09-08T12:10:19Z,2021-08-27,USD,ZAR,14.91,LSL is pegged 1:1 to ZAR under the Common Monetary Area -- this rate applies directly to the Loti.
2026-09-08T12:10:19Z,2021-08-30,USD,ZAR,14.624,LSL is pegged 1:1 to ZAR under the Common Monetary Area -- this rate applies directly to the Loti.
2026-09-08T12:10:19Z,2021-08-31,USD,ZAR,14.5582,LSL is pegged 1:1 to ZAR under the Common Monetary Area -- this rate applies directly to the Loti.
2026-09-08T12:10:19Z,2021-09-01,USD,ZAR,14.4311,LSL is pegged 1:1 to ZAR under the Common Monetary Area -- this rate applies directly to the Loti.
2026-09-08T12:10:19Z,2021-09-02,USD,ZAR,14.3409,LSL is pegged 1:1 to ZAR under the Common Monetary Area -- this rate applies directly to the Loti.
2026-09-08T12:10:19Z,2021-09-03,USD,ZAR,14.3434,LSL is pegged 1:1 to ZAR under the Common Monetary Area -- this rate applies directly to the Loti.
2026-09-08T12:10:19Z,2021-09-06,USD,ZAR,14.2511,LSL is pegged 1:1 to ZAR under the Common Monetary Area -- this rate applies directly to the Loti.
2026-09-08T12:10:19Z,2021-09-07,USD,ZAR,14.3148,LSL is pegged 1:1 to ZAR under the Common Monetary Area -- this rate applies directly to the Loti.
2026-09-08T12:10:19Z,2021-09-08,USD,ZAR,14.2757,LSL is pegged 1:1 to ZAR under the Common Monetary Area -- this rate applies directly to the Loti.
2026-09-08T12:10:19Z,2021-09-09,USD,ZAR,14.1458,LSL is pegged 1:1 to ZAR under the Common Monetary Area -- this rate applies directly to the Loti.
2026-09-08T12:10:19Z,2021-09-10,USD,ZAR,14.072,LSL is pegged 1:1 to ZAR under the Common Monetary Area -- this rate applies directly to the Loti.
2026-09-08T12:10:19Z,2021-09-13,USD,ZAR,14.1853,LSL is pegged 1:1 to ZAR under the Common Monetary Area -- this rate applies directly to the Loti.
2026-09-08T12:10:19Z,2021-09-14,USD,ZAR,14.2286,LSL is pegged 1:1 to ZAR under the Common Monetary Area -- this rate applies directly to the Loti.
2026-09-08T12:10:19Z,2021-09-15,USD,ZAR,14.2907,LSL is pegged 1:1 to ZAR under the Common Monetary Area -- this rate applies directly to the Loti.
2026-09-08T12:10:19Z,2021-09-16,USD,ZAR,14.4983,LSL is pegged 1:1 to ZAR under the Common Monetary Area -- this rate applies directly to the Loti.
2026-09-08T12:10:19Z,2021-09-17,USD,ZAR,14.5918,LSL is pegged 1:1 to ZAR under the Common Monetary Area -- this rate applies directly to the Loti.
2026-09-08T12:10:19Z,2021-09-20,USD,ZAR,14.7981,LSL is pegged 1:1 to ZAR under the Common Monetary Area -- this rate applies directly to the Loti.
2026-09-08T12:10:19Z,2021-09-21,USD,ZAR,14.86,LSL is pegged 1:1 to ZAR under the Common Monetary Area -- this rate applies directly to the Loti.
2026-09-08T12:10:19Z,2021-09-22,USD,ZAR,14.7811,LSL is pegged 1:1 to ZAR under the Common Monetary Area -- this rate applies directly to the Loti.
2026-09-08T12:10:19Z,2021-09-23,USD,ZAR,14.6189,LSL is pegged 1:1 to ZAR under the Common Monetary Area -- this rate applies directly to the Loti.
2026-09-08T12:10:19Z,2021-09-24,USD,ZAR,14.9717,LSL is pegged 1:1 to ZAR under the Common Monetary Area -- this rate applies directly to the Loti.
2026-09-08T12:10:19Z,2021-09-27,USD,ZAR,15.0606,LSL is pegged 1:1 to ZAR under the Common Monetary Area -- this rate applies directly to the Loti.
2026-09-08T12:10:19Z,2021-09-28,USD,ZAR,15.0967,LSL is pegged 1:1 to ZAR under the Common Monetary Area -- this rate applies directly to the Loti.
2026-09-08T12:10:19Z,2021-09-29,USD,ZAR,15.0343,LSL is pegged 1:1 to ZAR under the Common Monetary Area -- this rate applies directly to the Loti.
2026-09-08T12:10:19Z,2021-09-30,USD,ZAR,15.1679,LSL is pegged 1:1 to ZAR under the Common Monetary Area -- this rate applies directly to the Loti.
2026-09-08T12:10:19Z,2021-10-01,USD,ZAR,14.9525,LSL is pegged 1:1 to ZAR under the Common Monetary Area -- this rate applies directly to the Loti.
2026-09-08T12:10:19Z,2021-10-04,USD,ZAR,14.8819,LSL is pegged 1:1 to ZAR under the Common Monetary Area -- this rate applies directly to the Loti.
2026-09-08T12:10:19Z,2021-10-05,USD,ZAR,14.9795,LSL is pegged 1:1 to ZAR under the Common Monetary Area -- this rate applies directly to the Loti.
2026-09-08T12:10:19Z,2021-10-06,USD,ZAR,15.124,LSL is pegged 1:1 to ZAR under the Common Monetary Area -- this rate applies directly to the Loti.
2026-09-08T12:10:19Z,2021-10-07,USD,ZAR,14.8827,LSL is pegged 1:1 to ZAR under the Common Monetary Area -- this rate applies directly to the Loti.
2026-09-08T12:10:19Z,2021-10-08,USD,ZAR,14.8897,LSL is pegged 1:1 to ZAR under the Common Monetary Area -- this rate applies directly to the Loti.
2026-09-08T12:10:19Z,2021-10-11,USD,ZAR,14.9566,LSL is pegged 1:1 to ZAR under the Common Monetary Area -- this rate applies directly to the Loti.
2026-09-08T12:10:19Z,2021-10-12,USD,ZAR,14.9416,LSL is pegged 1:1 to ZAR under the Common Monetary Area -- this rate applies directly to the Loti.
2026-09-08T12:10:19Z,2021-10-13,USD,ZAR,14.8711,LSL is pegged 1:1 to ZAR under the Common Monetary Area -- this rate applies directly to the Loti.
2026-09-08T12:10:19Z,2021-10-14,USD,ZAR,14.7923,LSL is pegged 1:1 to ZAR under the Common Monetary Area -- this rate applies directly to the Loti.
2026-09-08T12:10:19Z,2021-10-15,USD,ZAR,14.6961,LSL is pegged 1:1 to ZAR under the Common Monetary Area -- this rate applies directly to the Loti.
2026-09-08T12:10:19Z,2021-10-18,USD,ZAR,14.755,LSL is pegged 1:1 to ZAR under the Common Monetary Area -- this rate applies directly to the Loti.
2026-09-08T12:10:19Z,2021-10-19,USD,ZAR,14.5863,LSL is pegged 1:1 to ZAR under the Common Monetary Area -- this rate applies directly to the Loti.
2026-09-08T12:10:19Z,2021-10-20,USD,ZAR,14.4805,LSL is pegged 1:1 to ZAR under the Common Monetary Area -- this rate applies directly to the Loti.
2026-09-08T12:10:19Z,2021-10-21,USD,ZAR,14.5411,LSL is pegged 1:1 to ZAR under the Common Monetary Area -- this rate applies directly to the Loti.
2026-09-08T12:10:19Z,2021-10-22,USD,ZAR,14.6712,LSL is pegged 1:1 to ZAR under the Common Monetary Area -- this rate applies directly to the Loti.
2026-09-08T12:10:19Z,2021-10-25,USD,ZAR,14.7861,LSL is pegged 1:1 to ZAR under the Common Monetary Area -- this rate applies directly to the Loti.
2026-09-08T12:10:19Z,2021-10-26,USD,ZAR,14.7451,LSL is pegged 1:1 to ZAR under the Common Monetary Area -- this rate applies directly to the Loti.
2026-09-08T12:10:19Z,2021-10-27,USD,ZAR,14.9724,LSL is pegged 1:1 to ZAR under the Common Monetary Area -- this rate applies directly to the Loti.
2026-09-08T12:10:19Z,2021-10-28,USD,ZAR,15.143,LSL is pegged 1:1 to ZAR under the Common Monetary Area -- this rate applies directly to the Loti.
2026-09-08T12:10:19Z,2021-10-29,USD,ZAR,15.238,LSL is pegged 1:1 to ZAR under the Common Monetary Area -- this rate applies directly to the Loti.
2026-09-08T12:10:19Z,2021-11-01,USD,ZAR,15.3266,LSL is pegged 1:1 to ZAR under the Common Monetary Area -- this rate applies directly to the Loti.
2026-09-08T12:10:19Z,2021-11-02,USD,ZAR,15.4407,LSL is pegged 1:1 to ZAR under the Common Monetary Area -- this rate applies directly to the Loti.
2026-09-08T12:10:19Z,2021-11-03,USD,ZAR,15.4269,LSL is pegged 1:1 to ZAR under the Common Monetary Area -- this rate applies directly to the Loti.
2026-09-08T12:10:19Z,2021-11-04,USD,ZAR,15.2041,LSL is pegged 1:1 to ZAR under the Common Monetary Area -- this rate applies directly to the Loti.
2026-09-08T12:10:19Z,2021-11-05,USD,ZAR,15.1957,LSL is pegged 1:1 to ZAR under the Common Monetary Area -- this rate applies directly to the Loti.
2026-09-08T12:10:19Z,2021-11-08,USD,ZAR,15.0027,LSL is pegged 1:1 to ZAR under the Common Monetary Area -- this rate applies directly to the Loti.
2026-09-08T12:10:19Z,2021-11-09,USD,ZAR,15.0267,LSL is pegged 1:1 to ZAR under the Common Monetary Area -- this rate applies directly to the Loti.
2026-09-08T12:10:19Z,2021-11-10,USD,ZAR,15.1665,LSL is pegged 1:1 to ZAR under the Common Monetary Area -- this rate applies directly to the Loti.
2026-09-08T12:10:19Z,2021-11-11,USD,ZAR,15.2509,LSL is pegged 1:1 to ZAR under the Common Monetary Area -- this rate applies directly to the Loti.
2026-09-08T12:10:19Z,2021-11-12,USD,ZAR,15.2794,LSL is pegged 1:1 to ZAR under the Common Monetary Area -- this rate applies directly to the Loti.
2026-09-08T12:10:19Z,2021-11-15,USD,ZAR,15.1647,LSL is pegged 1:1 to ZAR under the Common Monetary Area -- this rate applies directly to the Loti.
2026-09-08T12:10:19Z,2021-11-16,USD,ZAR,15.2337,LSL is pegged 1:1 to ZAR under the Common Monetary Area -- this rate applies directly to the Loti.
2026-09-08T12:10:19Z,2021-11-17,USD,ZAR,15.4804,LSL is pegged 1:1 to ZAR under the Common Monetary Area -- this rate applies directly to the Loti.
2026-09-08T12:10:19Z,2021-11-18,USD,ZAR,15.6202,LSL is pegged 1:1 to ZAR under the Common Monetary Area -- this rate applies directly to the Loti.
2026-09-08T12:10:19Z,2021-11-19,USD,ZAR,15.7495,LSL is pegged 1:1 to ZAR under the Common Monetary Area -- this rate applies directly to the Loti.
2026-09-08T12:10:19Z,2021-11-22,USD,ZAR,15.7651,LSL is pegged 1:1 to ZAR under the Common Monetary Area -- this rate applies directly to the Loti.
2026-09-08T12:10:19Z,2021-11-23,USD,ZAR,15.8531,LSL is pegged 1:1 to ZAR under the Common Monetary Area -- this rate applies directly to the Loti.
2026-09-08T12:10:19Z,2021-11-24,USD,ZAR,15.8913,LSL is pegged 1:1 to ZAR under the Common Monetary Area -- this rate applies directly to the Loti.
2026-09-08T12:10:19Z,2021-11-25,USD,ZAR,15.8761,LSL is pegged 1:1 to ZAR under the Common Monetary Area -- this rate applies directly to the Loti.
2026-09-08T12:10:19Z,2021-11-26,USD,ZAR,16.1587,LSL is pegged 1:1 to ZAR under the Common Monetary Area -- this rate applies directly to the Loti.
2026-09-08T12:10:19Z,2021-11-29,USD,ZAR,16.1856,LSL is pegged 1:1 to ZAR under the Common Monetary Area -- this rate applies directly to the Loti.
2026-09-08T12:10:19Z,2021-11-30,USD,ZAR,16.0406,LSL is pegged 1:1 to ZAR under the Common Monetary Area -- this rate applies directly to the Loti.
2026-09-08T12:10:19Z,2021-12-01,USD,ZAR,15.8221,LSL is pegged 1:1 to ZAR under the Common Monetary Area -- this rate applies directly to the Loti.
2026-09-08T12:10:19Z,2021-12-02,USD,ZAR,15.8437,LSL is pegged 1:1 to ZAR under the Common Monetary Area -- this rate applies directly to the Loti.
2026-09-08T12:10:19Z,2021-12-03,USD,ZAR,15.8984,LSL is pegged 1:1 to ZAR under the Common Monetary Area -- this rate applies directly to the Loti.
2026-09-08T12:10:19Z,2021-12-06,USD,ZAR,15.968,LSL is pegged 1:1 to ZAR under the Common Monetary Area -- this rate applies directly to the Loti.
2026-09-08T12:10:19Z,2021-12-07,USD,ZAR,15.957,LSL is pegged 1:1 to ZAR under the Common Monetary Area -- this rate applies directly to the Loti.
2026-09-08T12:10:19Z,2021-12-08,USD,ZAR,15.7685,LSL is pegged 1:1 to ZAR under the Common Monetary Area -- this rate applies directly to the Loti.
2026-09-08T12:10:19Z,2021-12-09,USD,ZAR,15.9305,LSL is pegged 1:1 to ZAR under the Common Monetary Area -- this rate applies directly to the Loti.
2026-09-08T12:10:19Z,2021-12-10,USD,ZAR,16.0041,LSL is pegged 1:1 to ZAR under the Common Monetary Area -- this rate applies directly to the Loti.
2026-09-08T12:10:19Z,2021-12-13,USD,ZAR,15.9331,LSL is pegged 1:1 to ZAR under the Common Monetary Area -- this rate applies directly to the Loti.
2026-09-08T12:10:19Z,2021-12-14,USD,ZAR,16.0243,LSL is pegged 1:1 to ZAR under the Common Monetary Area -- this rate applies directly to the Loti.
2026-09-08T12:10:19Z,2021-12-15,USD,ZAR,16.1584,LSL is pegged 1:1 to ZAR under the Common Monetary Area -- this rate applies directly to the Loti.
2026-09-08T12:10:19Z,2021-12-16,USD,ZAR,15.9775,LSL is pegged 1:1 to ZAR under the Common Monetary Area -- this rate applies directly to the Loti.
2026-09-08T12:10:19Z,2021-12-17,USD,ZAR,15.8235,LSL is pegged 1:1 to ZAR under the Common Monetary Area -- this rate applies directly to the Loti.
2026-09-08T12:10:19Z,2021-12-20,USD,ZAR,15.814,LSL is pegged 1:1 to ZAR under the Common Monetary Area -- this rate applies directly to the Loti.
2026-09-08T12:10:19Z,2021-12-21,USD,ZAR,15.8499,LSL is pegged 1:1 to ZAR under the Common Monetary Area -- this rate applies directly to the Loti.
2026-09-08T12:10:19Z,2021-12-22,USD,ZAR,15.8984,LSL is pegged 1:1 to ZAR under the Common Monetary Area -- this rate applies directly to the Loti.
2026-09-08T12:10:19Z,2021-12-23,USD,ZAR,15.7179,LSL is pegged 1:1 to ZAR under the Common Monetary Area -- this rate applies directly to the Loti.
2026-09-08T12:10:19Z,2021-12-24,USD,ZAR,15.536,LSL is pegged 1:1 to ZAR under the Common Monetary Area -- this rate applies directly to the Loti.
2026-09-08T12:10:19Z,2021-12-27,USD,ZAR,15.5241,LSL is pegged 1:1 to ZAR under the Common Monetary Area -- this rate applies directly to the Loti.
2026-09-08T12:10:19Z,2021-12-28,USD,ZAR,15.7191,LSL is pegged 1:1 to ZAR under the Common Monetary Area -- this rate applies directly to the Loti.
2026-09-08T12:10:19Z,2021-12-29,USD,ZAR,15.8782,LSL is pegged 1:1 to ZAR under the Common Monetary Area -- this rate applies directly to the Loti.
2026-09-08T12:10:19Z,2021-12-30,USD,ZAR,15.8967,LSL is pegged 1:1 to ZAR under the Common Monetary Area -- this rate applies directly to the Loti.
2026-09-08T12:10:19Z,2021-12-31,USD,ZAR,15.9478,LSL is pegged 1:1 to ZAR under the Common Monetary Area -- this rate applies directly to the Loti.
2026-09-08T12:10:19Z,2022-01-03,USD,ZAR,15.8222,LSL is pegged 1:1 to ZAR under the Common Monetary Area -- this rate applies directly to the Loti.
2026-09-08T12:10:19Z,2022-01-04,USD,ZAR,16.0546,LSL is pegged 1:1 to ZAR under the Common Monetary Area -- this rate applies directly to the Loti.
2026-09-08T12:10:19Z,2022-01-05,USD,ZAR,15.8467,LSL is pegged 1:1 to ZAR under the Common Monetary Area -- this rate applies directly to the Loti.
2026-09-08T12:10:19Z,2022-01-06,USD,ZAR,15.7253,LSL is pegged 1:1 to ZAR under the Common Monetary Area -- this rate applies directly to the Loti.
2026-09-08T12:10:19Z,2022-01-07,USD,ZAR,15.64,LSL is pegged 1:1 to ZAR under the Common Monetary Area -- this rate applies directly to the Loti.
2026-09-08T12:10:19Z,2022-01-10,USD,ZAR,15.6387,LSL is pegged 1:1 to ZAR under the Common Monetary Area -- this rate applies directly to the Loti.
2026-09-08T12:10:19Z,2022-01-11,USD,ZAR,15.6223,LSL is pegged 1:1 to ZAR under the Common Monetary Area -- this rate applies directly to the Loti.
2026-09-08T12:10:19Z,2022-01-12,USD,ZAR,15.4481,LSL is pegged 1:1 to ZAR under the Common Monetary Area -- this rate applies directly to the Loti.
2026-09-08T12:10:19Z,2022-01-13,USD,ZAR,15.387,LSL is pegged 1:1 to ZAR under the Common Monetary Area -- this rate applies directly to the Loti.
2026-09-08T12:10:19Z,2022-01-14,USD,ZAR,15.379,LSL is pegged 1:1 to ZAR under the Common Monetary Area -- this rate applies directly to the Loti.
2026-09-08T12:10:19Z,2022-01-17,USD,ZAR,15.4354,LSL is pegged 1:1 to ZAR under the Common Monetary Area -- this rate applies directly to the Loti.
2026-09-08T12:10:19Z,2022-01-18,USD,ZAR,15.4305,LSL is pegged 1:1 to ZAR under the Common Monetary Area -- this rate applies directly to the Loti.
2026-09-08T12:10:19Z,2022-01-19,USD,ZAR,15.3274,LSL is pegged 1:1 to ZAR under the Common Monetary Area -- this rate applies directly to the Loti.
2026-09-08T12:10:19Z,2022-01-20,USD,ZAR,15.2171,LSL is pegged 1:1 to ZAR under the Common Monetary Area -- this rate applies directly to the Loti.
2026-09-08T12:10:19Z,2022-01-21,USD,ZAR,15.1168,LSL is pegged 1:1 to ZAR under the Common Monetary Area -- this rate applies directly to the Loti.
2026-09-08T12:10:19Z,2022-01-24,USD,ZAR,15.2609,LSL is pegged 1:1 to ZAR under the Common Monetary Area -- this rate applies directly to the Loti.
2026-09-08T12:10:19Z,2022-01-25,USD,ZAR,15.3238,LSL is pegged 1:1 to ZAR under the Common Monetary Area -- this rate applies directly to the Loti.
2026-09-08T12:10:19Z,2022-01-26,USD,ZAR,15.151,LSL is pegged 1:1 to ZAR under the Common Monetary Area -- this rate applies directly to the Loti.
2026-09-08T12:10:19Z,2022-01-27,USD,ZAR,15.3326,LSL is pegged 1:1 to ZAR under the Common Monetary Area -- this rate applies directly to the Loti.
2026-09-08T12:10:19Z,2022-01-28,USD,ZAR,15.6082,LSL is pegged 1:1 to ZAR under the Common Monetary Area -- this rate applies directly to the Loti.
2026-09-08T12:10:19Z,2022-01-31,USD,ZAR,15.5731,LSL is pegged 1:1 to ZAR under the Common Monetary Area -- this rate applies directly to the Loti.
2026-09-08T12:10:19Z,2022-02-01,USD,ZAR,15.2427,LSL is pegged 1:1 to ZAR under the Common Monetary Area -- this rate applies directly to the Loti.
2026-09-08T12:10:19Z,2022-02-02,USD,ZAR,15.3192,LSL is pegged 1:1 to ZAR under the Common Monetary Area -- this rate applies directly to the Loti.
2026-09-08T12:10:19Z,2022-02-03,USD,ZAR,15.3167,LSL is pegged 1:1 to ZAR under the Common Monetary Area -- this rate applies directly to the Loti.
2026-09-08T12:10:19Z,2022-02-04,USD,ZAR,15.3415,LSL is pegged 1:1 to ZAR under the Common Monetary Area -- this rate applies directly to the Loti.
2026-09-08T12:10:19Z,2022-02-07,USD,ZAR,15.4626,LSL is pegged 1:1 to ZAR under the Common Monetary Area -- this rate applies directly to the Loti.
2026-09-08T12:10:19Z,2022-02-08,USD,ZAR,15.4611,LSL is pegged 1:1 to ZAR under the Common Monetary Area -- this rate applies directly to the Loti.
2026-09-08T12:10:19Z,2022-02-09,USD,ZAR,15.3285,LSL is pegged 1:1 to ZAR under the Common Monetary Area -- this rate applies directly to the Loti.
2026-09-08T12:10:19Z,2022-02-10,USD,ZAR,15.1305,LSL is pegged 1:1 to ZAR under the Common Monetary Area -- this rate applies directly to the Loti.
2026-09-08T12:10:19Z,2022-02-11,USD,ZAR,15.1297,LSL is pegged 1:1 to ZAR under the Common Monetary Area -- this rate applies directly to the Loti.
2026-09-08T12:10:19Z,2022-02-14,USD,ZAR,15.1387,LSL is pegged 1:1 to ZAR under the Common Monetary Area -- this rate applies directly to the Loti.
2026-09-08T12:10:19Z,2022-02-15,USD,ZAR,15.1403,LSL is pegged 1:1 to ZAR under the Common Monetary Area -- this rate applies directly to the Loti.
2026-09-08T12:10:19Z,2022-02-16,USD,ZAR,15.1372,LSL is pegged 1:1 to ZAR under the Common Monetary Area -- this rate applies directly to the Loti.
2026-09-08T12:10:19Z,2022-02-17,USD,ZAR,14.9422,LSL is pegged 1:1 to ZAR under the Common Monetary Area -- this rate applies directly to the Loti.
2026-09-08T12:10:19Z,2022-02-18,USD,ZAR,15.0483,LSL is pegged 1:1 to ZAR under the Common Monetary Area -- this rate applies directly to the Loti.
2026-09-08T12:10:19Z,2022-02-21,USD,ZAR,15.161,LSL is pegged 1:1 to ZAR under the Common Monetary Area -- this rate applies directly to the Loti.
2026-09-08T12:10:19Z,2022-02-22,USD,ZAR,15.1444,LSL is pegged 1:1 to ZAR under the Common Monetary Area -- this rate applies directly to the Loti.
2026-09-08T12:10:19Z,2022-02-23,USD,ZAR,15.0307,LSL is pegged 1:1 to ZAR under the Common Monetary Area -- this rate applies directly to the Loti.
2026-09-08T12:10:19Z,2022-02-24,USD,ZAR,15.3753,LSL is pegged 1:1 to ZAR under the Common Monetary Area -- this rate applies directly to the Loti.
2026-09-08T12:10:19Z,2022-02-25,USD,ZAR,15.185,LSL is pegged 1:1 to ZAR under the Common Monetary Area -- this rate applies directly to the Loti.
2026-09-08T12:10:19Z,2022-02-28,USD,ZAR,15.4356,LSL is pegged 1:1 to ZAR under the Common Monetary Area -- this rate applies directly to the Loti.
2026-09-08T12:10:19Z,2022-03-01,USD,ZAR,15.4224,LSL is pegged 1:1 to ZAR under the Common Monetary Area -- this rate applies directly to the Loti.
2026-09-08T12:10:19Z,2022-03-02,USD,ZAR,15.4785,LSL is pegged 1:1 to ZAR under the Common Monetary Area -- this rate applies directly to the Loti.
2026-09-08T12:10:19Z,2022-03-03,USD,ZAR,15.24,LSL is pegged 1:1 to ZAR under the Common Monetary Area -- this rate applies directly to the Loti.
2026-09-08T12:10:19Z,2022-03-04,USD,ZAR,15.376,LSL is pegged 1:1 to ZAR under the Common Monetary Area -- this rate applies directly to the Loti.
2026-09-08T12:10:19Z,2022-03-07,USD,ZAR,15.3236,LSL is pegged 1:1 to ZAR under the Common Monetary Area -- this rate applies directly to the Loti.
2026-09-08T12:10:19Z,2022-03-08,USD,ZAR,15.337,LSL is pegged 1:1 to ZAR under the Common Monetary Area -- this rate applies directly to the Loti.
2026-09-08T12:10:19Z,2022-03-09,USD,ZAR,15.1515,LSL is pegged 1:1 to ZAR under the Common Monetary Area -- this rate applies directly to the Loti.
2026-09-08T12:10:19Z,2022-03-10,USD,ZAR,15.0906,LSL is pegged 1:1 to ZAR under the Common Monetary Area -- this rate applies directly to the Loti.
2026-09-08T12:10:19Z,2022-03-11,USD,ZAR,15.0042,LSL is pegged 1:1 to ZAR under the Common Monetary Area -- this rate applies directly to the Loti.
2026-09-08T12:10:19Z,2022-03-14,USD,ZAR,15.0574,LSL is pegged 1:1 to ZAR under the Common Monetary Area -- this rate applies directly to the Loti.
2026-09-08T12:10:19Z,2022-03-15,USD,ZAR,15.1259,LSL is pegged 1:1 to ZAR under the Common Monetary Area -- this rate applies directly to the Loti.
2026-09-08T12:10:19Z,2022-03-16,USD,ZAR,15.0604,LSL is pegged 1:1 to ZAR under the Common Monetary Area -- this rate applies directly to the Loti.
2026-09-08T12:10:19Z,2022-03-17,USD,ZAR,14.9567,LSL is pegged 1:1 to ZAR under the Common Monetary Area -- this rate applies directly to the Loti.
2026-09-08T12:10:19Z,2022-03-18,USD,ZAR,15.0206,LSL is pegged 1:1 to ZAR under the Common Monetary Area -- this rate applies directly to the Loti.
2026-09-08T12:10:19Z,2022-03-21,USD,ZAR,14.907,LSL is pegged 1:1 to ZAR under the Common Monetary Area -- this rate applies directly to the Loti.
2026-09-08T12:10:19Z,2022-03-22,USD,ZAR,14.8249,LSL is pegged 1:1 to ZAR under the Common Monetary Area -- this rate applies directly to the Loti.
2026-09-08T12:10:19Z,2022-03-23,USD,ZAR,14.793,LSL is pegged 1:1 to ZAR under the Common Monetary Area -- this rate applies directly to the Loti.
2026-09-08T12:10:19Z,2022-03-24,USD,ZAR,14.7092,LSL is pegged 1:1 to ZAR under the Common Monetary Area -- this rate applies directly to the Loti.
2026-09-08T12:10:19Z,2022-03-25,USD,ZAR,14.5779,LSL is pegged 1:1 to ZAR under the Common Monetary Area -- this rate applies directly to the Loti.
2026-09-08T12:10:19Z,2022-03-28,USD,ZAR,14.5837,LSL is pegged 1:1 to ZAR under the Common Monetary Area -- this rate applies directly to the Loti.
2026-09-08T12:10:19Z,2022-03-29,USD,ZAR,14.5967,LSL is pegged 1:1 to ZAR under the Common Monetary Area -- this rate applies directly to the Loti.
2026-09-08T12:10:19Z,2022-03-30,USD,ZAR,14.4965,LSL is pegged 1:1 to ZAR under the Common Monetary Area -- this rate applies directly to the Loti.
2026-09-08T12:10:19Z,2022-03-31,USD,ZAR,14.5687,LSL is pegged 1:1 to ZAR under the Common Monetary Area -- this rate applies directly to the Loti.
2026-09-08T12:10:19Z,2022-04-01,USD,ZAR,14.6295,LSL is pegged 1:1 to ZAR under the Common Monetary Area -- this rate applies directly to the Loti.
2026-09-08T12:10:19Z,2022-04-04,USD,ZAR,14.6258,LSL is pegged 1:1 to ZAR under the Common Monetary Area -- this rate applies directly to the Loti.
2026-09-08T12:10:19Z,2022-04-05,USD,ZAR,14.5436,LSL is pegged 1:1 to ZAR under the Common Monetary Area -- this rate applies directly to the Loti.
2026-09-08T12:10:19Z,2022-04-06,USD,ZAR,14.6419,LSL is pegged 1:1 to ZAR under the Common Monetary Area -- this rate applies directly to the Loti.
2026-09-08T12:10:19Z,2022-04-07,USD,ZAR,14.705,LSL is pegged 1:1 to ZAR under the Common Monetary Area -- this rate applies directly to the Loti.
2026-09-08T12:10:19Z,2022-04-08,USD,ZAR,14.7287,LSL is pegged 1:1 to ZAR under the Common Monetary Area -- this rate applies directly to the Loti.
2026-09-08T12:10:19Z,2022-04-11,USD,ZAR,14.5988,LSL is pegged 1:1 to ZAR under the Common Monetary Area -- this rate applies directly to the Loti.
2026-09-08T12:10:19Z,2022-04-12,USD,ZAR,14.5926,LSL is pegged 1:1 to ZAR under the Common Monetary Area -- this rate applies directly to the Loti.
2026-09-08T12:10:19Z,2022-04-13,USD,ZAR,14.4855,LSL is pegged 1:1 to ZAR under the Common Monetary Area -- this rate applies directly to the Loti.
2026-09-08T12:10:19Z,2022-04-14,USD,ZAR,14.6471,LSL is pegged 1:1 to ZAR under the Common Monetary Area -- this rate applies directly to the Loti.
2026-09-08T12:10:19Z,2022-04-19,USD,ZAR,14.8478,LSL is pegged 1:1 to ZAR under the Common Monetary Area -- this rate applies directly to the Loti.
2026-09-08T12:10:19Z,2022-04-20,USD,ZAR,15.0525,LSL is pegged 1:1 to ZAR under the Common Monetary Area -- this rate applies directly to the Loti.
2026-09-08T12:10:19Z,2022-04-21,USD,ZAR,15.2472,LSL is pegged 1:1 to ZAR under the Common Monetary Area -- this rate applies directly to the Loti.
2026-09-08T12:10:19Z,2022-04-22,USD,ZAR,15.5914,LSL is pegged 1:1 to ZAR under the Common Monetary Area -- this rate applies directly to the Loti.
2026-09-08T12:10:19Z,2022-04-25,USD,ZAR,15.6848,LSL is pegged 1:1 to ZAR under the Common Monetary Area -- this rate applies directly to the Loti.
2026-09-08T12:10:19Z,2022-04-26,USD,ZAR,15.7192,LSL is pegged 1:1 to ZAR under the Common Monetary Area -- this rate applies directly to the Loti.
2026-09-08T12:10:19Z,2022-04-27,USD,ZAR,15.9129,LSL is pegged 1:1 to ZAR under the Common Monetary Area -- this rate applies directly to the Loti.
2026-09-08T12:10:19Z,2022-04-28,USD,ZAR,15.9725,LSL is pegged 1:1 to ZAR under the Common Monetary Area -- this rate applies directly to the Loti.
2026-09-08T12:10:19Z,2022-04-29,USD,ZAR,15.7944,LSL is pegged 1:1 to ZAR under the Common Monetary Area -- this rate applies directly to the Loti.
2026-09-08T12:10:19Z,2022-05-02,USD,ZAR,15.9049,LSL is pegged 1:1 to ZAR under the Common Monetary Area -- this rate applies directly to the Loti.
2026-09-08T12:10:19Z,2022-05-03,USD,ZAR,15.9438,LSL is pegged 1:1 to ZAR under the Common Monetary Area -- this rate applies directly to the Loti.
2026-09-08T12:10:19Z,2022-05-04,USD,ZAR,15.8094,LSL is pegged 1:1 to ZAR under the Common Monetary Area -- this rate applies directly to the Loti.
2026-09-08T12:10:19Z,2022-05-05,USD,ZAR,15.6947,LSL is pegged 1:1 to ZAR under the Common Monetary Area -- this rate applies directly to the Loti.
2026-09-08T12:10:19Z,2022-05-06,USD,ZAR,16.0467,LSL is pegged 1:1 to ZAR under the Common Monetary Area -- this rate applies directly to the Loti.
2026-09-08T12:10:19Z,2022-05-09,USD,ZAR,16.2262,LSL is pegged 1:1 to ZAR under the Common Monetary Area -- this rate applies directly to the Loti.
2026-09-08T12:10:19Z,2022-05-10,USD,ZAR,16.1124,LSL is pegged 1:1 to ZAR under the Common Monetary Area -- this rate applies directly to the Loti.
2026-09-08T12:10:19Z,2022-05-11,USD,ZAR,16.0405,LSL is pegged 1:1 to ZAR under the Common Monetary Area -- this rate applies directly to the Loti.
2026-09-08T12:10:19Z,2022-05-12,USD,ZAR,16.2189,LSL is pegged 1:1 to ZAR under the Common Monetary Area -- this rate applies directly to the Loti.
2026-09-08T12:10:19Z,2022-05-13,USD,ZAR,16.1569,LSL is pegged 1:1 to ZAR under the Common Monetary Area -- this rate applies directly to the Loti.
2026-09-08T12:10:19Z,2022-05-16,USD,ZAR,16.2344,LSL is pegged 1:1 to ZAR under the Common Monetary Area -- this rate applies directly to the Loti.
2026-09-08T12:10:19Z,2022-05-17,USD,ZAR,15.9795,LSL is pegged 1:1 to ZAR under the Common Monetary Area -- this rate applies directly to the Loti.
2026-09-08T12:10:19Z,2022-05-18,USD,ZAR,15.8997,LSL is pegged 1:1 to ZAR under the Common Monetary Area -- this rate applies directly to the Loti.
2026-09-08T12:10:19Z,2022-05-19,USD,ZAR,15.9919,LSL is pegged 1:1 to ZAR under the Common Monetary Area -- this rate applies directly to the Loti.
2026-09-08T12:10:19Z,2022-05-20,USD,ZAR,15.8014,LSL is pegged 1:1 to ZAR under the Common Monetary Area -- this rate applies directly to the Loti.
2026-09-08T12:10:19Z,2022-05-23,USD,ZAR,15.7085,LSL is pegged 1:1 to ZAR under the Common Monetary Area -- this rate applies directly to the Loti.
2026-09-08T12:10:19Z,2022-05-24,USD,ZAR,15.6543,LSL is pegged 1:1 to ZAR under the Common Monetary Area -- this rate applies directly to the Loti.
2026-09-08T12:10:19Z,2022-05-25,USD,ZAR,15.7309,LSL is pegged 1:1 to ZAR under the Common Monetary Area -- this rate applies directly to the Loti.
2026-09-08T12:10:19Z,2022-05-26,USD,ZAR,15.828,LSL is pegged 1:1 to ZAR under the Common Monetary Area -- this rate applies directly to the Loti.
2026-09-08T12:10:19Z,2022-05-27,USD,ZAR,15.6184,LSL is pegged 1:1 to ZAR under the Common Monetary Area -- this rate applies directly to the Loti.
2026-09-08T12:10:19Z,2022-05-30,USD,ZAR,15.4664,LSL is pegged 1:1 to ZAR under the Common Monetary Area -- this rate applies directly to the Loti.
2026-09-08T12:10:19Z,2022-05-31,USD,ZAR,15.6305,LSL is pegged 1:1 to ZAR under the Common Monetary Area -- this rate applies directly to the Loti.
2026-09-08T12:10:19Z,2022-06-01,USD,ZAR,15.505,LSL is pegged 1:1 to ZAR under the Common Monetary Area -- this rate applies directly to the Loti.
2026-09-08T12:10:19Z,2022-06-02,USD,ZAR,15.539,LSL is pegged 1:1 to ZAR under the Common Monetary Area -- this rate applies directly to the Loti.
2026-09-08T12:10:19Z,2022-06-03,USD,ZAR,15.4849,LSL is pegged 1:1 to ZAR under the Common Monetary Area -- this rate applies directly to the Loti.
2026-09-08T12:10:19Z,2022-06-06,USD,ZAR,15.3032,LSL is pegged 1:1 to ZAR under the Common Monetary Area -- this rate applies directly to the Loti.
2026-09-08T12:10:19Z,2022-06-07,USD,ZAR,15.3873,LSL is pegged 1:1 to ZAR under the Common Monetary Area -- this rate applies directly to the Loti.
2026-09-08T12:10:19Z,2022-06-08,USD,ZAR,15.3297,LSL is pegged 1:1 to ZAR under the Common Monetary Area -- this rate applies directly to the Loti.
2026-09-08T12:10:19Z,2022-06-09,USD,ZAR,15.278,LSL is pegged 1:1 to ZAR under the Common Monetary Area -- this rate applies directly to the Loti.
2026-09-08T12:10:19Z,2022-06-10,USD,ZAR,15.6182,LSL is pegged 1:1 to ZAR under the Common Monetary Area -- this rate applies directly to the Loti.
2026-09-08T12:10:19Z,2022-06-13,USD,ZAR,16.0756,LSL is pegged 1:1 to ZAR under the Common Monetary Area -- this rate applies directly to the Loti.
2026-09-08T12:10:19Z,2022-06-14,USD,ZAR,16.0696,LSL is pegged 1:1 to ZAR under the Common Monetary Area -- this rate applies directly to the Loti.
2026-09-08T12:10:19Z,2022-06-15,USD,ZAR,16.0206,LSL is pegged 1:1 to ZAR under the Common Monetary Area -- this rate applies directly to the Loti.
2026-09-08T12:10:19Z,2022-06-16,USD,ZAR,15.9665,LSL is pegged 1:1 to ZAR under the Common Monetary Area -- this rate applies directly to the Loti.
2026-09-08T12:10:19Z,2022-06-17,USD,ZAR,15.9387,LSL is pegged 1:1 to ZAR under the Common Monetary Area -- this rate applies directly to the Loti.
2026-09-08T12:10:19Z,2022-06-20,USD,ZAR,16.0315,LSL is pegged 1:1 to ZAR under the Common Monetary Area -- this rate applies directly to the Loti.
2026-09-08T12:10:19Z,2022-06-21,USD,ZAR,15.9129,LSL is pegged 1:1 to ZAR under the Common Monetary Area -- this rate applies directly to the Loti.
2026-09-08T12:10:19Z,2022-06-22,USD,ZAR,15.9666,LSL is pegged 1:1 to ZAR under the Common Monetary Area -- this rate applies directly to the Loti.
2026-09-08T12:10:19Z,2022-06-23,USD,ZAR,16.0269,LSL is pegged 1:1 to ZAR under the Common Monetary Area -- this rate applies directly to the Loti.
2026-09-08T12:10:19Z,2022-06-24,USD,ZAR,15.8815,LSL is pegged 1:1 to ZAR under the Common Monetary Area -- this rate applies directly to the Loti.
2026-09-08T12:10:19Z,2022-06-27,USD,ZAR,15.8879,LSL is pegged 1:1 to ZAR under the Common Monetary Area -- this rate applies directly to the Loti.
2026-09-08T12:10:19Z,2022-06-28,USD,ZAR,16.0091,LSL is pegged 1:1 to ZAR under the Common Monetary Area -- this rate applies directly to the Loti.
2026-09-08T12:10:19Z,2022-06-29,USD,ZAR,16.0973,LSL is pegged 1:1 to ZAR under the Common Monetary Area -- this rate applies directly to the Loti.
2026-09-08T12:10:19Z,2022-06-30,USD,ZAR,16.3804,LSL is pegged 1:1 to ZAR under the Common Monetary Area -- this rate applies directly to the Loti.
2026-09-08T12:10:19Z,2022-07-01,USD,ZAR,16.4339,LSL is pegged 1:1 to ZAR under the Common Monetary Area -- this rate applies directly to the Loti.
2026-09-08T12:10:19Z,2022-07-04,USD,ZAR,16.2865,LSL is pegged 1:1 to ZAR under the Common Monetary Area -- this rate applies directly to the Loti.
2026-09-08T12:10:19Z,2022-07-05,USD,ZAR,16.4376,LSL is pegged 1:1 to ZAR under the Common Monetary Area -- this rate applies directly to the Loti.
2026-09-08T12:10:19Z,2022-07-06,USD,ZAR,16.7285,LSL is pegged 1:1 to ZAR under the Common Monetary Area -- this rate applies directly to the Loti.
2026-09-08T12:10:19Z,2022-07-07,USD,ZAR,16.736,LSL is pegged 1:1 to ZAR under the Common Monetary Area -- this rate applies directly to the Loti.
2026-09-08T12:10:19Z,2022-07-08,USD,ZAR,16.9165,LSL is pegged 1:1 to ZAR under the Common Monetary Area -- this rate applies directly to the Loti.
2026-09-08T12:10:19Z,2022-07-11,USD,ZAR,16.9968,LSL is pegged 1:1 to ZAR under the Common Monetary Area -- this rate applies directly to the Loti.
2026-09-08T12:10:19Z,2022-07-12,USD,ZAR,17.0792,LSL is pegged 1:1 to ZAR under the Common Monetary Area -- this rate applies directly to the Loti.
2026-09-08T12:10:19Z,2022-07-13,USD,ZAR,16.9392,LSL is pegged 1:1 to ZAR under the Common Monetary Area -- this rate applies directly to the Loti.
2026-09-08T12:10:19Z,2022-07-14,USD,ZAR,17.1934,LSL is pegged 1:1 to ZAR under the Common Monetary Area -- this rate applies directly to the Loti.
2026-09-08T12:10:19Z,2022-07-15,USD,ZAR,17.1861,LSL is pegged 1:1 to ZAR under the Common Monetary Area -- this rate applies directly to the Loti.
2026-09-08T12:10:19Z,2022-07-18,USD,ZAR,17.1582,LSL is pegged 1:1 to ZAR under the Common Monetary Area -- this rate applies directly to the Loti.
2026-09-08T12:10:19Z,2022-07-19,USD,ZAR,17.0395,LSL is pegged 1:1 to ZAR under the Common Monetary Area -- this rate applies directly to the Loti.
2026-09-08T12:10:19Z,2022-07-20,USD,ZAR,17.053,LSL is pegged 1:1 to ZAR under the Common Monetary Area -- this rate applies directly to the Loti.
2026-09-08T12:10:19Z,2022-07-21,USD,ZAR,17.1777,LSL is pegged 1:1 to ZAR under the Common Monetary Area -- this rate applies directly to the Loti.
2026-09-08T12:10:19Z,2022-07-22,USD,ZAR,16.8802,LSL is pegged 1:1 to ZAR under the Common Monetary Area -- this rate applies directly to the Loti.
2026-09-08T12:10:19Z,2022-07-25,USD,ZAR,16.7548,LSL is pegged 1:1 to ZAR under the Common Monetary Area -- this rate applies directly to the Loti.
2026-09-08T12:10:19Z,2022-07-26,USD,ZAR,16.8777,LSL is pegged 1:1 to ZAR under the Common Monetary Area -- this rate applies directly to the Loti.
2026-09-08T12:10:19Z,2022-07-27,USD,ZAR,16.8782,LSL is pegged 1:1 to ZAR under the Common Monetary Area -- this rate applies directly to the Loti.
2026-09-08T12:10:19Z,2022-07-28,USD,ZAR,16.7962,LSL is pegged 1:1 to ZAR under the Common Monetary Area -- this rate applies directly to the Loti.
2026-09-08T12:10:19Z,2022-07-29,USD,ZAR,16.5353,LSL is pegged 1:1 to ZAR under the Common Monetary Area -- this rate applies directly to the Loti.
2026-09-08T12:10:19Z,2022-08-01,USD,ZAR,16.4774,LSL is pegged 1:1 to ZAR under the Common Monetary Area -- this rate applies directly to the Loti.
2026-09-08T12:10:19Z,2022-08-02,USD,ZAR,16.6099,LSL is pegged 1:1 to ZAR under the Common Monetary Area -- this rate applies directly to the Loti.
2026-09-08T12:10:19Z,2022-08-03,USD,ZAR,16.8023,LSL is pegged 1:1 to ZAR under the Common Monetary Area -- this rate applies directly to the Loti.
2026-09-08T12:10:19Z,2022-08-04,USD,ZAR,16.7323,LSL is pegged 1:1 to ZAR under the Common Monetary Area -- this rate applies directly to the Loti.
2026-09-08T12:10:19Z,2022-08-05,USD,ZAR,16.6463,LSL is pegged 1:1 to ZAR under the Common Monetary Area -- this rate applies directly to the Loti.
2026-09-08T12:10:19Z,2022-08-08,USD,ZAR,16.6383,LSL is pegged 1:1 to ZAR under the Common Monetary Area -- this rate applies directly to the Loti.
2026-09-08T12:10:19Z,2022-08-09,USD,ZAR,16.6602,LSL is pegged 1:1 to ZAR under the Common Monetary Area -- this rate applies directly to the Loti.
2026-09-08T12:10:19Z,2022-08-10,USD,ZAR,16.4639,LSL is pegged 1:1 to ZAR under the Common Monetary Area -- this rate applies directly to the Loti.
2026-09-08T12:10:19Z,2022-08-11,USD,ZAR,16.162,LSL is pegged 1:1 to ZAR under the Common Monetary Area -- this rate applies directly to the Loti.
2026-09-08T12:10:19Z,2022-08-12,USD,ZAR,16.2682,LSL is pegged 1:1 to ZAR under the Common Monetary Area -- this rate applies directly to the Loti.
2026-09-08T12:10:19Z,2022-08-15,USD,ZAR,16.4174,LSL is pegged 1:1 to ZAR under the Common Monetary Area -- this rate applies directly to the Loti.
2026-09-08T12:10:19Z,2022-08-16,USD,ZAR,16.4402,LSL is pegged 1:1 to ZAR under the Common Monetary Area -- this rate applies directly to the Loti.
2026-09-08T12:10:19Z,2022-08-17,USD,ZAR,16.6396,LSL is pegged 1:1 to ZAR under the Common Monetary Area -- this rate applies directly to the Loti.
2026-09-08T12:10:19Z,2022-08-18,USD,ZAR,16.7031,LSL is pegged 1:1 to ZAR under the Common Monetary Area -- this rate applies directly to the Loti.
2026-09-08T12:10:19Z,2022-08-19,USD,ZAR,17.0089,LSL is pegged 1:1 to ZAR under the Common Monetary Area -- this rate applies directly to the Loti.
2026-09-08T12:10:19Z,2022-08-22,USD,ZAR,17.0749,LSL is pegged 1:1 to ZAR under the Common Monetary Area -- this rate applies directly to the Loti.
2026-09-08T12:10:19Z,2022-08-23,USD,ZAR,17.0815,LSL is pegged 1:1 to ZAR under the Common Monetary Area -- this rate applies directly to the Loti.
2026-09-08T12:10:19Z,2022-08-24,USD,ZAR,17.0099,LSL is pegged 1:1 to ZAR under the Common Monetary Area -- this rate applies directly to the Loti.
2026-09-08T12:10:19Z,2022-08-25,USD,ZAR,16.8408,LSL is pegged 1:1 to ZAR under the Common Monetary Area -- this rate applies directly to the Loti.
2026-09-08T12:10:19Z,2022-08-26,USD,ZAR,16.7877,LSL is pegged 1:1 to ZAR under the Common Monetary Area -- this rate applies directly to the Loti.
2026-09-08T12:10:19Z,2022-08-29,USD,ZAR,16.9128,LSL is pegged 1:1 to ZAR under the Common Monetary Area -- this rate applies directly to the Loti.
2026-09-08T12:10:19Z,2022-08-30,USD,ZAR,16.7996,LSL is pegged 1:1 to ZAR under the Common Monetary Area -- this rate applies directly to the Loti.
2026-09-08T12:10:19Z,2022-08-31,USD,ZAR,17.0667,LSL is pegged 1:1 to ZAR under the Common Monetary Area -- this rate applies directly to the Loti.
2026-09-08T12:10:19Z,2022-09-01,USD,ZAR,17.1455,LSL is pegged 1:1 to ZAR under the Common Monetary Area -- this rate applies directly to the Loti.
2026-09-08T12:10:19Z,2022-09-02,USD,ZAR,17.2912,LSL is pegged 1:1 to ZAR under the Common Monetary Area -- this rate applies directly to the Loti.
2026-09-08T12:10:19Z,2022-09-05,USD,ZAR,17.2258,LSL is pegged 1:1 to ZAR under the Common Monetary Area -- this rate applies directly to the Loti.
2026-09-08T12:10:19Z,2022-09-06,USD,ZAR,17.2044,LSL is pegged 1:1 to ZAR under the Common Monetary Area -- this rate applies directly to the Loti.
2026-09-08T12:10:19Z,2022-09-07,USD,ZAR,17.459,LSL is pegged 1:1 to ZAR under the Common Monetary Area -- this rate applies directly to the Loti.
2026-09-08T12:10:19Z,2022-09-08,USD,ZAR,17.3641,LSL is pegged 1:1 to ZAR under the Common Monetary Area -- this rate applies directly to the Loti.
2026-09-08T12:10:19Z,2022-09-09,USD,ZAR,17.2906,LSL is pegged 1:1 to ZAR under the Common Monetary Area -- this rate applies directly to the Loti.
2026-09-08T12:10:19Z,2022-09-12,USD,ZAR,17.0576,LSL is pegged 1:1 to ZAR under the Common Monetary Area -- this rate applies directly to the Loti.
2026-09-08T12:10:19Z,2022-09-13,USD,ZAR,17.0135,LSL is pegged 1:1 to ZAR under the Common Monetary Area -- this rate applies directly to the Loti.
2026-09-08T12:10:19Z,2022-09-14,USD,ZAR,17.4517,LSL is pegged 1:1 to ZAR under the Common Monetary Area -- this rate applies directly to the Loti.
2026-09-08T12:10:19Z,2022-09-15,USD,ZAR,17.5423,LSL is pegged 1:1 to ZAR under the Common Monetary Area -- this rate applies directly to the Loti.
2026-09-08T12:10:19Z,2022-09-16,USD,ZAR,17.6817,LSL is pegged 1:1 to ZAR under the Common Monetary Area -- this rate applies directly to the Loti.
2026-09-08T12:10:19Z,2022-09-19,USD,ZAR,17.7444,LSL is pegged 1:1 to ZAR under the Common Monetary Area -- this rate applies directly to the Loti.
2026-09-08T12:10:19Z,2022-09-20,USD,ZAR,17.751,LSL is pegged 1:1 to ZAR under the Common Monetary Area -- this rate applies directly to the Loti.
2026-09-08T12:10:19Z,2022-09-21,USD,ZAR,17.6538,LSL is pegged 1:1 to ZAR under the Common Monetary Area -- this rate applies directly to the Loti.
2026-09-08T12:10:19Z,2022-09-22,USD,ZAR,17.555,LSL is pegged 1:1 to ZAR under the Common Monetary Area -- this rate applies directly to the Loti.
2026-09-08T12:10:19Z,2022-09-23,USD,ZAR,17.8238,LSL is pegged 1:1 to ZAR under the Common Monetary Area -- this rate applies directly to the Loti.
2026-09-08T12:10:19Z,2022-09-26,USD,ZAR,18.0642,LSL is pegged 1:1 to ZAR under the Common Monetary Area -- this rate applies directly to the Loti.
2026-09-08T12:10:19Z,2022-09-27,USD,ZAR,17.8724,LSL is pegged 1:1 to ZAR under the Common Monetary Area -- this rate applies directly to the Loti.
2026-09-08T12:10:19Z,2022-09-28,USD,ZAR,18.078,LSL is pegged 1:1 to ZAR under the Common Monetary Area -- this rate applies directly to the Loti.
2026-09-08T12:10:19Z,2022-09-29,USD,ZAR,17.9751,LSL is pegged 1:1 to ZAR under the Common Monetary Area -- this rate applies directly to the Loti.
2026-09-08T12:10:19Z,2022-09-30,USD,ZAR,17.9886,LSL is pegged 1:1 to ZAR under the Common Monetary Area -- this rate applies directly to the Loti.
2026-09-08T12:10:19Z,2022-10-03,USD,ZAR,18.0122,LSL is pegged 1:1 to ZAR under the Common Monetary Area -- this rate applies directly to the Loti.
2026-09-08T12:10:19Z,2022-10-04,USD,ZAR,17.737,LSL is pegged 1:1 to ZAR under the Common Monetary Area -- this rate applies directly to the Loti.
2026-09-08T12:10:19Z,2022-10-05,USD,ZAR,17.7739,LSL is pegged 1:1 to ZAR under the Common Monetary Area -- this rate applies directly to the Loti.
2026-09-08T12:10:19Z,2022-10-06,USD,ZAR,17.8265,LSL is pegged 1:1 to ZAR under the Common Monetary Area -- this rate applies directly to the Loti.
2026-09-08T12:10:19Z,2022-10-07,USD,ZAR,17.9873,LSL is pegged 1:1 to ZAR under the Common Monetary Area -- this rate applies directly to the Loti.
2026-09-08T12:10:19Z,2022-10-10,USD,ZAR,18.1361,LSL is pegged 1:1 to ZAR under the Common Monetary Area -- this rate applies directly to the Loti.
2026-09-08T12:10:19Z,2022-10-11,USD,ZAR,18.1171,LSL is pegged 1:1 to ZAR under the Common Monetary Area -- this rate applies directly to the Loti.
2026-09-08T12:10:19Z,2022-10-12,USD,ZAR,18.2234,LSL is pegged 1:1 to ZAR under the Common Monetary Area -- this rate applies directly to the Loti.
2026-09-08T12:10:19Z,2022-10-13,USD,ZAR,18.2948,LSL is pegged 1:1 to ZAR under the Common Monetary Area -- this rate applies directly to the Loti.
2026-09-08T12:10:19Z,2022-10-14,USD,ZAR,18.2085,LSL is pegged 1:1 to ZAR under the Common Monetary Area -- this rate applies directly to the Loti.
2026-09-08T12:10:19Z,2022-10-17,USD,ZAR,18.1506,LSL is pegged 1:1 to ZAR under the Common Monetary Area -- this rate applies directly to the Loti.
2026-09-08T12:10:19Z,2022-10-18,USD,ZAR,18.0889,LSL is pegged 1:1 to ZAR under the Common Monetary Area -- this rate applies directly to the Loti.
2026-09-08T12:10:19Z,2022-10-19,USD,ZAR,18.2388,LSL is pegged 1:1 to ZAR under the Common Monetary Area -- this rate applies directly to the Loti.
2026-09-08T12:10:19Z,2022-10-20,USD,ZAR,18.2556,LSL is pegged 1:1 to ZAR under the Common Monetary Area -- this rate applies directly to the Loti.
2026-09-08T12:10:19Z,2022-10-21,USD,ZAR,18.5016,LSL is pegged 1:1 to ZAR under the Common Monetary Area -- this rate applies directly to the Loti.
2026-09-08T12:10:19Z,2022-10-24,USD,ZAR,18.3357,LSL is pegged 1:1 to ZAR under the Common Monetary Area -- this rate applies directly to the Loti.
2026-09-08T12:10:19Z,2022-10-25,USD,ZAR,18.4779,LSL is pegged 1:1 to ZAR under the Common Monetary Area -- this rate applies directly to the Loti.
2026-09-08T12:10:19Z,2022-10-26,USD,ZAR,17.9798,LSL is pegged 1:1 to ZAR under the Common Monetary Area -- this rate applies directly to the Loti.
2026-09-08T12:10:19Z,2022-10-27,USD,ZAR,18.0852,LSL is pegged 1:1 to ZAR under the Common Monetary Area -- this rate applies directly to the Loti.
2026-09-08T12:10:19Z,2022-10-28,USD,ZAR,18.1419,LSL is pegged 1:1 to ZAR under the Common Monetary Area -- this rate applies directly to the Loti.
2026-09-08T12:10:19Z,2022-10-31,USD,ZAR,18.3312,LSL is pegged 1:1 to ZAR under the Common Monetary Area -- this rate applies directly to the Loti.
2026-09-08T12:10:19Z,2022-11-01,USD,ZAR,18.076,LSL is pegged 1:1 to ZAR under the Common Monetary Area -- this rate applies directly to the Loti.
2026-09-08T12:10:19Z,2022-11-02,USD,ZAR,18.1276,LSL is pegged 1:1 to ZAR under the Common Monetary Area -- this rate applies directly to the Loti.
2026-09-08T12:10:19Z,2022-11-03,USD,ZAR,18.4736,LSL is pegged 1:1 to ZAR under the Common Monetary Area -- this rate applies directly to the Loti.
2026-09-08T12:10:19Z,2022-11-04,USD,ZAR,18.0291,LSL is pegged 1:1 to ZAR under the Common Monetary Area -- this rate applies directly to the Loti.
2026-09-08T12:10:19Z,2022-11-07,USD,ZAR,17.7707,LSL is pegged 1:1 to ZAR under the Common Monetary Area -- this rate applies directly to the Loti.
2026-09-08T12:10:19Z,2022-11-08,USD,ZAR,17.8468,LSL is pegged 1:1 to ZAR under the Common Monetary Area -- this rate applies directly to the Loti.
2026-09-08T12:10:19Z,2022-11-09,USD,ZAR,17.8076,LSL is pegged 1:1 to ZAR under the Common Monetary Area -- this rate applies directly to the Loti.
2026-09-08T12:10:19Z,2022-11-10,USD,ZAR,17.7699,LSL is pegged 1:1 to ZAR under the Common Monetary Area -- this rate applies directly to the Loti.
2026-09-08T12:10:19Z,2022-11-11,USD,ZAR,17.2627,LSL is pegged 1:1 to ZAR under the Common Monetary Area -- this rate applies directly to the Loti.
2026-09-08T12:10:19Z,2022-11-14,USD,ZAR,17.2878,LSL is pegged 1:1 to ZAR under the Common Monetary Area -- this rate applies directly to the Loti.
2026-09-08T12:10:19Z,2022-11-15,USD,ZAR,17.1878,LSL is pegged 1:1 to ZAR under the Common Monetary Area -- this rate applies directly to the Loti.
2026-09-08T12:10:19Z,2022-11-16,USD,ZAR,17.3065,LSL is pegged 1:1 to ZAR under the Common Monetary Area -- this rate applies directly to the Loti.
2026-09-08T12:10:19Z,2022-11-17,USD,ZAR,17.5367,LSL is pegged 1:1 to ZAR under the Common Monetary Area -- this rate applies directly to the Loti.
2026-09-08T12:10:19Z,2022-11-18,USD,ZAR,17.2757,LSL is pegged 1:1 to ZAR under the Common Monetary Area -- this rate applies directly to the Loti.
2026-09-08T12:10:19Z,2022-11-21,USD,ZAR,17.3588,LSL is pegged 1:1 to ZAR under the Common Monetary Area -- this rate applies directly to the Loti.
2026-09-08T12:10:19Z,2022-11-22,USD,ZAR,17.2832,LSL is pegged 1:1 to ZAR under the Common Monetary Area -- this rate applies directly to the Loti.
2026-09-08T12:10:19Z,2022-11-23,USD,ZAR,17.1528,LSL is pegged 1:1 to ZAR under the Common Monetary Area -- this rate applies directly to the Loti.
2026-09-08T12:10:19Z,2022-11-24,USD,ZAR,17.0216,LSL is pegged 1:1 to ZAR under the Common Monetary Area -- this rate applies directly to the Loti.
2026-09-08T12:10:19Z,2022-11-25,USD,ZAR,17.1255,LSL is pegged 1:1 to ZAR under the Common Monetary Area -- this rate applies directly to the Loti.
2026-09-08T12:10:19Z,2022-11-28,USD,ZAR,17.1438,LSL is pegged 1:1 to ZAR under the Common Monetary Area -- this rate applies directly to the Loti.
2026-09-08T12:10:19Z,2022-11-29,USD,ZAR,16.9812,LSL is pegged 1:1 to ZAR under the Common Monetary Area -- this rate applies directly to the Loti.
2026-09-08T12:10:19Z,2022-11-30,USD,ZAR,16.9399,LSL is pegged 1:1 to ZAR under the Common Monetary Area -- this rate applies directly to the Loti.
2026-09-08T12:10:19Z,2022-12-01,USD,ZAR,17.7342,LSL is pegged 1:1 to ZAR under the Common Monetary Area -- this rate applies directly to the Loti.
2026-09-08T12:10:19Z,2022-12-02,USD,ZAR,17.3419,LSL is pegged 1:1 to ZAR under the Common Monetary Area -- this rate applies directly to the Loti.
2026-09-08T12:10:19Z,2022-12-05,USD,ZAR,17.1945,LSL is pegged 1:1 to ZAR under the Common Monetary Area -- this rate applies directly to the Loti.
2026-09-08T12:10:19Z,2022-12-06,USD,ZAR,17.3134,LSL is pegged 1:1 to ZAR under the Common Monetary Area -- this rate applies directly to the Loti.
2026-09-08T12:10:19Z,2022-12-07,USD,ZAR,17.2241,LSL is pegged 1:1 to ZAR under the Common Monetary Area -- this rate applies directly to the Loti.
2026-09-08T12:10:19Z,2022-12-08,USD,ZAR,17.1333,LSL is pegged 1:1 to ZAR under the Common Monetary Area -- this rate applies directly to the Loti.
2026-09-08T12:10:19Z,2022-12-09,USD,ZAR,17.2704,LSL is pegged 1:1 to ZAR under the Common Monetary Area -- this rate applies directly to the Loti.
2026-09-08T12:10:19Z,2022-12-12,USD,ZAR,17.4869,LSL is pegged 1:1 to ZAR under the Common Monetary Area -- this rate applies directly to the Loti.
2026-09-08T12:10:19Z,2022-12-13,USD,ZAR,17.7198,LSL is pegged 1:1 to ZAR under the Common Monetary Area -- this rate applies directly to the Loti.
2026-09-08T12:10:19Z,2022-12-14,USD,ZAR,17.1437,LSL is pegged 1:1 to ZAR under the Common Monetary Area -- this rate applies directly to the Loti.
2026-09-08T12:10:19Z,2022-12-15,USD,ZAR,17.2864,LSL is pegged 1:1 to ZAR under the Common Monetary Area -- this rate applies directly to the Loti.
2026-09-08T12:10:19Z,2022-12-16,USD,ZAR,17.5824,LSL is pegged 1:1 to ZAR under the Common Monetary Area -- this rate applies directly to the Loti.
2026-09-08T12:10:19Z,2022-12-19,USD,ZAR,17.2744,LSL is pegged 1:1 to ZAR under the Common Monetary Area -- this rate applies directly to the Loti.
2026-09-08T12:10:19Z,2022-12-20,USD,ZAR,17.3827,LSL is pegged 1:1 to ZAR under the Common Monetary Area -- this rate applies directly to the Loti.
2026-09-08T12:10:19Z,2022-12-21,USD,ZAR,17.2555,LSL is pegged 1:1 to ZAR under the Common Monetary Area -- this rate applies directly to the Loti.
2026-09-08T12:10:19Z,2022-12-22,USD,ZAR,17.1389,LSL is pegged 1:1 to ZAR under the Common Monetary Area -- this rate applies directly to the Loti.
2026-09-08T12:10:19Z,2022-12-23,USD,ZAR,17.0446,LSL is pegged 1:1 to ZAR under the Common Monetary Area -- this rate applies directly to the Loti.
2026-09-08T12:10:19Z,2022-12-27,USD,ZAR,17.2422,LSL is pegged 1:1 to ZAR under the Common Monetary Area -- this rate applies directly to the Loti.
2026-09-08T12:10:19Z,2022-12-28,USD,ZAR,17.1889,LSL is pegged 1:1 to ZAR under the Common Monetary Area -- this rate applies directly to the Loti.
2026-09-08T12:10:19Z,2022-12-29,USD,ZAR,17.0877,LSL is pegged 1:1 to ZAR under the Common Monetary Area -- this rate applies directly to the Loti.
2026-09-08T12:10:19Z,2022-12-30,USD,ZAR,16.9685,LSL is pegged 1:1 to ZAR under the Common Monetary Area -- this rate applies directly to the Loti.
2026-09-08T12:10:19Z,2023-01-02,USD,ZAR,17.0101,LSL is pegged 1:1 to ZAR under the Common Monetary Area -- this rate applies directly to the Loti.
2026-09-08T12:10:19Z,2023-01-03,USD,ZAR,17.0877,LSL is pegged 1:1 to ZAR under the Common Monetary Area -- this rate applies directly to the Loti.
2026-09-08T12:10:19Z,2023-01-04,USD,ZAR,16.827,LSL is pegged 1:1 to ZAR under the Common Monetary Area -- this rate applies directly to the Loti.
2026-09-08T12:10:19Z,2023-01-05,USD,ZAR,17.0974,LSL is pegged 1:1 to ZAR under the Common Monetary Area -- this rate applies directly to the Loti.
2026-09-08T12:10:19Z,2023-01-06,USD,ZAR,17.3421,LSL is pegged 1:1 to ZAR under the Common Monetary Area -- this rate applies directly to the Loti.
2026-09-08T12:10:19Z,2023-01-09,USD,ZAR,17.0212,LSL is pegged 1:1 to ZAR under the Common Monetary Area -- this rate applies directly to the Loti.
2026-09-08T12:10:19Z,2023-01-10,USD,ZAR,17.0712,LSL is pegged 1:1 to ZAR under the Common Monetary Area -- this rate applies directly to the Loti.
2026-09-08T12:10:19Z,2023-01-11,USD,ZAR,17.0119,LSL is pegged 1:1 to ZAR under the Common Monetary Area -- this rate applies directly to the Loti.
2026-09-08T12:10:19Z,2023-01-12,USD,ZAR,16.8415,LSL is pegged 1:1 to ZAR under the Common Monetary Area -- this rate applies directly to the Loti.
2026-09-08T12:10:19Z,2023-01-13,USD,ZAR,16.8746,LSL is pegged 1:1 to ZAR under the Common Monetary Area -- this rate applies directly to the Loti.
2026-09-08T12:10:19Z,2023-01-16,USD,ZAR,17.0597,LSL is pegged 1:1 to ZAR under the Common Monetary Area -- this rate applies directly to the Loti.
2026-09-08T12:10:19Z,2023-01-17,USD,ZAR,17.1564,LSL is pegged 1:1 to ZAR under the Common Monetary Area -- this rate applies directly to the Loti.
2026-09-08T12:10:19Z,2023-01-18,USD,ZAR,16.972,LSL is pegged 1:1 to ZAR under the Common Monetary Area -- this rate applies directly to the Loti.
2026-09-08T12:10:19Z,2023-01-19,USD,ZAR,17.2844,LSL is pegged 1:1 to ZAR under the Common Monetary Area -- this rate applies directly to the Loti.
2026-09-08T12:10:19Z,2023-01-20,USD,ZAR,17.1596,LSL is pegged 1:1 to ZAR under the Common Monetary Area -- this rate applies directly to the Loti.
2026-09-08T12:10:19Z,2023-01-23,USD,ZAR,17.1647,LSL is pegged 1:1 to ZAR under the Common Monetary Area -- this rate applies directly to the Loti.
2026-09-08T12:10:19Z,2023-01-24,USD,ZAR,17.2856,LSL is pegged 1:1 to ZAR under the Common Monetary Area -- this rate applies directly to the Loti.
2026-09-08T12:10:19Z,2023-01-25,USD,ZAR,17.1672,LSL is pegged 1:1 to ZAR under the Common Monetary Area -- this rate applies directly to the Loti.
2026-09-08T12:10:19Z,2023-01-26,USD,ZAR,17.0837,LSL is pegged 1:1 to ZAR under the Common Monetary Area -- this rate applies directly to the Loti.
2026-09-08T12:10:19Z,2023-01-27,USD,ZAR,17.2283,LSL is pegged 1:1 to ZAR under the Common Monetary Area -- this rate applies directly to the Loti.
2026-09-08T12:10:19Z,2023-01-30,USD,ZAR,17.3246,LSL is pegged 1:1 to ZAR under the Common Monetary Area -- this rate applies directly to the Loti.
2026-09-08T12:10:19Z,2023-01-31,USD,ZAR,17.4673,LSL is pegged 1:1 to ZAR under the Common Monetary Area -- this rate applies directly to the Loti.
2026-09-08T12:10:19Z,2023-02-01,USD,ZAR,17.2873,LSL is pegged 1:1 to ZAR under the Common Monetary Area -- this rate applies directly to the Loti.
2026-09-08T12:10:19Z,2023-02-02,USD,ZAR,17.0228,LSL is pegged 1:1 to ZAR under the Common Monetary Area -- this rate applies directly to the Loti.
2026-09-08T12:10:19Z,2023-02-03,USD,ZAR,17.155,LSL is pegged 1:1 to ZAR under the Common Monetary Area -- this rate applies directly to the Loti.
2026-09-08T12:10:19Z,2023-02-06,USD,ZAR,17.5402,LSL is pegged 1:1 to ZAR under the Common Monetary Area -- this rate applies directly to the Loti.
2026-09-08T12:10:19Z,2023-02-07,USD,ZAR,17.6398,LSL is pegged 1:1 to ZAR under the Common Monetary Area -- this rate applies directly to the Loti.
2026-09-08T12:10:19Z,2023-02-08,USD,ZAR,17.618,LSL is pegged 1:1 to ZAR under the Common Monetary Area -- this rate applies directly to the Loti.
2026-09-08T12:10:19Z,2023-02-09,USD,ZAR,17.6524,LSL is pegged 1:1 to ZAR under the Common Monetary Area -- this rate applies directly to the Loti.
2026-09-08T12:10:19Z,2023-02-10,USD,ZAR,17.8516,LSL is pegged 1:1 to ZAR under the Common Monetary Area -- this rate applies directly to the Loti.
2026-09-08T12:10:19Z,2023-02-13,USD,ZAR,17.936,LSL is pegged 1:1 to ZAR under the Common Monetary Area -- this rate applies directly to the Loti.
2026-09-08T12:10:19Z,2023-02-14,USD,ZAR,17.8136,LSL is pegged 1:1 to ZAR under the Common Monetary Area -- this rate applies directly to the Loti.
2026-09-08T12:10:19Z,2023-02-15,USD,ZAR,18.0272,LSL is pegged 1:1 to ZAR under the Common Monetary Area -- this rate applies directly to the Loti.
2026-09-08T12:10:19Z,2023-02-16,USD,ZAR,18.137,LSL is pegged 1:1 to ZAR under the Common Monetary Area -- this rate applies directly to the Loti.
2026-09-08T12:10:19Z,2023-02-17,USD,ZAR,18.1318,LSL is pegged 1:1 to ZAR under the Common Monetary Area -- this rate applies directly to the Loti.
2026-09-08T12:10:19Z,2023-02-20,USD,ZAR,18.1254,LSL is pegged 1:1 to ZAR under the Common Monetary Area -- this rate applies directly to the Loti.
2026-09-08T12:10:19Z,2023-02-21,USD,ZAR,18.2463,LSL is pegged 1:1 to ZAR under the Common Monetary Area -- this rate applies directly to the Loti.
2026-09-08T12:10:19Z,2023-02-22,USD,ZAR,18.2307,LSL is pegged 1:1 to ZAR under the Common Monetary Area -- this rate applies directly to the Loti.
2026-09-08T12:10:19Z,2023-02-23,USD,ZAR,18.2815,LSL is pegged 1:1 to ZAR under the Common Monetary Area -- this rate applies directly to the Loti.
2026-09-08T12:10:19Z,2023-02-24,USD,ZAR,18.4714,LSL is pegged 1:1 to ZAR under the Common Monetary Area -- this rate applies directly to the Loti.
2026-09-08T12:10:19Z,2023-02-27,USD,ZAR,18.436,LSL is pegged 1:1 to ZAR under the Common Monetary Area -- this rate applies directly to the Loti.
2026-09-08T12:10:19Z,2023-02-28,USD,ZAR,18.4121,LSL is pegged 1:1 to ZAR under the Common Monetary Area -- this rate applies directly to the Loti.
2026-09-08T12:10:19Z,2023-03-01,USD,ZAR,18.1364,LSL is pegged 1:1 to ZAR under the Common Monetary Area -- this rate applies directly to the Loti.
2026-09-08T12:10:19Z,2023-03-02,USD,ZAR,18.2189,LSL is pegged 1:1 to ZAR under the Common Monetary Area -- this rate applies directly to the Loti.
2026-09-08T12:10:19Z,2023-03-03,USD,ZAR,18.1665,LSL is pegged 1:1 to ZAR under the Common Monetary Area -- this rate applies directly to the Loti.
2026-09-08T12:10:19Z,2023-03-06,USD,ZAR,18.1935,LSL is pegged 1:1 to ZAR under the Common Monetary Area -- this rate applies directly to the Loti.
2026-09-08T12:10:19Z,2023-03-07,USD,ZAR,18.3755,LSL is pegged 1:1 to ZAR under the Common Monetary Area -- this rate applies directly to the Loti.
2026-09-08T12:10:19Z,2023-03-08,USD,ZAR,18.5769,LSL is pegged 1:1 to ZAR under the Common Monetary Area -- this rate applies directly to the Loti.
2026-09-08T12:10:19Z,2023-03-09,USD,ZAR,18.6259,LSL is pegged 1:1 to ZAR under the Common Monetary Area -- this rate applies directly to the Loti.
2026-09-08T12:10:19Z,2023-03-10,USD,ZAR,18.3497,LSL is pegged 1:1 to ZAR under the Common Monetary Area -- this rate applies directly to the Loti.
2026-09-08T12:10:19Z,2023-03-13,USD,ZAR,18.1716,LSL is pegged 1:1 to ZAR under the Common Monetary Area -- this rate applies directly to the Loti.
2026-09-08T12:10:19Z,2023-03-14,USD,ZAR,18.0619,LSL is pegged 1:1 to ZAR under the Common Monetary Area -- this rate applies directly to the Loti.
2026-09-08T12:10:19Z,2023-03-15,USD,ZAR,18.4084,LSL is pegged 1:1 to ZAR under the Common Monetary Area -- this rate applies directly to the Loti.
2026-09-08T12:10:19Z,2023-03-16,USD,ZAR,18.3822,LSL is pegged 1:1 to ZAR under the Common Monetary Area -- this rate applies directly to the Loti.
2026-09-08T12:10:19Z,2023-03-17,USD,ZAR,18.3553,LSL is pegged 1:1 to ZAR under the Common Monetary Area -- this rate applies directly to the Loti.
2026-09-08T12:10:19Z,2023-03-20,USD,ZAR,18.4623,LSL is pegged 1:1 to ZAR under the Common Monetary Area -- this rate applies directly to the Loti.
2026-09-08T12:10:19Z,2023-03-21,USD,ZAR,18.5281,LSL is pegged 1:1 to ZAR under the Common Monetary Area -- this rate applies directly to the Loti.
2026-09-08T12:10:19Z,2023-03-22,USD,ZAR,18.4079,LSL is pegged 1:1 to ZAR under the Common Monetary Area -- this rate applies directly to the Loti.
2026-09-08T12:10:19Z,2023-03-23,USD,ZAR,18.1806,LSL is pegged 1:1 to ZAR under the Common Monetary Area -- this rate applies directly to the Loti.
2026-09-08T12:10:19Z,2023-03-24,USD,ZAR,18.2182,LSL is pegged 1:1 to ZAR under the Common Monetary Area -- this rate applies directly to the Loti.
2026-09-08T12:10:19Z,2023-03-27,USD,ZAR,18.3211,LSL is pegged 1:1 to ZAR under the Common Monetary Area -- this rate applies directly to the Loti.
2026-09-08T12:10:19Z,2023-03-28,USD,ZAR,18.1744,LSL is pegged 1:1 to ZAR under the Common Monetary Area -- this rate applies directly to the Loti.
2026-09-08T12:10:19Z,2023-03-29,USD,ZAR,18.1151,LSL is pegged 1:1 to ZAR under the Common Monetary Area -- this rate applies directly to the Loti.
2026-09-08T12:10:19Z,2023-03-30,USD,ZAR,18.047,LSL is pegged 1:1 to ZAR under the Common Monetary Area -- this rate applies directly to the Loti.
2026-09-08T12:10:19Z,2023-03-31,USD,ZAR,17.7724,LSL is pegged 1:1 to ZAR under the Common Monetary Area -- this rate applies directly to the Loti.
2026-09-08T12:10:19Z,2023-04-03,USD,ZAR,17.8664,LSL is pegged 1:1 to ZAR under the Common Monetary Area -- this rate applies directly to the Loti.
2026-09-08T12:10:19Z,2023-04-04,USD,ZAR,17.8345,LSL is pegged 1:1 to ZAR under the Common Monetary Area -- this rate applies directly to the Loti.
2026-09-08T12:10:19Z,2023-04-05,USD,ZAR,17.9257,LSL is pegged 1:1 to ZAR under the Common Monetary Area -- this rate applies directly to the Loti.
2026-09-08T12:10:19Z,2023-04-06,USD,ZAR,18.2253,LSL is pegged 1:1 to ZAR under the Common Monetary Area -- this rate applies directly to the Loti.
2026-09-08T12:10:19Z,2023-04-11,USD,ZAR,18.2497,LSL is pegged 1:1 to ZAR under the Common Monetary Area -- this rate applies directly to the Loti.
2026-09-08T12:10:19Z,2023-04-12,USD,ZAR,18.4334,LSL is pegged 1:1 to ZAR under the Common Monetary Area -- this rate applies directly to the Loti.
2026-09-08T12:10:19Z,2023-04-13,USD,ZAR,18.1307,LSL is pegged 1:1 to ZAR under the Common Monetary Area -- this rate applies directly to the Loti.
2026-09-08T12:10:19Z,2023-04-14,USD,ZAR,18.0295,LSL is pegged 1:1 to ZAR under the Common Monetary Area -- this rate applies directly to the Loti.
2026-09-08T12:10:19Z,2023-04-17,USD,ZAR,18.1165,LSL is pegged 1:1 to ZAR under the Common Monetary Area -- this rate applies directly to the Loti.
2026-09-08T12:10:19Z,2023-04-18,USD,ZAR,18.1643,LSL is pegged 1:1 to ZAR under the Common Monetary Area -- this rate applies directly to the Loti.
2026-09-08T12:10:19Z,2023-04-19,USD,ZAR,18.2757,LSL is pegged 1:1 to ZAR under the Common Monetary Area -- this rate applies directly to the Loti.
2026-09-08T12:10:19Z,2023-04-20,USD,ZAR,18.1425,LSL is pegged 1:1 to ZAR under the Common Monetary Area -- this rate applies directly to the Loti.
2026-09-08T12:10:19Z,2023-04-21,USD,ZAR,18.1242,LSL is pegged 1:1 to ZAR under the Common Monetary Area -- this rate applies directly to the Loti.
2026-09-08T12:10:19Z,2023-04-24,USD,ZAR,18.1309,LSL is pegged 1:1 to ZAR under the Common Monetary Area -- this rate applies directly to the Loti.
2026-09-08T12:10:19Z,2023-04-25,USD,ZAR,18.2816,LSL is pegged 1:1 to ZAR under the Common Monetary Area -- this rate applies directly to the Loti.
2026-09-08T12:10:19Z,2023-04-26,USD,ZAR,18.3966,LSL is pegged 1:1 to ZAR under the Common Monetary Area -- this rate applies directly to the Loti.
2026-09-08T12:10:19Z,2023-04-27,USD,ZAR,18.244,LSL is pegged 1:1 to ZAR under the Common Monetary Area -- this rate applies directly to the Loti.
2026-09-08T12:10:19Z,2023-04-28,USD,ZAR,18.3553,LSL is pegged 1:1 to ZAR under the Common Monetary Area -- this rate applies directly to the Loti.
2026-09-08T12:10:19Z,2023-05-02,USD,ZAR,18.373,LSL is pegged 1:1 to ZAR under the Common Monetary Area -- this rate applies directly to the Loti.
2026-09-08T12:10:19Z,2023-05-03,USD,ZAR,18.2613,LSL is pegged 1:1 to ZAR under the Common Monetary Area -- this rate applies directly to the Loti.
2026-09-08T12:10:19Z,2023-05-04,USD,ZAR,18.1831,LSL is pegged 1:1 to ZAR under the Common Monetary Area -- this rate applies directly to the Loti.
2026-09-08T12:10:19Z,2023-05-05,USD,ZAR,18.3712,LSL is pegged 1:1 to ZAR under the Common Monetary Area -- this rate applies directly to the Loti.
2026-09-08T12:10:19Z,2023-05-08,USD,ZAR,18.3519,LSL is pegged 1:1 to ZAR under the Common Monetary Area -- this rate applies directly to the Loti.
2026-09-08T12:10:19Z,2023-05-09,USD,ZAR,18.4323,LSL is pegged 1:1 to ZAR under the Common Monetary Area -- this rate applies directly to the Loti.
2026-09-08T12:10:19Z,2023-05-10,USD,ZAR,18.7215,LSL is pegged 1:1 to ZAR under the Common Monetary Area -- this rate applies directly to the Loti.
2026-09-08T12:10:19Z,2023-05-11,USD,ZAR,18.9826,LSL is pegged 1:1 to ZAR under the Common Monetary Area -- this rate applies directly to the Loti.
2026-09-08T12:10:19Z,2023-05-12,USD,ZAR,19.2279,LSL is pegged 1:1 to ZAR under the Common Monetary Area -- this rate applies directly to the Loti.
2026-09-08T12:10:19Z,2023-05-15,USD,ZAR,19.0787,LSL is pegged 1:1 to ZAR under the Common Monetary Area -- this rate applies directly to the Loti.
2026-09-08T12:10:19Z,2023-05-16,USD,ZAR,19.0699,LSL is pegged 1:1 to ZAR under the Common Monetary Area -- this rate applies directly to the Loti.
2026-09-08T12:10:19Z,2023-05-17,USD,ZAR,19.2806,LSL is pegged 1:1 to ZAR under the Common Monetary Area -- this rate applies directly to the Loti.
2026-09-08T12:10:19Z,2023-05-18,USD,ZAR,19.3924,LSL is pegged 1:1 to ZAR under the Common Monetary Area -- this rate applies directly to the Loti.
2026-09-08T12:10:19Z,2023-05-19,USD,ZAR,19.3236,LSL is pegged 1:1 to ZAR under the Common Monetary Area -- this rate applies directly to the Loti.
2026-09-08T12:10:19Z,2023-05-22,USD,ZAR,19.3254,LSL is pegged 1:1 to ZAR under the Common Monetary Area -- this rate applies directly to the Loti.
2026-09-08T12:10:19Z,2023-05-23,USD,ZAR,19.2894,LSL is pegged 1:1 to ZAR under the Common Monetary Area -- this rate applies directly to the Loti.
2026-09-08T12:10:19Z,2023-05-24,USD,ZAR,19.2378,LSL is pegged 1:1 to ZAR under the Common Monetary Area -- this rate applies directly to the Loti.
2026-09-08T12:10:19Z,2023-05-25,USD,ZAR,19.3265,LSL is pegged 1:1 to ZAR under the Common Monetary Area -- this rate applies directly to the Loti.
2026-09-08T12:10:19Z,2023-05-26,USD,ZAR,19.547,LSL is pegged 1:1 to ZAR under the Common Monetary Area -- this rate applies directly to the Loti.
2026-09-08T12:10:19Z,2023-05-29,USD,ZAR,19.6556,LSL is pegged 1:1 to ZAR under the Common Monetary Area -- this rate applies directly to the Loti.
2026-09-08T12:10:19Z,2023-05-30,USD,ZAR,19.664,LSL is pegged 1:1 to ZAR under the Common Monetary Area -- this rate applies directly to the Loti.
2026-09-08T12:10:19Z,2023-05-31,USD,ZAR,19.7838,LSL is pegged 1:1 to ZAR under the Common Monetary Area -- this rate applies directly to the Loti.
2026-09-08T12:10:19Z,2023-06-01,USD,ZAR,19.7784,LSL is pegged 1:1 to ZAR under the Common Monetary Area -- this rate applies directly to the Loti.
2026-09-08T12:10:19Z,2023-06-02,USD,ZAR,19.4611,LSL is pegged 1:1 to ZAR under the Common Monetary Area -- this rate applies directly to the Loti.
2026-09-08T12:10:19Z,2023-06-05,USD,ZAR,19.3508,LSL is pegged 1:1 to ZAR under the Common Monetary Area -- this rate applies directly to the Loti.
2026-09-08T12:10:19Z,2023-06-06,USD,ZAR,19.2446,LSL is pegged 1:1 to ZAR under the Common Monetary Area -- this rate applies directly to the Loti.
2026-09-08T12:10:19Z,2023-06-07,USD,ZAR,19.0342,LSL is pegged 1:1 to ZAR under the Common Monetary Area -- this rate applies directly to the Loti.
2026-09-08T12:10:19Z,2023-06-08,USD,ZAR,18.9327,LSL is pegged 1:1 to ZAR under the Common Monetary Area -- this rate applies directly to the Loti.
2026-09-08T12:10:19Z,2023-06-09,USD,ZAR,18.7208,LSL is pegged 1:1 to ZAR under the Common Monetary Area -- this rate applies directly to the Loti.
2026-09-08T12:10:19Z,2023-06-12,USD,ZAR,18.5629,LSL is pegged 1:1 to ZAR under the Common Monetary Area -- this rate applies directly to the Loti.
2026-09-08T12:10:19Z,2023-06-13,USD,ZAR,18.6315,LSL is pegged 1:1 to ZAR under the Common Monetary Area -- this rate applies directly to the Loti.
2026-09-08T12:10:19Z,2023-06-14,USD,ZAR,18.4217,LSL is pegged 1:1 to ZAR under the Common Monetary Area -- this rate applies directly to the Loti.
2026-09-08T12:10:19Z,2023-06-15,USD,ZAR,18.4169,LSL is pegged 1:1 to ZAR under the Common Monetary Area -- this rate applies directly to the Loti.
2026-09-08T12:10:19Z,2023-06-16,USD,ZAR,18.1489,LSL is pegged 1:1 to ZAR under the Common Monetary Area -- this rate applies directly to the Loti.
2026-09-08T12:10:19Z,2023-06-19,USD,ZAR,18.1741,LSL is pegged 1:1 to ZAR under the Common Monetary Area -- this rate applies directly to the Loti.
2026-09-08T12:10:19Z,2023-06-20,USD,ZAR,18.268,LSL is pegged 1:1 to ZAR under the Common Monetary Area -- this rate applies directly to the Loti.
2026-09-08T12:10:19Z,2023-06-21,USD,ZAR,18.3814,LSL is pegged 1:1 to ZAR under the Common Monetary Area -- this rate applies directly to the Loti.
2026-09-08T12:10:19Z,2023-06-22,USD,ZAR,18.4415,LSL is pegged 1:1 to ZAR under the Common Monetary Area -- this rate applies directly to the Loti.
2026-09-08T12:10:19Z,2023-06-23,USD,ZAR,18.711,LSL is pegged 1:1 to ZAR under the Common Monetary Area -- this rate applies directly to the Loti.
2026-09-08T12:10:19Z,2023-06-26,USD,ZAR,18.606,LSL is pegged 1:1 to ZAR under the Common Monetary Area -- this rate applies directly to the Loti.
2026-09-08T12:10:19Z,2023-06-27,USD,ZAR,18.4668,LSL is pegged 1:1 to ZAR under the Common Monetary Area -- this rate applies directly to the Loti.
2026-09-08T12:10:19Z,2023-06-28,USD,ZAR,18.7265,LSL is pegged 1:1 to ZAR under the Common Monetary Area -- this rate applies directly to the Loti.
2026-09-08T12:10:19Z,2023-06-29,USD,ZAR,18.7091,LSL is pegged 1:1 to ZAR under the Common Monetary Area -- this rate applies directly to the Loti.
2026-09-08T12:10:19Z,2023-06-30,USD,ZAR,18.938,LSL is pegged 1:1 to ZAR under the Common Monetary Area -- this rate applies directly to the Loti.
2026-09-08T12:10:19Z,2023-07-03,USD,ZAR,18.7577,LSL is pegged 1:1 to ZAR under the Common Monetary Area -- this rate applies directly to the Loti.
2026-09-08T12:10:19Z,2023-07-04,USD,ZAR,18.6462,LSL is pegged 1:1 to ZAR under the Common Monetary Area -- this rate applies directly to the Loti.
2026-09-08T12:10:19Z,2023-07-05,USD,ZAR,18.7416,LSL is pegged 1:1 to ZAR under the Common Monetary Area -- this rate applies directly to the Loti.
2026-09-08T12:10:19Z,2023-07-06,USD,ZAR,18.9265,LSL is pegged 1:1 to ZAR under the Common Monetary Area -- this rate applies directly to the Loti.
2026-09-08T12:10:19Z,2023-07-07,USD,ZAR,19.0963,LSL is pegged 1:1 to ZAR under the Common Monetary Area -- this rate applies directly to the Loti.
2026-09-08T12:10:19Z,2023-07-10,USD,ZAR,18.8499,LSL is pegged 1:1 to ZAR under the Common Monetary Area -- this rate applies directly to the Loti.
2026-09-08T12:10:19Z,2023-07-11,USD,ZAR,18.6505,LSL is pegged 1:1 to ZAR under the Common Monetary Area -- this rate applies directly to the Loti.
2026-09-08T12:10:19Z,2023-07-12,USD,ZAR,18.4513,LSL is pegged 1:1 to ZAR under the Common Monetary Area -- this rate applies directly to the Loti.
2026-09-08T12:10:19Z,2023-07-13,USD,ZAR,18.0782,LSL is pegged 1:1 to ZAR under the Common Monetary Area -- this rate applies directly to the Loti.
2026-09-08T12:10:19Z,2023-07-14,USD,ZAR,18.0046,LSL is pegged 1:1 to ZAR under the Common Monetary Area -- this rate applies directly to the Loti.
2026-09-08T12:10:19Z,2023-07-17,USD,ZAR,18.0392,LSL is pegged 1:1 to ZAR under the Common Monetary Area -- this rate applies directly to the Loti.
2026-09-08T12:10:19Z,2023-07-18,USD,ZAR,17.9049,LSL is pegged 1:1 to ZAR under the Common Monetary Area -- this rate applies directly to the Loti.
2026-09-08T12:10:19Z,2023-07-19,USD,ZAR,17.9175,LSL is pegged 1:1 to ZAR under the Common Monetary Area -- this rate applies directly to the Loti.
2026-09-08T12:10:19Z,2023-07-20,USD,ZAR,17.8307,LSL is pegged 1:1 to ZAR under the Common Monetary Area -- this rate applies directly to the Loti.
2026-09-08T12:10:19Z,2023-07-21,USD,ZAR,18.0149,LSL is pegged 1:1 to ZAR under the Common Monetary Area -- this rate applies directly to the Loti.
2026-09-08T12:10:19Z,2023-07-24,USD,ZAR,17.8377,LSL is pegged 1:1 to ZAR under the Common Monetary Area -- this rate applies directly to the Loti.
2026-09-08T12:10:19Z,2023-07-25,USD,ZAR,17.5781,LSL is pegged 1:1 to ZAR under the Common Monetary Area -- this rate applies directly to the Loti.
2026-09-08T12:10:19Z,2023-07-26,USD,ZAR,17.7051,LSL is pegged 1:1 to ZAR under the Common Monetary Area -- this rate applies directly to the Loti.
2026-09-08T12:10:19Z,2023-07-27,USD,ZAR,17.5135,LSL is pegged 1:1 to ZAR under the Common Monetary Area -- this rate applies directly to the Loti.
2026-09-08T12:10:19Z,2023-07-28,USD,ZAR,17.6484,LSL is pegged 1:1 to ZAR under the Common Monetary Area -- this rate applies directly to the Loti.
2026-09-08T12:10:19Z,2023-07-31,USD,ZAR,17.7366,LSL is pegged 1:1 to ZAR under the Common Monetary Area -- this rate applies directly to the Loti.
2026-09-08T12:10:19Z,2023-08-01,USD,ZAR,18.1175,LSL is pegged 1:1 to ZAR under the Common Monetary Area -- this rate applies directly to the Loti.
2026-09-08T12:10:19Z,2023-08-02,USD,ZAR,18.3505,LSL is pegged 1:1 to ZAR under the Common Monetary Area -- this rate applies directly to the Loti.
2026-09-08T12:10:19Z,2023-08-03,USD,ZAR,18.6334,LSL is pegged 1:1 to ZAR under the Common Monetary Area -- this rate applies directly to the Loti.
2026-09-08T12:10:19Z,2023-08-04,USD,ZAR,18.6561,LSL is pegged 1:1 to ZAR under the Common Monetary Area -- this rate applies directly to the Loti.
2026-09-08T12:10:19Z,2023-08-07,USD,ZAR,18.6062,LSL is pegged 1:1 to ZAR under the Common Monetary Area -- this rate applies directly to the Loti.
2026-09-08T12:10:19Z,2023-08-08,USD,ZAR,18.9026,LSL is pegged 1:1 to ZAR under the Common Monetary Area -- this rate applies directly to the Loti.
2026-09-08T12:10:19Z,2023-08-09,USD,ZAR,19.0481,LSL is pegged 1:1 to ZAR under the Common Monetary Area -- this rate applies directly to the Loti.
2026-09-08T12:10:19Z,2023-08-10,USD,ZAR,18.7739,LSL is pegged 1:1 to ZAR under the Common Monetary Area -- this rate applies directly to the Loti.
2026-09-08T12:10:19Z,2023-08-11,USD,ZAR,18.8241,LSL is pegged 1:1 to ZAR under the Common Monetary Area -- this rate applies directly to the Loti.
2026-09-08T12:10:19Z,2023-08-14,USD,ZAR,19.0192,LSL is pegged 1:1 to ZAR under the Common Monetary Area -- this rate applies directly to the Loti.
2026-09-08T12:10:19Z,2023-08-15,USD,ZAR,19.2028,LSL is pegged 1:1 to ZAR under the Common Monetary Area -- this rate applies directly to the Loti.
2026-09-08T12:10:19Z,2023-08-16,USD,ZAR,19.116,LSL is pegged 1:1 to ZAR under the Common Monetary Area -- this rate applies directly to the Loti.
2026-09-08T12:10:19Z,2023-08-17,USD,ZAR,19.0294,LSL is pegged 1:1 to ZAR under the Common Monetary Area -- this rate applies directly to the Loti.
2026-09-08T12:10:19Z,2023-08-18,USD,ZAR,19.0605,LSL is pegged 1:1 to ZAR under the Common Monetary Area -- this rate applies directly to the Loti.
2026-09-08T12:10:19Z,2023-08-21,USD,ZAR,18.9549,LSL is pegged 1:1 to ZAR under the Common Monetary Area -- this rate applies directly to the Loti.
2026-09-08T12:10:19Z,2023-08-22,USD,ZAR,18.7315,LSL is pegged 1:1 to ZAR under the Common Monetary Area -- this rate applies directly to the Loti.
2026-09-08T12:10:19Z,2023-08-23,USD,ZAR,18.7043,LSL is pegged 1:1 to ZAR under the Common Monetary Area -- this rate applies directly to the Loti.
2026-09-08T12:10:19Z,2023-08-24,USD,ZAR,18.679,LSL is pegged 1:1 to ZAR under the Common Monetary Area -- this rate applies directly to the Loti.
2026-09-08T12:10:19Z,2023-08-25,USD,ZAR,18.651,LSL is pegged 1:1 to ZAR under the Common Monetary Area -- this rate applies directly to the Loti.
2026-09-08T12:10:19Z,2023-08-28,USD,ZAR,18.6528,LSL is pegged 1:1 to ZAR under the Common Monetary Area -- this rate applies directly to the Loti.
2026-09-08T12:10:19Z,2023-08-29,USD,ZAR,18.5597,LSL is pegged 1:1 to ZAR under the Common Monetary Area -- this rate applies directly to the Loti.
2026-09-08T12:10:19Z,2023-08-30,USD,ZAR,18.5716,LSL is pegged 1:1 to ZAR under the Common Monetary Area -- this rate applies directly to the Loti.
2026-09-08T12:10:19Z,2023-08-31,USD,ZAR,18.7891,LSL is pegged 1:1 to ZAR under the Common Monetary Area -- this rate applies directly to the Loti.
2026-09-08T12:10:19Z,2023-09-01,USD,ZAR,18.6933,LSL is pegged 1:1 to ZAR under the Common Monetary Area -- this rate applies directly to the Loti.
2026-09-08T12:10:19Z,2023-09-04,USD,ZAR,18.9427,LSL is pegged 1:1 to ZAR under the Common Monetary Area -- this rate applies directly to the Loti.
2026-09-08T12:10:19Z,2023-09-05,USD,ZAR,19.2004,LSL is pegged 1:1 to ZAR under the Common Monetary Area -- this rate applies directly to the Loti.
2026-09-08T12:10:19Z,2023-09-06,USD,ZAR,19.2369,LSL is pegged 1:1 to ZAR under the Common Monetary Area -- this rate applies directly to the Loti.
2026-09-08T12:10:19Z,2023-09-07,USD,ZAR,19.1615,LSL is pegged 1:1 to ZAR under the Common Monetary Area -- this rate applies directly to the Loti.
2026-09-08T12:10:19Z,2023-09-08,USD,ZAR,19.0929,LSL is pegged 1:1 to ZAR under the Common Monetary Area -- this rate applies directly to the Loti.
2026-09-08T12:10:19Z,2023-09-11,USD,ZAR,18.8997,LSL is pegged 1:1 to ZAR under the Common Monetary Area -- this rate applies directly to the Loti.
2026-09-08T12:10:19Z,2023-09-12,USD,ZAR,18.9751,LSL is pegged 1:1 to ZAR under the Common Monetary Area -- this rate applies directly to the Loti.
2026-09-08T12:10:19Z,2023-09-13,USD,ZAR,18.9416,LSL is pegged 1:1 to ZAR under the Common Monetary Area -- this rate applies directly to the Loti.
2026-09-08T12:10:19Z,2023-09-14,USD,ZAR,18.9292,LSL is pegged 1:1 to ZAR under the Common Monetary Area -- this rate applies directly to the Loti.
2026-09-08T12:10:19Z,2023-09-15,USD,ZAR,19.0439,LSL is pegged 1:1 to ZAR under the Common Monetary Area -- this rate applies directly to the Loti.
2026-09-08T12:10:19Z,2023-09-18,USD,ZAR,19.0331,LSL is pegged 1:1 to ZAR under the Common Monetary Area -- this rate applies directly to the Loti.
2026-09-08T12:10:19Z,2023-09-19,USD,ZAR,18.9331,LSL is pegged 1:1 to ZAR under the Common Monetary Area -- this rate applies directly to the Loti.
2026-09-08T12:10:19Z,2023-09-20,USD,ZAR,18.8367,LSL is pegged 1:1 to ZAR under the Common Monetary Area -- this rate applies directly to the Loti.
2026-09-08T12:10:19Z,2023-09-21,USD,ZAR,18.9488,LSL is pegged 1:1 to ZAR under the Common Monetary Area -- this rate applies directly to the Loti.
2026-09-08T12:10:19Z,2023-09-22,USD,ZAR,18.7818,LSL is pegged 1:1 to ZAR under the Common Monetary Area -- this rate applies directly to the Loti.
2026-09-08T12:10:19Z,2023-09-25,USD,ZAR,18.7539,LSL is pegged 1:1 to ZAR under the Common Monetary Area -- this rate applies directly to the Loti.
2026-09-08T12:10:19Z,2023-09-26,USD,ZAR,18.9901,LSL is pegged 1:1 to ZAR under the Common Monetary Area -- this rate applies directly to the Loti.
2026-09-08T12:10:19Z,2023-09-27,USD,ZAR,19.1932,LSL is pegged 1:1 to ZAR under the Common Monetary Area -- this rate applies directly to the Loti.
2026-09-08T12:10:19Z,2023-09-28,USD,ZAR,19.1384,LSL is pegged 1:1 to ZAR under the Common Monetary Area -- this rate applies directly to the Loti.
2026-09-08T12:10:19Z,2023-09-29,USD,ZAR,18.861,LSL is pegged 1:1 to ZAR under the Common Monetary Area -- this rate applies directly to the Loti.
2026-09-08T12:10:19Z,2023-10-02,USD,ZAR,19.1368,LSL is pegged 1:1 to ZAR under the Common Monetary Area -- this rate applies directly to the Loti.
2026-09-08T12:10:19Z,2023-10-03,USD,ZAR,19.3333,LSL is pegged 1:1 to ZAR under the Common Monetary Area -- this rate applies directly to the Loti.
2026-09-08T12:10:19Z,2023-10-04,USD,ZAR,19.2836,LSL is pegged 1:1 to ZAR under the Common Monetary Area -- this rate applies directly to the Loti.
2026-09-08T12:10:19Z,2023-10-05,USD,ZAR,19.5592,LSL is pegged 1:1 to ZAR under the Common Monetary Area -- this rate applies directly to the Loti.
2026-09-08T12:10:19Z,2023-10-06,USD,ZAR,19.4017,LSL is pegged 1:1 to ZAR under the Common Monetary Area -- this rate applies directly to the Loti.
2026-09-08T12:10:19Z,2023-10-09,USD,ZAR,19.3809,LSL is pegged 1:1 to ZAR under the Common Monetary Area -- this rate applies directly to the Loti.
2026-09-08T12:10:19Z,2023-10-10,USD,ZAR,19.1627,LSL is pegged 1:1 to ZAR under the Common Monetary Area -- this rate applies directly to the Loti.
2026-09-08T12:10:19Z,2023-10-11,USD,ZAR,18.8948,LSL is pegged 1:1 to ZAR under the Common Monetary Area -- this rate applies directly to the Loti.
2026-09-08T12:10:19Z,2023-10-12,USD,ZAR,18.8417,LSL is pegged 1:1 to ZAR under the Common Monetary Area -- this rate applies directly to the Loti.
2026-09-08T12:10:19Z,2023-10-13,USD,ZAR,18.9677,LSL is pegged 1:1 to ZAR under the Common Monetary Area -- this rate applies directly to the Loti.
2026-09-08T12:10:19Z,2023-10-16,USD,ZAR,18.7957,LSL is pegged 1:1 to ZAR under the Common Monetary Area -- this rate applies directly to the Loti.
2026-09-08T12:10:19Z,2023-10-17,USD,ZAR,18.8417,LSL is pegged 1:1 to ZAR under the Common Monetary Area -- this rate applies directly to the Loti.
2026-09-08T12:10:19Z,2023-10-18,USD,ZAR,18.8279,LSL is pegged 1:1 to ZAR under the Common Monetary Area -- this rate applies directly to the Loti.
2026-09-08T12:10:19Z,2023-10-19,USD,ZAR,19.1315,LSL is pegged 1:1 to ZAR under the Common Monetary Area -- this rate applies directly to the Loti.
2026-09-08T12:10:19Z,2023-10-20,USD,ZAR,19.0596,LSL is pegged 1:1 to ZAR under the Common Monetary Area -- this rate applies directly to the Loti.
2026-09-08T12:10:19Z,2023-10-23,USD,ZAR,19.062,LSL is pegged 1:1 to ZAR under the Common Monetary Area -- this rate applies directly to the Loti.
2026-09-08T12:10:19Z,2023-10-24,USD,ZAR,19.1093,LSL is pegged 1:1 to ZAR under the Common Monetary Area -- this rate applies directly to the Loti.
2026-09-08T12:10:19Z,2023-10-25,USD,ZAR,19.1396,LSL is pegged 1:1 to ZAR under the Common Monetary Area -- this rate applies directly to the Loti.
2026-09-08T12:10:19Z,2023-10-26,USD,ZAR,19.0825,LSL is pegged 1:1 to ZAR under the Common Monetary Area -- this rate applies directly to the Loti.
2026-09-08T12:10:19Z,2023-10-27,USD,ZAR,18.9126,LSL is pegged 1:1 to ZAR under the Common Monetary Area -- this rate applies directly to the Loti.
2026-09-08T12:10:19Z,2023-10-30,USD,ZAR,18.7582,LSL is pegged 1:1 to ZAR under the Common Monetary Area -- this rate applies directly to the Loti.
2026-09-08T12:10:19Z,2023-10-31,USD,ZAR,18.7877,LSL is pegged 1:1 to ZAR under the Common Monetary Area -- this rate applies directly to the Loti.
2026-09-08T12:10:19Z,2023-11-01,USD,ZAR,18.6342,LSL is pegged 1:1 to ZAR under the Common Monetary Area -- this rate applies directly to the Loti.
2026-09-08T12:10:19Z,2023-11-02,USD,ZAR,18.3562,LSL is pegged 1:1 to ZAR under the Common Monetary Area -- this rate applies directly to the Loti.
2026-09-08T12:10:19Z,2023-11-03,USD,ZAR,18.3404,LSL is pegged 1:1 to ZAR under the Common Monetary Area -- this rate applies directly to the Loti.
2026-09-08T12:10:19Z,2023-11-06,USD,ZAR,18.2617,LSL is pegged 1:1 to ZAR under the Common Monetary Area -- this rate applies directly to the Loti.
2026-09-08T12:10:19Z,2023-11-07,USD,ZAR,18.39,LSL is pegged 1:1 to ZAR under the Common Monetary Area -- this rate applies directly to the Loti.
2026-09-08T12:10:19Z,2023-11-08,USD,ZAR,18.4884,LSL is pegged 1:1 to ZAR under the Common Monetary Area -- this rate applies directly to the Loti.
2026-09-08T12:10:19Z,2023-11-09,USD,ZAR,18.6069,LSL is pegged 1:1 to ZAR under the Common Monetary Area -- this rate applies directly to the Loti.
2026-09-08T12:10:19Z,2023-11-10,USD,ZAR,18.7494,LSL is pegged 1:1 to ZAR under the Common Monetary Area -- this rate applies directly to the Loti.
2026-09-08T12:10:19Z,2023-11-13,USD,ZAR,18.746,LSL is pegged 1:1 to ZAR under the Common Monetary Area -- this rate applies directly to the Loti.
2026-09-08T12:10:19Z,2023-11-14,USD,ZAR,18.7141,LSL is pegged 1:1 to ZAR under the Common Monetary Area -- this rate applies directly to the Loti.
2026-09-08T12:10:19Z,2023-11-15,USD,ZAR,18.1383,LSL is pegged 1:1 to ZAR under the Common Monetary Area -- this rate applies directly to the Loti.
2026-09-08T12:10:19Z,2023-11-16,USD,ZAR,18.3167,LSL is pegged 1:1 to ZAR under the Common Monetary Area -- this rate applies directly to the Loti.
2026-09-08T12:10:19Z,2023-11-17,USD,ZAR,18.3273,LSL is pegged 1:1 to ZAR under the Common Monetary Area -- this rate applies directly to the Loti.
2026-09-08T12:10:19Z,2023-11-20,USD,ZAR,18.4334,LSL is pegged 1:1 to ZAR under the Common Monetary Area -- this rate applies directly to the Loti.
2026-09-08T12:10:19Z,2023-11-21,USD,ZAR,18.3843,LSL is pegged 1:1 to ZAR under the Common Monetary Area -- this rate applies directly to the Loti.
2026-09-08T12:10:19Z,2023-11-22,USD,ZAR,18.606,LSL is pegged 1:1 to ZAR under the Common Monetary Area -- this rate applies directly to the Loti.
2026-09-08T12:10:19Z,2023-11-23,USD,ZAR,18.8275,LSL is pegged 1:1 to ZAR under the Common Monetary Area -- this rate applies directly to the Loti.
2026-09-08T12:10:19Z,2023-11-24,USD,ZAR,18.8998,LSL is pegged 1:1 to ZAR under the Common Monetary Area -- this rate applies directly to the Loti.
2026-09-08T12:10:19Z,2023-11-27,USD,ZAR,18.6367,LSL is pegged 1:1 to ZAR under the Common Monetary Area -- this rate applies directly to the Loti.
2026-09-08T12:10:19Z,2023-11-28,USD,ZAR,18.7076,LSL is pegged 1:1 to ZAR under the Common Monetary Area -- this rate applies directly to the Loti.
2026-09-08T12:10:19Z,2023-11-29,USD,ZAR,18.5162,LSL is pegged 1:1 to ZAR under the Common Monetary Area -- this rate applies directly to the Loti.
2026-09-08T12:10:19Z,2023-11-30,USD,ZAR,18.818,LSL is pegged 1:1 to ZAR under the Common Monetary Area -- this rate applies directly to the Loti.
2026-09-08T12:10:19Z,2023-12-01,USD,ZAR,18.697,LSL is pegged 1:1 to ZAR under the Common Monetary Area -- this rate applies directly to the Loti.
2026-09-08T12:10:19Z,2023-12-04,USD,ZAR,18.7367,LSL is pegged 1:1 to ZAR under the Common Monetary Area -- this rate applies directly to the Loti.
2026-09-08T12:10:19Z,2023-12-05,USD,ZAR,18.9258,LSL is pegged 1:1 to ZAR under the Common Monetary Area -- this rate applies directly to the Loti.
2026-09-08T12:10:19Z,2023-12-06,USD,ZAR,18.9646,LSL is pegged 1:1 to ZAR under the Common Monetary Area -- this rate applies directly to the Loti.
2026-09-08T12:10:19Z,2023-12-07,USD,ZAR,18.7596,LSL is pegged 1:1 to ZAR under the Common Monetary Area -- this rate applies directly to the Loti.
2026-09-08T12:10:19Z,2023-12-08,USD,ZAR,18.8977,LSL is pegged 1:1 to ZAR under the Common Monetary Area -- this rate applies directly to the Loti.
2026-09-08T12:10:19Z,2023-12-11,USD,ZAR,19.0983,LSL is pegged 1:1 to ZAR under the Common Monetary Area -- this rate applies directly to the Loti.
2026-09-08T12:10:19Z,2023-12-12,USD,ZAR,18.9097,LSL is pegged 1:1 to ZAR under the Common Monetary Area -- this rate applies directly to the Loti.
2026-09-08T12:10:19Z,2023-12-13,USD,ZAR,19.085,LSL is pegged 1:1 to ZAR under the Common Monetary Area -- this rate applies directly to the Loti.
2026-09-08T12:10:19Z,2023-12-14,USD,ZAR,18.5631,LSL is pegged 1:1 to ZAR under the Common Monetary Area -- this rate applies directly to the Loti.
2026-09-08T12:10:19Z,2023-12-15,USD,ZAR,18.2533,LSL is pegged 1:1 to ZAR under the Common Monetary Area -- this rate applies directly to the Loti.
2026-09-08T12:10:19Z,2023-12-18,USD,ZAR,18.5318,LSL is pegged 1:1 to ZAR under the Common Monetary Area -- this rate applies directly to the Loti.
2026-09-08T12:10:19Z,2023-12-19,USD,ZAR,18.4793,LSL is pegged 1:1 to ZAR under the Common Monetary Area -- this rate applies directly to the Loti.
2026-09-08T12:10:19Z,2023-12-20,USD,ZAR,18.3763,LSL is pegged 1:1 to ZAR under the Common Monetary Area -- this rate applies directly to the Loti.
2026-09-08T12:10:19Z,2023-12-21,USD,ZAR,18.3338,LSL is pegged 1:1 to ZAR under the Common Monetary Area -- this rate applies directly to the Loti.
2026-09-08T12:10:19Z,2023-12-22,USD,ZAR,18.4224,LSL is pegged 1:1 to ZAR under the Common Monetary Area -- this rate applies directly to the Loti.
2026-09-08T12:10:19Z,2023-12-27,USD,ZAR,18.4627,LSL is pegged 1:1 to ZAR under the Common Monetary Area -- this rate applies directly to the Loti.
2026-09-08T12:10:19Z,2023-12-28,USD,ZAR,18.5352,LSL is pegged 1:1 to ZAR under the Common Monetary Area -- this rate applies directly to the Loti.
2026-09-08T12:10:19Z,2023-12-29,USD,ZAR,18.4145,LSL is pegged 1:1 to ZAR under the Common Monetary Area -- this rate applies directly to the Loti.
2026-09-08T12:10:19Z,2024-01-02,USD,ZAR,18.5889,LSL is pegged 1:1 to ZAR under the Common Monetary Area -- this rate applies directly to the Loti.
2026-09-08T12:10:19Z,2024-01-03,USD,ZAR,18.8048,LSL is pegged 1:1 to ZAR under the Common Monetary Area -- this rate applies directly to the Loti.
2026-09-08T12:10:19Z,2024-01-04,USD,ZAR,18.6497,LSL is pegged 1:1 to ZAR under the Common Monetary Area -- this rate applies directly to the Loti.
2026-09-08T12:10:19Z,2024-01-05,USD,ZAR,18.8179,LSL is pegged 1:1 to ZAR under the Common Monetary Area -- this rate applies directly to the Loti.
2026-09-08T12:10:19Z,2024-01-08,USD,ZAR,18.7265,LSL is pegged 1:1 to ZAR under the Common Monetary Area -- this rate applies directly to the Loti.
2026-09-08T12:10:19Z,2024-01-09,USD,ZAR,18.6819,LSL is pegged 1:1 to ZAR under the Common Monetary Area -- this rate applies directly to the Loti.
2026-09-08T12:10:19Z,2024-01-10,USD,ZAR,18.6497,LSL is pegged 1:1 to ZAR under the Common Monetary Area -- this rate applies directly to the Loti.
2026-09-08T12:10:19Z,2024-01-11,USD,ZAR,18.5974,LSL is pegged 1:1 to ZAR under the Common Monetary Area -- this rate applies directly to the Loti.
2026-09-08T12:10:19Z,2024-01-12,USD,ZAR,18.6812,LSL is pegged 1:1 to ZAR under the Common Monetary Area -- this rate applies directly to the Loti.
2026-09-08T12:10:19Z,2024-01-15,USD,ZAR,18.667,LSL is pegged 1:1 to ZAR under the Common Monetary Area -- this rate applies directly to the Loti.
2026-09-08T12:10:19Z,2024-01-16,USD,ZAR,18.8872,LSL is pegged 1:1 to ZAR under the Common Monetary Area -- this rate applies directly to the Loti.
2026-09-08T12:10:19Z,2024-01-17,USD,ZAR,19.0613,LSL is pegged 1:1 to ZAR under the Common Monetary Area -- this rate applies directly to the Loti.
2026-09-08T12:10:19Z,2024-01-18,USD,ZAR,18.9398,LSL is pegged 1:1 to ZAR under the Common Monetary Area -- this rate applies directly to the Loti.
2026-09-08T12:10:19Z,2024-01-19,USD,ZAR,19.0034,LSL is pegged 1:1 to ZAR under the Common Monetary Area -- this rate applies directly to the Loti.
2026-09-08T12:10:19Z,2024-01-22,USD,ZAR,19.1781,LSL is pegged 1:1 to ZAR under the Common Monetary Area -- this rate applies directly to the Loti.
2026-09-08T12:10:19Z,2024-01-23,USD,ZAR,19.0416,LSL is pegged 1:1 to ZAR under the Common Monetary Area -- this rate applies directly to the Loti.
2026-09-08T12:10:19Z,2024-01-24,USD,ZAR,18.8326,LSL is pegged 1:1 to ZAR under the Common Monetary Area -- this rate applies directly to the Loti.
2026-09-08T12:10:19Z,2024-01-25,USD,ZAR,18.8938,LSL is pegged 1:1 to ZAR under the Common Monetary Area -- this rate applies directly to the Loti.
2026-09-08T12:10:19Z,2024-01-26,USD,ZAR,18.7894,LSL is pegged 1:1 to ZAR under the Common Monetary Area -- this rate applies directly to the Loti.
2026-09-08T12:10:19Z,2024-01-29,USD,ZAR,18.7582,LSL is pegged 1:1 to ZAR under the Common Monetary Area -- this rate applies directly to the Loti.
2026-09-08T12:10:19Z,2024-01-30,USD,ZAR,18.8945,LSL is pegged 1:1 to ZAR under the Common Monetary Area -- this rate applies directly to the Loti.
2026-09-08T12:10:19Z,2024-01-31,USD,ZAR,18.7543,LSL is pegged 1:1 to ZAR under the Common Monetary Area -- this rate applies directly to the Loti.
2026-09-08T12:10:19Z,2024-02-01,USD,ZAR,18.7109,LSL is pegged 1:1 to ZAR under the Common Monetary Area -- this rate applies directly to the Loti.
2026-09-08T12:10:19Z,2024-02-02,USD,ZAR,18.6502,LSL is pegged 1:1 to ZAR under the Common Monetary Area -- this rate applies directly to the Loti.
2026-09-08T12:10:19Z,2024-02-05,USD,ZAR,19.0052,LSL is pegged 1:1 to ZAR under the Common Monetary Area -- this rate applies directly to the Loti.
2026-09-08T12:10:19Z,2024-02-06,USD,ZAR,18.9212,LSL is pegged 1:1 to ZAR under the Common Monetary Area -- this rate applies directly to the Loti.
2026-09-08T12:10:19Z,2024-02-07,USD,ZAR,18.9022,LSL is pegged 1:1 to ZAR under the Common Monetary Area -- this rate applies directly to the Loti.
2026-09-08T12:10:19Z,2024-02-08,USD,ZAR,18.9561,LSL is pegged 1:1 to ZAR under the Common Monetary Area -- this rate applies directly to the Loti.
2026-09-08T12:10:19Z,2024-02-09,USD,ZAR,19.0169,LSL is pegged 1:1 to ZAR under the Common Monetary Area -- this rate applies directly to the Loti.
2026-09-08T12:10:19Z,2024-02-12,USD,ZAR,18.9975,LSL is pegged 1:1 to ZAR under the Common Monetary Area -- this rate applies directly to the Loti.
2026-09-08T12:10:19Z,2024-02-13,USD,ZAR,18.8252,LSL is pegged 1:1 to ZAR under the Common Monetary Area -- this rate applies directly to the Loti.
2026-09-08T12:10:19Z,2024-02-14,USD,ZAR,19.0404,LSL is pegged 1:1 to ZAR under the Common Monetary Area -- this rate applies directly to the Loti.
2026-09-08T12:10:19Z,2024-02-15,USD,ZAR,19.0236,LSL is pegged 1:1 to ZAR under the Common Monetary Area -- this rate applies directly to the Loti.
2026-09-08T12:10:19Z,2024-02-16,USD,ZAR,18.8874,LSL is pegged 1:1 to ZAR under the Common Monetary Area -- this rate applies directly to the Loti.
2026-09-08T12:10:19Z,2024-02-19,USD,ZAR,18.9597,LSL is pegged 1:1 to ZAR under the Common Monetary Area -- this rate applies directly to the Loti.
2026-09-08T12:10:19Z,2024-02-20,USD,ZAR,18.9474,LSL is pegged 1:1 to ZAR under the Common Monetary Area -- this rate applies directly to the Loti.
2026-09-08T12:10:19Z,2024-02-21,USD,ZAR,18.8223,LSL is pegged 1:1 to ZAR under the Common Monetary Area -- this rate applies directly to the Loti.
2026-09-08T12:10:19Z,2024-02-22,USD,ZAR,19.0603,LSL is pegged 1:1 to ZAR under the Common Monetary Area -- this rate applies directly to the Loti.
2026-09-08T12:10:19Z,2024-02-23,USD,ZAR,19.2607,LSL is pegged 1:1 to ZAR under the Common Monetary Area -- this rate applies directly to the Loti.
2026-09-08T12:10:19Z,2024-02-26,USD,ZAR,19.3052,LSL is pegged 1:1 to ZAR under the Common Monetary Area -- this rate applies directly to the Loti.
2026-09-08T12:10:19Z,2024-02-27,USD,ZAR,19.1341,LSL is pegged 1:1 to ZAR under the Common Monetary Area -- this rate applies directly to the Loti.
2026-09-08T12:10:19Z,2024-02-28,USD,ZAR,19.2321,LSL is pegged 1:1 to ZAR under the Common Monetary Area -- this rate applies directly to the Loti.
2026-09-08T12:10:19Z,2024-02-29,USD,ZAR,19.3063,LSL is pegged 1:1 to ZAR under the Common Monetary Area -- this rate applies directly to the Loti.
2026-09-08T12:10:19Z,2024-03-01,USD,ZAR,19.1769,LSL is pegged 1:1 to ZAR under the Common Monetary Area -- this rate applies directly to the Loti.
2026-09-08T12:10:19Z,2024-03-04,USD,ZAR,19.0282,LSL is pegged 1:1 to ZAR under the Common Monetary Area -- this rate applies directly to the Loti.
2026-09-08T12:10:19Z,2024-03-05,USD,ZAR,18.975,LSL is pegged 1:1 to ZAR under the Common Monetary Area -- this rate applies directly to the Loti.
2026-09-08T12:10:19Z,2024-03-06,USD,ZAR,18.8882,LSL is pegged 1:1 to ZAR under the Common Monetary Area -- this rate applies directly to the Loti.
2026-09-08T12:10:19Z,2024-03-07,USD,ZAR,18.7811,LSL is pegged 1:1 to ZAR under the Common Monetary Area -- this rate applies directly to the Loti.
2026-09-08T12:10:19Z,2024-03-08,USD,ZAR,18.6425,LSL is pegged 1:1 to ZAR under the Common Monetary Area -- this rate applies directly to the Loti.
2026-09-08T12:10:19Z,2024-03-11,USD,ZAR,18.6967,LSL is pegged 1:1 to ZAR under the Common Monetary Area -- this rate applies directly to the Loti.
2026-09-08T12:10:19Z,2024-03-12,USD,ZAR,18.6781,LSL is pegged 1:1 to ZAR under the Common Monetary Area -- this rate applies directly to the Loti.
2026-09-08T12:10:19Z,2024-03-13,USD,ZAR,18.6982,LSL is pegged 1:1 to ZAR under the Common Monetary Area -- this rate applies directly to the Loti.
2026-09-08T12:10:19Z,2024-03-14,USD,ZAR,18.6416,LSL is pegged 1:1 to ZAR under the Common Monetary Area -- this rate applies directly to the Loti.
2026-09-08T12:10:19Z,2024-03-15,USD,ZAR,18.6853,LSL is pegged 1:1 to ZAR under the Common Monetary Area -- this rate applies directly to the Loti.
2026-09-08T12:10:19Z,2024-03-18,USD,ZAR,18.9001,LSL is pegged 1:1 to ZAR under the Common Monetary Area -- this rate applies directly to the Loti.
2026-09-08T12:10:19Z,2024-03-19,USD,ZAR,18.9276,LSL is pegged 1:1 to ZAR under the Common Monetary Area -- this rate applies directly to the Loti.
2026-09-08T12:10:19Z,2024-03-20,USD,ZAR,18.8667,LSL is pegged 1:1 to ZAR under the Common Monetary Area -- this rate applies directly to the Loti.
2026-09-08T12:10:19Z,2024-03-21,USD,ZAR,18.7201,LSL is pegged 1:1 to ZAR under the Common Monetary Area -- this rate applies directly to the Loti.
2026-09-08T12:10:19Z,2024-03-22,USD,ZAR,18.9966,LSL is pegged 1:1 to ZAR under the Common Monetary Area -- this rate applies directly to the Loti.
2026-09-08T12:10:19Z,2024-03-25,USD,ZAR,18.91,LSL is pegged 1:1 to ZAR under the Common Monetary Area -- this rate applies directly to the Loti.
2026-09-08T12:10:19Z,2024-03-26,USD,ZAR,18.912,LSL is pegged 1:1 to ZAR under the Common Monetary Area -- this rate applies directly to the Loti.
2026-09-08T12:10:19Z,2024-03-27,USD,ZAR,18.9275,LSL is pegged 1:1 to ZAR under the Common Monetary Area -- this rate applies directly to the Loti.
2026-09-08T12:10:19Z,2024-03-28,USD,ZAR,18.9834,LSL is pegged 1:1 to ZAR under the Common Monetary Area -- this rate applies directly to the Loti.
2026-09-08T12:10:19Z,2024-04-02,USD,ZAR,18.8297,LSL is pegged 1:1 to ZAR under the Common Monetary Area -- this rate applies directly to the Loti.
2026-09-08T12:10:19Z,2024-04-03,USD,ZAR,18.7953,LSL is pegged 1:1 to ZAR under the Common Monetary Area -- this rate applies directly to the Loti.
2026-09-08T12:10:19Z,2024-04-04,USD,ZAR,18.6786,LSL is pegged 1:1 to ZAR under the Common Monetary Area -- this rate applies directly to the Loti.
2026-09-08T12:10:19Z,2024-04-05,USD,ZAR,18.6062,LSL is pegged 1:1 to ZAR under the Common Monetary Area -- this rate applies directly to the Loti.
2026-09-08T12:10:19Z,2024-04-08,USD,ZAR,18.6242,LSL is pegged 1:1 to ZAR under the Common Monetary Area -- this rate applies directly to the Loti.
2026-09-08T12:10:19Z,2024-04-09,USD,ZAR,18.4835,LSL is pegged 1:1 to ZAR under the Common Monetary Area -- this rate applies directly to the Loti.
2026-09-08T12:10:19Z,2024-04-10,USD,ZAR,18.4945,LSL is pegged 1:1 to ZAR under the Common Monetary Area -- this rate applies directly to the Loti.
2026-09-08T12:10:19Z,2024-04-11,USD,ZAR,18.7911,LSL is pegged 1:1 to ZAR under the Common Monetary Area -- this rate applies directly to the Loti.
2026-09-08T12:10:19Z,2024-04-12,USD,ZAR,18.7671,LSL is pegged 1:1 to ZAR under the Common Monetary Area -- this rate applies directly to the Loti.
2026-09-08T12:10:19Z,2024-04-15,USD,ZAR,18.963,LSL is pegged 1:1 to ZAR under the Common Monetary Area -- this rate applies directly to the Loti.
2026-09-08T12:10:19Z,2024-04-16,USD,ZAR,18.9997,LSL is pegged 1:1 to ZAR under the Common Monetary Area -- this rate applies directly to the Loti.
2026-09-08T12:10:19Z,2024-04-17,USD,ZAR,19.059,LSL is pegged 1:1 to ZAR under the Common Monetary Area -- this rate applies directly to the Loti.
2026-09-08T12:10:19Z,2024-04-18,USD,ZAR,19.0523,LSL is pegged 1:1 to ZAR under the Common Monetary Area -- this rate applies directly to the Loti.
2026-09-08T12:10:19Z,2024-04-19,USD,ZAR,19.2237,LSL is pegged 1:1 to ZAR under the Common Monetary Area -- this rate applies directly to the Loti.
2026-09-08T12:10:19Z,2024-04-22,USD,ZAR,19.1375,LSL is pegged 1:1 to ZAR under the Common Monetary Area -- this rate applies directly to the Loti.
2026-09-08T12:10:19Z,2024-04-23,USD,ZAR,19.2374,LSL is pegged 1:1 to ZAR under the Common Monetary Area -- this rate applies directly to the Loti.
2026-09-08T12:10:19Z,2024-04-24,USD,ZAR,19.1896,LSL is pegged 1:1 to ZAR under the Common Monetary Area -- this rate applies directly to the Loti.
2026-09-08T12:10:19Z,2024-04-25,USD,ZAR,18.972,LSL is pegged 1:1 to ZAR under the Common Monetary Area -- this rate applies directly to the Loti.
2026-09-08T12:10:19Z,2024-04-26,USD,ZAR,18.8576,LSL is pegged 1:1 to ZAR under the Common Monetary Area -- this rate applies directly to the Loti.
2026-09-08T12:10:19Z,2024-04-29,USD,ZAR,18.7034,LSL is pegged 1:1 to ZAR under the Common Monetary Area -- this rate applies directly to the Loti.
2026-09-08T12:10:19Z,2024-04-30,USD,ZAR,18.7236,LSL is pegged 1:1 to ZAR under the Common Monetary Area -- this rate applies directly to the Loti.
2026-09-08T12:10:19Z,2024-05-02,USD,ZAR,18.6661,LSL is pegged 1:1 to ZAR under the Common Monetary Area -- this rate applies directly to the Loti.
2026-09-08T12:10:19Z,2024-05-03,USD,ZAR,18.5175,LSL is pegged 1:1 to ZAR under the Common Monetary Area -- this rate applies directly to the Loti.
2026-09-08T12:10:19Z,2024-05-06,USD,ZAR,18.4084,LSL is pegged 1:1 to ZAR under the Common Monetary Area -- this rate applies directly to the Loti.
2026-09-08T12:10:19Z,2024-05-07,USD,ZAR,18.4959,LSL is pegged 1:1 to ZAR under the Common Monetary Area -- this rate applies directly to the Loti.
2026-09-08T12:10:19Z,2024-05-08,USD,ZAR,18.6549,LSL is pegged 1:1 to ZAR under the Common Monetary Area -- this rate applies directly to the Loti.
2026-09-08T12:10:19Z,2024-05-09,USD,ZAR,18.5293,LSL is pegged 1:1 to ZAR under the Common Monetary Area -- this rate applies directly to the Loti.
2026-09-08T12:10:19Z,2024-05-10,USD,ZAR,18.4315,LSL is pegged 1:1 to ZAR under the Common Monetary Area -- this rate applies directly to the Loti.
2026-09-08T12:10:19Z,2024-05-13,USD,ZAR,18.359,LSL is pegged 1:1 to ZAR under the Common Monetary Area -- this rate applies directly to the Loti.
2026-09-08T12:10:19Z,2024-05-14,USD,ZAR,18.4175,LSL is pegged 1:1 to ZAR under the Common Monetary Area -- this rate applies directly to the Loti.
2026-09-08T12:10:19Z,2024-05-15,USD,ZAR,18.3782,LSL is pegged 1:1 to ZAR under the Common Monetary Area -- this rate applies directly to the Loti.
2026-09-08T12:10:19Z,2024-05-16,USD,ZAR,18.2138,LSL is pegged 1:1 to ZAR under the Common Monetary Area -- this rate applies directly to the Loti.
2026-09-08T12:10:19Z,2024-05-17,USD,ZAR,18.2652,LSL is pegged 1:1 to ZAR under the Common Monetary Area -- this rate applies directly to the Loti.
2026-09-08T12:10:19Z,2024-05-20,USD,ZAR,18.2352,LSL is pegged 1:1 to ZAR under the Common Monetary Area -- this rate applies directly to the Loti.
2026-09-08T12:10:19Z,2024-05-21,USD,ZAR,18.1291,LSL is pegged 1:1 to ZAR under the Common Monetary Area -- this rate applies directly to the Loti.
2026-09-08T12:10:19Z,2024-05-22,USD,ZAR,18.2331,LSL is pegged 1:1 to ZAR under the Common Monetary Area -- this rate applies directly to the Loti.
2026-09-08T12:10:19Z,2024-05-23,USD,ZAR,18.3451,LSL is pegged 1:1 to ZAR under the Common Monetary Area -- this rate applies directly to the Loti.
2026-09-08T12:10:19Z,2024-05-24,USD,ZAR,18.4046,LSL is pegged 1:1 to ZAR under the Common Monetary Area -- this rate applies directly to the Loti.
2026-09-08T12:10:19Z,2024-05-27,USD,ZAR,18.4111,LSL is pegged 1:1 to ZAR under the Common Monetary Area -- this rate applies directly to the Loti.
2026-09-08T12:10:19Z,2024-05-28,USD,ZAR,18.3278,LSL is pegged 1:1 to ZAR under the Common Monetary Area -- this rate applies directly to the Loti.
2026-09-08T12:10:19Z,2024-05-29,USD,ZAR,18.3292,LSL is pegged 1:1 to ZAR under the Common Monetary Area -- this rate applies directly to the Loti.
2026-09-08T12:10:19Z,2024-05-30,USD,ZAR,18.6315,LSL is pegged 1:1 to ZAR under the Common Monetary Area -- this rate applies directly to the Loti.
2026-09-08T12:10:19Z,2024-05-31,USD,ZAR,18.6998,LSL is pegged 1:1 to ZAR under the Common Monetary Area -- this rate applies directly to the Loti.
2026-09-08T12:10:19Z,2024-06-03,USD,ZAR,18.6801,LSL is pegged 1:1 to ZAR under the Common Monetary Area -- this rate applies directly to the Loti.
2026-09-08T12:10:19Z,2024-06-04,USD,ZAR,18.6829,LSL is pegged 1:1 to ZAR under the Common Monetary Area -- this rate applies directly to the Loti.
2026-09-08T12:10:19Z,2024-06-05,USD,ZAR,18.9358,LSL is pegged 1:1 to ZAR under the Common Monetary Area -- this rate applies directly to the Loti.
2026-09-08T12:10:19Z,2024-06-06,USD,ZAR,18.9857,LSL is pegged 1:1 to ZAR under the Common Monetary Area -- this rate applies directly to the Loti.
2026-09-08T12:10:19Z,2024-06-07,USD,ZAR,18.7943,LSL is pegged 1:1 to ZAR under the Common Monetary Area -- this rate applies directly to the Loti.
2026-09-08T12:10:19Z,2024-06-10,USD,ZAR,18.7086,LSL is pegged 1:1 to ZAR under the Common Monetary Area -- this rate applies directly to the Loti.
2026-09-08T12:10:19Z,2024-06-11,USD,ZAR,18.5996,LSL is pegged 1:1 to ZAR under the Common Monetary Area -- this rate applies directly to the Loti.
2026-09-08T12:10:19Z,2024-06-12,USD,ZAR,18.6242,LSL is pegged 1:1 to ZAR under the Common Monetary Area -- this rate applies directly to the Loti.
2026-09-08T12:10:19Z,2024-06-13,USD,ZAR,18.3962,LSL is pegged 1:1 to ZAR under the Common Monetary Area -- this rate applies directly to the Loti.
2026-09-08T12:10:19Z,2024-06-14,USD,ZAR,18.3435,LSL is pegged 1:1 to ZAR under the Common Monetary Area -- this rate applies directly to the Loti.
2026-09-08T12:10:19Z,2024-06-17,USD,ZAR,18.2844,LSL is pegged 1:1 to ZAR under the Common Monetary Area -- this rate applies directly to the Loti.
2026-09-08T12:10:19Z,2024-06-18,USD,ZAR,18.1333,LSL is pegged 1:1 to ZAR under the Common Monetary Area -- this rate applies directly to the Loti.
2026-09-08T12:10:19Z,2024-06-19,USD,ZAR,18.0251,LSL is pegged 1:1 to ZAR under the Common Monetary Area -- this rate applies directly to the Loti.
2026-09-08T12:10:19Z,2024-06-20,USD,ZAR,18.1049,LSL is pegged 1:1 to ZAR under the Common Monetary Area -- this rate applies directly to the Loti.
2026-09-08T12:10:19Z,2024-06-21,USD,ZAR,17.8931,LSL is pegged 1:1 to ZAR under the Common Monetary Area -- this rate applies directly to the Loti.
2026-09-08T12:10:19Z,2024-06-24,USD,ZAR,18.1847,LSL is pegged 1:1 to ZAR under the Common Monetary Area -- this rate applies directly to the Loti.
2026-09-08T12:10:19Z,2024-06-25,USD,ZAR,18.1573,LSL is pegged 1:1 to ZAR under the Common Monetary Area -- this rate applies directly to the Loti.
2026-09-08T12:10:19Z,2024-06-26,USD,ZAR,18.1722,LSL is pegged 1:1 to ZAR under the Common Monetary Area -- this rate applies directly to the Loti.
2026-09-08T12:10:19Z,2024-06-27,USD,ZAR,18.3815,LSL is pegged 1:1 to ZAR under the Common Monetary Area -- this rate applies directly to the Loti.
2026-09-08T12:10:19Z,2024-06-28,USD,ZAR,18.213,LSL is pegged 1:1 to ZAR under the Common Monetary Area -- this rate applies directly to the Loti.
2026-09-08T12:10:19Z,2024-07-01,USD,ZAR,18.1494,LSL is pegged 1:1 to ZAR under the Common Monetary Area -- this rate applies directly to the Loti.
2026-09-08T12:10:19Z,2024-07-02,USD,ZAR,18.4697,LSL is pegged 1:1 to ZAR under the Common Monetary Area -- this rate applies directly to the Loti.
2026-09-08T12:10:19Z,2024-07-03,USD,ZAR,18.5025,LSL is pegged 1:1 to ZAR under the Common Monetary Area -- this rate applies directly to the Loti.
2026-09-08T12:10:19Z,2024-07-04,USD,ZAR,18.321,LSL is pegged 1:1 to ZAR under the Common Monetary Area -- this rate applies directly to the Loti.
2026-09-08T12:10:19Z,2024-07-05,USD,ZAR,18.2346,LSL is pegged 1:1 to ZAR under the Common Monetary Area -- this rate applies directly to the Loti.
2026-09-08T12:10:19Z,2024-07-08,USD,ZAR,18.1469,LSL is pegged 1:1 to ZAR under the Common Monetary Area -- this rate applies directly to the Loti.
2026-09-08T12:10:19Z,2024-07-09,USD,ZAR,18.1746,LSL is pegged 1:1 to ZAR under the Common Monetary Area -- this rate applies directly to the Loti.
2026-09-08T12:10:19Z,2024-07-10,USD,ZAR,18.0675,LSL is pegged 1:1 to ZAR under the Common Monetary Area -- this rate applies directly to the Loti.
2026-09-08T12:10:19Z,2024-07-11,USD,ZAR,18.0811,LSL is pegged 1:1 to ZAR under the Common Monetary Area -- this rate applies directly to the Loti.
2026-09-08T12:10:19Z,2024-07-12,USD,ZAR,17.9922,LSL is pegged 1:1 to ZAR under the Common Monetary Area -- this rate applies directly to the Loti.
2026-09-08T12:10:19Z,2024-07-15,USD,ZAR,18.1832,LSL is pegged 1:1 to ZAR under the Common Monetary Area -- this rate applies directly to the Loti.
2026-09-08T12:10:19Z,2024-07-16,USD,ZAR,18.0762,LSL is pegged 1:1 to ZAR under the Common Monetary Area -- this rate applies directly to the Loti.
2026-09-08T12:10:19Z,2024-07-17,USD,ZAR,18.1793,LSL is pegged 1:1 to ZAR under the Common Monetary Area -- this rate applies directly to the Loti.
2026-09-08T12:10:19Z,2024-07-18,USD,ZAR,18.2022,LSL is pegged 1:1 to ZAR under the Common Monetary Area -- this rate applies directly to the Loti.
2026-09-08T12:10:19Z,2024-07-19,USD,ZAR,18.3308,LSL is pegged 1:1 to ZAR under the Common Monetary Area -- this rate applies directly to the Loti.
2026-09-08T12:10:19Z,2024-07-22,USD,ZAR,18.2722,LSL is pegged 1:1 to ZAR under the Common Monetary Area -- this rate applies directly to the Loti.
2026-09-08T12:10:19Z,2024-07-23,USD,ZAR,18.4227,LSL is pegged 1:1 to ZAR under the Common Monetary Area -- this rate applies directly to the Loti.
2026-09-08T12:10:19Z,2024-07-24,USD,ZAR,18.3132,LSL is pegged 1:1 to ZAR under the Common Monetary Area -- this rate applies directly to the Loti.
2026-09-08T12:10:19Z,2024-07-25,USD,ZAR,18.4914,LSL is pegged 1:1 to ZAR under the Common Monetary Area -- this rate applies directly to the Loti.
2026-09-08T12:10:19Z,2024-07-26,USD,ZAR,18.2432,LSL is pegged 1:1 to ZAR under the Common Monetary Area -- this rate applies directly to the Loti.
2026-09-08T12:10:19Z,2024-07-29,USD,ZAR,18.4008,LSL is pegged 1:1 to ZAR under the Common Monetary Area -- this rate applies directly to the Loti.
2026-09-08T12:10:19Z,2024-07-30,USD,ZAR,18.368,LSL is pegged 1:1 to ZAR under the Common Monetary Area -- this rate applies directly to the Loti.
2026-09-08T12:10:19Z,2024-07-31,USD,ZAR,18.2305,LSL is pegged 1:1 to ZAR under the Common Monetary Area -- this rate applies directly to the Loti.
2026-09-08T12:10:19Z,2024-08-01,USD,ZAR,18.1791,LSL is pegged 1:1 to ZAR under the Common Monetary Area -- this rate applies directly to the Loti.
2026-09-08T12:10:19Z,2024-08-02,USD,ZAR,18.1862,LSL is pegged 1:1 to ZAR under the Common Monetary Area -- this rate applies directly to the Loti.
2026-09-08T12:10:19Z,2024-08-05,USD,ZAR,18.5765,LSL is pegged 1:1 to ZAR under the Common Monetary Area -- this rate applies directly to the Loti.
2026-09-08T12:10:19Z,2024-08-06,USD,ZAR,18.4718,LSL is pegged 1:1 to ZAR under the Common Monetary Area -- this rate applies directly to the Loti.
2026-09-08T12:10:19Z,2024-08-07,USD,ZAR,18.3428,LSL is pegged 1:1 to ZAR under the Common Monetary Area -- this rate applies directly to the Loti.
2026-09-08T12:10:19Z,2024-08-08,USD,ZAR,18.3888,LSL is pegged 1:1 to ZAR under the Common Monetary Area -- this rate applies directly to the Loti.
2026-09-08T12:10:19Z,2024-08-09,USD,ZAR,18.3356,LSL is pegged 1:1 to ZAR under the Common Monetary Area -- this rate applies directly to the Loti.
2026-09-08T12:10:19Z,2024-08-12,USD,ZAR,18.2194,LSL is pegged 1:1 to ZAR under the Common Monetary Area -- this rate applies directly to the Loti.
2026-09-08T12:10:19Z,2024-08-13,USD,ZAR,18.1704,LSL is pegged 1:1 to ZAR under the Common Monetary Area -- this rate applies directly to the Loti.
2026-09-08T12:10:19Z,2024-08-14,USD,ZAR,18.0839,LSL is pegged 1:1 to ZAR under the Common Monetary Area -- this rate applies directly to the Loti.
2026-09-08T12:10:19Z,2024-08-15,USD,ZAR,18.0078,LSL is pegged 1:1 to ZAR under the Common Monetary Area -- this rate applies directly to the Loti.
2026-09-08T12:10:19Z,2024-08-16,USD,ZAR,17.9182,LSL is pegged 1:1 to ZAR under the Common Monetary Area -- this rate applies directly to the Loti.
2026-09-08T12:10:19Z,2024-08-19,USD,ZAR,17.8381,LSL is pegged 1:1 to ZAR under the Common Monetary Area -- this rate applies directly to the Loti.
2026-09-08T12:10:19Z,2024-08-20,USD,ZAR,17.8,LSL is pegged 1:1 to ZAR under the Common Monetary Area -- this rate applies directly to the Loti.
2026-09-08T12:10:19Z,2024-08-21,USD,ZAR,17.8353,LSL is pegged 1:1 to ZAR under the Common Monetary Area -- this rate applies directly to the Loti.
2026-09-08T12:10:19Z,2024-08-22,USD,ZAR,17.9829,LSL is pegged 1:1 to ZAR under the Common Monetary Area -- this rate applies directly to the Loti.
2026-09-08T12:10:19Z,2024-08-23,USD,ZAR,17.9472,LSL is pegged 1:1 to ZAR under the Common Monetary Area -- this rate applies directly to the Loti.
2026-09-08T12:10:19Z,2024-08-26,USD,ZAR,17.7656,LSL is pegged 1:1 to ZAR under the Common Monetary Area -- this rate applies directly to the Loti.
2026-09-08T12:10:19Z,2024-08-27,USD,ZAR,17.7283,LSL is pegged 1:1 to ZAR under the Common Monetary Area -- this rate applies directly to the Loti.
2026-09-08T12:10:19Z,2024-08-28,USD,ZAR,17.7972,LSL is pegged 1:1 to ZAR under the Common Monetary Area -- this rate applies directly to the Loti.
2026-09-08T12:10:19Z,2024-08-29,USD,ZAR,17.7084,LSL is pegged 1:1 to ZAR under the Common Monetary Area -- this rate applies directly to the Loti.
2026-09-08T12:10:19Z,2024-08-30,USD,ZAR,17.6205,LSL is pegged 1:1 to ZAR under the Common Monetary Area -- this rate applies directly to the Loti.
2026-09-08T12:10:19Z,2024-09-02,USD,ZAR,17.9157,LSL is pegged 1:1 to ZAR under the Common Monetary Area -- this rate applies directly to the Loti.
2026-09-08T12:10:19Z,2024-09-03,USD,ZAR,17.9742,LSL is pegged 1:1 to ZAR under the Common Monetary Area -- this rate applies directly to the Loti.
2026-09-08T12:10:19Z,2024-09-04,USD,ZAR,17.9183,LSL is pegged 1:1 to ZAR under the Common Monetary Area -- this rate applies directly to the Loti.
2026-09-08T12:10:19Z,2024-09-05,USD,ZAR,17.785,LSL is pegged 1:1 to ZAR under the Common Monetary Area -- this rate applies directly to the Loti.
2026-09-08T12:10:19Z,2024-09-06,USD,ZAR,17.7317,LSL is pegged 1:1 to ZAR under the Common Monetary Area -- this rate applies directly to the Loti.
2026-09-08T12:10:19Z,2024-09-09,USD,ZAR,17.899,LSL is pegged 1:1 to ZAR under the Common Monetary Area -- this rate applies directly to the Loti.
2026-09-08T12:10:19Z,2024-09-10,USD,ZAR,17.9008,LSL is pegged 1:1 to ZAR under the Common Monetary Area -- this rate applies directly to the Loti.
2026-09-08T12:10:19Z,2024-09-11,USD,ZAR,17.875,LSL is pegged 1:1 to ZAR under the Common Monetary Area -- this rate applies directly to the Loti.
2026-09-08T12:10:19Z,2024-09-12,USD,ZAR,17.9478,LSL is pegged 1:1 to ZAR under the Common Monetary Area -- this rate applies directly to the Loti.
2026-09-08T12:10:19Z,2024-09-13,USD,ZAR,17.7949,LSL is pegged 1:1 to ZAR under the Common Monetary Area -- this rate applies directly to the Loti.
2026-09-08T12:10:19Z,2024-09-16,USD,ZAR,17.6413,LSL is pegged 1:1 to ZAR under the Common Monetary Area -- this rate applies directly to the Loti.
2026-09-08T12:10:19Z,2024-09-17,USD,ZAR,17.6334,LSL is pegged 1:1 to ZAR under the Common Monetary Area -- this rate applies directly to the Loti.
2026-09-08T12:10:19Z,2024-09-18,USD,ZAR,17.5774,LSL is pegged 1:1 to ZAR under the Common Monetary Area -- this rate applies directly to the Loti.
2026-09-08T12:10:19Z,2024-09-19,USD,ZAR,17.4304,LSL is pegged 1:1 to ZAR under the Common Monetary Area -- this rate applies directly to the Loti.
2026-09-08T12:10:19Z,2024-09-20,USD,ZAR,17.525,LSL is pegged 1:1 to ZAR under the Common Monetary Area -- this rate applies directly to the Loti.
2026-09-08T12:10:19Z,2024-09-23,USD,ZAR,17.3804,LSL is pegged 1:1 to ZAR under the Common Monetary Area -- this rate applies directly to the Loti.
2026-09-08T12:10:19Z,2024-09-24,USD,ZAR,17.3241,LSL is pegged 1:1 to ZAR under the Common Monetary Area -- this rate applies directly to the Loti.
2026-09-08T12:10:19Z,2024-09-25,USD,ZAR,17.146,LSL is pegged 1:1 to ZAR under the Common Monetary Area -- this rate applies directly to the Loti.
2026-09-08T12:10:19Z,2024-09-26,USD,ZAR,17.2461,LSL is pegged 1:1 to ZAR under the Common Monetary Area -- this rate applies directly to the Loti.
2026-09-08T12:10:19Z,2024-09-27,USD,ZAR,17.126,LSL is pegged 1:1 to ZAR under the Common Monetary Area -- this rate applies directly to the Loti.
2026-09-08T12:10:19Z,2024-09-30,USD,ZAR,17.172,LSL is pegged 1:1 to ZAR under the Common Monetary Area -- this rate applies directly to the Loti.
2026-09-08T12:10:19Z,2024-10-01,USD,ZAR,17.2817,LSL is pegged 1:1 to ZAR under the Common Monetary Area -- this rate applies directly to the Loti.
2026-09-08T12:10:19Z,2024-10-02,USD,ZAR,17.3973,LSL is pegged 1:1 to ZAR under the Common Monetary Area -- this rate applies directly to the Loti.
2026-09-08T12:10:19Z,2024-10-03,USD,ZAR,17.485,LSL is pegged 1:1 to ZAR under the Common Monetary Area -- this rate applies directly to the Loti.
2026-09-08T12:10:19Z,2024-10-04,USD,ZAR,17.482,LSL is pegged 1:1 to ZAR under the Common Monetary Area -- this rate applies directly to the Loti.
2026-09-08T12:10:19Z,2024-10-07,USD,ZAR,17.3901,LSL is pegged 1:1 to ZAR under the Common Monetary Area -- this rate applies directly to the Loti.
2026-09-08T12:10:19Z,2024-10-08,USD,ZAR,17.4635,LSL is pegged 1:1 to ZAR under the Common Monetary Area -- this rate applies directly to the Loti.
2026-09-08T12:10:19Z,2024-10-09,USD,ZAR,17.64,LSL is pegged 1:1 to ZAR under the Common Monetary Area -- this rate applies directly to the Loti.
2026-09-08T12:10:19Z,2024-10-10,USD,ZAR,17.5989,LSL is pegged 1:1 to ZAR under the Common Monetary Area -- this rate applies directly to the Loti.
2026-09-08T12:10:19Z,2024-10-11,USD,ZAR,17.4658,LSL is pegged 1:1 to ZAR under the Common Monetary Area -- this rate applies directly to the Loti.
2026-09-08T12:10:19Z,2024-10-14,USD,ZAR,17.5555,LSL is pegged 1:1 to ZAR under the Common Monetary Area -- this rate applies directly to the Loti.
2026-09-08T12:10:19Z,2024-10-15,USD,ZAR,17.5778,LSL is pegged 1:1 to ZAR under the Common Monetary Area -- this rate applies directly to the Loti.
2026-09-08T12:10:19Z,2024-10-16,USD,ZAR,17.5537,LSL is pegged 1:1 to ZAR under the Common Monetary Area -- this rate applies directly to the Loti.
2026-09-08T12:10:19Z,2024-10-17,USD,ZAR,17.7256,LSL is pegged 1:1 to ZAR under the Common Monetary Area -- this rate applies directly to the Loti.
2026-09-08T12:10:19Z,2024-10-18,USD,ZAR,17.5873,LSL is pegged 1:1 to ZAR under the Common Monetary Area -- this rate applies directly to the Loti.
2026-09-08T12:10:19Z,2024-10-21,USD,ZAR,17.615,LSL is pegged 1:1 to ZAR under the Common Monetary Area -- this rate applies directly to the Loti.
2026-09-08T12:10:19Z,2024-10-22,USD,ZAR,17.5755,LSL is pegged 1:1 to ZAR under the Common Monetary Area -- this rate applies directly to the Loti.
2026-09-08T12:10:19Z,2024-10-23,USD,ZAR,17.6795,LSL is pegged 1:1 to ZAR under the Common Monetary Area -- this rate applies directly to the Loti.
2026-09-08T12:10:19Z,2024-10-24,USD,ZAR,17.6743,LSL is pegged 1:1 to ZAR under the Common Monetary Area -- this rate applies directly to the Loti.
2026-09-08T12:10:19Z,2024-10-25,USD,ZAR,17.6099,LSL is pegged 1:1 to ZAR under the Common Monetary Area -- this rate applies directly to the Loti.
2026-09-08T12:10:19Z,2024-10-28,USD,ZAR,17.7368,LSL is pegged 1:1 to ZAR under the Common Monetary Area -- this rate applies directly to the Loti.
2026-09-08T12:10:19Z,2024-10-29,USD,ZAR,17.7337,LSL is pegged 1:1 to ZAR under the Common Monetary Area -- this rate applies directly to the Loti.
2026-09-08T12:10:19Z,2024-10-30,USD,ZAR,17.7101,LSL is pegged 1:1 to ZAR under the Common Monetary Area -- this rate applies directly to the Loti.
2026-09-08T12:10:19Z,2024-10-31,USD,ZAR,17.6318,LSL is pegged 1:1 to ZAR under the Common Monetary Area -- this rate applies directly to the Loti.
2026-09-08T12:10:19Z,2024-11-01,USD,ZAR,17.5573,LSL is pegged 1:1 to ZAR under the Common Monetary Area -- this rate applies directly to the Loti.
2026-09-08T12:10:19Z,2024-11-04,USD,ZAR,17.5393,LSL is pegged 1:1 to ZAR under the Common Monetary Area -- this rate applies directly to the Loti.
2026-09-08T12:10:19Z,2024-11-05,USD,ZAR,17.4614,LSL is pegged 1:1 to ZAR under the Common Monetary Area -- this rate applies directly to the Loti.
2026-09-08T12:10:19Z,2024-11-06,USD,ZAR,17.7505,LSL is pegged 1:1 to ZAR under the Common Monetary Area -- this rate applies directly to the Loti.
2026-09-08T12:10:19Z,2024-11-07,USD,ZAR,17.3693,LSL is pegged 1:1 to ZAR under the Common Monetary Area -- this rate applies directly to the Loti.
2026-09-08T12:10:19Z,2024-11-08,USD,ZAR,17.5248,LSL is pegged 1:1 to ZAR under the Common Monetary Area -- this rate applies directly to the Loti.
2026-09-08T12:10:19Z,2024-11-11,USD,ZAR,17.8548,LSL is pegged 1:1 to ZAR under the Common Monetary Area -- this rate applies directly to the Loti.
2026-09-08T12:10:19Z,2024-11-12,USD,ZAR,18.045,LSL is pegged 1:1 to ZAR under the Common Monetary Area -- this rate applies directly to the Loti.
2026-09-08T12:10:19Z,2024-11-13,USD,ZAR,18.0079,LSL is pegged 1:1 to ZAR under the Common Monetary Area -- this rate applies directly to the Loti.
2026-09-08T12:10:19Z,2024-11-14,USD,ZAR,18.3363,LSL is pegged 1:1 to ZAR under the Common Monetary Area -- this rate applies directly to the Loti.
2026-09-08T12:10:19Z,2024-11-15,USD,ZAR,18.1757,LSL is pegged 1:1 to ZAR under the Common Monetary Area -- this rate applies directly to the Loti.
2026-09-08T12:10:19Z,2024-11-18,USD,ZAR,18.0788,LSL is pegged 1:1 to ZAR under the Common Monetary Area -- this rate applies directly to the Loti.
2026-09-08T12:10:19Z,2024-11-19,USD,ZAR,18.0535,LSL is pegged 1:1 to ZAR under the Common Monetary Area -- this rate applies directly to the Loti.
2026-09-08T12:10:19Z,2024-11-20,USD,ZAR,18.1089,LSL is pegged 1:1 to ZAR under the Common Monetary Area -- this rate applies directly to the Loti.
2026-09-08T12:10:19Z,2024-11-21,USD,ZAR,18.0775,LSL is pegged 1:1 to ZAR under the Common Monetary Area -- this rate applies directly to the Loti.
2026-09-08T12:10:19Z,2024-11-22,USD,ZAR,18.0505,LSL is pegged 1:1 to ZAR under the Common Monetary Area -- this rate applies directly to the Loti.
2026-09-08T12:10:19Z,2024-11-25,USD,ZAR,18.065,LSL is pegged 1:1 to ZAR under the Common Monetary Area -- this rate applies directly to the Loti.
2026-09-08T12:10:19Z,2024-11-26,USD,ZAR,18.0889,LSL is pegged 1:1 to ZAR under the Common Monetary Area -- this rate applies directly to the Loti.
2026-09-08T12:10:19Z,2024-11-27,USD,ZAR,18.1456,LSL is pegged 1:1 to ZAR under the Common Monetary Area -- this rate applies directly to the Loti.
2026-09-08T12:10:19Z,2024-11-28,USD,ZAR,18.1522,LSL is pegged 1:1 to ZAR under the Common Monetary Area -- this rate applies directly to the Loti.
2026-09-08T12:10:19Z,2024-11-29,USD,ZAR,18.0626,LSL is pegged 1:1 to ZAR under the Common Monetary Area -- this rate applies directly to the Loti.
2026-09-08T12:10:19Z,2024-12-02,USD,ZAR,18.182,LSL is pegged 1:1 to ZAR under the Common Monetary Area -- this rate applies directly to the Loti.
2026-09-08T12:10:19Z,2024-12-03,USD,ZAR,18.1035,LSL is pegged 1:1 to ZAR under the Common Monetary Area -- this rate applies directly to the Loti.
2026-09-08T12:10:19Z,2024-12-04,USD,ZAR,18.1738,LSL is pegged 1:1 to ZAR under the Common Monetary Area -- this rate applies directly to the Loti.
2026-09-08T12:10:19Z,2024-12-05,USD,ZAR,18.0671,LSL is pegged 1:1 to ZAR under the Common Monetary Area -- this rate applies directly to the Loti.
2026-09-08T12:10:19Z,2024-12-06,USD,ZAR,18.0584,LSL is pegged 1:1 to ZAR under the Common Monetary Area -- this rate applies directly to the Loti.
2026-09-08T12:10:19Z,2024-12-09,USD,ZAR,17.8194,LSL is pegged 1:1 to ZAR under the Common Monetary Area -- this rate applies directly to the Loti.
2026-09-08T12:10:19Z,2024-12-10,USD,ZAR,17.8782,LSL is pegged 1:1 to ZAR under the Common Monetary Area -- this rate applies directly to the Loti.
2026-09-08T12:10:19Z,2024-12-11,USD,ZAR,17.7781,LSL is pegged 1:1 to ZAR under the Common Monetary Area -- this rate applies directly to the Loti.
2026-09-08T12:10:19Z,2024-12-12,USD,ZAR,17.6939,LSL is pegged 1:1 to ZAR under the Common Monetary Area -- this rate applies directly to the Loti.
2026-09-08T12:10:19Z,2024-12-13,USD,ZAR,17.8866,LSL is pegged 1:1 to ZAR under the Common Monetary Area -- this rate applies directly to the Loti.
2026-09-08T12:10:19Z,2024-12-16,USD,ZAR,17.8788,LSL is pegged 1:1 to ZAR under the Common Monetary Area -- this rate applies directly to the Loti.
2026-09-08T12:10:19Z,2024-12-17,USD,ZAR,18.1286,LSL is pegged 1:1 to ZAR under the Common Monetary Area -- this rate applies directly to the Loti.
2026-09-08T12:10:19Z,2024-12-18,USD,ZAR,18.0642,LSL is pegged 1:1 to ZAR under the Common Monetary Area -- this rate applies directly to the Loti.
2026-09-08T12:10:19Z,2024-12-19,USD,ZAR,18.3117,LSL is pegged 1:1 to ZAR under the Common Monetary Area -- this rate applies directly to the Loti.
2026-09-08T12:10:19Z,2024-12-20,USD,ZAR,18.3931,LSL is pegged 1:1 to ZAR under the Common Monetary Area -- this rate applies directly to the Loti.
2026-09-08T12:10:19Z,2024-12-23,USD,ZAR,18.478,LSL is pegged 1:1 to ZAR under the Common Monetary Area -- this rate applies directly to the Loti.
2026-09-08T12:10:19Z,2024-12-24,USD,ZAR,18.5948,LSL is pegged 1:1 to ZAR under the Common Monetary Area -- this rate applies directly to the Loti.
2026-09-08T12:10:19Z,2024-12-27,USD,ZAR,18.7119,LSL is pegged 1:1 to ZAR under the Common Monetary Area -- this rate applies directly to the Loti.
2026-09-08T12:10:19Z,2024-12-30,USD,ZAR,18.7372,LSL is pegged 1:1 to ZAR under the Common Monetary Area -- this rate applies directly to the Loti.
2026-09-08T12:10:19Z,2024-12-31,USD,ZAR,18.8842,LSL is pegged 1:1 to ZAR under the Common Monetary Area -- this rate applies directly to the Loti.
2026-09-08T12:10:19Z,2025-01-02,USD,ZAR,18.6725,LSL is pegged 1:1 to ZAR under the Common Monetary Area -- this rate applies directly to the Loti.
2026-09-08T12:10:19Z,2025-01-03,USD,ZAR,18.7355,LSL is pegged 1:1 to ZAR under the Common Monetary Area -- this rate applies directly to the Loti.
2026-09-08T12:10:19Z,2025-01-06,USD,ZAR,18.4849,LSL is pegged 1:1 to ZAR under the Common Monetary Area -- this rate applies directly to the Loti.
2026-09-08T12:10:19Z,2025-01-07,USD,ZAR,18.591,LSL is pegged 1:1 to ZAR under the Common Monetary Area -- this rate applies directly to the Loti.
2026-09-08T12:10:19Z,2025-01-08,USD,ZAR,18.8953,LSL is pegged 1:1 to ZAR under the Common Monetary Area -- this rate applies directly to the Loti.
2026-09-08T12:10:19Z,2025-01-09,USD,ZAR,18.8776,LSL is pegged 1:1 to ZAR under the Common Monetary Area -- this rate applies directly to the Loti.
2026-09-08T12:10:19Z,2025-01-10,USD,ZAR,19.0378,LSL is pegged 1:1 to ZAR under the Common Monetary Area -- this rate applies directly to the Loti.
2026-09-08T12:10:19Z,2025-01-13,USD,ZAR,19.1445,LSL is pegged 1:1 to ZAR under the Common Monetary Area -- this rate applies directly to the Loti.
2026-09-08T12:10:19Z,2025-01-14,USD,ZAR,18.95,LSL is pegged 1:1 to ZAR under the Common Monetary Area -- this rate applies directly to the Loti.
2026-09-08T12:10:19Z,2025-01-15,USD,ZAR,18.8659,LSL is pegged 1:1 to ZAR under the Common Monetary Area -- this rate applies directly to the Loti.
2026-09-08T12:10:19Z,2025-01-16,USD,ZAR,18.891,LSL is pegged 1:1 to ZAR under the Common Monetary Area -- this rate applies directly to the Loti.
2026-09-08T12:10:19Z,2025-01-17,USD,ZAR,18.7695,LSL is pegged 1:1 to ZAR under the Common Monetary Area -- this rate applies directly to the Loti.
2026-09-08T12:10:19Z,2025-01-20,USD,ZAR,18.7457,LSL is pegged 1:1 to ZAR under the Common Monetary Area -- this rate applies directly to the Loti.
2026-09-08T12:10:19Z,2025-01-21,USD,ZAR,18.6035,LSL is pegged 1:1 to ZAR under the Common Monetary Area -- this rate applies directly to the Loti.
2026-09-08T12:10:19Z,2025-01-22,USD,ZAR,18.4695,LSL is pegged 1:1 to ZAR under the Common Monetary Area -- this rate applies directly to the Loti.
2026-09-08T12:10:19Z,2025-01-23,USD,ZAR,18.5643,LSL is pegged 1:1 to ZAR under the Common Monetary Area -- this rate applies directly to the Loti.
2026-09-08T12:10:19Z,2025-01-24,USD,ZAR,18.3843,LSL is pegged 1:1 to ZAR under the Common Monetary Area -- this rate applies directly to the Loti.
2026-09-08T12:10:19Z,2025-01-27,USD,ZAR,18.6645,LSL is pegged 1:1 to ZAR under the Common Monetary Area -- this rate applies directly to the Loti.
2026-09-08T12:10:19Z,2025-01-28,USD,ZAR,18.6968,LSL is pegged 1:1 to ZAR under the Common Monetary Area -- this rate applies directly to the Loti.
2026-09-08T12:10:19Z,2025-01-29,USD,ZAR,18.6658,LSL is pegged 1:1 to ZAR under the Common Monetary Area -- this rate applies directly to the Loti.
2026-09-08T12:10:19Z,2025-01-30,USD,ZAR,18.5272,LSL is pegged 1:1 to ZAR under the Common Monetary Area -- this rate applies directly to the Loti.
2026-09-08T12:10:19Z,2025-01-31,USD,ZAR,18.6268,LSL is pegged 1:1 to ZAR under the Common Monetary Area -- this rate applies directly to the Loti.
2026-09-08T12:10:19Z,2025-02-03,USD,ZAR,18.8286,LSL is pegged 1:1 to ZAR under the Common Monetary Area -- this rate applies directly to the Loti.
2026-09-08T12:10:19Z,2025-02-04,USD,ZAR,18.7781,LSL is pegged 1:1 to ZAR under the Common Monetary Area -- this rate applies directly to the Loti.
2026-09-08T12:10:19Z,2025-02-05,USD,ZAR,18.5672,LSL is pegged 1:1 to ZAR under the Common Monetary Area -- this rate applies directly to the Loti.
2026-09-08T12:10:19Z,2025-02-06,USD,ZAR,18.6122,LSL is pegged 1:1 to ZAR under the Common Monetary Area -- this rate applies directly to the Loti.
2026-09-08T12:10:19Z,2025-02-07,USD,ZAR,18.4278,LSL is pegged 1:1 to ZAR under the Common Monetary Area -- this rate applies directly to the Loti.
2026-09-08T12:10:19Z,2025-02-10,USD,ZAR,18.4175,LSL is pegged 1:1 to ZAR under the Common Monetary Area -- this rate applies directly to the Loti.
2026-09-08T12:10:19Z,2025-02-11,USD,ZAR,18.4903,LSL is pegged 1:1 to ZAR under the Common Monetary Area -- this rate applies directly to the Loti.
2026-09-08T12:10:19Z,2025-02-12,USD,ZAR,18.4569,LSL is pegged 1:1 to ZAR under the Common Monetary Area -- this rate applies directly to the Loti.
2026-09-08T12:10:19Z,2025-02-13,USD,ZAR,18.5246,LSL is pegged 1:1 to ZAR under the Common Monetary Area -- this rate applies directly to the Loti.
2026-09-08T12:10:19Z,2025-02-14,USD,ZAR,18.3771,LSL is pegged 1:1 to ZAR under the Common Monetary Area -- this rate applies directly to the Loti.
2026-09-08T12:10:19Z,2025-02-17,USD,ZAR,18.439,LSL is pegged 1:1 to ZAR under the Common Monetary Area -- this rate applies directly to the Loti.
2026-09-08T12:10:19Z,2025-02-18,USD,ZAR,18.4367,LSL is pegged 1:1 to ZAR under the Common Monetary Area -- this rate applies directly to the Loti.
2026-09-08T12:10:19Z,2025-02-19,USD,ZAR,18.5258,LSL is pegged 1:1 to ZAR under the Common Monetary Area -- this rate applies directly to the Loti.
2026-09-08T12:10:19Z,2025-02-20,USD,ZAR,18.4315,LSL is pegged 1:1 to ZAR under the Common Monetary Area -- this rate applies directly to the Loti.
2026-09-08T12:10:19Z,2025-02-21,USD,ZAR,18.3899,LSL is pegged 1:1 to ZAR under the Common Monetary Area -- this rate applies directly to the Loti.
2026-09-08T12:10:19Z,2025-02-24,USD,ZAR,18.3487,LSL is pegged 1:1 to ZAR under the Common Monetary Area -- this rate applies directly to the Loti.
2026-09-08T12:10:19Z,2025-02-25,USD,ZAR,18.3731,LSL is pegged 1:1 to ZAR under the Common Monetary Area -- this rate applies directly to the Loti.
2026-09-08T12:10:19Z,2025-02-26,USD,ZAR,18.3901,LSL is pegged 1:1 to ZAR under the Common Monetary Area -- this rate applies directly to the Loti.
2026-09-08T12:10:19Z,2025-02-27,USD,ZAR,18.4162,LSL is pegged 1:1 to ZAR under the Common Monetary Area -- this rate applies directly to the Loti.
2026-09-08T12:10:19Z,2025-02-28,USD,ZAR,18.4341,LSL is pegged 1:1 to ZAR under the Common Monetary Area -- this rate applies directly to the Loti.
2026-09-08T12:10:19Z,2025-03-03,USD,ZAR,18.64,LSL is pegged 1:1 to ZAR under the Common Monetary Area -- this rate applies directly to the Loti.
2026-09-08T12:10:19Z,2025-03-04,USD,ZAR,18.5251,LSL is pegged 1:1 to ZAR under the Common Monetary Area -- this rate applies directly to the Loti.
2026-09-08T12:10:19Z,2025-03-05,USD,ZAR,18.4423,LSL is pegged 1:1 to ZAR under the Common Monetary Area -- this rate applies directly to the Loti.
2026-09-08T12:10:19Z,2025-03-06,USD,ZAR,18.3011,LSL is pegged 1:1 to ZAR under the Common Monetary Area -- this rate applies directly to the Loti.
2026-09-08T12:10:19Z,2025-03-07,USD,ZAR,18.1732,LSL is pegged 1:1 to ZAR under the Common Monetary Area -- this rate applies directly to the Loti.
2026-09-08T12:10:19Z,2025-03-10,USD,ZAR,18.2415,LSL is pegged 1:1 to ZAR under the Common Monetary Area -- this rate applies directly to the Loti.
2026-09-08T12:10:19Z,2025-03-11,USD,ZAR,18.2631,LSL is pegged 1:1 to ZAR under the Common Monetary Area -- this rate applies directly to the Loti.
2026-09-08T12:10:19Z,2025-03-12,USD,ZAR,18.3952,LSL is pegged 1:1 to ZAR under the Common Monetary Area -- this rate applies directly to the Loti.
2026-09-08T12:10:19Z,2025-03-13,USD,ZAR,18.4283,LSL is pegged 1:1 to ZAR under the Common Monetary Area -- this rate applies directly to the Loti.
2026-09-08T12:10:19Z,2025-03-14,USD,ZAR,18.1681,LSL is pegged 1:1 to ZAR under the Common Monetary Area -- this rate applies directly to the Loti.
2026-09-08T12:10:19Z,2025-03-17,USD,ZAR,18.1415,LSL is pegged 1:1 to ZAR under the Common Monetary Area -- this rate applies directly to the Loti.
2026-09-08T12:10:19Z,2025-03-18,USD,ZAR,18.0513,LSL is pegged 1:1 to ZAR under the Common Monetary Area -- this rate applies directly to the Loti.
2026-09-08T12:10:19Z,2025-03-19,USD,ZAR,18.1197,LSL is pegged 1:1 to ZAR under the Common Monetary Area -- this rate applies directly to the Loti.
2026-09-08T12:10:19Z,2025-03-20,USD,ZAR,18.1909,LSL is pegged 1:1 to ZAR under the Common Monetary Area -- this rate applies directly to the Loti.
2026-09-08T12:10:19Z,2025-03-21,USD,ZAR,18.1796,LSL is pegged 1:1 to ZAR under the Common Monetary Area -- this rate applies directly to the Loti.
2026-09-08T12:10:19Z,2025-03-24,USD,ZAR,18.1234,LSL is pegged 1:1 to ZAR under the Common Monetary Area -- this rate applies directly to the Loti.
2026-09-08T12:10:19Z,2025-03-25,USD,ZAR,18.1646,LSL is pegged 1:1 to ZAR under the Common Monetary Area -- this rate applies directly to the Loti.
2026-09-08T12:10:19Z,2025-03-26,USD,ZAR,18.2586,LSL is pegged 1:1 to ZAR under the Common Monetary Area -- this rate applies directly to the Loti.
2026-09-08T12:10:19Z,2025-03-27,USD,ZAR,18.2718,LSL is pegged 1:1 to ZAR under the Common Monetary Area -- this rate applies directly to the Loti.
2026-09-08T12:10:19Z,2025-03-28,USD,ZAR,18.1637,LSL is pegged 1:1 to ZAR under the Common Monetary Area -- this rate applies directly to the Loti.
2026-09-08T12:10:19Z,2025-03-31,USD,ZAR,18.3802,LSL is pegged 1:1 to ZAR under the Common Monetary Area -- this rate applies directly to the Loti.
2026-09-08T12:10:19Z,2025-04-01,USD,ZAR,18.3297,LSL is pegged 1:1 to ZAR under the Common Monetary Area -- this rate applies directly to the Loti.
2026-09-08T12:10:19Z,2025-04-02,USD,ZAR,18.6096,LSL is pegged 1:1 to ZAR under the Common Monetary Area -- this rate applies directly to the Loti.
2026-09-08T12:10:19Z,2025-04-03,USD,ZAR,18.8808,LSL is pegged 1:1 to ZAR under the Common Monetary Area -- this rate applies directly to the Loti.
2026-09-08T12:10:19Z,2025-04-04,USD,ZAR,19.0639,LSL is pegged 1:1 to ZAR under the Common Monetary Area -- this rate applies directly to the Loti.
2026-09-08T12:10:19Z,2025-04-07,USD,ZAR,19.3982,LSL is pegged 1:1 to ZAR under the Common Monetary Area -- this rate applies directly to the Loti.
2026-09-08T12:10:19Z,2025-04-08,USD,ZAR,19.3425,LSL is pegged 1:1 to ZAR under the Common Monetary Area -- this rate applies directly to the Loti.
2026-09-08T12:10:19Z,2025-04-09,USD,ZAR,19.7157,LSL is pegged 1:1 to ZAR under the Common Monetary Area -- this rate applies directly to the Loti.
2026-09-08T12:10:19Z,2025-04-10,USD,ZAR,19.4252,LSL is pegged 1:1 to ZAR under the Common Monetary Area -- this rate applies directly to the Loti.
2026-09-08T12:10:19Z,2025-04-11,USD,ZAR,19.2834,LSL is pegged 1:1 to ZAR under the Common Monetary Area -- this rate applies directly to the Loti.
2026-09-08T12:10:19Z,2025-04-14,USD,ZAR,18.9268,LSL is pegged 1:1 to ZAR under the Common Monetary Area -- this rate applies directly to the Loti.
2026-09-08T12:10:19Z,2025-04-15,USD,ZAR,18.9456,LSL is pegged 1:1 to ZAR under the Common Monetary Area -- this rate applies directly to the Loti.
2026-09-08T12:10:19Z,2025-04-16,USD,ZAR,18.8507,LSL is pegged 1:1 to ZAR under the Common Monetary Area -- this rate applies directly to the Loti.
2026-09-08T12:10:19Z,2025-04-17,USD,ZAR,18.8319,LSL is pegged 1:1 to ZAR under the Common Monetary Area -- this rate applies directly to the Loti.
2026-09-08T12:10:19Z,2025-04-22,USD,ZAR,18.6232,LSL is pegged 1:1 to ZAR under the Common Monetary Area -- this rate applies directly to the Loti.
2026-09-08T12:10:19Z,2025-04-23,USD,ZAR,18.601,LSL is pegged 1:1 to ZAR under the Common Monetary Area -- this rate applies directly to the Loti.
2026-09-08T12:10:19Z,2025-04-24,USD,ZAR,18.7096,LSL is pegged 1:1 to ZAR under the Common Monetary Area -- this rate applies directly to the Loti.
2026-09-08T12:10:19Z,2025-04-25,USD,ZAR,18.8087,LSL is pegged 1:1 to ZAR under the Common Monetary Area -- this rate applies directly to the Loti.
2026-09-08T12:10:19Z,2025-04-28,USD,ZAR,18.6283,LSL is pegged 1:1 to ZAR under the Common Monetary Area -- this rate applies directly to the Loti.
2026-09-08T12:10:19Z,2025-04-29,USD,ZAR,18.5474,LSL is pegged 1:1 to ZAR under the Common Monetary Area -- this rate applies directly to the Loti.
2026-09-08T12:10:19Z,2025-04-30,USD,ZAR,18.5615,LSL is pegged 1:1 to ZAR under the Common Monetary Area -- this rate applies directly to the Loti.
2026-09-08T12:10:19Z,2025-05-02,USD,ZAR,18.3779,LSL is pegged 1:1 to ZAR under the Common Monetary Area -- this rate applies directly to the Loti.
2026-09-08T12:10:19Z,2025-05-05,USD,ZAR,18.3091,LSL is pegged 1:1 to ZAR under the Common Monetary Area -- this rate applies directly to the Loti.
2026-09-08T12:10:19Z,2025-05-06,USD,ZAR,18.2649,LSL is pegged 1:1 to ZAR under the Common Monetary Area -- this rate applies directly to the Loti.
2026-09-08T12:10:19Z,2025-05-07,USD,ZAR,18.2887,LSL is pegged 1:1 to ZAR under the Common Monetary Area -- this rate applies directly to the Loti.
2026-09-08T12:10:19Z,2025-05-08,USD,ZAR,18.15,LSL is pegged 1:1 to ZAR under the Common Monetary Area -- this rate applies directly to the Loti.
2026-09-08T12:10:19Z,2025-05-09,USD,ZAR,18.2048,LSL is pegged 1:1 to ZAR under the Common Monetary Area -- this rate applies directly to the Loti.
2026-09-08T12:10:19Z,2025-05-12,USD,ZAR,18.3117,LSL is pegged 1:1 to ZAR under the Common Monetary Area -- this rate applies directly to the Loti.
2026-09-08T12:10:19Z,2025-05-13,USD,ZAR,18.3828,LSL is pegged 1:1 to ZAR under the Common Monetary Area -- this rate applies directly to the Loti.
2026-09-08T12:10:19Z,2025-05-14,USD,ZAR,18.2486,LSL is pegged 1:1 to ZAR under the Common Monetary Area -- this rate applies directly to the Loti.
2026-09-08T12:10:19Z,2025-05-15,USD,ZAR,18.0787,LSL is pegged 1:1 to ZAR under the Common Monetary Area -- this rate applies directly to the Loti.
2026-09-08T12:10:19Z,2025-05-16,USD,ZAR,18.1052,LSL is pegged 1:1 to ZAR under the Common Monetary Area -- this rate applies directly to the Loti.
2026-09-08T12:10:19Z,2025-05-19,USD,ZAR,18.0474,LSL is pegged 1:1 to ZAR under the Common Monetary Area -- this rate applies directly to the Loti.
2026-09-08T12:10:19Z,2025-05-20,USD,ZAR,17.9762,LSL is pegged 1:1 to ZAR under the Common Monetary Area -- this rate applies directly to the Loti.
2026-09-08T12:10:19Z,2025-05-21,USD,ZAR,17.9145,LSL is pegged 1:1 to ZAR under the Common Monetary Area -- this rate applies directly to the Loti.
2026-09-08T12:10:19Z,2025-05-22,USD,ZAR,18.0264,LSL is pegged 1:1 to ZAR under the Common Monetary Area -- this rate applies directly to the Loti.
2026-09-08T12:10:19Z,2025-05-23,USD,ZAR,17.9851,LSL is pegged 1:1 to ZAR under the Common Monetary Area -- this rate applies directly to the Loti.
2026-09-08T12:10:19Z,2025-05-26,USD,ZAR,17.8482,LSL is pegged 1:1 to ZAR under the Common Monetary Area -- this rate applies directly to the Loti.
2026-09-08T12:10:19Z,2025-05-27,USD,ZAR,17.9148,LSL is pegged 1:1 to ZAR under the Common Monetary Area -- this rate applies directly to the Loti.
2026-09-08T12:10:19Z,2025-05-28,USD,ZAR,17.912,LSL is pegged 1:1 to ZAR under the Common Monetary Area -- this rate applies directly to the Loti.
2026-09-08T12:10:19Z,2025-05-29,USD,ZAR,17.8513,LSL is pegged 1:1 to ZAR under the Common Monetary Area -- this rate applies directly to the Loti.
2026-09-08T12:10:19Z,2025-05-30,USD,ZAR,17.8975,LSL is pegged 1:1 to ZAR under the Common Monetary Area -- this rate applies directly to the Loti.
2026-09-08T12:10:19Z,2025-06-02,USD,ZAR,17.9289,LSL is pegged 1:1 to ZAR under the Common Monetary Area -- this rate applies directly to the Loti.
2026-09-08T12:10:19Z,2025-06-03,USD,ZAR,17.9088,LSL is pegged 1:1 to ZAR under the Common Monetary Area -- this rate applies directly to the Loti.
2026-09-08T12:10:19Z,2025-06-04,USD,ZAR,17.8479,LSL is pegged 1:1 to ZAR under the Common Monetary Area -- this rate applies directly to the Loti.
2026-09-08T12:10:19Z,2025-06-05,USD,ZAR,17.7502,LSL is pegged 1:1 to ZAR under the Common Monetary Area -- this rate applies directly to the Loti.
2026-09-08T12:10:19Z,2025-06-06,USD,ZAR,17.7671,LSL is pegged 1:1 to ZAR under the Common Monetary Area -- this rate applies directly to the Loti.
2026-09-08T12:10:19Z,2025-06-09,USD,ZAR,17.7397,LSL is pegged 1:1 to ZAR under the Common Monetary Area -- this rate applies directly to the Loti.
2026-09-08T12:10:19Z,2025-06-10,USD,ZAR,17.6726,LSL is pegged 1:1 to ZAR under the Common Monetary Area -- this rate applies directly to the Loti.
2026-09-08T12:10:19Z,2025-06-11,USD,ZAR,17.7626,LSL is pegged 1:1 to ZAR under the Common Monetary Area -- this rate applies directly to the Loti.
2026-09-08T12:10:19Z,2025-06-12,USD,ZAR,17.8101,LSL is pegged 1:1 to ZAR under the Common Monetary Area -- this rate applies directly to the Loti.
2026-09-08T12:10:19Z,2025-06-13,USD,ZAR,18.0125,LSL is pegged 1:1 to ZAR under the Common Monetary Area -- this rate applies directly to the Loti.
2026-09-08T12:10:19Z,2025-06-16,USD,ZAR,17.7812,LSL is pegged 1:1 to ZAR under the Common Monetary Area -- this rate applies directly to the Loti.
2026-09-08T12:10:19Z,2025-06-17,USD,ZAR,17.8173,LSL is pegged 1:1 to ZAR under the Common Monetary Area -- this rate applies directly to the Loti.
2026-09-08T12:10:19Z,2025-06-18,USD,ZAR,18.0761,LSL is pegged 1:1 to ZAR under the Common Monetary Area -- this rate applies directly to the Loti.
2026-09-08T12:10:19Z,2025-06-19,USD,ZAR,18.0894,LSL is pegged 1:1 to ZAR under the Common Monetary Area -- this rate applies directly to the Loti.
2026-09-08T12:10:19Z,2025-06-20,USD,ZAR,17.9896,LSL is pegged 1:1 to ZAR under the Common Monetary Area -- this rate applies directly to the Loti.
2026-09-08T12:10:19Z,2025-06-23,USD,ZAR,18.1076,LSL is pegged 1:1 to ZAR under the Common Monetary Area -- this rate applies directly to the Loti.
2026-09-08T12:10:19Z,2025-06-24,USD,ZAR,17.7341,LSL is pegged 1:1 to ZAR under the Common Monetary Area -- this rate applies directly to the Loti.
2026-09-08T12:10:19Z,2025-06-25,USD,ZAR,17.7953,LSL is pegged 1:1 to ZAR under the Common Monetary Area -- this rate applies directly to the Loti.
2026-09-08T12:10:19Z,2025-06-26,USD,ZAR,17.7999,LSL is pegged 1:1 to ZAR under the Common Monetary Area -- this rate applies directly to the Loti.
2026-09-08T12:10:19Z,2025-06-27,USD,ZAR,17.8025,LSL is pegged 1:1 to ZAR under the Common Monetary Area -- this rate applies directly to the Loti.
2026-09-08T12:10:19Z,2025-06-30,USD,ZAR,17.7824,LSL is pegged 1:1 to ZAR under the Common Monetary Area -- this rate applies directly to the Loti.
2026-09-08T12:10:19Z,2025-07-01,USD,ZAR,17.5843,LSL is pegged 1:1 to ZAR under the Common Monetary Area -- this rate applies directly to the Loti.
2026-09-08T12:10:19Z,2025-07-02,USD,ZAR,17.658,LSL is pegged 1:1 to ZAR under the Common Monetary Area -- this rate applies directly to the Loti.
2026-09-08T12:10:19Z,2025-07-03,USD,ZAR,17.5267,LSL is pegged 1:1 to ZAR under the Common Monetary Area -- this rate applies directly to the Loti.
2026-09-08T12:10:19Z,2025-07-04,USD,ZAR,17.6222,LSL is pegged 1:1 to ZAR under the Common Monetary Area -- this rate applies directly to the Loti.
2026-09-08T12:10:19Z,2025-07-07,USD,ZAR,17.7515,LSL is pegged 1:1 to ZAR under the Common Monetary Area -- this rate applies directly to the Loti.
2026-09-08T12:10:19Z,2025-07-08,USD,ZAR,17.7846,LSL is pegged 1:1 to ZAR under the Common Monetary Area -- this rate applies directly to the Loti.
2026-09-08T12:10:19Z,2025-07-09,USD,ZAR,17.8398,LSL is pegged 1:1 to ZAR under the Common Monetary Area -- this rate applies directly to the Loti.
2026-09-08T12:10:19Z,2025-07-10,USD,ZAR,17.7727,LSL is pegged 1:1 to ZAR under the Common Monetary Area -- this rate applies directly to the Loti.
2026-09-08T12:10:19Z,2025-07-11,USD,ZAR,17.9611,LSL is pegged 1:1 to ZAR under the Common Monetary Area -- this rate applies directly to the Loti.
2026-09-08T12:10:19Z,2025-07-14,USD,ZAR,17.8691,LSL is pegged 1:1 to ZAR under the Common Monetary Area -- this rate applies directly to the Loti.
2026-09-08T12:10:19Z,2025-07-15,USD,ZAR,17.8123,LSL is pegged 1:1 to ZAR under the Common Monetary Area -- this rate applies directly to the Loti.
2026-09-08T12:10:19Z,2025-07-16,USD,ZAR,17.9124,LSL is pegged 1:1 to ZAR under the Common Monetary Area -- this rate applies directly to the Loti.
2026-09-08T12:10:19Z,2025-07-17,USD,ZAR,17.8988,LSL is pegged 1:1 to ZAR under the Common Monetary Area -- this rate applies directly to the Loti.
2026-09-08T12:10:19Z,2025-07-18,USD,ZAR,17.7124,LSL is pegged 1:1 to ZAR under the Common Monetary Area -- this rate applies directly to the Loti.
2026-09-08T12:10:19Z,2025-07-21,USD,ZAR,17.7141,LSL is pegged 1:1 to ZAR under the Common Monetary Area -- this rate applies directly to the Loti.
2026-09-08T12:10:19Z,2025-07-22,USD,ZAR,17.5776,LSL is pegged 1:1 to ZAR under the Common Monetary Area -- this rate applies directly to the Loti.
2026-09-08T12:10:19Z,2025-07-23,USD,ZAR,17.561,LSL is pegged 1:1 to ZAR under the Common Monetary Area -- this rate applies directly to the Loti.
2026-09-08T12:10:19Z,2025-07-24,USD,ZAR,17.597,LSL is pegged 1:1 to ZAR under the Common Monetary Area -- this rate applies directly to the Loti.
2026-09-08T12:10:19Z,2025-07-25,USD,ZAR,17.7337,LSL is pegged 1:1 to ZAR under the Common Monetary Area -- this rate applies directly to the Loti.
2026-09-08T12:10:19Z,2025-07-28,USD,ZAR,17.8479,LSL is pegged 1:1 to ZAR under the Common Monetary Area -- this rate applies directly to the Loti.
2026-09-08T12:10:19Z,2025-07-29,USD,ZAR,17.965,LSL is pegged 1:1 to ZAR under the Common Monetary Area -- this rate applies directly to the Loti.
2026-09-08T12:10:19Z,2025-07-30,USD,ZAR,17.8685,LSL is pegged 1:1 to ZAR under the Common Monetary Area -- this rate applies directly to the Loti.
2026-09-08T12:10:19Z,2025-07-31,USD,ZAR,18.119,LSL is pegged 1:1 to ZAR under the Common Monetary Area -- this rate applies directly to the Loti.
2026-09-08T12:10:19Z,2025-08-01,USD,ZAR,18.3234,LSL is pegged 1:1 to ZAR under the Common Monetary Area -- this rate applies directly to the Loti.
2026-09-08T12:10:19Z,2025-08-04,USD,ZAR,18.0216,LSL is pegged 1:1 to ZAR under the Common Monetary Area -- this rate applies directly to the Loti.
2026-09-08T12:10:19Z,2025-08-05,USD,ZAR,18.0236,LSL is pegged 1:1 to ZAR under the Common Monetary Area -- this rate applies directly to the Loti.
2026-09-08T12:10:19Z,2025-08-06,USD,ZAR,17.8137,LSL is pegged 1:1 to ZAR under the Common Monetary Area -- this rate applies directly to the Loti.
2026-09-08T12:10:19Z,2025-08-07,USD,ZAR,17.7248,LSL is pegged 1:1 to ZAR under the Common Monetary Area -- this rate applies directly to the Loti.
2026-09-08T12:10:19Z,2025-08-08,USD,ZAR,17.7095,LSL is pegged 1:1 to ZAR under the Common Monetary Area -- this rate applies directly to the Loti.
2026-09-08T12:10:19Z,2025-08-11,USD,ZAR,17.7663,LSL is pegged 1:1 to ZAR under the Common Monetary Area -- this rate applies directly to the Loti.
2026-09-08T12:10:19Z,2025-08-12,USD,ZAR,17.715,LSL is pegged 1:1 to ZAR under the Common Monetary Area -- this rate applies directly to the Loti.
2026-09-08T12:10:19Z,2025-08-13,USD,ZAR,17.516,LSL is pegged 1:1 to ZAR under the Common Monetary Area -- this rate applies directly to the Loti.
2026-09-08T12:10:19Z,2025-08-14,USD,ZAR,17.5774,LSL is pegged 1:1 to ZAR under the Common Monetary Area -- this rate applies directly to the Loti.
2026-09-08T12:10:19Z,2025-08-15,USD,ZAR,17.5856,LSL is pegged 1:1 to ZAR under the Common Monetary Area -- this rate applies directly to the Loti.
2026-09-08T12:10:19Z,2025-08-18,USD,ZAR,17.6133,LSL is pegged 1:1 to ZAR under the Common Monetary Area -- this rate applies directly to the Loti.
2026-09-08T12:10:19Z,2025-08-19,USD,ZAR,17.616,LSL is pegged 1:1 to ZAR under the Common Monetary Area -- this rate applies directly to the Loti.
2026-09-08T12:10:19Z,2025-08-20,USD,ZAR,17.7023,LSL is pegged 1:1 to ZAR under the Common Monetary Area -- this rate applies directly to the Loti.
2026-09-08T12:10:19Z,2025-08-21,USD,ZAR,17.7026,LSL is pegged 1:1 to ZAR under the Common Monetary Area -- this rate applies directly to the Loti.
2026-09-08T12:10:19Z,2025-08-22,USD,ZAR,17.6292,LSL is pegged 1:1 to ZAR under the Common Monetary Area -- this rate applies directly to the Loti.
2026-09-08T12:10:19Z,2025-08-25,USD,ZAR,17.5549,LSL is pegged 1:1 to ZAR under the Common Monetary Area -- this rate applies directly to the Loti.
2026-09-08T12:10:19Z,2025-08-26,USD,ZAR,17.6398,LSL is pegged 1:1 to ZAR under the Common Monetary Area -- this rate applies directly to the Loti.
2026-09-08T12:10:19Z,2025-08-27,USD,ZAR,17.7624,LSL is pegged 1:1 to ZAR under the Common Monetary Area -- this rate applies directly to the Loti.
2026-09-08T12:10:19Z,2025-08-28,USD,ZAR,17.6276,LSL is pegged 1:1 to ZAR under the Common Monetary Area -- this rate applies directly to the Loti.
2026-09-08T12:10:19Z,2025-08-29,USD,ZAR,17.7355,LSL is pegged 1:1 to ZAR under the Common Monetary Area -- this rate applies directly to the Loti.
2026-09-08T12:10:19Z,2025-09-01,USD,ZAR,17.58,LSL is pegged 1:1 to ZAR under the Common Monetary Area -- this rate applies directly to the Loti.
2026-09-08T12:10:19Z,2025-09-02,USD,ZAR,17.7263,LSL is pegged 1:1 to ZAR under the Common Monetary Area -- this rate applies directly to the Loti.
2026-09-08T12:10:19Z,2025-09-03,USD,ZAR,17.6298,LSL is pegged 1:1 to ZAR under the Common Monetary Area -- this rate applies directly to the Loti.
2026-09-08T12:10:19Z,2025-09-04,USD,ZAR,17.7917,LSL is pegged 1:1 to ZAR under the Common Monetary Area -- this rate applies directly to the Loti.
2026-09-08T12:10:19Z,2025-09-05,USD,ZAR,17.6661,LSL is pegged 1:1 to ZAR under the Common Monetary Area -- this rate applies directly to the Loti.
2026-09-08T12:10:19Z,2025-09-08,USD,ZAR,17.5674,LSL is pegged 1:1 to ZAR under the Common Monetary Area -- this rate applies directly to the Loti.
2026-09-08T12:10:19Z,2025-09-09,USD,ZAR,17.4847,LSL is pegged 1:1 to ZAR under the Common Monetary Area -- this rate applies directly to the Loti.
2026-09-08T12:10:19Z,2025-09-10,USD,ZAR,17.5707,LSL is pegged 1:1 to ZAR under the Common Monetary Area -- this rate applies directly to the Loti.
2026-09-08T12:10:19Z,2025-09-11,USD,ZAR,17.5456,LSL is pegged 1:1 to ZAR under the Common Monetary Area -- this rate applies directly to the Loti.
2026-09-08T12:10:19Z,2025-09-12,USD,ZAR,17.3861,LSL is pegged 1:1 to ZAR under the Common Monetary Area -- this rate applies directly to the Loti.
2026-09-08T12:10:19Z,2025-09-15,USD,ZAR,17.3219,LSL is pegged 1:1 to ZAR under the Common Monetary Area -- this rate applies directly to the Loti.
2026-09-08T12:10:19Z,2025-09-16,USD,ZAR,17.3583,LSL is pegged 1:1 to ZAR under the Common Monetary Area -- this rate applies directly to the Loti.
2026-09-08T12:10:19Z,2025-09-17,USD,ZAR,17.3862,LSL is pegged 1:1 to ZAR under the Common Monetary Area -- this rate applies directly to the Loti.
2026-09-08T12:10:19Z,2025-09-18,USD,ZAR,17.3532,LSL is pegged 1:1 to ZAR under the Common Monetary Area -- this rate applies directly to the Loti.
2026-09-08T12:10:19Z,2025-09-19,USD,ZAR,17.3858,LSL is pegged 1:1 to ZAR under the Common Monetary Area -- this rate applies directly to the Loti.
2026-09-08T12:10:19Z,2025-09-22,USD,ZAR,17.3041,LSL is pegged 1:1 to ZAR under the Common Monetary Area -- this rate applies directly to the Loti.
2026-09-08T12:10:19Z,2025-09-23,USD,ZAR,17.3187,LSL is pegged 1:1 to ZAR under the Common Monetary Area -- this rate applies directly to the Loti.
2026-09-08T12:10:19Z,2025-09-24,USD,ZAR,17.2967,LSL is pegged 1:1 to ZAR under the Common Monetary Area -- this rate applies directly to the Loti.
2026-09-08T12:10:19Z,2025-09-25,USD,ZAR,17.3482,LSL is pegged 1:1 to ZAR under the Common Monetary Area -- this rate applies directly to the Loti.
2026-09-08T12:10:19Z,2025-09-26,USD,ZAR,17.4503,LSL is pegged 1:1 to ZAR under the Common Monetary Area -- this rate applies directly to the Loti.
2026-09-08T12:10:19Z,2025-09-29,USD,ZAR,17.2882,LSL is pegged 1:1 to ZAR under the Common Monetary Area -- this rate applies directly to the Loti.
2026-09-08T12:10:19Z,2025-09-30,USD,ZAR,17.2745,LSL is pegged 1:1 to ZAR under the Common Monetary Area -- this rate applies directly to the Loti.
2026-09-08T12:10:19Z,2025-10-01,USD,ZAR,17.1836,LSL is pegged 1:1 to ZAR under the Common Monetary Area -- this rate applies directly to the Loti.
2026-09-08T12:10:19Z,2025-10-02,USD,ZAR,17.1856,LSL is pegged 1:1 to ZAR under the Common Monetary Area -- this rate applies directly to the Loti.
2026-09-08T12:10:19Z,2025-10-03,USD,ZAR,17.2567,LSL is pegged 1:1 to ZAR under the Common Monetary Area -- this rate applies directly to the Loti.
2026-09-08T12:10:19Z,2025-10-06,USD,ZAR,17.2487,LSL is pegged 1:1 to ZAR under the Common Monetary Area -- this rate applies directly to the Loti.
2026-09-08T12:10:19Z,2025-10-07,USD,ZAR,17.1987,LSL is pegged 1:1 to ZAR under the Common Monetary Area -- this rate applies directly to the Loti.
2026-09-08T12:10:19Z,2025-10-08,USD,ZAR,17.1867,LSL is pegged 1:1 to ZAR under the Common Monetary Area -- this rate applies directly to the Loti.
2026-09-08T12:10:19Z,2025-10-09,USD,ZAR,17.1023,LSL is pegged 1:1 to ZAR under the Common Monetary Area -- this rate applies directly to the Loti.
2026-09-08T12:10:19Z,2025-10-10,USD,ZAR,17.2132,LSL is pegged 1:1 to ZAR under the Common Monetary Area -- this rate applies directly to the Loti.
2026-09-08T12:10:19Z,2025-10-13,USD,ZAR,17.3636,LSL is pegged 1:1 to ZAR under the Common Monetary Area -- this rate applies directly to the Loti.
2026-09-08T12:10:19Z,2025-10-14,USD,ZAR,17.463,LSL is pegged 1:1 to ZAR under the Common Monetary Area -- this rate applies directly to the Loti.
2026-09-08T12:10:19Z,2025-10-15,USD,ZAR,17.3206,LSL is pegged 1:1 to ZAR under the Common Monetary Area -- this rate applies directly to the Loti.
2026-09-08T12:10:19Z,2025-10-16,USD,ZAR,17.3165,LSL is pegged 1:1 to ZAR under the Common Monetary Area -- this rate applies directly to the Loti.
2026-09-08T12:10:19Z,2025-10-17,USD,ZAR,17.3786,LSL is pegged 1:1 to ZAR under the Common Monetary Area -- this rate applies directly to the Loti.
2026-09-08T12:10:19Z,2025-10-20,USD,ZAR,17.3213,LSL is pegged 1:1 to ZAR under the Common Monetary Area -- this rate applies directly to the Loti.
2026-09-08T12:10:19Z,2025-10-21,USD,ZAR,17.3301,LSL is pegged 1:1 to ZAR under the Common Monetary Area -- this rate applies directly to the Loti.
2026-09-08T12:10:19Z,2025-10-22,USD,ZAR,17.4601,LSL is pegged 1:1 to ZAR under the Common Monetary Area -- this rate applies directly to the Loti.
2026-09-08T12:10:19Z,2025-10-23,USD,ZAR,17.3484,LSL is pegged 1:1 to ZAR under the Common Monetary Area -- this rate applies directly to the Loti.
2026-09-08T12:10:19Z,2025-10-24,USD,ZAR,17.3286,LSL is pegged 1:1 to ZAR under the Common Monetary Area -- this rate applies directly to the Loti.
2026-09-08T12:10:19Z,2025-10-27,USD,ZAR,17.1864,LSL is pegged 1:1 to ZAR under the Common Monetary Area -- this rate applies directly to the Loti.
2026-09-08T12:10:19Z,2025-10-28,USD,ZAR,17.2502,LSL is pegged 1:1 to ZAR under the Common Monetary Area -- this rate applies directly to the Loti.
2026-09-08T12:10:19Z,2025-10-29,USD,ZAR,17.1058,LSL is pegged 1:1 to ZAR under the Common Monetary Area -- this rate applies directly to the Loti.
2026-09-08T12:10:19Z,2025-10-30,USD,ZAR,17.3524,LSL is pegged 1:1 to ZAR under the Common Monetary Area -- this rate applies directly to the Loti.
2026-09-08T12:10:19Z,2025-10-31,USD,ZAR,17.349,LSL is pegged 1:1 to ZAR under the Common Monetary Area -- this rate applies directly to the Loti.
2026-09-08T12:10:19Z,2025-11-03,USD,ZAR,17.3088,LSL is pegged 1:1 to ZAR under the Common Monetary Area -- this rate applies directly to the Loti.
2026-09-08T12:10:19Z,2025-11-04,USD,ZAR,17.4693,LSL is pegged 1:1 to ZAR under the Common Monetary Area -- this rate applies directly to the Loti.
2026-09-08T12:10:19Z,2025-11-05,USD,ZAR,17.4434,LSL is pegged 1:1 to ZAR under the Common Monetary Area -- this rate applies directly to the Loti.
2026-09-08T12:10:19Z,2025-11-06,USD,ZAR,17.345,LSL is pegged 1:1 to ZAR under the Common Monetary Area -- this rate applies directly to the Loti.
2026-09-08T12:10:19Z,2025-11-07,USD,ZAR,17.348,LSL is pegged 1:1 to ZAR under the Common Monetary Area -- this rate applies directly to the Loti.
2026-09-08T12:10:19Z,2025-11-10,USD,ZAR,17.1864,LSL is pegged 1:1 to ZAR under the Common Monetary Area -- this rate applies directly to the Loti.
2026-09-08T12:10:19Z,2025-11-11,USD,ZAR,17.1662,LSL is pegged 1:1 to ZAR under the Common Monetary Area -- this rate applies directly to the Loti.
2026-09-08T12:10:19Z,2025-11-12,USD,ZAR,17.0462,LSL is pegged 1:1 to ZAR under the Common Monetary Area -- this rate applies directly to the Loti.
2026-09-08T12:10:19Z,2025-11-13,USD,ZAR,17.0028,LSL is pegged 1:1 to ZAR under the Common Monetary Area -- this rate applies directly to the Loti.
2026-09-08T12:10:19Z,2025-11-14,USD,ZAR,17.1326,LSL is pegged 1:1 to ZAR under the Common Monetary Area -- this rate applies directly to the Loti.
2026-09-08T12:10:19Z,2025-11-17,USD,ZAR,17.0774,LSL is pegged 1:1 to ZAR under the Common Monetary Area -- this rate applies directly to the Loti.
2026-09-08T12:10:19Z,2025-11-18,USD,ZAR,17.2348,LSL is pegged 1:1 to ZAR under the Common Monetary Area -- this rate applies directly to the Loti.
2026-09-08T12:10:19Z,2025-11-19,USD,ZAR,17.1569,LSL is pegged 1:1 to ZAR under the Common Monetary Area -- this rate applies directly to the Loti.
2026-09-08T12:10:19Z,2025-11-20,USD,ZAR,17.2388,LSL is pegged 1:1 to ZAR under the Common Monetary Area -- this rate applies directly to the Loti.
2026-09-08T12:10:19Z,2025-11-21,USD,ZAR,17.3585,LSL is pegged 1:1 to ZAR under the Common Monetary Area -- this rate applies directly to the Loti.
2026-09-08T12:10:19Z,2025-11-24,USD,ZAR,17.2801,LSL is pegged 1:1 to ZAR under the Common Monetary Area -- this rate applies directly to the Loti.
2026-09-08T12:10:19Z,2025-11-25,USD,ZAR,17.2176,LSL is pegged 1:1 to ZAR under the Common Monetary Area -- this rate applies directly to the Loti.
2026-09-08T12:10:19Z,2025-11-26,USD,ZAR,17.1424,LSL is pegged 1:1 to ZAR under the Common Monetary Area -- this rate applies directly to the Loti.
2026-09-08T12:10:19Z,2025-11-27,USD,ZAR,17.1731,LSL is pegged 1:1 to ZAR under the Common Monetary Area -- this rate applies directly to the Loti.
2026-09-08T12:10:19Z,2025-11-28,USD,ZAR,17.1159,LSL is pegged 1:1 to ZAR under the Common Monetary Area -- this rate applies directly to the Loti.
2026-09-08T12:10:19Z,2025-12-01,USD,ZAR,17.0756,LSL is pegged 1:1 to ZAR under the Common Monetary Area -- this rate applies directly to the Loti.
2026-09-08T12:10:19Z,2025-12-02,USD,ZAR,17.1037,LSL is pegged 1:1 to ZAR under the Common Monetary Area -- this rate applies directly to the Loti.
2026-09-08T12:10:19Z,2025-12-03,USD,ZAR,17.0812,LSL is pegged 1:1 to ZAR under the Common Monetary Area -- this rate applies directly to the Loti.
2026-09-08T12:10:19Z,2025-12-04,USD,ZAR,16.9809,LSL is pegged 1:1 to ZAR under the Common Monetary Area -- this rate applies directly to the Loti.
2026-09-08T12:10:19Z,2025-12-05,USD,ZAR,16.9316,LSL is pegged 1:1 to ZAR under the Common Monetary Area -- this rate applies directly to the Loti.
2026-09-08T12:10:19Z,2025-12-08,USD,ZAR,16.9642,LSL is pegged 1:1 to ZAR under the Common Monetary Area -- this rate applies directly to the Loti.
2026-09-08T12:10:19Z,2025-12-09,USD,ZAR,17.0715,LSL is pegged 1:1 to ZAR under the Common Monetary Area -- this rate applies directly to the Loti.
2026-09-08T12:10:19Z,2025-12-10,USD,ZAR,17.0274,LSL is pegged 1:1 to ZAR under the Common Monetary Area -- this rate applies directly to the Loti.
2026-09-08T12:10:19Z,2025-12-11,USD,ZAR,16.9409,LSL is pegged 1:1 to ZAR under the Common Monetary Area -- this rate applies directly to the Loti.
2026-09-08T12:10:19Z,2025-12-12,USD,ZAR,16.8559,LSL is pegged 1:1 to ZAR under the Common Monetary Area -- this rate applies directly to the Loti.
2026-09-08T12:10:19Z,2025-12-15,USD,ZAR,16.7772,LSL is pegged 1:1 to ZAR under the Common Monetary Area -- this rate applies directly to the Loti.
2026-09-08T12:10:19Z,2025-12-16,USD,ZAR,16.7599,LSL is pegged 1:1 to ZAR under the Common Monetary Area -- this rate applies directly to the Loti.
2026-09-08T12:10:19Z,2025-12-17,USD,ZAR,16.7333,LSL is pegged 1:1 to ZAR under the Common Monetary Area -- this rate applies directly to the Loti.
2026-09-08T12:10:19Z,2025-12-18,USD,ZAR,16.7773,LSL is pegged 1:1 to ZAR under the Common Monetary Area -- this rate applies directly to the Loti.
2026-09-08T12:10:19Z,2025-12-19,USD,ZAR,16.7764,LSL is pegged 1:1 to ZAR under the Common Monetary Area -- this rate applies directly to the Loti.
2026-09-08T12:10:19Z,2025-12-22,USD,ZAR,16.6993,LSL is pegged 1:1 to ZAR under the Common Monetary Area -- this rate applies directly to the Loti.
2026-09-08T12:10:19Z,2025-12-23,USD,ZAR,16.6345,LSL is pegged 1:1 to ZAR under the Common Monetary Area -- this rate applies directly to the Loti.
2026-09-08T12:10:19Z,2025-12-24,USD,ZAR,16.6362,LSL is pegged 1:1 to ZAR under the Common Monetary Area -- this rate applies directly to the Loti.
2026-09-08T12:10:19Z,2025-12-29,USD,ZAR,16.6556,LSL is pegged 1:1 to ZAR under the Common Monetary Area -- this rate applies directly to the Loti.
2026-09-08T12:10:19Z,2025-12-30,USD,ZAR,16.6344,LSL is pegged 1:1 to ZAR under the Common Monetary Area -- this rate applies directly to the Loti.
2026-09-08T12:10:19Z,2025-12-31,USD,ZAR,16.548,LSL is pegged 1:1 to ZAR under the Common Monetary Area -- this rate applies directly to the Loti.
2026-09-08T12:10:19Z,2026-01-02,USD,ZAR,16.514,LSL is pegged 1:1 to ZAR under the Common Monetary Area -- this rate applies directly to the Loti.
2026-09-08T12:10:19Z,2026-01-05,USD,ZAR,16.4839,LSL is pegged 1:1 to ZAR under the Common Monetary Area -- this rate applies directly to the Loti.
2026-09-08T12:10:19Z,2026-01-06,USD,ZAR,16.3963,LSL is pegged 1:1 to ZAR under the Common Monetary Area -- this rate applies directly to the Loti.
2026-09-08T12:10:19Z,2026-01-07,USD,ZAR,16.4543,LSL is pegged 1:1 to ZAR under the Common Monetary Area -- this rate applies directly to the Loti.
2026-09-08T12:10:19Z,2026-01-08,USD,ZAR,16.5149,LSL is pegged 1:1 to ZAR under the Common Monetary Area -- this rate applies directly to the Loti.
2026-09-08T12:10:19Z,2026-01-09,USD,ZAR,16.575,LSL is pegged 1:1 to ZAR under the Common Monetary Area -- this rate applies directly to the Loti.
2026-09-08T12:10:19Z,2026-01-12,USD,ZAR,16.3888,LSL is pegged 1:1 to ZAR under the Common Monetary Area -- this rate applies directly to the Loti.
2026-09-08T12:10:19Z,2026-01-13,USD,ZAR,16.454,LSL is pegged 1:1 to ZAR under the Common Monetary Area -- this rate applies directly to the Loti.
2026-09-08T12:10:19Z,2026-01-14,USD,ZAR,16.3952,LSL is pegged 1:1 to ZAR under the Common Monetary Area -- this rate applies directly to the Loti.
2026-09-08T12:10:19Z,2026-01-15,USD,ZAR,16.3721,LSL is pegged 1:1 to ZAR under the Common Monetary Area -- this rate applies directly to the Loti.
2026-09-08T12:10:19Z,2026-01-16,USD,ZAR,16.3882,LSL is pegged 1:1 to ZAR under the Common Monetary Area -- this rate applies directly to the Loti.
2026-09-08T12:10:19Z,2026-01-19,USD,ZAR,16.4174,LSL is pegged 1:1 to ZAR under the Common Monetary Area -- this rate applies directly to the Loti.
2026-09-08T12:10:19Z,2026-01-20,USD,ZAR,16.4411,LSL is pegged 1:1 to ZAR under the Common Monetary Area -- this rate applies directly to the Loti.
2026-09-08T12:10:19Z,2026-01-21,USD,ZAR,16.3106,LSL is pegged 1:1 to ZAR under the Common Monetary Area -- this rate applies directly to the Loti.
2026-09-08T12:10:19Z,2026-01-22,USD,ZAR,16.2186,LSL is pegged 1:1 to ZAR under the Common Monetary Area -- this rate applies directly to the Loti.
2026-09-08T12:10:19Z,2026-01-23,USD,ZAR,16.1456,LSL is pegged 1:1 to ZAR under the Common Monetary Area -- this rate applies directly to the Loti.
2026-09-08T12:10:19Z,2026-01-26,USD,ZAR,16.0733,LSL is pegged 1:1 to ZAR under the Common Monetary Area -- this rate applies directly to the Loti.
2026-09-08T12:10:19Z,2026-01-27,USD,ZAR,15.9874,LSL is pegged 1:1 to ZAR under the Common Monetary Area -- this rate applies directly to the Loti.
2026-09-08T12:10:19Z,2026-01-28,USD,ZAR,15.8826,LSL is pegged 1:1 to ZAR under the Common Monetary Area -- this rate applies directly to the Loti.
2026-09-08T12:10:19Z,2026-01-29,USD,ZAR,15.6738,LSL is pegged 1:1 to ZAR under the Common Monetary Area -- this rate applies directly to the Loti.
2026-09-08T12:10:19Z,2026-01-30,USD,ZAR,15.933,LSL is pegged 1:1 to ZAR under the Common Monetary Area -- this rate applies directly to the Loti.
2026-09-08T12:10:19Z,2026-02-02,USD,ZAR,16.0282,LSL is pegged 1:1 to ZAR under the Common Monetary Area -- this rate applies directly to the Loti.
2026-09-08T12:10:19Z,2026-02-03,USD,ZAR,15.9493,LSL is pegged 1:1 to ZAR under the Common Monetary Area -- this rate applies directly to the Loti.
2026-09-08T12:10:19Z,2026-02-04,USD,ZAR,15.9375,LSL is pegged 1:1 to ZAR under the Common Monetary Area -- this rate applies directly to the Loti.
2026-09-08T12:10:19Z,2026-02-05,USD,ZAR,16.1798,LSL is pegged 1:1 to ZAR under the Common Monetary Area -- this rate applies directly to the Loti.
2026-09-08T12:10:19Z,2026-02-06,USD,ZAR,16.1243,LSL is pegged 1:1 to ZAR under the Common Monetary Area -- this rate applies directly to the Loti.
2026-09-08T12:10:19Z,2026-02-09,USD,ZAR,15.9753,LSL is pegged 1:1 to ZAR under the Common Monetary Area -- this rate applies directly to the Loti.
2026-09-08T12:10:19Z,2026-02-10,USD,ZAR,15.9574,LSL is pegged 1:1 to ZAR under the Common Monetary Area -- this rate applies directly to the Loti.
2026-09-08T12:10:19Z,2026-02-11,USD,ZAR,15.8814,LSL is pegged 1:1 to ZAR under the Common Monetary Area -- this rate applies directly to the Loti.
2026-09-08T12:10:19Z,2026-02-12,USD,ZAR,15.8952,LSL is pegged 1:1 to ZAR under the Common Monetary Area -- this rate applies directly to the Loti.
2026-09-08T12:10:19Z,2026-02-13,USD,ZAR,16.0336,LSL is pegged 1:1 to ZAR under the Common Monetary Area -- this rate applies directly to the Loti.
2026-09-08T12:10:19Z,2026-02-16,USD,ZAR,15.9504,LSL is pegged 1:1 to ZAR under the Common Monetary Area -- this rate applies directly to the Loti.
2026-09-08T12:10:19Z,2026-02-17,USD,ZAR,16.0934,LSL is pegged 1:1 to ZAR under the Common Monetary Area -- this rate applies directly to the Loti.
2026-09-08T12:10:19Z,2026-02-18,USD,ZAR,16.0231,LSL is pegged 1:1 to ZAR under the Common Monetary Area -- this rate applies directly to the Loti.
2026-09-08T12:10:19Z,2026-02-19,USD,ZAR,16.2188,LSL is pegged 1:1 to ZAR under the Common Monetary Area -- this rate applies directly to the Loti.
2026-09-08T12:10:19Z,2026-02-20,USD,ZAR,16.0973,LSL is pegged 1:1 to ZAR under the Common Monetary Area -- this rate applies directly to the Loti.
2026-09-08T12:10:19Z,2026-02-23,USD,ZAR,16.0115,LSL is pegged 1:1 to ZAR under the Common Monetary Area -- this rate applies directly to the Loti.
2026-09-08T12:10:19Z,2026-02-24,USD,ZAR,16.0083,LSL is pegged 1:1 to ZAR under the Common Monetary Area -- this rate applies directly to the Loti.
2026-09-08T12:10:19Z,2026-02-25,USD,ZAR,15.8603,LSL is pegged 1:1 to ZAR under the Common Monetary Area -- this rate applies directly to the Loti.
2026-09-08T12:10:19Z,2026-02-26,USD,ZAR,15.8763,LSL is pegged 1:1 to ZAR under the Common Monetary Area -- this rate applies directly to the Loti.
2026-09-08T12:10:19Z,2026-02-27,USD,ZAR,15.9405,LSL is pegged 1:1 to ZAR under the Common Monetary Area -- this rate applies directly to the Loti.
2026-09-08T12:10:19Z,2026-03-02,USD,ZAR,16.1613,LSL is pegged 1:1 to ZAR under the Common Monetary Area -- this rate applies directly to the Loti.
2026-09-08T12:10:19Z,2026-03-03,USD,ZAR,16.3934,LSL is pegged 1:1 to ZAR under the Common Monetary Area -- this rate applies directly to the Loti.
2026-09-08T12:10:19Z,2026-03-04,USD,ZAR,16.3188,LSL is pegged 1:1 to ZAR under the Common Monetary Area -- this rate applies directly to the Loti.
2026-09-08T12:10:19Z,2026-03-05,USD,ZAR,16.5028,LSL is pegged 1:1 to ZAR under the Common Monetary Area -- this rate applies directly to the Loti.
2026-09-08T12:10:19Z,2026-03-06,USD,ZAR,16.718,LSL is pegged 1:1 to ZAR under the Common Monetary Area -- this rate applies directly to the Loti.
2026-09-08T12:10:19Z,2026-03-09,USD,ZAR,16.6768,LSL is pegged 1:1 to ZAR under the Common Monetary Area -- this rate applies directly to the Loti.
2026-09-08T12:10:19Z,2026-03-10,USD,ZAR,16.2888,LSL is pegged 1:1 to ZAR under the Common Monetary Area -- this rate applies directly to the Loti.
2026-09-08T12:10:19Z,2026-03-11,USD,ZAR,16.4018,LSL is pegged 1:1 to ZAR under the Common Monetary Area -- this rate applies directly to the Loti.
2026-09-08T12:10:19Z,2026-03-12,USD,ZAR,16.5417,LSL is pegged 1:1 to ZAR under the Common Monetary Area -- this rate applies directly to the Loti.
2026-09-08T12:10:19Z,2026-03-13,USD,ZAR,16.7963,LSL is pegged 1:1 to ZAR under the Common Monetary Area -- this rate applies directly to the Loti.
2026-09-08T12:10:19Z,2026-03-16,USD,ZAR,16.7678,LSL is pegged 1:1 to ZAR under the Common Monetary Area -- this rate applies directly to the Loti.
2026-09-08T12:10:19Z,2026-03-17,USD,ZAR,16.6587,LSL is pegged 1:1 to ZAR under the Common Monetary Area -- this rate applies directly to the Loti.
2026-09-08T12:10:19Z,2026-03-18,USD,ZAR,16.8847,LSL is pegged 1:1 to ZAR under the Common Monetary Area -- this rate applies directly to the Loti.
2026-09-08T12:10:19Z,2026-03-19,USD,ZAR,17.0689,LSL is pegged 1:1 to ZAR under the Common Monetary Area -- this rate applies directly to the Loti.
2026-09-08T12:10:19Z,2026-03-20,USD,ZAR,16.8859,LSL is pegged 1:1 to ZAR under the Common Monetary Area -- this rate applies directly to the Loti.
2026-09-08T12:10:19Z,2026-03-23,USD,ZAR,16.8109,LSL is pegged 1:1 to ZAR under the Common Monetary Area -- this rate applies directly to the Loti.
2026-09-08T12:10:19Z,2026-03-24,USD,ZAR,17.1019,LSL is pegged 1:1 to ZAR under the Common Monetary Area -- this rate applies directly to the Loti.
2026-09-08T12:10:19Z,2026-03-25,USD,ZAR,16.9135,LSL is pegged 1:1 to ZAR under the Common Monetary Area -- this rate applies directly to the Loti.
2026-09-08T12:10:19Z,2026-03-26,USD,ZAR,17.0577,LSL is pegged 1:1 to ZAR under the Common Monetary Area -- this rate applies directly to the Loti.
2026-09-08T12:10:19Z,2026-03-27,USD,ZAR,17.1906,LSL is pegged 1:1 to ZAR under the Common Monetary Area -- this rate applies directly to the Loti.
2026-09-08T12:10:19Z,2026-03-30,USD,ZAR,17.1845,LSL is pegged 1:1 to ZAR under the Common Monetary Area -- this rate applies directly to the Loti.
2026-09-08T12:10:19Z,2026-03-31,USD,ZAR,17.07,LSL is pegged 1:1 to ZAR under the Common Monetary Area -- this rate applies directly to the Loti.
2026-09-08T12:10:19Z,2026-04-01,USD,ZAR,16.7811,LSL is pegged 1:1 to ZAR under the Common Monetary Area -- this rate applies directly to the Loti.
2026-09-08T12:10:19Z,2026-04-02,USD,ZAR,17.0118,LSL is pegged 1:1 to ZAR under the Common Monetary Area -- this rate applies directly to the Loti.
2026-09-08T12:10:19Z,2026-04-07,USD,ZAR,16.8895,LSL is pegged 1:1 to ZAR under the Common Monetary Area -- this rate applies directly to the Loti.
2026-09-08T12:10:19Z,2026-04-08,USD,ZAR,16.3104,LSL is pegged 1:1 to ZAR under the Common Monetary Area -- this rate applies directly to the Loti.
2026-09-08T12:10:19Z,2026-04-09,USD,ZAR,16.4321,LSL is pegged 1:1 to ZAR under the Common Monetary Area -- this rate applies directly to the Loti.
2026-09-08T12:10:19Z,2026-04-10,USD,ZAR,16.4281,LSL is pegged 1:1 to ZAR under the Common Monetary Area -- this rate applies directly to the Loti.
2026-09-08T12:10:19Z,2026-04-13,USD,ZAR,16.591,LSL is pegged 1:1 to ZAR under the Common Monetary Area -- this rate applies directly to the Loti.
2026-09-08T12:10:19Z,2026-04-14,USD,ZAR,16.3525,LSL is pegged 1:1 to ZAR under the Common Monetary Area -- this rate applies directly to the Loti.
2026-09-08T12:10:19Z,2026-04-15,USD,ZAR,16.4149,LSL is pegged 1:1 to ZAR under the Common Monetary Area -- this rate applies directly to the Loti.
2026-09-08T12:10:19Z,2026-04-16,USD,ZAR,16.3848,LSL is pegged 1:1 to ZAR under the Common Monetary Area -- this rate applies directly to the Loti.
2026-09-08T12:10:19Z,2026-04-17,USD,ZAR,16.3849,LSL is pegged 1:1 to ZAR under the Common Monetary Area -- this rate applies directly to the Loti.
2026-09-08T12:10:19Z,2026-04-20,USD,ZAR,16.3499,LSL is pegged 1:1 to ZAR under the Common Monetary Area -- this rate applies directly to the Loti.
2026-09-08T12:10:19Z,2026-04-21,USD,ZAR,16.3695,LSL is pegged 1:1 to ZAR under the Common Monetary Area -- this rate applies directly to the Loti.
2026-09-08T12:10:19Z,2026-04-22,USD,ZAR,16.4689,LSL is pegged 1:1 to ZAR under the Common Monetary Area -- this rate applies directly to the Loti.
2026-09-08T12:10:19Z,2026-04-23,USD,ZAR,16.4679,LSL is pegged 1:1 to ZAR under the Common Monetary Area -- this rate applies directly to the Loti.
2026-09-08T12:10:19Z,2026-04-24,USD,ZAR,16.562,LSL is pegged 1:1 to ZAR under the Common Monetary Area -- this rate applies directly to the Loti.
2026-09-08T12:10:19Z,2026-04-27,USD,ZAR,16.4787,LSL is pegged 1:1 to ZAR under the Common Monetary Area -- this rate applies directly to the Loti.
2026-09-08T12:10:19Z,2026-04-28,USD,ZAR,16.6343,LSL is pegged 1:1 to ZAR under the Common Monetary Area -- this rate applies directly to the Loti.
2026-09-08T12:10:19Z,2026-04-29,USD,ZAR,16.5986,LSL is pegged 1:1 to ZAR under the Common Monetary Area -- this rate applies directly to the Loti.
2026-09-08T12:10:19Z,2026-04-30,USD,ZAR,16.7903,LSL is pegged 1:1 to ZAR under the Common Monetary Area -- this rate applies directly to the Loti.
2026-09-08T12:10:19Z,2026-05-04,USD,ZAR,16.7248,LSL is pegged 1:1 to ZAR under the Common Monetary Area -- this rate applies directly to the Loti.
2026-09-08T12:10:19Z,2026-05-05,USD,ZAR,16.6904,LSL is pegged 1:1 to ZAR under the Common Monetary Area -- this rate applies directly to the Loti.
2026-09-08T12:10:19Z,2026-05-06,USD,ZAR,16.4053,LSL is pegged 1:1 to ZAR under the Common Monetary Area -- this rate applies directly to the Loti.
2026-09-08T12:10:19Z,2026-05-07,USD,ZAR,16.2578,LSL is pegged 1:1 to ZAR under the Common Monetary Area -- this rate applies directly to the Loti.
2026-09-08T12:10:19Z,2026-05-08,USD,ZAR,16.4194,LSL is pegged 1:1 to ZAR under the Common Monetary Area -- this rate applies directly to the Loti.
2026-09-08T12:10:19Z,2026-05-11,USD,ZAR,16.4461,LSL is pegged 1:1 to ZAR under the Common Monetary Area -- this rate applies directly to the Loti.
2026-09-08T12:10:19Z,2026-05-12,USD,ZAR,16.5267,LSL is pegged 1:1 to ZAR under the Common Monetary Area -- this rate applies directly to the Loti.
2026-09-08T12:10:19Z,2026-05-13,USD,ZAR,16.45,LSL is pegged 1:1 to ZAR under the Common Monetary Area -- this rate applies directly to the Loti.
2026-09-08T12:10:19Z,2026-05-14,USD,ZAR,16.4069,LSL is pegged 1:1 to ZAR under the Common Monetary Area -- this rate applies directly to the Loti.
2026-09-08T12:10:19Z,2026-05-15,USD,ZAR,16.6614,LSL is pegged 1:1 to ZAR under the Common Monetary Area -- this rate applies directly to the Loti.
2026-09-08T12:10:19Z,2026-05-18,USD,ZAR,16.6236,LSL is pegged 1:1 to ZAR under the Common Monetary Area -- this rate applies directly to the Loti.
2026-09-08T12:10:19Z,2026-05-19,USD,ZAR,16.6479,LSL is pegged 1:1 to ZAR under the Common Monetary Area -- this rate applies directly to the Loti.
2026-09-08T12:10:19Z,2026-05-20,USD,ZAR,16.5935,LSL is pegged 1:1 to ZAR under the Common Monetary Area -- this rate applies directly to the Loti.
2026-09-08T12:10:19Z,2026-05-21,USD,ZAR,16.5539,LSL is pegged 1:1 to ZAR under the Common Monetary Area -- this rate applies directly to the Loti.
2026-09-08T12:10:19Z,2026-05-22,USD,ZAR,16.4765,LSL is pegged 1:1 to ZAR under the Common Monetary Area -- this rate applies directly to the Loti.
2026-09-08T12:10:19Z,2026-05-25,USD,ZAR,16.3292,LSL is pegged 1:1 to ZAR under the Common Monetary Area -- this rate applies directly to the Loti.
2026-09-08T12:10:19Z,2026-05-26,USD,ZAR,16.3572,LSL is pegged 1:1 to ZAR under the Common Monetary Area -- this rate applies directly to the Loti.
2026-09-08T12:10:19Z,2026-05-27,USD,ZAR,16.3595,LSL is pegged 1:1 to ZAR under the Common Monetary Area -- this rate applies directly to the Loti.
2026-09-08T12:10:19Z,2026-05-28,USD,ZAR,16.3501,LSL is pegged 1:1 to ZAR under the Common Monetary Area -- this rate applies directly to the Loti.
2026-09-08T12:10:19Z,2026-05-29,USD,ZAR,16.2241,LSL is pegged 1:1 to ZAR under the Common Monetary Area -- this rate applies directly to the Loti.
2026-09-08T12:10:19Z,2026-06-01,USD,ZAR,16.2536,LSL is pegged 1:1 to ZAR under the Common Monetary Area -- this rate applies directly to the Loti.
2026-09-08T12:10:19Z,2026-06-02,USD,ZAR,16.2036,LSL is pegged 1:1 to ZAR under the Common Monetary Area -- this rate applies directly to the Loti.
2026-09-08T12:10:19Z,2026-06-03,USD,ZAR,16.2703,LSL is pegged 1:1 to ZAR under the Common Monetary Area -- this rate applies directly to the Loti.
2026-09-08T12:10:19Z,2026-06-04,USD,ZAR,16.2394,LSL is pegged 1:1 to ZAR under the Common Monetary Area -- this rate applies directly to the Loti.
2026-09-08T12:10:19Z,2026-06-05,USD,ZAR,16.2705,LSL is pegged 1:1 to ZAR under the Common Monetary Area -- this rate applies directly to the Loti.
2026-09-08T12:10:19Z,2026-06-08,USD,ZAR,16.4637,LSL is pegged 1:1 to ZAR under the Common Monetary Area -- this rate applies directly to the Loti.
2026-09-08T12:10:19Z,2026-06-09,USD,ZAR,16.4535,LSL is pegged 1:1 to ZAR under the Common Monetary Area -- this rate applies directly to the Loti.
2026-09-08T12:10:19Z,2026-06-10,USD,ZAR,16.6018,LSL is pegged 1:1 to ZAR under the Common Monetary Area -- this rate applies directly to the Loti.
2026-09-08T12:10:19Z,2026-06-11,USD,ZAR,16.5027,LSL is pegged 1:1 to ZAR under the Common Monetary Area -- this rate applies directly to the Loti.
2026-09-08T12:10:19Z,2026-06-12,USD,ZAR,16.3025,LSL is pegged 1:1 to ZAR under the Common Monetary Area -- this rate applies directly to the Loti.
2026-09-08T12:10:19Z,2026-06-15,USD,ZAR,16.2138,LSL is pegged 1:1 to ZAR under the Common Monetary Area -- this rate applies directly to the Loti.
2026-09-08T12:10:19Z,2026-06-16,USD,ZAR,16.1896,LSL is pegged 1:1 to ZAR under the Common Monetary Area -- this rate applies directly to the Loti.
2026-09-08T12:10:19Z,2026-06-17,USD,ZAR,16.2217,LSL is pegged 1:1 to ZAR under the Common Monetary Area -- this rate applies directly to the Loti.
2026-09-08T12:10:19Z,2026-06-18,USD,ZAR,16.4306,LSL is pegged 1:1 to ZAR under the Common Monetary Area -- this rate applies directly to the Loti.
2026-09-08T12:10:19Z,2026-06-19,USD,ZAR,16.474,LSL is pegged 1:1 to ZAR under the Common Monetary Area -- this rate applies directly to the Loti.
2026-09-08T12:10:19Z,2026-06-22,USD,ZAR,16.4118,LSL is pegged 1:1 to ZAR under the Common Monetary Area -- this rate applies directly to the Loti.
2026-09-08T12:10:19Z,2026-06-23,USD,ZAR,16.4839,LSL is pegged 1:1 to ZAR under the Common Monetary Area -- this rate applies directly to the Loti.
2026-09-08T12:10:19Z,2026-06-24,USD,ZAR,16.6136,LSL is pegged 1:1 to ZAR under the Common Monetary Area -- this rate applies directly to the Loti.
2026-09-08T12:10:19Z,2026-06-25,USD,ZAR,16.5615,LSL is pegged 1:1 to ZAR under the Common Monetary Area -- this rate applies directly to the Loti.
2026-09-08T12:10:19Z,2026-06-26,USD,ZAR,16.4605,LSL is pegged 1:1 to ZAR under the Common Monetary Area -- this rate applies directly to the Loti.
2026-09-08T12:10:19Z,2026-06-29,USD,ZAR,16.4153,LSL is pegged 1:1 to ZAR under the Common Monetary Area -- this rate applies directly to the Loti.
2026-09-08T12:10:19Z,2026-06-30,USD,ZAR,16.3721,LSL is pegged 1:1 to ZAR under the Common Monetary Area -- this rate applies directly to the Loti.
2026-09-08T12:10:19Z,2026-07-01,USD,ZAR,16.4336,LSL is pegged 1:1 to ZAR under the Common Monetary Area -- this rate applies directly to the Loti.
2026-09-08T12:10:19Z,2026-07-02,USD,ZAR,16.3775,LSL is pegged 1:1 to ZAR under the Common Monetary Area -- this rate applies directly to the Loti.
2026-09-08T12:10:19Z,2026-07-03,USD,ZAR,16.213,LSL is pegged 1:1 to ZAR under the Common Monetary Area -- this rate applies directly to the Loti.
2026-09-08T12:10:19Z,2026-07-06,USD,ZAR,16.2346,LSL is pegged 1:1 to ZAR under the Common Monetary Area -- this rate applies directly to the Loti.
2026-09-08T12:10:19Z,2026-07-07,USD,ZAR,16.2378,LSL is pegged 1:1 to ZAR under the Common Monetary Area -- this rate applies directly to the Loti.
2026-09-08T12:10:19Z,2026-07-08,USD,ZAR,16.3829,LSL is pegged 1:1 to ZAR under the Common Monetary Area -- this rate applies directly to the Loti.
2026-09-08T12:10:19Z,2026-07-09,USD,ZAR,16.3719,LSL is pegged 1:1 to ZAR under the Common Monetary Area -- this rate applies directly to the Loti.
2026-09-08T12:10:19Z,2026-07-10,USD,ZAR,16.3217,LSL is pegged 1:1 to ZAR under the Common Monetary Area -- this rate applies directly to the Loti.
2026-09-08T12:10:19Z,2026-07-13,USD,ZAR,16.3636,LSL is pegged 1:1 to ZAR under the Common Monetary Area -- this rate applies directly to the Loti.
2026-09-08T12:10:19Z,2026-07-14,USD,ZAR,16.4619,LSL is pegged 1:1 to ZAR under the Common Monetary Area -- this rate applies directly to the Loti.
2026-09-08T12:10:19Z,2026-07-15,USD,ZAR,16.3826,LSL is pegged 1:1 to ZAR under the Common Monetary Area -- this rate applies directly to the Loti.
2026-09-08T12:10:19Z,2026-07-16,USD,ZAR,16.3711,LSL is pegged 1:1 to ZAR under the Common Monetary Area -- this rate applies directly to the Loti.
2026-09-08T12:10:19Z,2026-07-17,USD,ZAR,16.5079,LSL is pegged 1:1 to ZAR under the Common Monetary Area -- this rate applies directly to the Loti.
2026-09-08T12:10:19Z,2026-07-20,USD,ZAR,16.4898,LSL is pegged 1:1 to ZAR under the Common Monetary Area -- this rate applies directly to the Loti.
2026-09-08T12:10:19Z,2026-07-21,USD,ZAR,16.4445,LSL is pegged 1:1 to ZAR under the Common Monetary Area -- this rate applies directly to the Loti.
2026-09-08T12:10:19Z,2026-07-22,USD,ZAR,16.4755,LSL is pegged 1:1 to ZAR under the Common Monetary Area -- this rate applies directly to the Loti.
2026-09-08T12:10:19Z,2026-07-23,USD,ZAR,16.4398,LSL is pegged 1:1 to ZAR under the Common Monetary Area -- this rate applies directly to the Loti.
2026-09-08T12:10:19Z,2026-07-24,USD,ZAR,16.8501,LSL is pegged 1:1 to ZAR under the Common Monetary Area -- this rate applies directly to the Loti.
2026-09-08T12:10:19Z,2026-07-27,USD,ZAR,16.7411,LSL is pegged 1:1 to ZAR under the Common Monetary Area -- this rate applies directly to the Loti.
2026-09-08T12:10:19Z,2026-07-28,USD,ZAR,16.7852,LSL is pegged 1:1 to ZAR under the Common Monetary Area -- this rate applies directly to the Loti.
2026-09-08T12:10:19Z,2026-07-29,USD,ZAR,16.7499,LSL is pegged 1:1 to ZAR under the Common Monetary Area -- this rate applies directly to the Loti.
2026-09-08T12:10:19Z,2026-07-30,USD,ZAR,16.5824,LSL is pegged 1:1 to ZAR under the Common Monetary Area -- this rate applies directly to the Loti.
2026-09-08T12:10:19Z,2026-07-31,USD,ZAR,16.575,LSL is pegged 1:1 to ZAR under the Common Monetary Area -- this rate applies directly to the Loti.
2026-09-08T12:10:19Z,2026-08-03,USD,ZAR,16.4698,LSL is pegged 1:1 to ZAR under the Common Monetary Area -- this rate applies directly to the Loti.
2026-09-08T12:10:19Z,2026-08-04,USD,ZAR,16.4408,LSL is pegged 1:1 to ZAR under the Common Monetary Area -- this rate applies directly to the Loti.
2026-09-08T12:10:19Z,2026-08-05,USD,ZAR,16.3466,LSL is pegged 1:1 to ZAR under the Common Monetary Area -- this rate applies directly to the Loti.
2026-09-08T12:10:19Z,2026-08-06,USD,ZAR,16.3095,LSL is pegged 1:1 to ZAR under the Common Monetary Area -- this rate applies directly to the Loti.
2026-09-08T12:10:19Z,2026-08-07,USD,ZAR,16.2233,LSL is pegged 1:1 to ZAR under the Common Monetary Area -- this rate applies directly to the Loti.
2026-09-08T12:10:19Z,2026-08-10,USD,ZAR,16.1772,LSL is pegged 1:1 to ZAR under the Common Monetary Area -- this rate applies directly to the Loti.
2026-09-08T12:10:19Z,2026-08-11,USD,ZAR,16.179,LSL is pegged 1:1 to ZAR under the Common Monetary Area -- this rate applies directly to the Loti.
2026-09-08T12:10:19Z,2026-08-12,USD,ZAR,16.1343,LSL is pegged 1:1 to ZAR under the Common Monetary Area -- this rate applies directly to the Loti.
2026-09-08T12:10:19Z,2026-08-13,USD,ZAR,16.1188,LSL is pegged 1:1 to ZAR under the Common Monetary Area -- this rate applies directly to the Loti.
2026-09-08T12:10:19Z,2026-08-14,USD,ZAR,16.1648,LSL is pegged 1:1 to ZAR under the Common Monetary Area -- this rate applies directly to the Loti.
2026-09-08T12:10:19Z,2026-08-17,USD,ZAR,16.1767,LSL is pegged 1:1 to ZAR under the Common Monetary Area -- this rate applies directly to the Loti.
2026-09-08T12:10:19Z,2026-08-18,USD,ZAR,16.2196,LSL is pegged 1:1 to ZAR under the Common Monetary Area -- this rate applies directly to the Loti.
2026-09-08T12:10:19Z,2026-08-19,USD,ZAR,16.2443,LSL is pegged 1:1 to ZAR under the Common Monetary Area -- this rate applies directly to the Loti.
2026-09-08T12:10:19Z,2026-08-20,USD,ZAR,16.174,LSL is pegged 1:1 to ZAR under the Common Monetary Area -- this rate applies directly to the Loti.
2026-09-08T12:10:19Z,2026-08-21,USD,ZAR,16.0044,LSL is pegged 1:1 to ZAR under the Common Monetary Area -- this rate applies directly to the Loti.
2026-09-08T12:10:19Z,2026-08-24,USD,ZAR,16.0029,LSL is pegged 1:1 to ZAR under the Common Monetary Area -- this rate applies directly to the Loti.
2026-09-08T12:10:19Z,2026-08-25,USD,ZAR,15.9878,LSL is pegged 1:1 to ZAR under the Common Monetary Area -- this rate applies directly to the Loti.
2026-09-08T12:10:19Z,2026-08-26,USD,ZAR,15.916,LSL is pegged 1:1 to ZAR under the Common Monetary Area -- this rate applies directly to the Loti.
2026-09-08T12:10:19Z,2026-08-27,USD,ZAR,15.9858,LSL is pegged 1:1 to ZAR under the Common Monetary Area -- this rate applies directly to the Loti.
2026-09-08T12:10:19Z,2026-08-28,USD,ZAR,16.0018,LSL is pegged 1:1 to ZAR under the Common Monetary Area -- this rate applies directly to the Loti.
2026-09-08T12:10:19Z,2026-08-31,USD,ZAR,16.1163,LSL is pegged 1:1 to ZAR under the Common Monetary Area -- this rate applies directly to the Loti.
2026-09-08T12:10:19Z,2026-09-01,USD,ZAR,16.1558,LSL is pegged 1:1 to ZAR under the Common Monetary Area -- this rate applies directly to the Loti.
2026-09-08T12:10:19Z,2026-09-02,USD,ZAR,16.0944,LSL is pegged 1:1 to ZAR under the Common Monetary Area -- this rate applies directly to the Loti.
2026-09-08T12:10:19Z,2026-09-03,USD,ZAR,16.0373,LSL is pegged 1:1 to ZAR under the Common Monetary Area -- this rate applies directly to the Loti.
2026-09-08T12:10:19Z,2026-09-04,USD,ZAR,15.9672,LSL is pegged 1:1 to ZAR under the Common Monetary Area -- this rate applies directly to the Loti.
2026-09-08T12:10:19Z,2026-09-07,USD,ZAR,15.9917,LSL is pegged 1:1 to ZAR under the Common Monetary Area -- this rate applies directly to the Loti.
