pulled_at,country,country_code,indicator_code,indicator_name,outcome_link,year,value
2026-09-03T12:26:23Z,Botswana,BWA,NY.GDP.PCAP.KD.ZG,GDP per capita growth (annual %),Outcome 2 — 7% exit growth target,2025,-2.32173162960181
2026-09-03T12:26:23Z,Botswana,BWA,NY.GDP.PCAP.KD.ZG,GDP per capita growth (annual %),Outcome 2 — 7% exit growth target,2024,-4.3568819642385
2026-09-03T12:26:23Z,Botswana,BWA,NY.GDP.PCAP.KD.ZG,GDP per capita growth (annual %),Outcome 2 — 7% exit growth target,2023,1.52893817984001
2026-09-03T12:26:23Z,Botswana,BWA,NY.GDP.PCAP.KD.ZG,GDP per capita growth (annual %),Outcome 2 — 7% exit growth target,2022,3.82363084321453
2026-09-03T12:26:23Z,Botswana,BWA,NY.GDP.PCAP.KD.ZG,GDP per capita growth (annual %),Outcome 2 — 7% exit growth target,2021,10.2596472128547
2026-09-03T12:26:23Z,Botswana,BWA,NY.GDP.PCAP.KD.ZG,GDP per capita growth (annual %),Outcome 2 — 7% exit growth target,2020,-10.0332383222742
2026-09-03T12:26:23Z,Botswana,BWA,NY.GDP.PCAP.KD.ZG,GDP per capita growth (annual %),Outcome 2 — 7% exit growth target,2019,1.57639094067899
2026-09-03T12:26:23Z,Botswana,BWA,NY.GDP.PCAP.KD.ZG,GDP per capita growth (annual %),Outcome 2 — 7% exit growth target,2018,2.72071433079989
2026-09-03T12:26:23Z,Botswana,BWA,NY.GDP.PCAP.KD.ZG,GDP per capita growth (annual %),Outcome 2 — 7% exit growth target,2017,2.6459126098983
2026-09-03T12:26:23Z,Botswana,BWA,NY.GDP.PCAP.KD.ZG,GDP per capita growth (annual %),Outcome 2 — 7% exit growth target,2016,5.69319455388396
2026-09-03T12:26:23Z,Botswana,BWA,NY.GDP.PCAP.KD.ZG,GDP per capita growth (annual %),Outcome 2 — 7% exit growth target,2015,-6.19995412245493
2026-09-03T12:26:23Z,Botswana,BWA,NY.GDP.PCAP.KD.ZG,GDP per capita growth (annual %),Outcome 2 — 7% exit growth target,2014,4.17099012944411
2026-09-03T12:26:23Z,Botswana,BWA,NY.GDP.PCAP.KD.ZG,GDP per capita growth (annual %),Outcome 2 — 7% exit growth target,2013,9.43871073960261
2026-09-03T12:26:23Z,Botswana,BWA,NY.GDP.PCAP.KD.ZG,GDP per capita growth (annual %),Outcome 2 — 7% exit growth target,2012,-1.83175900387364
2026-09-03T12:26:23Z,Botswana,BWA,NY.GDP.PCAP.KD.ZG,GDP per capita growth (annual %),Outcome 2 — 7% exit growth target,2011,4.75557328946104
2026-09-03T12:26:23Z,Botswana,BWA,NY.GDP.PCAP.KD.ZG,GDP per capita growth (annual %),Outcome 2 — 7% exit growth target,2010,7.82114699392078
2026-09-03T12:26:23Z,Lesotho,LSO,NY.GDP.PCAP.KD.ZG,GDP per capita growth (annual %),Outcome 2 — 7% exit growth target,2025,0.864833753647872
2026-09-03T12:26:23Z,Lesotho,LSO,NY.GDP.PCAP.KD.ZG,GDP per capita growth (annual %),Outcome 2 — 7% exit growth target,2024,4.0567836183363
2026-09-03T12:26:23Z,Lesotho,LSO,NY.GDP.PCAP.KD.ZG,GDP per capita growth (annual %),Outcome 2 — 7% exit growth target,2023,0.578518284725888
2026-09-03T12:26:23Z,Lesotho,LSO,NY.GDP.PCAP.KD.ZG,GDP per capita growth (annual %),Outcome 2 — 7% exit growth target,2022,1.28745564005285
2026-09-03T12:26:23Z,Lesotho,LSO,NY.GDP.PCAP.KD.ZG,GDP per capita growth (annual %),Outcome 2 — 7% exit growth target,2021,1.09935782526551
2026-09-03T12:26:23Z,Lesotho,LSO,NY.GDP.PCAP.KD.ZG,GDP per capita growth (annual %),Outcome 2 — 7% exit growth target,2020,-9.23727005298078
2026-09-03T12:26:23Z,Lesotho,LSO,NY.GDP.PCAP.KD.ZG,GDP per capita growth (annual %),Outcome 2 — 7% exit growth target,2019,-2.56925986092637
2026-09-03T12:26:23Z,Lesotho,LSO,NY.GDP.PCAP.KD.ZG,GDP per capita growth (annual %),Outcome 2 — 7% exit growth target,2018,-2.67593907523207
2026-09-03T12:26:23Z,Lesotho,LSO,NY.GDP.PCAP.KD.ZG,GDP per capita growth (annual %),Outcome 2 — 7% exit growth target,2017,-4.33655999292874
2026-09-03T12:26:23Z,Lesotho,LSO,NY.GDP.PCAP.KD.ZG,GDP per capita growth (annual %),Outcome 2 — 7% exit growth target,2016,2.35363981271321
2026-09-03T12:26:23Z,Lesotho,LSO,NY.GDP.PCAP.KD.ZG,GDP per capita growth (annual %),Outcome 2 — 7% exit growth target,2015,1.92251059472272
2026-09-03T12:26:23Z,Lesotho,LSO,NY.GDP.PCAP.KD.ZG,GDP per capita growth (annual %),Outcome 2 — 7% exit growth target,2014,0.557309193389017
2026-09-03T12:26:23Z,Lesotho,LSO,NY.GDP.PCAP.KD.ZG,GDP per capita growth (annual %),Outcome 2 — 7% exit growth target,2013,0.696148188602265
2026-09-03T12:26:23Z,Lesotho,LSO,NY.GDP.PCAP.KD.ZG,GDP per capita growth (annual %),Outcome 2 — 7% exit growth target,2012,5.27066659627468
2026-09-03T12:26:23Z,Lesotho,LSO,NY.GDP.PCAP.KD.ZG,GDP per capita growth (annual %),Outcome 2 — 7% exit growth target,2011,3.69398595274109
2026-09-03T12:26:23Z,Lesotho,LSO,NY.GDP.PCAP.KD.ZG,GDP per capita growth (annual %),Outcome 2 — 7% exit growth target,2010,4.45925951436652
2026-09-03T12:26:23Z,Namibia,NAM,NY.GDP.PCAP.KD.ZG,GDP per capita growth (annual %),Outcome 2 — 7% exit growth target,2025,-0.331679377239283
2026-09-03T12:26:23Z,Namibia,NAM,NY.GDP.PCAP.KD.ZG,GDP per capita growth (annual %),Outcome 2 — 7% exit growth target,2024,1.48261098927927
2026-09-03T12:26:23Z,Namibia,NAM,NY.GDP.PCAP.KD.ZG,GDP per capita growth (annual %),Outcome 2 — 7% exit growth target,2023,1.73954320359132
2026-09-03T12:26:23Z,Namibia,NAM,NY.GDP.PCAP.KD.ZG,GDP per capita growth (annual %),Outcome 2 — 7% exit growth target,2022,2.51308808227621
2026-09-03T12:26:23Z,Namibia,NAM,NY.GDP.PCAP.KD.ZG,GDP per capita growth (annual %),Outcome 2 — 7% exit growth target,2021,0.588992664401843
2026-09-03T12:26:23Z,Namibia,NAM,NY.GDP.PCAP.KD.ZG,GDP per capita growth (annual %),Outcome 2 — 7% exit growth target,2020,-10.7372931134497
2026-09-03T12:26:23Z,Namibia,NAM,NY.GDP.PCAP.KD.ZG,GDP per capita growth (annual %),Outcome 2 — 7% exit growth target,2019,-3.57649160039189
2026-09-03T12:26:23Z,Namibia,NAM,NY.GDP.PCAP.KD.ZG,GDP per capita growth (annual %),Outcome 2 — 7% exit growth target,2018,-1.70342664632669
2026-09-03T12:26:23Z,Namibia,NAM,NY.GDP.PCAP.KD.ZG,GDP per capita growth (annual %),Outcome 2 — 7% exit growth target,2017,-3.69773452685817
2026-09-03T12:26:23Z,Namibia,NAM,NY.GDP.PCAP.KD.ZG,GDP per capita growth (annual %),Outcome 2 — 7% exit growth target,2016,-2.62833210419717
2026-09-03T12:26:23Z,Namibia,NAM,NY.GDP.PCAP.KD.ZG,GDP per capita growth (annual %),Outcome 2 — 7% exit growth target,2015,1.53445826192009
2026-09-03T12:26:23Z,Namibia,NAM,NY.GDP.PCAP.KD.ZG,GDP per capita growth (annual %),Outcome 2 — 7% exit growth target,2014,3.35635017944713
2026-09-03T12:26:23Z,Namibia,NAM,NY.GDP.PCAP.KD.ZG,GDP per capita growth (annual %),Outcome 2 — 7% exit growth target,2013,2.90208375663774
2026-09-03T12:26:23Z,Namibia,NAM,NY.GDP.PCAP.KD.ZG,GDP per capita growth (annual %),Outcome 2 — 7% exit growth target,2012,2.74809367129893
2026-09-03T12:26:23Z,Namibia,NAM,NY.GDP.PCAP.KD.ZG,GDP per capita growth (annual %),Outcome 2 — 7% exit growth target,2011,3.30348908465837
2026-09-03T12:26:23Z,Namibia,NAM,NY.GDP.PCAP.KD.ZG,GDP per capita growth (annual %),Outcome 2 — 7% exit growth target,2010,4.40996877603639
2026-09-03T12:26:23Z,Eswatini,SWZ,NY.GDP.PCAP.KD.ZG,GDP per capita growth (annual %),Outcome 2 — 7% exit growth target,2025,3.08642991125257
2026-09-03T12:26:23Z,Eswatini,SWZ,NY.GDP.PCAP.KD.ZG,GDP per capita growth (annual %),Outcome 2 — 7% exit growth target,2024,2.01061156828082
2026-09-03T12:26:23Z,Eswatini,SWZ,NY.GDP.PCAP.KD.ZG,GDP per capita growth (annual %),Outcome 2 — 7% exit growth target,2023,2.55749887128813
2026-09-03T12:26:23Z,Eswatini,SWZ,NY.GDP.PCAP.KD.ZG,GDP per capita growth (annual %),Outcome 2 — 7% exit growth target,2022,-0.628894036514311
2026-09-03T12:26:23Z,Eswatini,SWZ,NY.GDP.PCAP.KD.ZG,GDP per capita growth (annual %),Outcome 2 — 7% exit growth target,2021,3.03852368946784
2026-09-03T12:26:23Z,Eswatini,SWZ,NY.GDP.PCAP.KD.ZG,GDP per capita growth (annual %),Outcome 2 — 7% exit growth target,2020,-3.9978006899122
2026-09-03T12:26:23Z,Eswatini,SWZ,NY.GDP.PCAP.KD.ZG,GDP per capita growth (annual %),Outcome 2 — 7% exit growth target,2019,5.4445627805287
2026-09-03T12:26:23Z,Eswatini,SWZ,NY.GDP.PCAP.KD.ZG,GDP per capita growth (annual %),Outcome 2 — 7% exit growth target,2018,-0.853481330729949
2026-09-03T12:26:23Z,Eswatini,SWZ,NY.GDP.PCAP.KD.ZG,GDP per capita growth (annual %),Outcome 2 — 7% exit growth target,2017,2.74440888521023
2026-09-03T12:26:23Z,Eswatini,SWZ,NY.GDP.PCAP.KD.ZG,GDP per capita growth (annual %),Outcome 2 — 7% exit growth target,2016,2.34965752297238
2026-09-03T12:26:23Z,Eswatini,SWZ,NY.GDP.PCAP.KD.ZG,GDP per capita growth (annual %),Outcome 2 — 7% exit growth target,2015,1.12454682394791
2026-09-03T12:26:23Z,Eswatini,SWZ,NY.GDP.PCAP.KD.ZG,GDP per capita growth (annual %),Outcome 2 — 7% exit growth target,2014,1.49073514248317
2026-09-03T12:26:23Z,Eswatini,SWZ,NY.GDP.PCAP.KD.ZG,GDP per capita growth (annual %),Outcome 2 — 7% exit growth target,2013,3.53016648859264
2026-09-03T12:26:23Z,Eswatini,SWZ,NY.GDP.PCAP.KD.ZG,GDP per capita growth (annual %),Outcome 2 — 7% exit growth target,2012,3.53199247160502
2026-09-03T12:26:23Z,Eswatini,SWZ,NY.GDP.PCAP.KD.ZG,GDP per capita growth (annual %),Outcome 2 — 7% exit growth target,2011,1.27643647351354
2026-09-03T12:26:23Z,Eswatini,SWZ,NY.GDP.PCAP.KD.ZG,GDP per capita growth (annual %),Outcome 2 — 7% exit growth target,2010,3.21763655344279
2026-09-03T12:26:23Z,South Africa,ZAF,NY.GDP.PCAP.KD.ZG,GDP per capita growth (annual %),Outcome 2 — 7% exit growth target,2025,-0.0412236373188222
2026-09-03T12:26:23Z,South Africa,ZAF,NY.GDP.PCAP.KD.ZG,GDP per capita growth (annual %),Outcome 2 — 7% exit growth target,2024,-0.713538079423742
2026-09-03T12:26:23Z,South Africa,ZAF,NY.GDP.PCAP.KD.ZG,GDP per capita growth (annual %),Outcome 2 — 7% exit growth target,2023,-0.523851146279725
2026-09-03T12:26:23Z,South Africa,ZAF,NY.GDP.PCAP.KD.ZG,GDP per capita growth (annual %),Outcome 2 — 7% exit growth target,2022,0.62521727101273
2026-09-03T12:26:23Z,South Africa,ZAF,NY.GDP.PCAP.KD.ZG,GDP per capita growth (annual %),Outcome 2 — 7% exit growth target,2021,3.25562042833964
2026-09-03T12:26:23Z,South Africa,ZAF,NY.GDP.PCAP.KD.ZG,GDP per capita growth (annual %),Outcome 2 — 7% exit growth target,2020,-7.67873309598839
2026-09-03T12:26:23Z,South Africa,ZAF,NY.GDP.PCAP.KD.ZG,GDP per capita growth (annual %),Outcome 2 — 7% exit growth target,2019,-1.3803610544763
2026-09-03T12:26:23Z,South Africa,ZAF,NY.GDP.PCAP.KD.ZG,GDP per capita growth (annual %),Outcome 2 — 7% exit growth target,2018,-0.1374850396532
2026-09-03T12:26:23Z,South Africa,ZAF,NY.GDP.PCAP.KD.ZG,GDP per capita growth (annual %),Outcome 2 — 7% exit growth target,2017,0.49869596172698
2026-09-03T12:26:23Z,South Africa,ZAF,NY.GDP.PCAP.KD.ZG,GDP per capita growth (annual %),Outcome 2 — 7% exit growth target,2016,-0.277781475736276
2026-09-03T12:26:23Z,South Africa,ZAF,NY.GDP.PCAP.KD.ZG,GDP per capita growth (annual %),Outcome 2 — 7% exit growth target,2015,-0.694265293924985
2026-09-03T12:26:23Z,South Africa,ZAF,NY.GDP.PCAP.KD.ZG,GDP per capita growth (annual %),Outcome 2 — 7% exit growth target,2014,-0.257188966137676
2026-09-03T12:26:23Z,South Africa,ZAF,NY.GDP.PCAP.KD.ZG,GDP per capita growth (annual %),Outcome 2 — 7% exit growth target,2013,0.805658809846705
2026-09-03T12:26:23Z,South Africa,ZAF,NY.GDP.PCAP.KD.ZG,GDP per capita growth (annual %),Outcome 2 — 7% exit growth target,2012,0.897179683754416
2026-09-03T12:26:23Z,South Africa,ZAF,NY.GDP.PCAP.KD.ZG,GDP per capita growth (annual %),Outcome 2 — 7% exit growth target,2011,1.90092049729387
2026-09-03T12:26:23Z,South Africa,ZAF,NY.GDP.PCAP.KD.ZG,GDP per capita growth (annual %),Outcome 2 — 7% exit growth target,2010,1.82804672464107
2026-09-03T12:26:23Z,Botswana,BWA,NY.GDP.PCAP.CD,GDP per capita (current US$),Diagnosis Fig.2 — SACU wealth-gap comparison,2025,7778.1151090571
2026-09-03T12:26:23Z,Botswana,BWA,NY.GDP.PCAP.CD,GDP per capita (current US$),Diagnosis Fig.2 — SACU wealth-gap comparison,2024,7649.81663744354
2026-09-03T12:26:23Z,Botswana,BWA,NY.GDP.PCAP.CD,GDP per capita (current US$),Diagnosis Fig.2 — SACU wealth-gap comparison,2023,7827.30027960734
2026-09-03T12:26:23Z,Botswana,BWA,NY.GDP.PCAP.CD,GDP per capita (current US$),Diagnosis Fig.2 — SACU wealth-gap comparison,2022,8328.7090572666
2026-09-03T12:26:23Z,Botswana,BWA,NY.GDP.PCAP.CD,GDP per capita (current US$),Diagnosis Fig.2 — SACU wealth-gap comparison,2021,7807.88794570471
2026-09-03T12:26:23Z,Botswana,BWA,NY.GDP.PCAP.CD,GDP per capita (current US$),Diagnosis Fig.2 — SACU wealth-gap comparison,2020,6323.2974967659
2026-09-03T12:26:23Z,Botswana,BWA,NY.GDP.PCAP.CD,GDP per capita (current US$),Diagnosis Fig.2 — SACU wealth-gap comparison,2019,7172.08956480028
2026-09-03T12:26:23Z,Botswana,BWA,NY.GDP.PCAP.CD,GDP per capita (current US$),Diagnosis Fig.2 — SACU wealth-gap comparison,2018,7407.95940141786
2026-09-03T12:26:23Z,Botswana,BWA,NY.GDP.PCAP.CD,GDP per capita (current US$),Diagnosis Fig.2 — SACU wealth-gap comparison,2017,7104.96401088027
2026-09-03T12:26:23Z,Botswana,BWA,NY.GDP.PCAP.CD,GDP per capita (current US$),Diagnosis Fig.2 — SACU wealth-gap comparison,2016,6749.05994339013
2026-09-03T12:26:23Z,Botswana,BWA,NY.GDP.PCAP.CD,GDP per capita (current US$),Diagnosis Fig.2 — SACU wealth-gap comparison,2015,6141.20394726616
2026-09-03T12:26:23Z,Botswana,BWA,NY.GDP.PCAP.CD,GDP per capita (current US$),Diagnosis Fig.2 — SACU wealth-gap comparison,2014,7122.36423421503
2026-09-03T12:26:23Z,Botswana,BWA,NY.GDP.PCAP.CD,GDP per capita (current US$),Diagnosis Fig.2 — SACU wealth-gap comparison,2013,6666.91219583487
2026-09-03T12:26:23Z,Botswana,BWA,NY.GDP.PCAP.CD,GDP per capita (current US$),Diagnosis Fig.2 — SACU wealth-gap comparison,2012,6595.53845015424
2026-09-03T12:26:23Z,Botswana,BWA,NY.GDP.PCAP.CD,GDP per capita (current US$),Diagnosis Fig.2 — SACU wealth-gap comparison,2011,7287.38295334919
2026-09-03T12:26:23Z,Botswana,BWA,NY.GDP.PCAP.CD,GDP per capita (current US$),Diagnosis Fig.2 — SACU wealth-gap comparison,2010,6215.73216077919
2026-09-03T12:26:23Z,Lesotho,LSO,NY.GDP.PCAP.CD,GDP per capita (current US$),Diagnosis Fig.2 — SACU wealth-gap comparison,2025,1088.96276223185
2026-09-03T12:26:23Z,Lesotho,LSO,NY.GDP.PCAP.CD,GDP per capita (current US$),Diagnosis Fig.2 — SACU wealth-gap comparison,2024,1023.04227681523
2026-09-03T12:26:23Z,Lesotho,LSO,NY.GDP.PCAP.CD,GDP per capita (current US$),Diagnosis Fig.2 — SACU wealth-gap comparison,2023,921.435141557056
2026-09-03T12:26:23Z,Lesotho,LSO,NY.GDP.PCAP.CD,GDP per capita (current US$),Diagnosis Fig.2 — SACU wealth-gap comparison,2022,1030.12582947757
2026-09-03T12:26:23Z,Lesotho,LSO,NY.GDP.PCAP.CD,GDP per capita (current US$),Diagnosis Fig.2 — SACU wealth-gap comparison,2021,1066.58645143823
2026-09-03T12:26:23Z,Lesotho,LSO,NY.GDP.PCAP.CD,GDP per capita (current US$),Diagnosis Fig.2 — SACU wealth-gap comparison,2020,918.582574704447
2026-09-03T12:26:23Z,Lesotho,LSO,NY.GDP.PCAP.CD,GDP per capita (current US$),Diagnosis Fig.2 — SACU wealth-gap comparison,2019,1082.05706777516
2026-09-03T12:26:23Z,Lesotho,LSO,NY.GDP.PCAP.CD,GDP per capita (current US$),Diagnosis Fig.2 — SACU wealth-gap comparison,2018,1170.65569702819
2026-09-03T12:26:23Z,Lesotho,LSO,NY.GDP.PCAP.CD,GDP per capita (current US$),Diagnosis Fig.2 — SACU wealth-gap comparison,2017,1069.36673247542
2026-09-03T12:26:23Z,Lesotho,LSO,NY.GDP.PCAP.CD,GDP per capita (current US$),Diagnosis Fig.2 — SACU wealth-gap comparison,2016,992.491840678465
2026-09-03T12:26:23Z,Lesotho,LSO,NY.GDP.PCAP.CD,GDP per capita (current US$),Diagnosis Fig.2 — SACU wealth-gap comparison,2015,1121.19851342518
2026-09-03T12:26:23Z,Lesotho,LSO,NY.GDP.PCAP.CD,GDP per capita (current US$),Diagnosis Fig.2 — SACU wealth-gap comparison,2014,1173.5377928819
2026-09-03T12:26:23Z,Lesotho,LSO,NY.GDP.PCAP.CD,GDP per capita (current US$),Diagnosis Fig.2 — SACU wealth-gap comparison,2013,1151.03735837227
2026-09-03T12:26:23Z,Lesotho,LSO,NY.GDP.PCAP.CD,GDP per capita (current US$),Diagnosis Fig.2 — SACU wealth-gap comparison,2012,1217.93071228944
2026-09-03T12:26:23Z,Lesotho,LSO,NY.GDP.PCAP.CD,GDP per capita (current US$),Diagnosis Fig.2 — SACU wealth-gap comparison,2011,1280.73390931581
2026-09-03T12:26:23Z,Lesotho,LSO,NY.GDP.PCAP.CD,GDP per capita (current US$),Diagnosis Fig.2 — SACU wealth-gap comparison,2010,1119.47557793042
2026-09-03T12:26:23Z,Namibia,NAM,NY.GDP.PCAP.CD,GDP per capita (current US$),Diagnosis Fig.2 — SACU wealth-gap comparison,2025,4875.92558158247
2026-09-03T12:26:23Z,Namibia,NAM,NY.GDP.PCAP.CD,GDP per capita (current US$),Diagnosis Fig.2 — SACU wealth-gap comparison,2024,4501.84849548225
2026-09-03T12:26:23Z,Namibia,NAM,NY.GDP.PCAP.CD,GDP per capita (current US$),Diagnosis Fig.2 — SACU wealth-gap comparison,2023,4225.99102418102
2026-09-03T12:26:23Z,Namibia,NAM,NY.GDP.PCAP.CD,GDP per capita (current US$),Diagnosis Fig.2 — SACU wealth-gap comparison,2022,4349.79908493314
2026-09-03T12:26:23Z,Namibia,NAM,NY.GDP.PCAP.CD,GDP per capita (current US$),Diagnosis Fig.2 — SACU wealth-gap comparison,2021,4412.8355693052
2026-09-03T12:26:23Z,Namibia,NAM,NY.GDP.PCAP.CD,GDP per capita (current US$),Diagnosis Fig.2 — SACU wealth-gap comparison,2020,3878.58982993966
2026-09-03T12:26:23Z,Namibia,NAM,NY.GDP.PCAP.CD,GDP per capita (current US$),Diagnosis Fig.2 — SACU wealth-gap comparison,2019,4731.9210318831
2026-09-03T12:26:23Z,Namibia,NAM,NY.GDP.PCAP.CD,GDP per capita (current US$),Diagnosis Fig.2 — SACU wealth-gap comparison,2018,5308.60813408705
2026-09-03T12:26:23Z,Namibia,NAM,NY.GDP.PCAP.CD,GDP per capita (current US$),Diagnosis Fig.2 — SACU wealth-gap comparison,2017,5143.96072323076
2026-09-03T12:26:23Z,Namibia,NAM,NY.GDP.PCAP.CD,GDP per capita (current US$),Diagnosis Fig.2 — SACU wealth-gap comparison,2016,4395.68776162376
2026-09-03T12:26:23Z,Namibia,NAM,NY.GDP.PCAP.CD,GDP per capita (current US$),Diagnosis Fig.2 — SACU wealth-gap comparison,2015,4774.10650865775
2026-09-03T12:26:23Z,Namibia,NAM,NY.GDP.PCAP.CD,GDP per capita (current US$),Diagnosis Fig.2 — SACU wealth-gap comparison,2014,5378.32326241205
2026-09-03T12:26:23Z,Namibia,NAM,NY.GDP.PCAP.CD,GDP per capita (current US$),Diagnosis Fig.2 — SACU wealth-gap comparison,2013,5346.62131149967
2026-09-03T12:26:23Z,Namibia,NAM,NY.GDP.PCAP.CD,GDP per capita (current US$),Diagnosis Fig.2 — SACU wealth-gap comparison,2012,5942.64680978673
2026-09-03T12:26:23Z,Namibia,NAM,NY.GDP.PCAP.CD,GDP per capita (current US$),Diagnosis Fig.2 — SACU wealth-gap comparison,2011,5834.7917675794
2026-09-03T12:26:23Z,Namibia,NAM,NY.GDP.PCAP.CD,GDP per capita (current US$),Diagnosis Fig.2 — SACU wealth-gap comparison,2010,5418.21633365814
2026-09-03T12:26:23Z,Eswatini,SWZ,NY.GDP.PCAP.CD,GDP per capita (current US$),Diagnosis Fig.2 — SACU wealth-gap comparison,2025,4108.25221093363
2026-09-03T12:26:23Z,Eswatini,SWZ,NY.GDP.PCAP.CD,GDP per capita (current US$),Diagnosis Fig.2 — SACU wealth-gap comparison,2024,3909.55892378182
2026-09-03T12:26:23Z,Eswatini,SWZ,NY.GDP.PCAP.CD,GDP per capita (current US$),Diagnosis Fig.2 — SACU wealth-gap comparison,2023,3755.52111232464
2026-09-03T12:26:23Z,Eswatini,SWZ,NY.GDP.PCAP.CD,GDP per capita (current US$),Diagnosis Fig.2 — SACU wealth-gap comparison,2022,3894.1620089869
2026-09-03T12:26:23Z,Eswatini,SWZ,NY.GDP.PCAP.CD,GDP per capita (current US$),Diagnosis Fig.2 — SACU wealth-gap comparison,2021,3984.00229174306
2026-09-03T12:26:23Z,Eswatini,SWZ,NY.GDP.PCAP.CD,GDP per capita (current US$),Diagnosis Fig.2 — SACU wealth-gap comparison,2020,3466.56936278145
2026-09-03T12:26:23Z,Eswatini,SWZ,NY.GDP.PCAP.CD,GDP per capita (current US$),Diagnosis Fig.2 — SACU wealth-gap comparison,2019,3913.14577547336
2026-09-03T12:26:23Z,Eswatini,SWZ,NY.GDP.PCAP.CD,GDP per capita (current US$),Diagnosis Fig.2 — SACU wealth-gap comparison,2018,3972.65450620357
2026-09-03T12:26:23Z,Eswatini,SWZ,NY.GDP.PCAP.CD,GDP per capita (current US$),Diagnosis Fig.2 — SACU wealth-gap comparison,2017,3853.09956569679
2026-09-03T12:26:23Z,Eswatini,SWZ,NY.GDP.PCAP.CD,GDP per capita (current US$),Diagnosis Fig.2 — SACU wealth-gap comparison,2016,3238.17611961364
2026-09-03T12:26:23Z,Eswatini,SWZ,NY.GDP.PCAP.CD,GDP per capita (current US$),Diagnosis Fig.2 — SACU wealth-gap comparison,2015,3419.82276559528
2026-09-03T12:26:23Z,Eswatini,SWZ,NY.GDP.PCAP.CD,GDP per capita (current US$),Diagnosis Fig.2 — SACU wealth-gap comparison,2014,3771.07228381938
2026-09-03T12:26:23Z,Eswatini,SWZ,NY.GDP.PCAP.CD,GDP per capita (current US$),Diagnosis Fig.2 — SACU wealth-gap comparison,2013,3949.94310039907
2026-09-03T12:26:23Z,Eswatini,SWZ,NY.GDP.PCAP.CD,GDP per capita (current US$),Diagnosis Fig.2 — SACU wealth-gap comparison,2012,4224.54789174487
2026-09-03T12:26:23Z,Eswatini,SWZ,NY.GDP.PCAP.CD,GDP per capita (current US$),Diagnosis Fig.2 — SACU wealth-gap comparison,2011,4225.06049411911
2026-09-03T12:26:23Z,Eswatini,SWZ,NY.GDP.PCAP.CD,GDP per capita (current US$),Diagnosis Fig.2 — SACU wealth-gap comparison,2010,3922.74039390733
2026-09-03T12:26:23Z,South Africa,ZAF,NY.GDP.PCAP.CD,GDP per capita (current US$),Diagnosis Fig.2 — SACU wealth-gap comparison,2025,6597.71450918774
2026-09-03T12:26:23Z,South Africa,ZAF,NY.GDP.PCAP.CD,GDP per capita (current US$),Diagnosis Fig.2 — SACU wealth-gap comparison,2024,6267.186814093
2026-09-03T12:26:23Z,South Africa,ZAF,NY.GDP.PCAP.CD,GDP per capita (current US$),Diagnosis Fig.2 — SACU wealth-gap comparison,2023,6034.27208964673
2026-09-03T12:26:23Z,South Africa,ZAF,NY.GDP.PCAP.CD,GDP per capita (current US$),Diagnosis Fig.2 — SACU wealth-gap comparison,2022,6534.24867783397
2026-09-03T12:26:23Z,South Africa,ZAF,NY.GDP.PCAP.CD,GDP per capita (current US$),Diagnosis Fig.2 — SACU wealth-gap comparison,2021,6828.75624590017
2026-09-03T12:26:23Z,South Africa,ZAF,NY.GDP.PCAP.CD,GDP per capita (current US$),Diagnosis Fig.2 — SACU wealth-gap comparison,2020,5580.60383075189
2026-09-03T12:26:23Z,South Africa,ZAF,NY.GDP.PCAP.CD,GDP per capita (current US$),Diagnosis Fig.2 — SACU wealth-gap comparison,2019,6533.71121032856
2026-09-03T12:26:23Z,South Africa,ZAF,NY.GDP.PCAP.CD,GDP per capita (current US$),Diagnosis Fig.2 — SACU wealth-gap comparison,2018,6914.1780318076
2026-09-03T12:26:23Z,South Africa,ZAF,NY.GDP.PCAP.CD,GDP per capita (current US$),Diagnosis Fig.2 — SACU wealth-gap comparison,2017,6618.33508255701
2026-09-03T12:26:23Z,South Africa,ZAF,NY.GDP.PCAP.CD,GDP per capita (current US$),Diagnosis Fig.2 — SACU wealth-gap comparison,2016,5651.20585165749
2026-09-03T12:26:23Z,South Africa,ZAF,NY.GDP.PCAP.CD,GDP per capita (current US$),Diagnosis Fig.2 — SACU wealth-gap comparison,2015,6112.27382485974
2026-09-03T12:26:23Z,South Africa,ZAF,NY.GDP.PCAP.CD,GDP per capita (current US$),Diagnosis Fig.2 — SACU wealth-gap comparison,2014,6856.73137092522
2026-09-03T12:26:23Z,South Africa,ZAF,NY.GDP.PCAP.CD,GDP per capita (current US$),Diagnosis Fig.2 — SACU wealth-gap comparison,2013,7331.65467384919
2026-09-03T12:26:23Z,South Africa,ZAF,NY.GDP.PCAP.CD,GDP per capita (current US$),Diagnosis Fig.2 — SACU wealth-gap comparison,2012,8076.97678479741
2026-09-03T12:26:23Z,South Africa,ZAF,NY.GDP.PCAP.CD,GDP per capita (current US$),Diagnosis Fig.2 — SACU wealth-gap comparison,2011,8646.05571071635
2026-09-03T12:26:23Z,South Africa,ZAF,NY.GDP.PCAP.CD,GDP per capita (current US$),Diagnosis Fig.2 — SACU wealth-gap comparison,2010,7973.47195771517
2026-09-03T12:26:23Z,Botswana,BWA,BN.CAB.XOKA.GD.ZS,Current account balance (% of GDP),Diagnosis Ch.1.3 — balance-of-payments constraint,2024,-4.25763140157322
2026-09-03T12:26:23Z,Botswana,BWA,BN.CAB.XOKA.GD.ZS,Current account balance (% of GDP),Diagnosis Ch.1.3 — balance-of-payments constraint,2023,1.48789678399818
2026-09-03T12:26:23Z,Botswana,BWA,BN.CAB.XOKA.GD.ZS,Current account balance (% of GDP),Diagnosis Ch.1.3 — balance-of-payments constraint,2022,-0.595044523765841
2026-09-03T12:26:23Z,Botswana,BWA,BN.CAB.XOKA.GD.ZS,Current account balance (% of GDP),Diagnosis Ch.1.3 — balance-of-payments constraint,2021,-1.76490531071366
2026-09-03T12:26:23Z,Botswana,BWA,BN.CAB.XOKA.GD.ZS,Current account balance (% of GDP),Diagnosis Ch.1.3 — balance-of-payments constraint,2020,-9.8063111229932
2026-09-03T12:26:23Z,Botswana,BWA,BN.CAB.XOKA.GD.ZS,Current account balance (% of GDP),Diagnosis Ch.1.3 — balance-of-payments constraint,2019,-6.90505478190797
2026-09-03T12:26:23Z,Botswana,BWA,BN.CAB.XOKA.GD.ZS,Current account balance (% of GDP),Diagnosis Ch.1.3 — balance-of-payments constraint,2018,0.392946349031096
2026-09-03T12:26:23Z,Botswana,BWA,BN.CAB.XOKA.GD.ZS,Current account balance (% of GDP),Diagnosis Ch.1.3 — balance-of-payments constraint,2017,5.58580913830414
2026-09-03T12:26:23Z,Botswana,BWA,BN.CAB.XOKA.GD.ZS,Current account balance (% of GDP),Diagnosis Ch.1.3 — balance-of-payments constraint,2016,7.97299722000002
2026-09-03T12:26:23Z,Botswana,BWA,BN.CAB.XOKA.GD.ZS,Current account balance (% of GDP),Diagnosis Ch.1.3 — balance-of-payments constraint,2015,2.22618287554396
2026-09-03T12:26:23Z,Botswana,BWA,BN.CAB.XOKA.GD.ZS,Current account balance (% of GDP),Diagnosis Ch.1.3 — balance-of-payments constraint,2014,11.07503064485
2026-09-03T12:26:23Z,Botswana,BWA,BN.CAB.XOKA.GD.ZS,Current account balance (% of GDP),Diagnosis Ch.1.3 — balance-of-payments constraint,2013,4.53073148351166
2026-09-03T12:26:23Z,Botswana,BWA,BN.CAB.XOKA.GD.ZS,Current account balance (% of GDP),Diagnosis Ch.1.3 — balance-of-payments constraint,2012,-5.90199267050561
2026-09-03T12:26:23Z,Botswana,BWA,BN.CAB.XOKA.GD.ZS,Current account balance (% of GDP),Diagnosis Ch.1.3 — balance-of-payments constraint,2011,-0.872984775002237
2026-09-03T12:26:23Z,Botswana,BWA,BN.CAB.XOKA.GD.ZS,Current account balance (% of GDP),Diagnosis Ch.1.3 — balance-of-payments constraint,2010,-5.88840225663454
2026-09-03T12:26:23Z,Lesotho,LSO,BN.CAB.XOKA.GD.ZS,Current account balance (% of GDP),Diagnosis Ch.1.3 — balance-of-payments constraint,2025,-0.153144614537761
2026-09-03T12:26:23Z,Lesotho,LSO,BN.CAB.XOKA.GD.ZS,Current account balance (% of GDP),Diagnosis Ch.1.3 — balance-of-payments constraint,2024,3.73488863491482
2026-09-03T12:26:23Z,Lesotho,LSO,BN.CAB.XOKA.GD.ZS,Current account balance (% of GDP),Diagnosis Ch.1.3 — balance-of-payments constraint,2023,-7.11569496022506
2026-09-03T12:26:23Z,Lesotho,LSO,BN.CAB.XOKA.GD.ZS,Current account balance (% of GDP),Diagnosis Ch.1.3 — balance-of-payments constraint,2022,-11.417455276866
2026-09-03T12:26:23Z,Lesotho,LSO,BN.CAB.XOKA.GD.ZS,Current account balance (% of GDP),Diagnosis Ch.1.3 — balance-of-payments constraint,2021,-8.12794759731639
2026-09-03T12:26:23Z,Lesotho,LSO,BN.CAB.XOKA.GD.ZS,Current account balance (% of GDP),Diagnosis Ch.1.3 — balance-of-payments constraint,2020,-5.89018411717255
2026-09-03T12:26:23Z,Lesotho,LSO,BN.CAB.XOKA.GD.ZS,Current account balance (% of GDP),Diagnosis Ch.1.3 — balance-of-payments constraint,2019,-7.45753439541607
2026-09-03T12:26:23Z,Lesotho,LSO,BN.CAB.XOKA.GD.ZS,Current account balance (% of GDP),Diagnosis Ch.1.3 — balance-of-payments constraint,2018,-5.62372777156264
2026-09-03T12:26:23Z,Lesotho,LSO,BN.CAB.XOKA.GD.ZS,Current account balance (% of GDP),Diagnosis Ch.1.3 — balance-of-payments constraint,2017,-9.01074725417763
2026-09-03T12:26:23Z,Lesotho,LSO,BN.CAB.XOKA.GD.ZS,Current account balance (% of GDP),Diagnosis Ch.1.3 — balance-of-payments constraint,2016,-10.5017567713342
2026-09-03T12:26:23Z,Lesotho,LSO,BN.CAB.XOKA.GD.ZS,Current account balance (% of GDP),Diagnosis Ch.1.3 — balance-of-payments constraint,2015,-5.73228396984584
2026-09-03T12:26:23Z,Lesotho,LSO,BN.CAB.XOKA.GD.ZS,Current account balance (% of GDP),Diagnosis Ch.1.3 — balance-of-payments constraint,2014,-8.42016664486879
2026-09-03T12:26:23Z,Lesotho,LSO,BN.CAB.XOKA.GD.ZS,Current account balance (% of GDP),Diagnosis Ch.1.3 — balance-of-payments constraint,2013,-10.7579867652524
2026-09-03T12:26:23Z,Lesotho,LSO,BN.CAB.XOKA.GD.ZS,Current account balance (% of GDP),Diagnosis Ch.1.3 — balance-of-payments constraint,2012,-18.7652520307529
2026-09-03T12:26:23Z,Lesotho,LSO,BN.CAB.XOKA.GD.ZS,Current account balance (% of GDP),Diagnosis Ch.1.3 — balance-of-payments constraint,2011,-11.8566683946226
2026-09-03T12:26:23Z,Lesotho,LSO,BN.CAB.XOKA.GD.ZS,Current account balance (% of GDP),Diagnosis Ch.1.3 — balance-of-payments constraint,2010,-11.0020417569816
2026-09-03T12:26:23Z,Namibia,NAM,BN.CAB.XOKA.GD.ZS,Current account balance (% of GDP),Diagnosis Ch.1.3 — balance-of-payments constraint,2024,-13.4129533004201
2026-09-03T12:26:23Z,Namibia,NAM,BN.CAB.XOKA.GD.ZS,Current account balance (% of GDP),Diagnosis Ch.1.3 — balance-of-payments constraint,2023,-15.0289746105499
2026-09-03T12:26:23Z,Namibia,NAM,BN.CAB.XOKA.GD.ZS,Current account balance (% of GDP),Diagnosis Ch.1.3 — balance-of-payments constraint,2022,-12.5650462510737
2026-09-03T12:26:23Z,Namibia,NAM,BN.CAB.XOKA.GD.ZS,Current account balance (% of GDP),Diagnosis Ch.1.3 — balance-of-payments constraint,2021,-10.7496086508526
2026-09-03T12:26:23Z,Namibia,NAM,BN.CAB.XOKA.GD.ZS,Current account balance (% of GDP),Diagnosis Ch.1.3 — balance-of-payments constraint,2020,3.97932903342158
2026-09-03T12:26:23Z,Namibia,NAM,BN.CAB.XOKA.GD.ZS,Current account balance (% of GDP),Diagnosis Ch.1.3 — balance-of-payments constraint,2019,-1.76497330612085
2026-09-03T12:26:23Z,Namibia,NAM,BN.CAB.XOKA.GD.ZS,Current account balance (% of GDP),Diagnosis Ch.1.3 — balance-of-payments constraint,2018,-3.55152146428618
2026-09-03T12:26:23Z,Namibia,NAM,BN.CAB.XOKA.GD.ZS,Current account balance (% of GDP),Diagnosis Ch.1.3 — balance-of-payments constraint,2017,-4.42059051747783
2026-09-03T12:26:23Z,Namibia,NAM,BN.CAB.XOKA.GD.ZS,Current account balance (% of GDP),Diagnosis Ch.1.3 — balance-of-payments constraint,2016,-16.4970881327639
2026-09-03T12:26:23Z,Namibia,NAM,BN.CAB.XOKA.GD.ZS,Current account balance (% of GDP),Diagnosis Ch.1.3 — balance-of-payments constraint,2015,-13.7578944670231
2026-09-03T12:26:23Z,Namibia,NAM,BN.CAB.XOKA.GD.ZS,Current account balance (% of GDP),Diagnosis Ch.1.3 — balance-of-payments constraint,2014,-9.42886877840743
2026-09-03T12:26:23Z,Namibia,NAM,BN.CAB.XOKA.GD.ZS,Current account balance (% of GDP),Diagnosis Ch.1.3 — balance-of-payments constraint,2013,-8.23764757879193
2026-09-03T12:26:23Z,Namibia,NAM,BN.CAB.XOKA.GD.ZS,Current account balance (% of GDP),Diagnosis Ch.1.3 — balance-of-payments constraint,2012,-8.58334513038746
2026-09-03T12:26:23Z,Namibia,NAM,BN.CAB.XOKA.GD.ZS,Current account balance (% of GDP),Diagnosis Ch.1.3 — balance-of-payments constraint,2011,-6.84779731737787
2026-09-03T12:26:23Z,Namibia,NAM,BN.CAB.XOKA.GD.ZS,Current account balance (% of GDP),Diagnosis Ch.1.3 — balance-of-payments constraint,2010,-3.92244710726353
2026-09-03T12:26:23Z,Eswatini,SWZ,BN.CAB.XOKA.GD.ZS,Current account balance (% of GDP),Diagnosis Ch.1.3 — balance-of-payments constraint,2024,1.6121572847945
2026-09-03T12:26:23Z,Eswatini,SWZ,BN.CAB.XOKA.GD.ZS,Current account balance (% of GDP),Diagnosis Ch.1.3 — balance-of-payments constraint,2023,2.1357603698575
2026-09-03T12:26:23Z,Eswatini,SWZ,BN.CAB.XOKA.GD.ZS,Current account balance (% of GDP),Diagnosis Ch.1.3 — balance-of-payments constraint,2022,-2.96992116038183
2026-09-03T12:26:23Z,Eswatini,SWZ,BN.CAB.XOKA.GD.ZS,Current account balance (% of GDP),Diagnosis Ch.1.3 — balance-of-payments constraint,2021,2.60694672482633
2026-09-03T12:26:23Z,Eswatini,SWZ,BN.CAB.XOKA.GD.ZS,Current account balance (% of GDP),Diagnosis Ch.1.3 — balance-of-payments constraint,2020,6.55291656984156
2026-09-03T12:26:23Z,Eswatini,SWZ,BN.CAB.XOKA.GD.ZS,Current account balance (% of GDP),Diagnosis Ch.1.3 — balance-of-payments constraint,2019,3.81510661336773
2026-09-03T12:26:23Z,Eswatini,SWZ,BN.CAB.XOKA.GD.ZS,Current account balance (% of GDP),Diagnosis Ch.1.3 — balance-of-payments constraint,2018,1.30781570062784
2026-09-03T12:26:23Z,Eswatini,SWZ,BN.CAB.XOKA.GD.ZS,Current account balance (% of GDP),Diagnosis Ch.1.3 — balance-of-payments constraint,2017,6.1129365155531
2026-09-03T12:26:23Z,Eswatini,SWZ,BN.CAB.XOKA.GD.ZS,Current account balance (% of GDP),Diagnosis Ch.1.3 — balance-of-payments constraint,2016,7.9902465271262
2026-09-03T12:26:23Z,Eswatini,SWZ,BN.CAB.XOKA.GD.ZS,Current account balance (% of GDP),Diagnosis Ch.1.3 — balance-of-payments constraint,2015,13.6462188835414
2026-09-03T12:26:23Z,Eswatini,SWZ,BN.CAB.XOKA.GD.ZS,Current account balance (% of GDP),Diagnosis Ch.1.3 — balance-of-payments constraint,2014,11.9504856315641
2026-09-03T12:26:23Z,Eswatini,SWZ,BN.CAB.XOKA.GD.ZS,Current account balance (% of GDP),Diagnosis Ch.1.3 — balance-of-payments constraint,2013,10.9113844873232
2026-09-03T12:26:23Z,Eswatini,SWZ,BN.CAB.XOKA.GD.ZS,Current account balance (% of GDP),Diagnosis Ch.1.3 — balance-of-payments constraint,2012,5.05366904415604
2026-09-03T12:26:23Z,Eswatini,SWZ,BN.CAB.XOKA.GD.ZS,Current account balance (% of GDP),Diagnosis Ch.1.3 — balance-of-payments constraint,2011,-5.9649333225146
2026-09-03T12:26:23Z,Eswatini,SWZ,BN.CAB.XOKA.GD.ZS,Current account balance (% of GDP),Diagnosis Ch.1.3 — balance-of-payments constraint,2010,-8.90472208675336
2026-09-03T12:26:23Z,South Africa,ZAF,BN.CAB.XOKA.GD.ZS,Current account balance (% of GDP),Diagnosis Ch.1.3 — balance-of-payments constraint,2025,-0.422766754018983
2026-09-03T12:26:23Z,South Africa,ZAF,BN.CAB.XOKA.GD.ZS,Current account balance (% of GDP),Diagnosis Ch.1.3 — balance-of-payments constraint,2024,-0.64279979707505
2026-09-03T12:26:23Z,South Africa,ZAF,BN.CAB.XOKA.GD.ZS,Current account balance (% of GDP),Diagnosis Ch.1.3 — balance-of-payments constraint,2023,-1.10356312207881
2026-09-03T12:26:23Z,South Africa,ZAF,BN.CAB.XOKA.GD.ZS,Current account balance (% of GDP),Diagnosis Ch.1.3 — balance-of-payments constraint,2022,-0.296182598127432
2026-09-03T12:26:23Z,South Africa,ZAF,BN.CAB.XOKA.GD.ZS,Current account balance (% of GDP),Diagnosis Ch.1.3 — balance-of-payments constraint,2021,3.7724136934501
2026-09-03T12:26:23Z,South Africa,ZAF,BN.CAB.XOKA.GD.ZS,Current account balance (% of GDP),Diagnosis Ch.1.3 — balance-of-payments constraint,2020,2.00352275153333
2026-09-03T12:26:23Z,South Africa,ZAF,BN.CAB.XOKA.GD.ZS,Current account balance (% of GDP),Diagnosis Ch.1.3 — balance-of-payments constraint,2019,-2.6199906748304
2026-09-03T12:26:23Z,South Africa,ZAF,BN.CAB.XOKA.GD.ZS,Current account balance (% of GDP),Diagnosis Ch.1.3 — balance-of-payments constraint,2018,-3.00051939426576
2026-09-03T12:26:23Z,South Africa,ZAF,BN.CAB.XOKA.GD.ZS,Current account balance (% of GDP),Diagnosis Ch.1.3 — balance-of-payments constraint,2017,-2.37436753188649
2026-09-03T12:26:23Z,South Africa,ZAF,BN.CAB.XOKA.GD.ZS,Current account balance (% of GDP),Diagnosis Ch.1.3 — balance-of-payments constraint,2016,-2.63361451678797
2026-09-03T12:26:23Z,South Africa,ZAF,BN.CAB.XOKA.GD.ZS,Current account balance (% of GDP),Diagnosis Ch.1.3 — balance-of-payments constraint,2015,-4.31028688643789
2026-09-03T12:26:23Z,South Africa,ZAF,BN.CAB.XOKA.GD.ZS,Current account balance (% of GDP),Diagnosis Ch.1.3 — balance-of-payments constraint,2014,-4.81243259488482
2026-09-03T12:26:23Z,South Africa,ZAF,BN.CAB.XOKA.GD.ZS,Current account balance (% of GDP),Diagnosis Ch.1.3 — balance-of-payments constraint,2013,-5.33837274756911
2026-09-03T12:26:23Z,South Africa,ZAF,BN.CAB.XOKA.GD.ZS,Current account balance (% of GDP),Diagnosis Ch.1.3 — balance-of-payments constraint,2012,-4.68373643403848
2026-09-03T12:26:23Z,South Africa,ZAF,BN.CAB.XOKA.GD.ZS,Current account balance (% of GDP),Diagnosis Ch.1.3 — balance-of-payments constraint,2011,-2.01967628513274
2026-09-03T12:26:23Z,South Africa,ZAF,BN.CAB.XOKA.GD.ZS,Current account balance (% of GDP),Diagnosis Ch.1.3 — balance-of-payments constraint,2010,-1.29901805615596
2026-09-03T12:26:23Z,Botswana,BWA,NE.RSB.GNFS.ZS,External balance on goods and services (% of GDP),Diagnosis Ch.1.3 — trade balance,2025,-5.47717174896797
2026-09-03T12:26:23Z,Botswana,BWA,NE.RSB.GNFS.ZS,External balance on goods and services (% of GDP),Diagnosis Ch.1.3 — trade balance,2024,-15.2919425607103
2026-09-03T12:26:23Z,Botswana,BWA,NE.RSB.GNFS.ZS,External balance on goods and services (% of GDP),Diagnosis Ch.1.3 — trade balance,2023,-4.31904697351355
2026-09-03T12:26:23Z,Botswana,BWA,NE.RSB.GNFS.ZS,External balance on goods and services (% of GDP),Diagnosis Ch.1.3 — trade balance,2022,0.888527442489679
2026-09-03T12:26:23Z,Botswana,BWA,NE.RSB.GNFS.ZS,External balance on goods and services (% of GDP),Diagnosis Ch.1.3 — trade balance,2021,-7.49985978033914
2026-09-03T12:26:23Z,Botswana,BWA,NE.RSB.GNFS.ZS,External balance on goods and services (% of GDP),Diagnosis Ch.1.3 — trade balance,2020,-17.8230388131339
2026-09-03T12:26:23Z,Botswana,BWA,NE.RSB.GNFS.ZS,External balance on goods and services (% of GDP),Diagnosis Ch.1.3 — trade balance,2019,-8.9173460497041
2026-09-03T12:26:23Z,Botswana,BWA,NE.RSB.GNFS.ZS,External balance on goods and services (% of GDP),Diagnosis Ch.1.3 — trade balance,2018,1.00118385282909
2026-09-03T12:26:23Z,Botswana,BWA,NE.RSB.GNFS.ZS,External balance on goods and services (% of GDP),Diagnosis Ch.1.3 — trade balance,2017,3.91613360075847
2026-09-03T12:26:23Z,Botswana,BWA,NE.RSB.GNFS.ZS,External balance on goods and services (% of GDP),Diagnosis Ch.1.3 — trade balance,2016,8.75801975487983
2026-09-03T12:26:23Z,Botswana,BWA,NE.RSB.GNFS.ZS,External balance on goods and services (% of GDP),Diagnosis Ch.1.3 — trade balance,2015,-6.71909633036532
2026-09-03T12:26:23Z,Botswana,BWA,NE.RSB.GNFS.ZS,External balance on goods and services (% of GDP),Diagnosis Ch.1.3 — trade balance,2014,3.06839399534952
2026-09-03T12:26:23Z,Botswana,BWA,NE.RSB.GNFS.ZS,External balance on goods and services (% of GDP),Diagnosis Ch.1.3 — trade balance,2013,-3.0235164188274
2026-09-03T12:26:23Z,Botswana,BWA,NE.RSB.GNFS.ZS,External balance on goods and services (% of GDP),Diagnosis Ch.1.3 — trade balance,2012,-15.6452329563719
2026-09-03T12:26:23Z,Botswana,BWA,NE.RSB.GNFS.ZS,External balance on goods and services (% of GDP),Diagnosis Ch.1.3 — trade balance,2011,-10.4886719467066
2026-09-03T12:26:23Z,Botswana,BWA,NE.RSB.GNFS.ZS,External balance on goods and services (% of GDP),Diagnosis Ch.1.3 — trade balance,2010,-10.3503390585073
2026-09-03T12:26:23Z,Lesotho,LSO,NE.RSB.GNFS.ZS,External balance on goods and services (% of GDP),Diagnosis Ch.1.3 — trade balance,2025,-54.9198488205395
2026-09-03T12:26:23Z,Lesotho,LSO,NE.RSB.GNFS.ZS,External balance on goods and services (% of GDP),Diagnosis Ch.1.3 — trade balance,2024,-53.6630997741222
2026-09-03T12:26:23Z,Lesotho,LSO,NE.RSB.GNFS.ZS,External balance on goods and services (% of GDP),Diagnosis Ch.1.3 — trade balance,2023,-55.356530461231
2026-09-03T12:26:23Z,Lesotho,LSO,NE.RSB.GNFS.ZS,External balance on goods and services (% of GDP),Diagnosis Ch.1.3 — trade balance,2022,-49.3612166434846
2026-09-03T12:26:23Z,Lesotho,LSO,NE.RSB.GNFS.ZS,External balance on goods and services (% of GDP),Diagnosis Ch.1.3 — trade balance,2021,-46.8942998224977
2026-09-03T12:26:23Z,Lesotho,LSO,NE.RSB.GNFS.ZS,External balance on goods and services (% of GDP),Diagnosis Ch.1.3 — trade balance,2020,-52.1985802422223
2026-09-03T12:26:23Z,Lesotho,LSO,NE.RSB.GNFS.ZS,External balance on goods and services (% of GDP),Diagnosis Ch.1.3 — trade balance,2019,-48.0979771354476
2026-09-03T12:26:23Z,Lesotho,LSO,NE.RSB.GNFS.ZS,External balance on goods and services (% of GDP),Diagnosis Ch.1.3 — trade balance,2018,-44.7687326217929
2026-09-03T12:26:23Z,Lesotho,LSO,NE.RSB.GNFS.ZS,External balance on goods and services (% of GDP),Diagnosis Ch.1.3 — trade balance,2017,-51.4129032629612
2026-09-03T12:26:23Z,Lesotho,LSO,NE.RSB.GNFS.ZS,External balance on goods and services (% of GDP),Diagnosis Ch.1.3 — trade balance,2016,-44.7559172509395
2026-09-03T12:26:23Z,Lesotho,LSO,NE.RSB.GNFS.ZS,External balance on goods and services (% of GDP),Diagnosis Ch.1.3 — trade balance,2015,-43.9391656582466
2026-09-03T12:26:23Z,Lesotho,LSO,NE.RSB.GNFS.ZS,External balance on goods and services (% of GDP),Diagnosis Ch.1.3 — trade balance,2014,-49.9930847094107
2026-09-03T12:26:23Z,Lesotho,LSO,NE.RSB.GNFS.ZS,External balance on goods and services (% of GDP),Diagnosis Ch.1.3 — trade balance,2013,-56.8661603396572
2026-09-03T12:26:23Z,Lesotho,LSO,NE.RSB.GNFS.ZS,External balance on goods and services (% of GDP),Diagnosis Ch.1.3 — trade balance,2012,-66.6167080094292
2026-09-03T12:26:23Z,Lesotho,LSO,NE.RSB.GNFS.ZS,External balance on goods and services (% of GDP),Diagnosis Ch.1.3 — trade balance,2011,-54.3509164584256
2026-09-03T12:26:23Z,Lesotho,LSO,NE.RSB.GNFS.ZS,External balance on goods and services (% of GDP),Diagnosis Ch.1.3 — trade balance,2010,-65.8499176250898
2026-09-03T12:26:23Z,Namibia,NAM,NE.RSB.GNFS.ZS,External balance on goods and services (% of GDP),Diagnosis Ch.1.3 — trade balance,2025,-19.2269814661034
2026-09-03T12:26:23Z,Namibia,NAM,NE.RSB.GNFS.ZS,External balance on goods and services (% of GDP),Diagnosis Ch.1.3 — trade balance,2024,-25.8708088378206
2026-09-03T12:26:23Z,Namibia,NAM,NE.RSB.GNFS.ZS,External balance on goods and services (% of GDP),Diagnosis Ch.1.3 — trade balance,2023,-23.2483661249649
2026-09-03T12:26:23Z,Namibia,NAM,NE.RSB.GNFS.ZS,External balance on goods and services (% of GDP),Diagnosis Ch.1.3 — trade balance,2022,-18.3456111214813
2026-09-03T12:26:23Z,Namibia,NAM,NE.RSB.GNFS.ZS,External balance on goods and services (% of GDP),Diagnosis Ch.1.3 — trade balance,2021,-19.6314813257648
2026-09-03T12:26:23Z,Namibia,NAM,NE.RSB.GNFS.ZS,External balance on goods and services (% of GDP),Diagnosis Ch.1.3 — trade balance,2020,-9.56950450016184
2026-09-03T12:26:23Z,Namibia,NAM,NE.RSB.GNFS.ZS,External balance on goods and services (% of GDP),Diagnosis Ch.1.3 — trade balance,2019,-10.0993870194718
2026-09-03T12:26:23Z,Namibia,NAM,NE.RSB.GNFS.ZS,External balance on goods and services (% of GDP),Diagnosis Ch.1.3 — trade balance,2018,-9.94873617723977
2026-09-03T12:26:23Z,Namibia,NAM,NE.RSB.GNFS.ZS,External balance on goods and services (% of GDP),Diagnosis Ch.1.3 — trade balance,2017,-13.9780579468572
2026-09-03T12:26:23Z,Namibia,NAM,NE.RSB.GNFS.ZS,External balance on goods and services (% of GDP),Diagnosis Ch.1.3 — trade balance,2016,-23.9472531239575
2026-09-03T12:26:23Z,Namibia,NAM,NE.RSB.GNFS.ZS,External balance on goods and services (% of GDP),Diagnosis Ch.1.3 — trade balance,2015,-26.4973349678204
2026-09-03T12:26:23Z,Namibia,NAM,NE.RSB.GNFS.ZS,External balance on goods and services (% of GDP),Diagnosis Ch.1.3 — trade balance,2014,-25.0459665908978
2026-09-03T12:26:23Z,Namibia,NAM,NE.RSB.GNFS.ZS,External balance on goods and services (% of GDP),Diagnosis Ch.1.3 — trade balance,2013,-22.7209343998756
2026-09-03T12:26:23Z,Namibia,NAM,NE.RSB.GNFS.ZS,External balance on goods and services (% of GDP),Diagnosis Ch.1.3 — trade balance,2012,-20.096732750456
2026-09-03T12:26:23Z,Namibia,NAM,NE.RSB.GNFS.ZS,External balance on goods and services (% of GDP),Diagnosis Ch.1.3 — trade balance,2011,-11.1095839124728
2026-09-03T12:26:23Z,Namibia,NAM,NE.RSB.GNFS.ZS,External balance on goods and services (% of GDP),Diagnosis Ch.1.3 — trade balance,2010,-11.5085682164781
2026-09-03T12:26:23Z,Eswatini,SWZ,NE.RSB.GNFS.ZS,External balance on goods and services (% of GDP),Diagnosis Ch.1.3 — trade balance,2024,0.0311626895781123
2026-09-03T12:26:23Z,Eswatini,SWZ,NE.RSB.GNFS.ZS,External balance on goods and services (% of GDP),Diagnosis Ch.1.3 — trade balance,2023,-2.72256641397277
2026-09-03T12:26:23Z,Eswatini,SWZ,NE.RSB.GNFS.ZS,External balance on goods and services (% of GDP),Diagnosis Ch.1.3 — trade balance,2022,-3.58079968705872
2026-09-03T12:26:23Z,Eswatini,SWZ,NE.RSB.GNFS.ZS,External balance on goods and services (% of GDP),Diagnosis Ch.1.3 — trade balance,2021,-0.706247135492002
2026-09-03T12:26:23Z,Eswatini,SWZ,NE.RSB.GNFS.ZS,External balance on goods and services (% of GDP),Diagnosis Ch.1.3 — trade balance,2020,3.19236839221699
2026-09-03T12:26:23Z,Eswatini,SWZ,NE.RSB.GNFS.ZS,External balance on goods and services (% of GDP),Diagnosis Ch.1.3 — trade balance,2019,2.88217418404749
2026-09-03T12:26:23Z,Eswatini,SWZ,NE.RSB.GNFS.ZS,External balance on goods and services (% of GDP),Diagnosis Ch.1.3 — trade balance,2018,-3.74853763748003
2026-09-03T12:26:23Z,Eswatini,SWZ,NE.RSB.GNFS.ZS,External balance on goods and services (% of GDP),Diagnosis Ch.1.3 — trade balance,2017,-0.567543996378353
2026-09-03T12:26:23Z,Eswatini,SWZ,NE.RSB.GNFS.ZS,External balance on goods and services (% of GDP),Diagnosis Ch.1.3 — trade balance,2016,1.21537376258306
2026-09-03T12:26:23Z,Eswatini,SWZ,NE.RSB.GNFS.ZS,External balance on goods and services (% of GDP),Diagnosis Ch.1.3 — trade balance,2015,1.45545753617391
2026-09-03T12:26:23Z,Eswatini,SWZ,NE.RSB.GNFS.ZS,External balance on goods and services (% of GDP),Diagnosis Ch.1.3 — trade balance,2014,-0.978679978616019
2026-09-03T12:26:23Z,Eswatini,SWZ,NE.RSB.GNFS.ZS,External balance on goods and services (% of GDP),Diagnosis Ch.1.3 — trade balance,2013,-1.58930127536956
2026-09-03T12:26:23Z,South Africa,ZAF,NE.RSB.GNFS.ZS,External balance on goods and services (% of GDP),Diagnosis Ch.1.3 — trade balance,2025,1.90929232808787
2026-09-03T12:26:23Z,South Africa,ZAF,NE.RSB.GNFS.ZS,External balance on goods and services (% of GDP),Diagnosis Ch.1.3 — trade balance,2024,1.93704365623559
2026-09-03T12:26:23Z,South Africa,ZAF,NE.RSB.GNFS.ZS,External balance on goods and services (% of GDP),Diagnosis Ch.1.3 — trade balance,2023,0.827749537292378
2026-09-03T12:26:23Z,South Africa,ZAF,NE.RSB.GNFS.ZS,External balance on goods and services (% of GDP),Diagnosis Ch.1.3 — trade balance,2022,2.13174623051444
2026-09-03T12:26:23Z,South Africa,ZAF,NE.RSB.GNFS.ZS,External balance on goods and services (% of GDP),Diagnosis Ch.1.3 — trade balance,2021,6.21850738256707
2026-09-03T12:26:23Z,South Africa,ZAF,NE.RSB.GNFS.ZS,External balance on goods and services (% of GDP),Diagnosis Ch.1.3 — trade balance,2020,4.39216924037491
2026-09-03T12:26:23Z,South Africa,ZAF,NE.RSB.GNFS.ZS,External balance on goods and services (% of GDP),Diagnosis Ch.1.3 — trade balance,2019,0.506262402089596
2026-09-03T12:26:23Z,South Africa,ZAF,NE.RSB.GNFS.ZS,External balance on goods and services (% of GDP),Diagnosis Ch.1.3 — trade balance,2018,0.508529174050609
2026-09-03T12:26:23Z,South Africa,ZAF,NE.RSB.GNFS.ZS,External balance on goods and services (% of GDP),Diagnosis Ch.1.3 — trade balance,2017,1.1442197330691
2026-09-03T12:26:23Z,South Africa,ZAF,NE.RSB.GNFS.ZS,External balance on goods and services (% of GDP),Diagnosis Ch.1.3 — trade balance,2016,0.45091883491279
2026-09-03T12:26:23Z,South Africa,ZAF,NE.RSB.GNFS.ZS,External balance on goods and services (% of GDP),Diagnosis Ch.1.3 — trade balance,2015,-1.29939931974983
2026-09-03T12:26:23Z,South Africa,ZAF,NE.RSB.GNFS.ZS,External balance on goods and services (% of GDP),Diagnosis Ch.1.3 — trade balance,2014,-1.498335448365
2026-09-03T12:26:23Z,South Africa,ZAF,NE.RSB.GNFS.ZS,External balance on goods and services (% of GDP),Diagnosis Ch.1.3 — trade balance,2013,-2.11646698932911
2026-09-03T12:26:23Z,South Africa,ZAF,NE.RSB.GNFS.ZS,External balance on goods and services (% of GDP),Diagnosis Ch.1.3 — trade balance,2012,-1.3043188057987
2026-09-03T12:26:23Z,South Africa,ZAF,NE.RSB.GNFS.ZS,External balance on goods and services (% of GDP),Diagnosis Ch.1.3 — trade balance,2011,0.759946504853332
2026-09-03T12:26:23Z,South Africa,ZAF,NE.RSB.GNFS.ZS,External balance on goods and services (% of GDP),Diagnosis Ch.1.3 — trade balance,2010,1.16074809084438
2026-09-03T12:26:23Z,Botswana,BWA,NE.EXP.GNFS.ZS,Exports of goods and services (% of GDP),Diagnosis Ch.1.3/1.6 — export capacity,2025,32.0337480184486
2026-09-03T12:26:23Z,Botswana,BWA,NE.EXP.GNFS.ZS,Exports of goods and services (% of GDP),Diagnosis Ch.1.3/1.6 — export capacity,2024,27.0767041570041
2026-09-03T12:26:23Z,Botswana,BWA,NE.EXP.GNFS.ZS,Exports of goods and services (% of GDP),Diagnosis Ch.1.3/1.6 — export capacity,2023,32.8968928794687
2026-09-03T12:26:23Z,Botswana,BWA,NE.EXP.GNFS.ZS,Exports of goods and services (% of GDP),Diagnosis Ch.1.3/1.6 — export capacity,2022,43.4790657146074
2026-09-03T12:26:23Z,Botswana,BWA,NE.EXP.GNFS.ZS,Exports of goods and services (% of GDP),Diagnosis Ch.1.3/1.6 — export capacity,2021,41.7739949800303
2026-09-03T12:26:23Z,Botswana,BWA,NE.EXP.GNFS.ZS,Exports of goods and services (% of GDP),Diagnosis Ch.1.3/1.6 — export capacity,2020,31.2509978367083
2026-09-03T12:26:23Z,Botswana,BWA,NE.EXP.GNFS.ZS,Exports of goods and services (% of GDP),Diagnosis Ch.1.3/1.6 — export capacity,2019,37.0878176552067
2026-09-03T12:26:23Z,Botswana,BWA,NE.EXP.GNFS.ZS,Exports of goods and services (% of GDP),Diagnosis Ch.1.3/1.6 — export capacity,2018,44.2281439237392
2026-09-03T12:26:23Z,Botswana,BWA,NE.EXP.GNFS.ZS,Exports of goods and services (% of GDP),Diagnosis Ch.1.3/1.6 — export capacity,2017,42.9200424885539
2026-09-03T12:26:23Z,Botswana,BWA,NE.EXP.GNFS.ZS,Exports of goods and services (% of GDP),Diagnosis Ch.1.3/1.6 — export capacity,2016,54.6113547604529
2026-09-03T12:26:23Z,Botswana,BWA,NE.EXP.GNFS.ZS,Exports of goods and services (% of GDP),Diagnosis Ch.1.3/1.6 — export capacity,2015,53.0908973428197
2026-09-03T12:26:23Z,Botswana,BWA,NE.EXP.GNFS.ZS,Exports of goods and services (% of GDP),Diagnosis Ch.1.3/1.6 — export capacity,2014,61.2829678934065
2026-09-03T12:26:23Z,Botswana,BWA,NE.EXP.GNFS.ZS,Exports of goods and services (% of GDP),Diagnosis Ch.1.3/1.6 — export capacity,2013,61.3797617461963
2026-09-03T12:26:23Z,Botswana,BWA,NE.EXP.GNFS.ZS,Exports of goods and services (% of GDP),Diagnosis Ch.1.3/1.6 — export capacity,2012,48.11502383229
2026-09-03T12:26:23Z,Botswana,BWA,NE.EXP.GNFS.ZS,Exports of goods and services (% of GDP),Diagnosis Ch.1.3/1.6 — export capacity,2011,44.2363979167201
2026-09-03T12:26:23Z,Botswana,BWA,NE.EXP.GNFS.ZS,Exports of goods and services (% of GDP),Diagnosis Ch.1.3/1.6 — export capacity,2010,42.1443315144427
2026-09-03T12:26:23Z,Lesotho,LSO,NE.EXP.GNFS.ZS,Exports of goods and services (% of GDP),Diagnosis Ch.1.3/1.6 — export capacity,2025,49.530822364134
2026-09-03T12:26:23Z,Lesotho,LSO,NE.EXP.GNFS.ZS,Exports of goods and services (% of GDP),Diagnosis Ch.1.3/1.6 — export capacity,2024,49.4056446644915
2026-09-03T12:26:23Z,Lesotho,LSO,NE.EXP.GNFS.ZS,Exports of goods and services (% of GDP),Diagnosis Ch.1.3/1.6 — export capacity,2023,42.6829787081486
2026-09-03T12:26:23Z,Lesotho,LSO,NE.EXP.GNFS.ZS,Exports of goods and services (% of GDP),Diagnosis Ch.1.3/1.6 — export capacity,2022,46.5063822153721
2026-09-03T12:26:23Z,Lesotho,LSO,NE.EXP.GNFS.ZS,Exports of goods and services (% of GDP),Diagnosis Ch.1.3/1.6 — export capacity,2021,46.1460898214545
2026-09-03T12:26:23Z,Lesotho,LSO,NE.EXP.GNFS.ZS,Exports of goods and services (% of GDP),Diagnosis Ch.1.3/1.6 — export capacity,2020,44.449012410388
2026-09-03T12:26:23Z,Lesotho,LSO,NE.EXP.GNFS.ZS,Exports of goods and services (% of GDP),Diagnosis Ch.1.3/1.6 — export capacity,2019,46.2093281781161
2026-09-03T12:26:23Z,Lesotho,LSO,NE.EXP.GNFS.ZS,Exports of goods and services (% of GDP),Diagnosis Ch.1.3/1.6 — export capacity,2018,49.8331114219045
2026-09-03T12:26:23Z,Lesotho,LSO,NE.EXP.GNFS.ZS,Exports of goods and services (% of GDP),Diagnosis Ch.1.3/1.6 — export capacity,2017,47.4769340332662
2026-09-03T12:26:23Z,Lesotho,LSO,NE.EXP.GNFS.ZS,Exports of goods and services (% of GDP),Diagnosis Ch.1.3/1.6 — export capacity,2016,45.7796652454104
2026-09-03T12:26:23Z,Lesotho,LSO,NE.EXP.GNFS.ZS,Exports of goods and services (% of GDP),Diagnosis Ch.1.3/1.6 — export capacity,2015,42.8918037123102
2026-09-03T12:26:23Z,Lesotho,LSO,NE.EXP.GNFS.ZS,Exports of goods and services (% of GDP),Diagnosis Ch.1.3/1.6 — export capacity,2014,38.1496953255837
2026-09-03T12:26:23Z,Lesotho,LSO,NE.EXP.GNFS.ZS,Exports of goods and services (% of GDP),Diagnosis Ch.1.3/1.6 — export capacity,2013,38.2496647077566
2026-09-03T12:26:23Z,Lesotho,LSO,NE.EXP.GNFS.ZS,Exports of goods and services (% of GDP),Diagnosis Ch.1.3/1.6 — export capacity,2012,41.7959336745045
2026-09-03T12:26:23Z,Lesotho,LSO,NE.EXP.GNFS.ZS,Exports of goods and services (% of GDP),Diagnosis Ch.1.3/1.6 — export capacity,2011,47.7228451203639
2026-09-03T12:26:23Z,Lesotho,LSO,NE.EXP.GNFS.ZS,Exports of goods and services (% of GDP),Diagnosis Ch.1.3/1.6 — export capacity,2010,42.1262589311215
2026-09-03T12:26:23Z,Namibia,NAM,NE.EXP.GNFS.ZS,Exports of goods and services (% of GDP),Diagnosis Ch.1.3/1.6 — export capacity,2025,44.6767598538623
2026-09-03T12:26:23Z,Namibia,NAM,NE.EXP.GNFS.ZS,Exports of goods and services (% of GDP),Diagnosis Ch.1.3/1.6 — export capacity,2024,41.0651913141848
2026-09-03T12:26:23Z,Namibia,NAM,NE.EXP.GNFS.ZS,Exports of goods and services (% of GDP),Diagnosis Ch.1.3/1.6 — export capacity,2023,43.2846167726677
2026-09-03T12:26:23Z,Namibia,NAM,NE.EXP.GNFS.ZS,Exports of goods and services (% of GDP),Diagnosis Ch.1.3/1.6 — export capacity,2022,40.4584718299625
2026-09-03T12:26:23Z,Namibia,NAM,NE.EXP.GNFS.ZS,Exports of goods and services (% of GDP),Diagnosis Ch.1.3/1.6 — export capacity,2021,31.9564108832988
2026-09-03T12:26:23Z,Namibia,NAM,NE.EXP.GNFS.ZS,Exports of goods and services (% of GDP),Diagnosis Ch.1.3/1.6 — export capacity,2020,33.6778689517423
2026-09-03T12:26:23Z,Namibia,NAM,NE.EXP.GNFS.ZS,Exports of goods and services (% of GDP),Diagnosis Ch.1.3/1.6 — export capacity,2019,36.4008818615818
2026-09-03T12:26:23Z,Namibia,NAM,NE.EXP.GNFS.ZS,Exports of goods and services (% of GDP),Diagnosis Ch.1.3/1.6 — export capacity,2018,35.8825645595703
2026-09-03T12:26:23Z,Namibia,NAM,NE.EXP.GNFS.ZS,Exports of goods and services (% of GDP),Diagnosis Ch.1.3/1.6 — export capacity,2017,33.6208040771432
2026-09-03T12:26:23Z,Namibia,NAM,NE.EXP.GNFS.ZS,Exports of goods and services (% of GDP),Diagnosis Ch.1.3/1.6 — export capacity,2016,35.0094674181023
2026-09-03T12:26:23Z,Namibia,NAM,NE.EXP.GNFS.ZS,Exports of goods and services (% of GDP),Diagnosis Ch.1.3/1.6 — export capacity,2015,35.3708484097637
2026-09-03T12:26:23Z,Namibia,NAM,NE.EXP.GNFS.ZS,Exports of goods and services (% of GDP),Diagnosis Ch.1.3/1.6 — export capacity,2014,39.017085209178
2026-09-03T12:26:23Z,Namibia,NAM,NE.EXP.GNFS.ZS,Exports of goods and services (% of GDP),Diagnosis Ch.1.3/1.6 — export capacity,2013,37.5019849152538
2026-09-03T12:26:23Z,Namibia,NAM,NE.EXP.GNFS.ZS,Exports of goods and services (% of GDP),Diagnosis Ch.1.3/1.6 — export capacity,2012,40.058338011922
2026-09-03T12:26:23Z,Namibia,NAM,NE.EXP.GNFS.ZS,Exports of goods and services (% of GDP),Diagnosis Ch.1.3/1.6 — export capacity,2011,45.5397819208328
2026-09-03T12:26:23Z,Namibia,NAM,NE.EXP.GNFS.ZS,Exports of goods and services (% of GDP),Diagnosis Ch.1.3/1.6 — export capacity,2010,48.2819544785637
2026-09-03T12:26:23Z,Eswatini,SWZ,NE.EXP.GNFS.ZS,Exports of goods and services (% of GDP),Diagnosis Ch.1.3/1.6 — export capacity,2024,53.7558918717287
2026-09-03T12:26:23Z,Eswatini,SWZ,NE.EXP.GNFS.ZS,Exports of goods and services (% of GDP),Diagnosis Ch.1.3/1.6 — export capacity,2023,48.5010223337944
2026-09-03T12:26:23Z,Eswatini,SWZ,NE.EXP.GNFS.ZS,Exports of goods and services (% of GDP),Diagnosis Ch.1.3/1.6 — export capacity,2022,44.4953937213873
2026-09-03T12:26:23Z,Eswatini,SWZ,NE.EXP.GNFS.ZS,Exports of goods and services (% of GDP),Diagnosis Ch.1.3/1.6 — export capacity,2021,44.6125701755824
2026-09-03T12:26:23Z,Eswatini,SWZ,NE.EXP.GNFS.ZS,Exports of goods and services (% of GDP),Diagnosis Ch.1.3/1.6 — export capacity,2020,43.6031936174524
2026-09-03T12:26:23Z,Eswatini,SWZ,NE.EXP.GNFS.ZS,Exports of goods and services (% of GDP),Diagnosis Ch.1.3/1.6 — export capacity,2019,44.7614845159035
2026-09-03T12:26:23Z,Eswatini,SWZ,NE.EXP.GNFS.ZS,Exports of goods and services (% of GDP),Diagnosis Ch.1.3/1.6 — export capacity,2018,40.8721195899369
2026-09-03T12:26:23Z,Eswatini,SWZ,NE.EXP.GNFS.ZS,Exports of goods and services (% of GDP),Diagnosis Ch.1.3/1.6 — export capacity,2017,43.1562990169596
2026-09-03T12:26:23Z,Eswatini,SWZ,NE.EXP.GNFS.ZS,Exports of goods and services (% of GDP),Diagnosis Ch.1.3/1.6 — export capacity,2016,45.2869306032883
2026-09-03T12:26:23Z,Eswatini,SWZ,NE.EXP.GNFS.ZS,Exports of goods and services (% of GDP),Diagnosis Ch.1.3/1.6 — export capacity,2015,44.8587759692711
2026-09-03T12:26:23Z,Eswatini,SWZ,NE.EXP.GNFS.ZS,Exports of goods and services (% of GDP),Diagnosis Ch.1.3/1.6 — export capacity,2014,45.3206693578619
2026-09-03T12:26:23Z,Eswatini,SWZ,NE.EXP.GNFS.ZS,Exports of goods and services (% of GDP),Diagnosis Ch.1.3/1.6 — export capacity,2013,41.8070769260621
2026-09-03T12:26:23Z,South Africa,ZAF,NE.EXP.GNFS.ZS,Exports of goods and services (% of GDP),Diagnosis Ch.1.3/1.6 — export capacity,2025,31.4101947337253
2026-09-03T12:26:23Z,South Africa,ZAF,NE.EXP.GNFS.ZS,Exports of goods and services (% of GDP),Diagnosis Ch.1.3/1.6 — export capacity,2024,31.7919070646303
2026-09-03T12:26:23Z,South Africa,ZAF,NE.EXP.GNFS.ZS,Exports of goods and services (% of GDP),Diagnosis Ch.1.3/1.6 — export capacity,2023,33.2538127556816
2026-09-03T12:26:23Z,South Africa,ZAF,NE.EXP.GNFS.ZS,Exports of goods and services (% of GDP),Diagnosis Ch.1.3/1.6 — export capacity,2022,33.5394403164272
2026-09-03T12:26:23Z,South Africa,ZAF,NE.EXP.GNFS.ZS,Exports of goods and services (% of GDP),Diagnosis Ch.1.3/1.6 — export capacity,2021,31.1916105051608
2026-09-03T12:26:23Z,South Africa,ZAF,NE.EXP.GNFS.ZS,Exports of goods and services (% of GDP),Diagnosis Ch.1.3/1.6 — export capacity,2020,27.5759141603963
2026-09-03T12:26:23Z,South Africa,ZAF,NE.EXP.GNFS.ZS,Exports of goods and services (% of GDP),Diagnosis Ch.1.3/1.6 — export capacity,2019,27.2021294051151
2026-09-03T12:26:23Z,South Africa,ZAF,NE.EXP.GNFS.ZS,Exports of goods and services (% of GDP),Diagnosis Ch.1.3/1.6 — export capacity,2018,27.4970371508423
2026-09-03T12:26:23Z,South Africa,ZAF,NE.EXP.GNFS.ZS,Exports of goods and services (% of GDP),Diagnosis Ch.1.3/1.6 — export capacity,2017,27.3400757812216
2026-09-03T12:26:23Z,South Africa,ZAF,NE.EXP.GNFS.ZS,Exports of goods and services (% of GDP),Diagnosis Ch.1.3/1.6 — export capacity,2016,28.1560881698955
2026-09-03T12:26:23Z,South Africa,ZAF,NE.EXP.GNFS.ZS,Exports of goods and services (% of GDP),Diagnosis Ch.1.3/1.6 — export capacity,2015,27.7136384124829
2026-09-03T12:26:23Z,South Africa,ZAF,NE.EXP.GNFS.ZS,Exports of goods and services (% of GDP),Diagnosis Ch.1.3/1.6 — export capacity,2014,29.0006193033471
2026-09-03T12:26:23Z,South Africa,ZAF,NE.EXP.GNFS.ZS,Exports of goods and services (% of GDP),Diagnosis Ch.1.3/1.6 — export capacity,2013,28.379280320361
2026-09-03T12:26:23Z,South Africa,ZAF,NE.EXP.GNFS.ZS,Exports of goods and services (% of GDP),Diagnosis Ch.1.3/1.6 — export capacity,2012,27.1391491937679
2026-09-03T12:26:23Z,South Africa,ZAF,NE.EXP.GNFS.ZS,Exports of goods and services (% of GDP),Diagnosis Ch.1.3/1.6 — export capacity,2011,27.6981484703752
2026-09-03T12:26:23Z,South Africa,ZAF,NE.EXP.GNFS.ZS,Exports of goods and services (% of GDP),Diagnosis Ch.1.3/1.6 — export capacity,2010,25.7834176267221
2026-09-03T12:26:23Z,Botswana,BWA,NE.IMP.GNFS.ZS,Imports of goods and services (% of GDP),Diagnosis Ch.1.3 — import dependence,2025,37.5109197674166
2026-09-03T12:26:23Z,Botswana,BWA,NE.IMP.GNFS.ZS,Imports of goods and services (% of GDP),Diagnosis Ch.1.3 — import dependence,2024,42.3686467177144
2026-09-03T12:26:23Z,Botswana,BWA,NE.IMP.GNFS.ZS,Imports of goods and services (% of GDP),Diagnosis Ch.1.3 — import dependence,2023,37.2159398529822
2026-09-03T12:26:23Z,Botswana,BWA,NE.IMP.GNFS.ZS,Imports of goods and services (% of GDP),Diagnosis Ch.1.3 — import dependence,2022,42.5905382721178
2026-09-03T12:26:23Z,Botswana,BWA,NE.IMP.GNFS.ZS,Imports of goods and services (% of GDP),Diagnosis Ch.1.3 — import dependence,2021,49.2738547603695
2026-09-03T12:26:23Z,Botswana,BWA,NE.IMP.GNFS.ZS,Imports of goods and services (% of GDP),Diagnosis Ch.1.3 — import dependence,2020,49.0740366498423
2026-09-03T12:26:23Z,Botswana,BWA,NE.IMP.GNFS.ZS,Imports of goods and services (% of GDP),Diagnosis Ch.1.3 — import dependence,2019,46.0051637049108
2026-09-03T12:26:23Z,Botswana,BWA,NE.IMP.GNFS.ZS,Imports of goods and services (% of GDP),Diagnosis Ch.1.3 — import dependence,2018,43.2269600709101
2026-09-03T12:26:23Z,Botswana,BWA,NE.IMP.GNFS.ZS,Imports of goods and services (% of GDP),Diagnosis Ch.1.3 — import dependence,2017,39.0039088877955
2026-09-03T12:26:23Z,Botswana,BWA,NE.IMP.GNFS.ZS,Imports of goods and services (% of GDP),Diagnosis Ch.1.3 — import dependence,2016,45.8533350055731
2026-09-03T12:26:23Z,Botswana,BWA,NE.IMP.GNFS.ZS,Imports of goods and services (% of GDP),Diagnosis Ch.1.3 — import dependence,2015,59.809993673185
2026-09-03T12:26:23Z,Botswana,BWA,NE.IMP.GNFS.ZS,Imports of goods and services (% of GDP),Diagnosis Ch.1.3 — import dependence,2014,58.214573898057
2026-09-03T12:26:23Z,Botswana,BWA,NE.IMP.GNFS.ZS,Imports of goods and services (% of GDP),Diagnosis Ch.1.3 — import dependence,2013,64.4032781650237
2026-09-03T12:26:23Z,Botswana,BWA,NE.IMP.GNFS.ZS,Imports of goods and services (% of GDP),Diagnosis Ch.1.3 — import dependence,2012,63.7602567886618
2026-09-03T12:26:23Z,Botswana,BWA,NE.IMP.GNFS.ZS,Imports of goods and services (% of GDP),Diagnosis Ch.1.3 — import dependence,2011,54.7250698634268
2026-09-03T12:26:23Z,Botswana,BWA,NE.IMP.GNFS.ZS,Imports of goods and services (% of GDP),Diagnosis Ch.1.3 — import dependence,2010,52.4946705729499
2026-09-03T12:26:23Z,Lesotho,LSO,NE.IMP.GNFS.ZS,Imports of goods and services (% of GDP),Diagnosis Ch.1.3 — import dependence,2025,104.450671184674
2026-09-03T12:26:23Z,Lesotho,LSO,NE.IMP.GNFS.ZS,Imports of goods and services (% of GDP),Diagnosis Ch.1.3 — import dependence,2024,103.068744438614
2026-09-03T12:26:23Z,Lesotho,LSO,NE.IMP.GNFS.ZS,Imports of goods and services (% of GDP),Diagnosis Ch.1.3 — import dependence,2023,98.0395091693796
2026-09-03T12:26:23Z,Lesotho,LSO,NE.IMP.GNFS.ZS,Imports of goods and services (% of GDP),Diagnosis Ch.1.3 — import dependence,2022,95.8675988588567
2026-09-03T12:26:23Z,Lesotho,LSO,NE.IMP.GNFS.ZS,Imports of goods and services (% of GDP),Diagnosis Ch.1.3 — import dependence,2021,93.0403896439522
2026-09-03T12:26:23Z,Lesotho,LSO,NE.IMP.GNFS.ZS,Imports of goods and services (% of GDP),Diagnosis Ch.1.3 — import dependence,2020,96.6475926526103
2026-09-03T12:26:23Z,Lesotho,LSO,NE.IMP.GNFS.ZS,Imports of goods and services (% of GDP),Diagnosis Ch.1.3 — import dependence,2019,94.3073053135637
2026-09-03T12:26:23Z,Lesotho,LSO,NE.IMP.GNFS.ZS,Imports of goods and services (% of GDP),Diagnosis Ch.1.3 — import dependence,2018,94.6018440436975
2026-09-03T12:26:23Z,Lesotho,LSO,NE.IMP.GNFS.ZS,Imports of goods and services (% of GDP),Diagnosis Ch.1.3 — import dependence,2017,98.8898372962274
2026-09-03T12:26:23Z,Lesotho,LSO,NE.IMP.GNFS.ZS,Imports of goods and services (% of GDP),Diagnosis Ch.1.3 — import dependence,2016,90.53558249635
2026-09-03T12:26:23Z,Lesotho,LSO,NE.IMP.GNFS.ZS,Imports of goods and services (% of GDP),Diagnosis Ch.1.3 — import dependence,2015,86.8309693705568
2026-09-03T12:26:23Z,Lesotho,LSO,NE.IMP.GNFS.ZS,Imports of goods and services (% of GDP),Diagnosis Ch.1.3 — import dependence,2014,88.1427800349944
2026-09-03T12:26:23Z,Lesotho,LSO,NE.IMP.GNFS.ZS,Imports of goods and services (% of GDP),Diagnosis Ch.1.3 — import dependence,2013,95.1158250474138
2026-09-03T12:26:23Z,Lesotho,LSO,NE.IMP.GNFS.ZS,Imports of goods and services (% of GDP),Diagnosis Ch.1.3 — import dependence,2012,108.412641683934
2026-09-03T12:26:23Z,Lesotho,LSO,NE.IMP.GNFS.ZS,Imports of goods and services (% of GDP),Diagnosis Ch.1.3 — import dependence,2011,102.073761578789
2026-09-03T12:26:23Z,Lesotho,LSO,NE.IMP.GNFS.ZS,Imports of goods and services (% of GDP),Diagnosis Ch.1.3 — import dependence,2010,107.976176556211
2026-09-03T12:26:23Z,Namibia,NAM,NE.IMP.GNFS.ZS,Imports of goods and services (% of GDP),Diagnosis Ch.1.3 — import dependence,2025,63.9037413199657
2026-09-03T12:26:23Z,Namibia,NAM,NE.IMP.GNFS.ZS,Imports of goods and services (% of GDP),Diagnosis Ch.1.3 — import dependence,2024,66.9360001520054
2026-09-03T12:26:23Z,Namibia,NAM,NE.IMP.GNFS.ZS,Imports of goods and services (% of GDP),Diagnosis Ch.1.3 — import dependence,2023,66.5329828976325
2026-09-03T12:26:23Z,Namibia,NAM,NE.IMP.GNFS.ZS,Imports of goods and services (% of GDP),Diagnosis Ch.1.3 — import dependence,2022,58.8040829514438
2026-09-03T12:26:23Z,Namibia,NAM,NE.IMP.GNFS.ZS,Imports of goods and services (% of GDP),Diagnosis Ch.1.3 — import dependence,2021,51.5878922090636
2026-09-03T12:26:23Z,Namibia,NAM,NE.IMP.GNFS.ZS,Imports of goods and services (% of GDP),Diagnosis Ch.1.3 — import dependence,2020,43.2473734519041
2026-09-03T12:26:23Z,Namibia,NAM,NE.IMP.GNFS.ZS,Imports of goods and services (% of GDP),Diagnosis Ch.1.3 — import dependence,2019,46.5002688810536
2026-09-03T12:26:23Z,Namibia,NAM,NE.IMP.GNFS.ZS,Imports of goods and services (% of GDP),Diagnosis Ch.1.3 — import dependence,2018,45.8313007368101
2026-09-03T12:26:23Z,Namibia,NAM,NE.IMP.GNFS.ZS,Imports of goods and services (% of GDP),Diagnosis Ch.1.3 — import dependence,2017,47.5988620240004
2026-09-03T12:26:23Z,Namibia,NAM,NE.IMP.GNFS.ZS,Imports of goods and services (% of GDP),Diagnosis Ch.1.3 — import dependence,2016,58.9567205420598
2026-09-03T12:26:23Z,Namibia,NAM,NE.IMP.GNFS.ZS,Imports of goods and services (% of GDP),Diagnosis Ch.1.3 — import dependence,2015,61.8681833775841
2026-09-03T12:26:23Z,Namibia,NAM,NE.IMP.GNFS.ZS,Imports of goods and services (% of GDP),Diagnosis Ch.1.3 — import dependence,2014,64.0630518000757
2026-09-03T12:26:23Z,Namibia,NAM,NE.IMP.GNFS.ZS,Imports of goods and services (% of GDP),Diagnosis Ch.1.3 — import dependence,2013,60.2229193151294
2026-09-03T12:26:23Z,Namibia,NAM,NE.IMP.GNFS.ZS,Imports of goods and services (% of GDP),Diagnosis Ch.1.3 — import dependence,2012,60.1550707623781
2026-09-03T12:26:23Z,Namibia,NAM,NE.IMP.GNFS.ZS,Imports of goods and services (% of GDP),Diagnosis Ch.1.3 — import dependence,2011,56.6493658333056
2026-09-03T12:26:23Z,Namibia,NAM,NE.IMP.GNFS.ZS,Imports of goods and services (% of GDP),Diagnosis Ch.1.3 — import dependence,2010,59.7905226950419
2026-09-03T12:26:23Z,Eswatini,SWZ,NE.IMP.GNFS.ZS,Imports of goods and services (% of GDP),Diagnosis Ch.1.3 — import dependence,2024,53.7247291821506
2026-09-03T12:26:23Z,Eswatini,SWZ,NE.IMP.GNFS.ZS,Imports of goods and services (% of GDP),Diagnosis Ch.1.3 — import dependence,2023,51.2235887477672
2026-09-03T12:26:23Z,Eswatini,SWZ,NE.IMP.GNFS.ZS,Imports of goods and services (% of GDP),Diagnosis Ch.1.3 — import dependence,2022,48.076193408446
2026-09-03T12:26:23Z,Eswatini,SWZ,NE.IMP.GNFS.ZS,Imports of goods and services (% of GDP),Diagnosis Ch.1.3 — import dependence,2021,45.3188173110744
2026-09-03T12:26:23Z,Eswatini,SWZ,NE.IMP.GNFS.ZS,Imports of goods and services (% of GDP),Diagnosis Ch.1.3 — import dependence,2020,40.4108252252354
2026-09-03T12:26:23Z,Eswatini,SWZ,NE.IMP.GNFS.ZS,Imports of goods and services (% of GDP),Diagnosis Ch.1.3 — import dependence,2019,41.879310331856
2026-09-03T12:26:23Z,Eswatini,SWZ,NE.IMP.GNFS.ZS,Imports of goods and services (% of GDP),Diagnosis Ch.1.3 — import dependence,2018,44.6206572274169
2026-09-03T12:26:23Z,Eswatini,SWZ,NE.IMP.GNFS.ZS,Imports of goods and services (% of GDP),Diagnosis Ch.1.3 — import dependence,2017,43.723843013338
2026-09-03T12:26:23Z,Eswatini,SWZ,NE.IMP.GNFS.ZS,Imports of goods and services (% of GDP),Diagnosis Ch.1.3 — import dependence,2016,44.0715568407052
2026-09-03T12:26:23Z,Eswatini,SWZ,NE.IMP.GNFS.ZS,Imports of goods and services (% of GDP),Diagnosis Ch.1.3 — import dependence,2015,43.4033184330972
2026-09-03T12:26:23Z,Eswatini,SWZ,NE.IMP.GNFS.ZS,Imports of goods and services (% of GDP),Diagnosis Ch.1.3 — import dependence,2014,46.2993493364779
2026-09-03T12:26:23Z,Eswatini,SWZ,NE.IMP.GNFS.ZS,Imports of goods and services (% of GDP),Diagnosis Ch.1.3 — import dependence,2013,43.3963782014317
2026-09-03T12:26:23Z,South Africa,ZAF,NE.IMP.GNFS.ZS,Imports of goods and services (% of GDP),Diagnosis Ch.1.3 — import dependence,2025,29.5009024056375
2026-09-03T12:26:23Z,South Africa,ZAF,NE.IMP.GNFS.ZS,Imports of goods and services (% of GDP),Diagnosis Ch.1.3 — import dependence,2024,29.8548634083947
2026-09-03T12:26:23Z,South Africa,ZAF,NE.IMP.GNFS.ZS,Imports of goods and services (% of GDP),Diagnosis Ch.1.3 — import dependence,2023,32.4260632183892
2026-09-03T12:26:23Z,South Africa,ZAF,NE.IMP.GNFS.ZS,Imports of goods and services (% of GDP),Diagnosis Ch.1.3 — import dependence,2022,31.4076940859128
2026-09-03T12:26:23Z,South Africa,ZAF,NE.IMP.GNFS.ZS,Imports of goods and services (% of GDP),Diagnosis Ch.1.3 — import dependence,2021,24.9731031225938
2026-09-03T12:26:23Z,South Africa,ZAF,NE.IMP.GNFS.ZS,Imports of goods and services (% of GDP),Diagnosis Ch.1.3 — import dependence,2020,23.1837449200214
2026-09-03T12:26:23Z,South Africa,ZAF,NE.IMP.GNFS.ZS,Imports of goods and services (% of GDP),Diagnosis Ch.1.3 — import dependence,2019,26.6958670030255
2026-09-03T12:26:23Z,South Africa,ZAF,NE.IMP.GNFS.ZS,Imports of goods and services (% of GDP),Diagnosis Ch.1.3 — import dependence,2018,26.9885079767917
2026-09-03T12:26:23Z,South Africa,ZAF,NE.IMP.GNFS.ZS,Imports of goods and services (% of GDP),Diagnosis Ch.1.3 — import dependence,2017,26.1958560481525
2026-09-03T12:26:23Z,South Africa,ZAF,NE.IMP.GNFS.ZS,Imports of goods and services (% of GDP),Diagnosis Ch.1.3 — import dependence,2016,27.7051693349827
2026-09-03T12:26:23Z,South Africa,ZAF,NE.IMP.GNFS.ZS,Imports of goods and services (% of GDP),Diagnosis Ch.1.3 — import dependence,2015,29.0130377322327
2026-09-03T12:26:23Z,South Africa,ZAF,NE.IMP.GNFS.ZS,Imports of goods and services (% of GDP),Diagnosis Ch.1.3 — import dependence,2014,30.4989547517121
2026-09-03T12:26:23Z,South Africa,ZAF,NE.IMP.GNFS.ZS,Imports of goods and services (% of GDP),Diagnosis Ch.1.3 — import dependence,2013,30.4957473096901
2026-09-03T12:26:23Z,South Africa,ZAF,NE.IMP.GNFS.ZS,Imports of goods and services (% of GDP),Diagnosis Ch.1.3 — import dependence,2012,28.4434679995666
2026-09-03T12:26:23Z,South Africa,ZAF,NE.IMP.GNFS.ZS,Imports of goods and services (% of GDP),Diagnosis Ch.1.3 — import dependence,2011,26.9382019655219
2026-09-03T12:26:23Z,South Africa,ZAF,NE.IMP.GNFS.ZS,Imports of goods and services (% of GDP),Diagnosis Ch.1.3 — import dependence,2010,24.6226695358778
2026-09-03T12:26:23Z,Botswana,BWA,NV.IND.MANF.ZS,"Manufacturing, value added (% of GDP)",Outcome 4 — industrial diversification,2025,5.69117040728163
2026-09-03T12:26:23Z,Botswana,BWA,NV.IND.MANF.ZS,"Manufacturing, value added (% of GDP)",Outcome 4 — industrial diversification,2024,5.5799170251968
2026-09-03T12:26:23Z,Botswana,BWA,NV.IND.MANF.ZS,"Manufacturing, value added (% of GDP)",Outcome 4 — industrial diversification,2023,5.62365533369453
2026-09-03T12:26:23Z,Botswana,BWA,NV.IND.MANF.ZS,"Manufacturing, value added (% of GDP)",Outcome 4 — industrial diversification,2022,5.38508407298654
2026-09-03T12:26:23Z,Botswana,BWA,NV.IND.MANF.ZS,"Manufacturing, value added (% of GDP)",Outcome 4 — industrial diversification,2021,5.22765482092896
2026-09-03T12:26:23Z,Botswana,BWA,NV.IND.MANF.ZS,"Manufacturing, value added (% of GDP)",Outcome 4 — industrial diversification,2020,5.65905088338406
2026-09-03T12:26:23Z,Botswana,BWA,NV.IND.MANF.ZS,"Manufacturing, value added (% of GDP)",Outcome 4 — industrial diversification,2019,6.09236991211812
2026-09-03T12:26:23Z,Botswana,BWA,NV.IND.MANF.ZS,"Manufacturing, value added (% of GDP)",Outcome 4 — industrial diversification,2018,6.14746152595732
2026-09-03T12:26:23Z,Botswana,BWA,NV.IND.MANF.ZS,"Manufacturing, value added (% of GDP)",Outcome 4 — industrial diversification,2017,6.17360420564063
2026-09-03T12:26:23Z,Botswana,BWA,NV.IND.MANF.ZS,"Manufacturing, value added (% of GDP)",Outcome 4 — industrial diversification,2016,6.50323631121373
2026-09-03T12:26:23Z,Botswana,BWA,NV.IND.MANF.ZS,"Manufacturing, value added (% of GDP)",Outcome 4 — industrial diversification,2015,7.24202388476034
2026-09-03T12:26:23Z,Botswana,BWA,NV.IND.MANF.ZS,"Manufacturing, value added (% of GDP)",Outcome 4 — industrial diversification,2014,7.84878664502911
2026-09-03T12:26:23Z,Botswana,BWA,NV.IND.MANF.ZS,"Manufacturing, value added (% of GDP)",Outcome 4 — industrial diversification,2013,7.99324227477702
2026-09-03T12:26:23Z,Botswana,BWA,NV.IND.MANF.ZS,"Manufacturing, value added (% of GDP)",Outcome 4 — industrial diversification,2012,8.07371084190363
2026-09-03T12:26:23Z,Botswana,BWA,NV.IND.MANF.ZS,"Manufacturing, value added (% of GDP)",Outcome 4 — industrial diversification,2011,7.73125571429564
2026-09-03T12:26:23Z,Botswana,BWA,NV.IND.MANF.ZS,"Manufacturing, value added (% of GDP)",Outcome 4 — industrial diversification,2010,8.49944449224391
2026-09-03T12:26:23Z,Lesotho,LSO,NV.IND.MANF.ZS,"Manufacturing, value added (% of GDP)",Outcome 4 — industrial diversification,2024,12.0673877533326
2026-09-03T12:26:23Z,Lesotho,LSO,NV.IND.MANF.ZS,"Manufacturing, value added (% of GDP)",Outcome 4 — industrial diversification,2023,14.0512623185036
2026-09-03T12:26:23Z,Lesotho,LSO,NV.IND.MANF.ZS,"Manufacturing, value added (% of GDP)",Outcome 4 — industrial diversification,2022,16.282824396699
2026-09-03T12:26:23Z,Lesotho,LSO,NV.IND.MANF.ZS,"Manufacturing, value added (% of GDP)",Outcome 4 — industrial diversification,2021,16.5400949605905
2026-09-03T12:26:23Z,Lesotho,LSO,NV.IND.MANF.ZS,"Manufacturing, value added (% of GDP)",Outcome 4 — industrial diversification,2020,16.3470534698184
2026-09-03T12:26:23Z,Lesotho,LSO,NV.IND.MANF.ZS,"Manufacturing, value added (% of GDP)",Outcome 4 — industrial diversification,2019,17.2191325178187
2026-09-03T12:26:23Z,Lesotho,LSO,NV.IND.MANF.ZS,"Manufacturing, value added (% of GDP)",Outcome 4 — industrial diversification,2018,16.6313078018797
2026-09-03T12:26:23Z,Lesotho,LSO,NV.IND.MANF.ZS,"Manufacturing, value added (% of GDP)",Outcome 4 — industrial diversification,2017,15.2367098583169
2026-09-03T12:26:23Z,Lesotho,LSO,NV.IND.MANF.ZS,"Manufacturing, value added (% of GDP)",Outcome 4 — industrial diversification,2016,16.6630766961045
2026-09-03T12:26:23Z,Lesotho,LSO,NV.IND.MANF.ZS,"Manufacturing, value added (% of GDP)",Outcome 4 — industrial diversification,2015,15.1330287921212
2026-09-03T12:26:23Z,Lesotho,LSO,NV.IND.MANF.ZS,"Manufacturing, value added (% of GDP)",Outcome 4 — industrial diversification,2014,12.250538441436
2026-09-03T12:26:23Z,Lesotho,LSO,NV.IND.MANF.ZS,"Manufacturing, value added (% of GDP)",Outcome 4 — industrial diversification,2013,10.9395682131417
2026-09-03T12:26:23Z,Lesotho,LSO,NV.IND.MANF.ZS,"Manufacturing, value added (% of GDP)",Outcome 4 — industrial diversification,2012,11.4515114166879
2026-09-03T12:26:23Z,Lesotho,LSO,NV.IND.MANF.ZS,"Manufacturing, value added (% of GDP)",Outcome 4 — industrial diversification,2011,12.7826465299986
2026-09-03T12:26:23Z,Lesotho,LSO,NV.IND.MANF.ZS,"Manufacturing, value added (% of GDP)",Outcome 4 — industrial diversification,2010,13.0847200506572
2026-09-03T12:26:23Z,Namibia,NAM,NV.IND.MANF.ZS,"Manufacturing, value added (% of GDP)",Outcome 4 — industrial diversification,2025,10.016326829864
2026-09-03T12:26:23Z,Namibia,NAM,NV.IND.MANF.ZS,"Manufacturing, value added (% of GDP)",Outcome 4 — industrial diversification,2024,10.289538159484
2026-09-03T12:26:23Z,Namibia,NAM,NV.IND.MANF.ZS,"Manufacturing, value added (% of GDP)",Outcome 4 — industrial diversification,2023,11.0004116837326
2026-09-03T12:26:23Z,Namibia,NAM,NV.IND.MANF.ZS,"Manufacturing, value added (% of GDP)",Outcome 4 — industrial diversification,2022,11.1588551402011
2026-09-03T12:26:23Z,Namibia,NAM,NV.IND.MANF.ZS,"Manufacturing, value added (% of GDP)",Outcome 4 — industrial diversification,2021,10.7769295016123
2026-09-03T12:26:23Z,Namibia,NAM,NV.IND.MANF.ZS,"Manufacturing, value added (% of GDP)",Outcome 4 — industrial diversification,2020,11.0196431958005
2026-09-03T12:26:23Z,Namibia,NAM,NV.IND.MANF.ZS,"Manufacturing, value added (% of GDP)",Outcome 4 — industrial diversification,2019,12.4623985360334
2026-09-03T12:26:23Z,Namibia,NAM,NV.IND.MANF.ZS,"Manufacturing, value added (% of GDP)",Outcome 4 — industrial diversification,2018,12.2988345926351
2026-09-03T12:26:23Z,Namibia,NAM,NV.IND.MANF.ZS,"Manufacturing, value added (% of GDP)",Outcome 4 — industrial diversification,2017,12.2200432439665
2026-09-03T12:26:23Z,Namibia,NAM,NV.IND.MANF.ZS,"Manufacturing, value added (% of GDP)",Outcome 4 — industrial diversification,2016,11.6787885338894
2026-09-03T12:26:23Z,Namibia,NAM,NV.IND.MANF.ZS,"Manufacturing, value added (% of GDP)",Outcome 4 — industrial diversification,2015,11.4171848223968
2026-09-03T12:26:23Z,Namibia,NAM,NV.IND.MANF.ZS,"Manufacturing, value added (% of GDP)",Outcome 4 — industrial diversification,2014,9.90856529052312
2026-09-03T12:26:23Z,Namibia,NAM,NV.IND.MANF.ZS,"Manufacturing, value added (% of GDP)",Outcome 4 — industrial diversification,2013,10.3182587782274
2026-09-03T12:26:23Z,Namibia,NAM,NV.IND.MANF.ZS,"Manufacturing, value added (% of GDP)",Outcome 4 — industrial diversification,2012,12.1900058944767
2026-09-03T12:26:23Z,Namibia,NAM,NV.IND.MANF.ZS,"Manufacturing, value added (% of GDP)",Outcome 4 — industrial diversification,2011,13.457262374441
2026-09-03T12:26:23Z,Namibia,NAM,NV.IND.MANF.ZS,"Manufacturing, value added (% of GDP)",Outcome 4 — industrial diversification,2010,12.2993867891641
2026-09-03T12:26:23Z,Eswatini,SWZ,NV.IND.MANF.ZS,"Manufacturing, value added (% of GDP)",Outcome 4 — industrial diversification,2025,28.0612861211559
2026-09-03T12:26:23Z,Eswatini,SWZ,NV.IND.MANF.ZS,"Manufacturing, value added (% of GDP)",Outcome 4 — industrial diversification,2024,29.1215996440591
2026-09-03T12:26:23Z,Eswatini,SWZ,NV.IND.MANF.ZS,"Manufacturing, value added (% of GDP)",Outcome 4 — industrial diversification,2023,29.1853167673391
2026-09-03T12:26:23Z,Eswatini,SWZ,NV.IND.MANF.ZS,"Manufacturing, value added (% of GDP)",Outcome 4 — industrial diversification,2022,29.6218331591913
2026-09-03T12:26:23Z,Eswatini,SWZ,NV.IND.MANF.ZS,"Manufacturing, value added (% of GDP)",Outcome 4 — industrial diversification,2021,28.2906811722309
2026-09-03T12:26:23Z,Eswatini,SWZ,NV.IND.MANF.ZS,"Manufacturing, value added (% of GDP)",Outcome 4 — industrial diversification,2020,26.4362438490836
2026-09-03T12:26:23Z,Eswatini,SWZ,NV.IND.MANF.ZS,"Manufacturing, value added (% of GDP)",Outcome 4 — industrial diversification,2019,29.3474849519253
2026-09-03T12:26:23Z,Eswatini,SWZ,NV.IND.MANF.ZS,"Manufacturing, value added (% of GDP)",Outcome 4 — industrial diversification,2018,28.1918368502844
2026-09-03T12:26:23Z,Eswatini,SWZ,NV.IND.MANF.ZS,"Manufacturing, value added (% of GDP)",Outcome 4 — industrial diversification,2017,28.6458021897982
2026-09-03T12:26:23Z,Eswatini,SWZ,NV.IND.MANF.ZS,"Manufacturing, value added (% of GDP)",Outcome 4 — industrial diversification,2016,31.0882206536821
2026-09-03T12:26:23Z,Eswatini,SWZ,NV.IND.MANF.ZS,"Manufacturing, value added (% of GDP)",Outcome 4 — industrial diversification,2015,31.7176270961474
2026-09-03T12:26:23Z,Eswatini,SWZ,NV.IND.MANF.ZS,"Manufacturing, value added (% of GDP)",Outcome 4 — industrial diversification,2014,30.4155023058964
2026-09-03T12:26:23Z,Eswatini,SWZ,NV.IND.MANF.ZS,"Manufacturing, value added (% of GDP)",Outcome 4 — industrial diversification,2013,29.9101627041266
2026-09-03T12:26:23Z,Eswatini,SWZ,NV.IND.MANF.ZS,"Manufacturing, value added (% of GDP)",Outcome 4 — industrial diversification,2012,31.2739621292408
2026-09-03T12:26:23Z,Eswatini,SWZ,NV.IND.MANF.ZS,"Manufacturing, value added (% of GDP)",Outcome 4 — industrial diversification,2011,31.6838085870718
2026-09-03T12:26:23Z,Eswatini,SWZ,NV.IND.MANF.ZS,"Manufacturing, value added (% of GDP)",Outcome 4 — industrial diversification,2010,32.4350420511082
2026-09-03T12:26:23Z,South Africa,ZAF,NV.IND.MANF.ZS,"Manufacturing, value added (% of GDP)",Outcome 4 — industrial diversification,2025,12.2545108718651
2026-09-03T12:26:23Z,South Africa,ZAF,NV.IND.MANF.ZS,"Manufacturing, value added (% of GDP)",Outcome 4 — industrial diversification,2024,12.7973009661441
2026-09-03T12:26:23Z,South Africa,ZAF,NV.IND.MANF.ZS,"Manufacturing, value added (% of GDP)",Outcome 4 — industrial diversification,2023,12.9800055529093
2026-09-03T12:26:23Z,South Africa,ZAF,NV.IND.MANF.ZS,"Manufacturing, value added (% of GDP)",Outcome 4 — industrial diversification,2022,12.4454055010392
2026-09-03T12:26:23Z,South Africa,ZAF,NV.IND.MANF.ZS,"Manufacturing, value added (% of GDP)",Outcome 4 — industrial diversification,2021,12.0775538850278
2026-09-03T12:26:23Z,South Africa,ZAF,NV.IND.MANF.ZS,"Manufacturing, value added (% of GDP)",Outcome 4 — industrial diversification,2020,11.725046778088
2026-09-03T12:26:23Z,South Africa,ZAF,NV.IND.MANF.ZS,"Manufacturing, value added (% of GDP)",Outcome 4 — industrial diversification,2019,12.4008912661528
2026-09-03T12:26:23Z,South Africa,ZAF,NV.IND.MANF.ZS,"Manufacturing, value added (% of GDP)",Outcome 4 — industrial diversification,2018,12.4570332833175
2026-09-03T12:26:23Z,South Africa,ZAF,NV.IND.MANF.ZS,"Manufacturing, value added (% of GDP)",Outcome 4 — industrial diversification,2017,12.5127045016941
2026-09-03T12:26:23Z,South Africa,ZAF,NV.IND.MANF.ZS,"Manufacturing, value added (% of GDP)",Outcome 4 — industrial diversification,2016,12.4836443520042
2026-09-03T12:26:23Z,South Africa,ZAF,NV.IND.MANF.ZS,"Manufacturing, value added (% of GDP)",Outcome 4 — industrial diversification,2015,12.5179444713924
2026-09-03T12:26:23Z,South Africa,ZAF,NV.IND.MANF.ZS,"Manufacturing, value added (% of GDP)",Outcome 4 — industrial diversification,2014,12.4807113856549
2026-09-03T12:26:23Z,South Africa,ZAF,NV.IND.MANF.ZS,"Manufacturing, value added (% of GDP)",Outcome 4 — industrial diversification,2013,12.3667757766351
2026-09-03T12:26:23Z,South Africa,ZAF,NV.IND.MANF.ZS,"Manufacturing, value added (% of GDP)",Outcome 4 — industrial diversification,2012,12.4825918463265
2026-09-03T12:26:23Z,South Africa,ZAF,NV.IND.MANF.ZS,"Manufacturing, value added (% of GDP)",Outcome 4 — industrial diversification,2011,12.861770015896
2026-09-03T12:26:23Z,South Africa,ZAF,NV.IND.MANF.ZS,"Manufacturing, value added (% of GDP)",Outcome 4 — industrial diversification,2010,13.8595736133129
2026-09-03T12:26:23Z,Botswana,BWA,NV.IND.TOTL.ZS,"Industry (incl. construction), value added (% of GDP)",Outcome 4 — industrial diversification,2025,27.8837014330526
2026-09-03T12:26:23Z,Botswana,BWA,NV.IND.TOTL.ZS,"Industry (incl. construction), value added (% of GDP)",Outcome 4 — industrial diversification,2024,29.0804641383636
2026-09-03T12:26:23Z,Botswana,BWA,NV.IND.TOTL.ZS,"Industry (incl. construction), value added (% of GDP)",Outcome 4 — industrial diversification,2023,34.0669401658997
2026-09-03T12:26:23Z,Botswana,BWA,NV.IND.TOTL.ZS,"Industry (incl. construction), value added (% of GDP)",Outcome 4 — industrial diversification,2022,37.4571297119178
2026-09-03T12:26:23Z,Botswana,BWA,NV.IND.TOTL.ZS,"Industry (incl. construction), value added (% of GDP)",Outcome 4 — industrial diversification,2021,33.0400332471158
2026-09-03T12:26:23Z,Botswana,BWA,NV.IND.TOTL.ZS,"Industry (incl. construction), value added (% of GDP)",Outcome 4 — industrial diversification,2020,26.690568101143
2026-09-03T12:26:23Z,Botswana,BWA,NV.IND.TOTL.ZS,"Industry (incl. construction), value added (% of GDP)",Outcome 4 — industrial diversification,2019,31.947105419301
2026-09-03T12:26:23Z,Botswana,BWA,NV.IND.TOTL.ZS,"Industry (incl. construction), value added (% of GDP)",Outcome 4 — industrial diversification,2018,34.8003276690785
2026-09-03T12:26:23Z,Botswana,BWA,NV.IND.TOTL.ZS,"Industry (incl. construction), value added (% of GDP)",Outcome 4 — industrial diversification,2017,37.1010050249191
2026-09-03T12:26:23Z,Botswana,BWA,NV.IND.TOTL.ZS,"Industry (incl. construction), value added (% of GDP)",Outcome 4 — industrial diversification,2016,40.3451621913098
2026-09-03T12:26:23Z,Botswana,BWA,NV.IND.TOTL.ZS,"Industry (incl. construction), value added (% of GDP)",Outcome 4 — industrial diversification,2015,37.5439994873569
2026-09-03T12:26:23Z,Botswana,BWA,NV.IND.TOTL.ZS,"Industry (incl. construction), value added (% of GDP)",Outcome 4 — industrial diversification,2014,41.7777034040156
2026-09-03T12:26:23Z,Botswana,BWA,NV.IND.TOTL.ZS,"Industry (incl. construction), value added (% of GDP)",Outcome 4 — industrial diversification,2013,39.106229887551
2026-09-03T12:26:23Z,Botswana,BWA,NV.IND.TOTL.ZS,"Industry (incl. construction), value added (% of GDP)",Outcome 4 — industrial diversification,2012,37.5753342991212
2026-09-03T12:26:23Z,Botswana,BWA,NV.IND.TOTL.ZS,"Industry (incl. construction), value added (% of GDP)",Outcome 4 — industrial diversification,2011,41.4322152540452
2026-09-03T12:26:23Z,Botswana,BWA,NV.IND.TOTL.ZS,"Industry (incl. construction), value added (% of GDP)",Outcome 4 — industrial diversification,2010,37.2789379627304
2026-09-03T12:26:23Z,Lesotho,LSO,NV.IND.TOTL.ZS,"Industry (incl. construction), value added (% of GDP)",Outcome 4 — industrial diversification,2025,25.157478604631
2026-09-03T12:26:23Z,Lesotho,LSO,NV.IND.TOTL.ZS,"Industry (incl. construction), value added (% of GDP)",Outcome 4 — industrial diversification,2024,28.0994911212337
2026-09-03T12:26:23Z,Lesotho,LSO,NV.IND.TOTL.ZS,"Industry (incl. construction), value added (% of GDP)",Outcome 4 — industrial diversification,2023,28.522771885001
2026-09-03T12:26:23Z,Lesotho,LSO,NV.IND.TOTL.ZS,"Industry (incl. construction), value added (% of GDP)",Outcome 4 — industrial diversification,2022,30.4887414630726
2026-09-03T12:26:23Z,Lesotho,LSO,NV.IND.TOTL.ZS,"Industry (incl. construction), value added (% of GDP)",Outcome 4 — industrial diversification,2021,32.0714579927576
2026-09-03T12:26:23Z,Lesotho,LSO,NV.IND.TOTL.ZS,"Industry (incl. construction), value added (% of GDP)",Outcome 4 — industrial diversification,2020,31.0792075147298
2026-09-03T12:26:23Z,Lesotho,LSO,NV.IND.TOTL.ZS,"Industry (incl. construction), value added (% of GDP)",Outcome 4 — industrial diversification,2019,30.5436539026894
2026-09-03T12:26:23Z,Lesotho,LSO,NV.IND.TOTL.ZS,"Industry (incl. construction), value added (% of GDP)",Outcome 4 — industrial diversification,2018,31.139042579725
2026-09-03T12:26:23Z,Lesotho,LSO,NV.IND.TOTL.ZS,"Industry (incl. construction), value added (% of GDP)",Outcome 4 — industrial diversification,2017,28.5730617255808
2026-09-03T12:26:23Z,Lesotho,LSO,NV.IND.TOTL.ZS,"Industry (incl. construction), value added (% of GDP)",Outcome 4 — industrial diversification,2016,30.5866475742865
2026-09-03T12:26:23Z,Lesotho,LSO,NV.IND.TOTL.ZS,"Industry (incl. construction), value added (% of GDP)",Outcome 4 — industrial diversification,2015,33.7385657003649
2026-09-03T12:26:23Z,Lesotho,LSO,NV.IND.TOTL.ZS,"Industry (incl. construction), value added (% of GDP)",Outcome 4 — industrial diversification,2014,32.1608736210412
2026-09-03T12:26:23Z,Lesotho,LSO,NV.IND.TOTL.ZS,"Industry (incl. construction), value added (% of GDP)",Outcome 4 — industrial diversification,2013,29.0232445602992
2026-09-03T12:26:23Z,Lesotho,LSO,NV.IND.TOTL.ZS,"Industry (incl. construction), value added (% of GDP)",Outcome 4 — industrial diversification,2012,30.8179398182836
2026-09-03T12:26:23Z,Lesotho,LSO,NV.IND.TOTL.ZS,"Industry (incl. construction), value added (% of GDP)",Outcome 4 — industrial diversification,2011,33.1996499097292
2026-09-03T12:26:23Z,Lesotho,LSO,NV.IND.TOTL.ZS,"Industry (incl. construction), value added (% of GDP)",Outcome 4 — industrial diversification,2010,31.463352131548
2026-09-03T12:26:23Z,Namibia,NAM,NV.IND.TOTL.ZS,"Industry (incl. construction), value added (% of GDP)",Outcome 4 — industrial diversification,2025,28.9496601666891
2026-09-03T12:26:23Z,Namibia,NAM,NV.IND.TOTL.ZS,"Industry (incl. construction), value added (% of GDP)",Outcome 4 — industrial diversification,2024,29.5325900513732
2026-09-03T12:26:23Z,Namibia,NAM,NV.IND.TOTL.ZS,"Industry (incl. construction), value added (% of GDP)",Outcome 4 — industrial diversification,2023,30.6216880290967
2026-09-03T12:26:23Z,Namibia,NAM,NV.IND.TOTL.ZS,"Industry (incl. construction), value added (% of GDP)",Outcome 4 — industrial diversification,2022,27.11172557706
2026-09-03T12:26:23Z,Namibia,NAM,NV.IND.TOTL.ZS,"Industry (incl. construction), value added (% of GDP)",Outcome 4 — industrial diversification,2021,24.4475967861445
2026-09-03T12:26:23Z,Namibia,NAM,NV.IND.TOTL.ZS,"Industry (incl. construction), value added (% of GDP)",Outcome 4 — industrial diversification,2020,25.8187349480714
2026-09-03T12:26:23Z,Namibia,NAM,NV.IND.TOTL.ZS,"Industry (incl. construction), value added (% of GDP)",Outcome 4 — industrial diversification,2019,27.0505811124767
2026-09-03T12:26:23Z,Namibia,NAM,NV.IND.TOTL.ZS,"Industry (incl. construction), value added (% of GDP)",Outcome 4 — industrial diversification,2018,26.869904619845
2026-09-03T12:26:23Z,Namibia,NAM,NV.IND.TOTL.ZS,"Industry (incl. construction), value added (% of GDP)",Outcome 4 — industrial diversification,2017,26.0770180870695
2026-09-03T12:26:23Z,Namibia,NAM,NV.IND.TOTL.ZS,"Industry (incl. construction), value added (% of GDP)",Outcome 4 — industrial diversification,2016,27.5134032744188
2026-09-03T12:26:23Z,Namibia,NAM,NV.IND.TOTL.ZS,"Industry (incl. construction), value added (% of GDP)",Outcome 4 — industrial diversification,2015,27.5636536225028
2026-09-03T12:26:23Z,Namibia,NAM,NV.IND.TOTL.ZS,"Industry (incl. construction), value added (% of GDP)",Outcome 4 — industrial diversification,2014,26.630102972046
2026-09-03T12:26:23Z,Namibia,NAM,NV.IND.TOTL.ZS,"Industry (incl. construction), value added (% of GDP)",Outcome 4 — industrial diversification,2013,26.5483435015895
2026-09-03T12:26:23Z,Namibia,NAM,NV.IND.TOTL.ZS,"Industry (incl. construction), value added (% of GDP)",Outcome 4 — industrial diversification,2012,29.9807546724013
2026-09-03T12:26:23Z,Namibia,NAM,NV.IND.TOTL.ZS,"Industry (incl. construction), value added (% of GDP)",Outcome 4 — industrial diversification,2011,29.3288911804647
2026-09-03T12:26:23Z,Namibia,NAM,NV.IND.TOTL.ZS,"Industry (incl. construction), value added (% of GDP)",Outcome 4 — industrial diversification,2010,27.429068418358
2026-09-03T12:26:23Z,Eswatini,SWZ,NV.IND.TOTL.ZS,"Industry (incl. construction), value added (% of GDP)",Outcome 4 — industrial diversification,2025,33.5797459803013
2026-09-03T12:26:23Z,Eswatini,SWZ,NV.IND.TOTL.ZS,"Industry (incl. construction), value added (% of GDP)",Outcome 4 — industrial diversification,2024,34.7365662380883
2026-09-03T12:26:23Z,Eswatini,SWZ,NV.IND.TOTL.ZS,"Industry (incl. construction), value added (% of GDP)",Outcome 4 — industrial diversification,2023,34.5064388032849
2026-09-03T12:26:23Z,Eswatini,SWZ,NV.IND.TOTL.ZS,"Industry (incl. construction), value added (% of GDP)",Outcome 4 — industrial diversification,2022,34.6863783098992
2026-09-03T12:26:23Z,Eswatini,SWZ,NV.IND.TOTL.ZS,"Industry (incl. construction), value added (% of GDP)",Outcome 4 — industrial diversification,2021,33.159909885424
2026-09-03T12:26:23Z,Eswatini,SWZ,NV.IND.TOTL.ZS,"Industry (incl. construction), value added (% of GDP)",Outcome 4 — industrial diversification,2020,31.4449555517552
2026-09-03T12:26:23Z,Eswatini,SWZ,NV.IND.TOTL.ZS,"Industry (incl. construction), value added (% of GDP)",Outcome 4 — industrial diversification,2019,34.6470784405459
2026-09-03T12:26:23Z,Eswatini,SWZ,NV.IND.TOTL.ZS,"Industry (incl. construction), value added (% of GDP)",Outcome 4 — industrial diversification,2018,34.0032885839109
2026-09-03T12:26:23Z,Eswatini,SWZ,NV.IND.TOTL.ZS,"Industry (incl. construction), value added (% of GDP)",Outcome 4 — industrial diversification,2017,34.9112500521839
2026-09-03T12:26:23Z,Eswatini,SWZ,NV.IND.TOTL.ZS,"Industry (incl. construction), value added (% of GDP)",Outcome 4 — industrial diversification,2016,37.821426598306
2026-09-03T12:26:23Z,Eswatini,SWZ,NV.IND.TOTL.ZS,"Industry (incl. construction), value added (% of GDP)",Outcome 4 — industrial diversification,2015,36.9658639938824
2026-09-03T12:26:23Z,Eswatini,SWZ,NV.IND.TOTL.ZS,"Industry (incl. construction), value added (% of GDP)",Outcome 4 — industrial diversification,2014,36.1654875610372
2026-09-03T12:26:23Z,Eswatini,SWZ,NV.IND.TOTL.ZS,"Industry (incl. construction), value added (% of GDP)",Outcome 4 — industrial diversification,2013,36.5678764085872
2026-09-03T12:26:23Z,Eswatini,SWZ,NV.IND.TOTL.ZS,"Industry (incl. construction), value added (% of GDP)",Outcome 4 — industrial diversification,2012,37.7231797224699
2026-09-03T12:26:23Z,Eswatini,SWZ,NV.IND.TOTL.ZS,"Industry (incl. construction), value added (% of GDP)",Outcome 4 — industrial diversification,2011,37.8793869465389
2026-09-03T12:26:23Z,Eswatini,SWZ,NV.IND.TOTL.ZS,"Industry (incl. construction), value added (% of GDP)",Outcome 4 — industrial diversification,2010,38.7137888432086
2026-09-03T12:26:23Z,South Africa,ZAF,NV.IND.TOTL.ZS,"Industry (incl. construction), value added (% of GDP)",Outcome 4 — industrial diversification,2025,24.09000977459
2026-09-03T12:26:23Z,South Africa,ZAF,NV.IND.TOTL.ZS,"Industry (incl. construction), value added (% of GDP)",Outcome 4 — industrial diversification,2024,24.3105308888817
2026-09-03T12:26:23Z,South Africa,ZAF,NV.IND.TOTL.ZS,"Industry (incl. construction), value added (% of GDP)",Outcome 4 — industrial diversification,2023,24.5639655120651
2026-09-03T12:26:23Z,South Africa,ZAF,NV.IND.TOTL.ZS,"Industry (incl. construction), value added (% of GDP)",Outcome 4 — industrial diversification,2022,24.9820287872223
2026-09-03T12:26:23Z,South Africa,ZAF,NV.IND.TOTL.ZS,"Industry (incl. construction), value added (% of GDP)",Outcome 4 — industrial diversification,2021,24.9006017482132
2026-09-03T12:26:23Z,South Africa,ZAF,NV.IND.TOTL.ZS,"Industry (incl. construction), value added (% of GDP)",Outcome 4 — industrial diversification,2020,23.3394384079582
2026-09-03T12:26:23Z,South Africa,ZAF,NV.IND.TOTL.ZS,"Industry (incl. construction), value added (% of GDP)",Outcome 4 — industrial diversification,2019,23.6220152843652
2026-09-03T12:26:23Z,South Africa,ZAF,NV.IND.TOTL.ZS,"Industry (incl. construction), value added (% of GDP)",Outcome 4 — industrial diversification,2018,23.5370608392744
2026-09-03T12:26:23Z,South Africa,ZAF,NV.IND.TOTL.ZS,"Industry (incl. construction), value added (% of GDP)",Outcome 4 — industrial diversification,2017,23.6105564955695
2026-09-03T12:26:23Z,South Africa,ZAF,NV.IND.TOTL.ZS,"Industry (incl. construction), value added (% of GDP)",Outcome 4 — industrial diversification,2016,23.7825372977493
2026-09-03T12:26:23Z,South Africa,ZAF,NV.IND.TOTL.ZS,"Industry (incl. construction), value added (% of GDP)",Outcome 4 — industrial diversification,2015,23.7323079746326
2026-09-03T12:26:23Z,South Africa,ZAF,NV.IND.TOTL.ZS,"Industry (incl. construction), value added (% of GDP)",Outcome 4 — industrial diversification,2014,24.3052820058227
2026-09-03T12:26:23Z,South Africa,ZAF,NV.IND.TOTL.ZS,"Industry (incl. construction), value added (% of GDP)",Outcome 4 — industrial diversification,2013,24.5517417673484
2026-09-03T12:26:23Z,South Africa,ZAF,NV.IND.TOTL.ZS,"Industry (incl. construction), value added (% of GDP)",Outcome 4 — industrial diversification,2012,24.4686002355753
2026-09-03T12:26:23Z,South Africa,ZAF,NV.IND.TOTL.ZS,"Industry (incl. construction), value added (% of GDP)",Outcome 4 — industrial diversification,2011,24.8394911507999
2026-09-03T12:26:23Z,South Africa,ZAF,NV.IND.TOTL.ZS,"Industry (incl. construction), value added (% of GDP)",Outcome 4 — industrial diversification,2010,25.3034630993363
2026-09-03T12:26:23Z,Botswana,BWA,TX.VAL.MANF.ZS.UN,Manufactured exports (% of merchandise exports),Outcome 5 — economic complexity,2023,86.266781640311
2026-09-03T12:26:23Z,Botswana,BWA,TX.VAL.MANF.ZS.UN,Manufactured exports (% of merchandise exports),Outcome 5 — economic complexity,2022,92.1692173726573
2026-09-03T12:26:23Z,Botswana,BWA,TX.VAL.MANF.ZS.UN,Manufactured exports (% of merchandise exports),Outcome 5 — economic complexity,2021,94.7691864129858
2026-09-03T12:26:23Z,Botswana,BWA,TX.VAL.MANF.ZS.UN,Manufactured exports (% of merchandise exports),Outcome 5 — economic complexity,2020,94.8599181217493
2026-09-03T12:26:23Z,Botswana,BWA,TX.VAL.MANF.ZS.UN,Manufactured exports (% of merchandise exports),Outcome 5 — economic complexity,2019,96.2248403048581
2026-09-03T12:26:23Z,Botswana,BWA,TX.VAL.MANF.ZS.UN,Manufactured exports (% of merchandise exports),Outcome 5 — economic complexity,2018,96.1754733668458
2026-09-03T12:26:23Z,Botswana,BWA,TX.VAL.MANF.ZS.UN,Manufactured exports (% of merchandise exports),Outcome 5 — economic complexity,2017,94.7780546074773
2026-09-03T12:26:23Z,Botswana,BWA,TX.VAL.MANF.ZS.UN,Manufactured exports (% of merchandise exports),Outcome 5 — economic complexity,2016,93.3351279836005
2026-09-03T12:26:23Z,Botswana,BWA,TX.VAL.MANF.ZS.UN,Manufactured exports (% of merchandise exports),Outcome 5 — economic complexity,2015,89.2966431161501
2026-09-03T12:26:23Z,Botswana,BWA,TX.VAL.MANF.ZS.UN,Manufactured exports (% of merchandise exports),Outcome 5 — economic complexity,2014,89.7937593926872
2026-09-03T12:26:23Z,Botswana,BWA,TX.VAL.MANF.ZS.UN,Manufactured exports (% of merchandise exports),Outcome 5 — economic complexity,2013,86.8725240542876
2026-09-03T12:26:23Z,Botswana,BWA,TX.VAL.MANF.ZS.UN,Manufactured exports (% of merchandise exports),Outcome 5 — economic complexity,2012,85.8664326630761
2026-09-03T12:26:23Z,Botswana,BWA,TX.VAL.MANF.ZS.UN,Manufactured exports (% of merchandise exports),Outcome 5 — economic complexity,2011,86.5621434562182
2026-09-03T12:26:23Z,Botswana,BWA,TX.VAL.MANF.ZS.UN,Manufactured exports (% of merchandise exports),Outcome 5 — economic complexity,2010,77.7676173349413
2026-09-03T12:26:23Z,Lesotho,LSO,TX.VAL.MANF.ZS.UN,Manufactured exports (% of merchandise exports),Outcome 5 — economic complexity,2024,70.0568202207919
2026-09-03T12:26:23Z,Lesotho,LSO,TX.VAL.MANF.ZS.UN,Manufactured exports (% of merchandise exports),Outcome 5 — economic complexity,2023,79.2264582944253
2026-09-03T12:26:23Z,Lesotho,LSO,TX.VAL.MANF.ZS.UN,Manufactured exports (% of merchandise exports),Outcome 5 — economic complexity,2022,79.9939786762539
2026-09-03T12:26:23Z,Lesotho,LSO,TX.VAL.MANF.ZS.UN,Manufactured exports (% of merchandise exports),Outcome 5 — economic complexity,2021,82.5294423418209
2026-09-03T12:26:23Z,Lesotho,LSO,TX.VAL.MANF.ZS.UN,Manufactured exports (% of merchandise exports),Outcome 5 — economic complexity,2020,84.1607007226453
2026-09-03T12:26:23Z,Lesotho,LSO,TX.VAL.MANF.ZS.UN,Manufactured exports (% of merchandise exports),Outcome 5 — economic complexity,2019,86.6579990909546
2026-09-03T12:26:23Z,Lesotho,LSO,TX.VAL.MANF.ZS.UN,Manufactured exports (% of merchandise exports),Outcome 5 — economic complexity,2018,86.4317645940973
2026-09-03T12:26:23Z,Lesotho,LSO,TX.VAL.MANF.ZS.UN,Manufactured exports (% of merchandise exports),Outcome 5 — economic complexity,2017,81.0923897300448
2026-09-03T12:26:23Z,Lesotho,LSO,TX.VAL.MANF.ZS.UN,Manufactured exports (% of merchandise exports),Outcome 5 — economic complexity,2016,81.9469734457299
2026-09-03T12:26:23Z,Lesotho,LSO,TX.VAL.MANF.ZS.UN,Manufactured exports (% of merchandise exports),Outcome 5 — economic complexity,2015,52.3431353934094
2026-09-03T12:26:23Z,Lesotho,LSO,TX.VAL.MANF.ZS.UN,Manufactured exports (% of merchandise exports),Outcome 5 — economic complexity,2014,40.8208407716096
2026-09-03T12:26:23Z,Lesotho,LSO,TX.VAL.MANF.ZS.UN,Manufactured exports (% of merchandise exports),Outcome 5 — economic complexity,2013,68.0536706149672
2026-09-03T12:26:23Z,Lesotho,LSO,TX.VAL.MANF.ZS.UN,Manufactured exports (% of merchandise exports),Outcome 5 — economic complexity,2012,80.0774283131646
2026-09-03T12:26:23Z,Lesotho,LSO,TX.VAL.MANF.ZS.UN,Manufactured exports (% of merchandise exports),Outcome 5 — economic complexity,2011,83.0585438805114
2026-09-03T12:26:23Z,Lesotho,LSO,TX.VAL.MANF.ZS.UN,Manufactured exports (% of merchandise exports),Outcome 5 — economic complexity,2010,77.5069852811457
2026-09-03T12:26:23Z,Namibia,NAM,TX.VAL.MANF.ZS.UN,Manufactured exports (% of merchandise exports),Outcome 5 — economic complexity,2024,18.3720657548859
2026-09-03T12:26:23Z,Namibia,NAM,TX.VAL.MANF.ZS.UN,Manufactured exports (% of merchandise exports),Outcome 5 — economic complexity,2023,26.3128426894915
2026-09-03T12:26:23Z,Namibia,NAM,TX.VAL.MANF.ZS.UN,Manufactured exports (% of merchandise exports),Outcome 5 — economic complexity,2022,33.9988326405537
2026-09-03T12:26:23Z,Namibia,NAM,TX.VAL.MANF.ZS.UN,Manufactured exports (% of merchandise exports),Outcome 5 — economic complexity,2021,29.2471218160671
2026-09-03T12:26:23Z,Namibia,NAM,TX.VAL.MANF.ZS.UN,Manufactured exports (% of merchandise exports),Outcome 5 — economic complexity,2020,26.9489895050264
2026-09-03T12:26:23Z,Namibia,NAM,TX.VAL.MANF.ZS.UN,Manufactured exports (% of merchandise exports),Outcome 5 — economic complexity,2019,29.025429905852
2026-09-03T12:26:23Z,Namibia,NAM,TX.VAL.MANF.ZS.UN,Manufactured exports (% of merchandise exports),Outcome 5 — economic complexity,2018,32.0932225120836
2026-09-03T12:26:23Z,Namibia,NAM,TX.VAL.MANF.ZS.UN,Manufactured exports (% of merchandise exports),Outcome 5 — economic complexity,2017,34.2864898166207
2026-09-03T12:26:23Z,Namibia,NAM,TX.VAL.MANF.ZS.UN,Manufactured exports (% of merchandise exports),Outcome 5 — economic complexity,2016,36.4163437805451
2026-09-03T12:26:23Z,Namibia,NAM,TX.VAL.MANF.ZS.UN,Manufactured exports (% of merchandise exports),Outcome 5 — economic complexity,2015,36.8913012154406
2026-09-03T12:26:23Z,Namibia,NAM,TX.VAL.MANF.ZS.UN,Manufactured exports (% of merchandise exports),Outcome 5 — economic complexity,2014,52.2458587913013
2026-09-03T12:26:23Z,Namibia,NAM,TX.VAL.MANF.ZS.UN,Manufactured exports (% of merchandise exports),Outcome 5 — economic complexity,2013,45.3332993795468
2026-09-03T12:26:23Z,Namibia,NAM,TX.VAL.MANF.ZS.UN,Manufactured exports (% of merchandise exports),Outcome 5 — economic complexity,2012,39.9657365019733
2026-09-03T12:26:23Z,Namibia,NAM,TX.VAL.MANF.ZS.UN,Manufactured exports (% of merchandise exports),Outcome 5 — economic complexity,2011,44.6584127115975
2026-09-03T12:26:23Z,Namibia,NAM,TX.VAL.MANF.ZS.UN,Manufactured exports (% of merchandise exports),Outcome 5 — economic complexity,2010,43.8015250418543
2026-09-03T12:26:23Z,Eswatini,SWZ,TX.VAL.MANF.ZS.UN,Manufactured exports (% of merchandise exports),Outcome 5 — economic complexity,2023,59.8243153083819
2026-09-03T12:26:23Z,Eswatini,SWZ,TX.VAL.MANF.ZS.UN,Manufactured exports (% of merchandise exports),Outcome 5 — economic complexity,2022,63.3779645173974
2026-09-03T12:26:23Z,Eswatini,SWZ,TX.VAL.MANF.ZS.UN,Manufactured exports (% of merchandise exports),Outcome 5 — economic complexity,2021,62.5926588222628
2026-09-03T12:26:23Z,Eswatini,SWZ,TX.VAL.MANF.ZS.UN,Manufactured exports (% of merchandise exports),Outcome 5 — economic complexity,2020,62.5058492913927
2026-09-03T12:26:23Z,Eswatini,SWZ,TX.VAL.MANF.ZS.UN,Manufactured exports (% of merchandise exports),Outcome 5 — economic complexity,2019,64.904585495237
2026-09-03T12:26:23Z,Eswatini,SWZ,TX.VAL.MANF.ZS.UN,Manufactured exports (% of merchandise exports),Outcome 5 — economic complexity,2018,67.1431443190256
2026-09-03T12:26:23Z,Eswatini,SWZ,TX.VAL.MANF.ZS.UN,Manufactured exports (% of merchandise exports),Outcome 5 — economic complexity,2017,68.5598301255922
2026-09-03T12:26:23Z,Eswatini,SWZ,TX.VAL.MANF.ZS.UN,Manufactured exports (% of merchandise exports),Outcome 5 — economic complexity,2016,65.4152033342259
2026-09-03T12:26:23Z,Eswatini,SWZ,TX.VAL.MANF.ZS.UN,Manufactured exports (% of merchandise exports),Outcome 5 — economic complexity,2015,65.3309236884222
2026-09-03T12:26:23Z,Eswatini,SWZ,TX.VAL.MANF.ZS.UN,Manufactured exports (% of merchandise exports),Outcome 5 — economic complexity,2014,64.67300832184
2026-09-03T12:26:23Z,Eswatini,SWZ,TX.VAL.MANF.ZS.UN,Manufactured exports (% of merchandise exports),Outcome 5 — economic complexity,2013,58.4357379388154
2026-09-03T12:26:23Z,Eswatini,SWZ,TX.VAL.MANF.ZS.UN,Manufactured exports (% of merchandise exports),Outcome 5 — economic complexity,2012,57.2739182590051
2026-09-03T12:26:23Z,Eswatini,SWZ,TX.VAL.MANF.ZS.UN,Manufactured exports (% of merchandise exports),Outcome 5 — economic complexity,2011,71.7119635680831
2026-09-03T12:26:23Z,Eswatini,SWZ,TX.VAL.MANF.ZS.UN,Manufactured exports (% of merchandise exports),Outcome 5 — economic complexity,2010,65.445584108438
2026-09-03T12:26:23Z,South Africa,ZAF,TX.VAL.MANF.ZS.UN,Manufactured exports (% of merchandise exports),Outcome 5 — economic complexity,2025,38.3029062870432
2026-09-03T12:26:23Z,South Africa,ZAF,TX.VAL.MANF.ZS.UN,Manufactured exports (% of merchandise exports),Outcome 5 — economic complexity,2024,39.1485975095287
2026-09-03T12:26:23Z,South Africa,ZAF,TX.VAL.MANF.ZS.UN,Manufactured exports (% of merchandise exports),Outcome 5 — economic complexity,2023,40.4948203836485
2026-09-03T12:26:23Z,South Africa,ZAF,TX.VAL.MANF.ZS.UN,Manufactured exports (% of merchandise exports),Outcome 5 — economic complexity,2022,37.2933613317767
2026-09-03T12:26:23Z,South Africa,ZAF,TX.VAL.MANF.ZS.UN,Manufactured exports (% of merchandise exports),Outcome 5 — economic complexity,2021,36.0522527481127
2026-09-03T12:26:23Z,South Africa,ZAF,TX.VAL.MANF.ZS.UN,Manufactured exports (% of merchandise exports),Outcome 5 — economic complexity,2020,38.3879710523322
2026-09-03T12:26:23Z,South Africa,ZAF,TX.VAL.MANF.ZS.UN,Manufactured exports (% of merchandise exports),Outcome 5 — economic complexity,2019,42.9742326978661
2026-09-03T12:26:23Z,South Africa,ZAF,TX.VAL.MANF.ZS.UN,Manufactured exports (% of merchandise exports),Outcome 5 — economic complexity,2018,43.4558465114563
2026-09-03T12:26:23Z,South Africa,ZAF,TX.VAL.MANF.ZS.UN,Manufactured exports (% of merchandise exports),Outcome 5 — economic complexity,2017,44.0297498303507
2026-09-03T12:26:23Z,South Africa,ZAF,TX.VAL.MANF.ZS.UN,Manufactured exports (% of merchandise exports),Outcome 5 — economic complexity,2016,47.708438095805
2026-09-03T12:26:23Z,South Africa,ZAF,TX.VAL.MANF.ZS.UN,Manufactured exports (% of merchandise exports),Outcome 5 — economic complexity,2015,47.64529995251
2026-09-03T12:26:23Z,South Africa,ZAF,TX.VAL.MANF.ZS.UN,Manufactured exports (% of merchandise exports),Outcome 5 — economic complexity,2014,45.7884422856055
2026-09-03T12:26:23Z,South Africa,ZAF,TX.VAL.MANF.ZS.UN,Manufactured exports (% of merchandise exports),Outcome 5 — economic complexity,2013,42.3804646548217
2026-09-03T12:26:23Z,South Africa,ZAF,TX.VAL.MANF.ZS.UN,Manufactured exports (% of merchandise exports),Outcome 5 — economic complexity,2012,43.4903269638026
2026-09-03T12:26:23Z,South Africa,ZAF,TX.VAL.MANF.ZS.UN,Manufactured exports (% of merchandise exports),Outcome 5 — economic complexity,2011,41.1165116434021
2026-09-03T12:26:23Z,South Africa,ZAF,TX.VAL.MANF.ZS.UN,Manufactured exports (% of merchandise exports),Outcome 5 — economic complexity,2010,48.6963177040941
2026-09-03T12:26:23Z,Botswana,BWA,BX.KLT.DINV.WD.GD.ZS,"FDI, net inflows (% of GDP)",Outcome 3 — FDI/industrialist pipeline,2024,2.42279666305462
2026-09-03T12:26:23Z,Botswana,BWA,BX.KLT.DINV.WD.GD.ZS,"FDI, net inflows (% of GDP)",Outcome 3 — FDI/industrialist pipeline,2023,3.8196512349079
2026-09-03T12:26:23Z,Botswana,BWA,BX.KLT.DINV.WD.GD.ZS,"FDI, net inflows (% of GDP)",Outcome 3 — FDI/industrialist pipeline,2022,3.49204705165089
2026-09-03T12:26:23Z,Botswana,BWA,BX.KLT.DINV.WD.GD.ZS,"FDI, net inflows (% of GDP)",Outcome 3 — FDI/industrialist pipeline,2021,-1.70161470195308
2026-09-03T12:26:23Z,Botswana,BWA,BX.KLT.DINV.WD.GD.ZS,"FDI, net inflows (% of GDP)",Outcome 3 — FDI/industrialist pipeline,2020,0.212513875084985
2026-09-03T12:26:23Z,Botswana,BWA,BX.KLT.DINV.WD.GD.ZS,"FDI, net inflows (% of GDP)",Outcome 3 — FDI/industrialist pipeline,2019,0.559653498041763
2026-09-03T12:26:23Z,Botswana,BWA,BX.KLT.DINV.WD.GD.ZS,"FDI, net inflows (% of GDP)",Outcome 3 — FDI/industrialist pipeline,2018,1.67893386448584
2026-09-03T12:26:23Z,Botswana,BWA,BX.KLT.DINV.WD.GD.ZS,"FDI, net inflows (% of GDP)",Outcome 3 — FDI/industrialist pipeline,2017,1.61796092921322
2026-09-03T12:26:23Z,Botswana,BWA,BX.KLT.DINV.WD.GD.ZS,"FDI, net inflows (% of GDP)",Outcome 3 — FDI/industrialist pipeline,2016,0.944944816734731
2026-09-03T12:26:23Z,Botswana,BWA,BX.KLT.DINV.WD.GD.ZS,"FDI, net inflows (% of GDP)",Outcome 3 — FDI/industrialist pipeline,2015,2.79773267452093
2026-09-03T12:26:23Z,Botswana,BWA,BX.KLT.DINV.WD.GD.ZS,"FDI, net inflows (% of GDP)",Outcome 3 — FDI/industrialist pipeline,2014,3.33019730942426
2026-09-03T12:26:23Z,Botswana,BWA,BX.KLT.DINV.WD.GD.ZS,"FDI, net inflows (% of GDP)",Outcome 3 — FDI/industrialist pipeline,2013,0.470417841005353
2026-09-03T12:26:23Z,Botswana,BWA,BX.KLT.DINV.WD.GD.ZS,"FDI, net inflows (% of GDP)",Outcome 3 — FDI/industrialist pipeline,2012,1.05040106491218
2026-09-03T12:26:23Z,Botswana,BWA,BX.KLT.DINV.WD.GD.ZS,"FDI, net inflows (% of GDP)",Outcome 3 — FDI/industrialist pipeline,2011,1.94040749024403
2026-09-03T12:26:23Z,Botswana,BWA,BX.KLT.DINV.WD.GD.ZS,"FDI, net inflows (% of GDP)",Outcome 3 — FDI/industrialist pipeline,2010,1.7280613479871
2026-09-03T12:26:23Z,Lesotho,LSO,BX.KLT.DINV.WD.GD.ZS,"FDI, net inflows (% of GDP)",Outcome 3 — FDI/industrialist pipeline,2025,-0.22425996725048
2026-09-03T12:26:23Z,Lesotho,LSO,BX.KLT.DINV.WD.GD.ZS,"FDI, net inflows (% of GDP)",Outcome 3 — FDI/industrialist pipeline,2024,-0.525747492760171
2026-09-03T12:26:23Z,Lesotho,LSO,BX.KLT.DINV.WD.GD.ZS,"FDI, net inflows (% of GDP)",Outcome 3 — FDI/industrialist pipeline,2023,-1.20419550100532
2026-09-03T12:26:23Z,Lesotho,LSO,BX.KLT.DINV.WD.GD.ZS,"FDI, net inflows (% of GDP)",Outcome 3 — FDI/industrialist pipeline,2022,-0.332065069453934
2026-09-03T12:26:23Z,Lesotho,LSO,BX.KLT.DINV.WD.GD.ZS,"FDI, net inflows (% of GDP)",Outcome 3 — FDI/industrialist pipeline,2021,-0.512915958026648
2026-09-03T12:26:23Z,Lesotho,LSO,BX.KLT.DINV.WD.GD.ZS,"FDI, net inflows (% of GDP)",Outcome 3 — FDI/industrialist pipeline,2020,1.36347415769606
2026-09-03T12:26:23Z,Lesotho,LSO,BX.KLT.DINV.WD.GD.ZS,"FDI, net inflows (% of GDP)",Outcome 3 — FDI/industrialist pipeline,2019,1.49464849213428
2026-09-03T12:26:23Z,Lesotho,LSO,BX.KLT.DINV.WD.GD.ZS,"FDI, net inflows (% of GDP)",Outcome 3 — FDI/industrialist pipeline,2018,1.59898721077784
2026-09-03T12:26:23Z,Lesotho,LSO,BX.KLT.DINV.WD.GD.ZS,"FDI, net inflows (% of GDP)",Outcome 3 — FDI/industrialist pipeline,2017,1.82806623182623
2026-09-03T12:26:23Z,Lesotho,LSO,BX.KLT.DINV.WD.GD.ZS,"FDI, net inflows (% of GDP)",Outcome 3 — FDI/industrialist pipeline,2016,3.74733138412509
2026-09-03T12:26:23Z,Lesotho,LSO,BX.KLT.DINV.WD.GD.ZS,"FDI, net inflows (% of GDP)",Outcome 3 — FDI/industrialist pipeline,2015,4.79809498524625
2026-09-03T12:26:23Z,Lesotho,LSO,BX.KLT.DINV.WD.GD.ZS,"FDI, net inflows (% of GDP)",Outcome 3 — FDI/industrialist pipeline,2014,3.86963158626918
2026-09-03T12:26:23Z,Lesotho,LSO,BX.KLT.DINV.WD.GD.ZS,"FDI, net inflows (% of GDP)",Outcome 3 — FDI/industrialist pipeline,2013,2.13033827559342
2026-09-03T12:26:23Z,Lesotho,LSO,BX.KLT.DINV.WD.GD.ZS,"FDI, net inflows (% of GDP)",Outcome 3 — FDI/industrialist pipeline,2012,2.28650169667391
2026-09-03T12:26:23Z,Lesotho,LSO,BX.KLT.DINV.WD.GD.ZS,"FDI, net inflows (% of GDP)",Outcome 3 — FDI/industrialist pipeline,2011,2.37160157638289
2026-09-03T12:26:23Z,Lesotho,LSO,BX.KLT.DINV.WD.GD.ZS,"FDI, net inflows (% of GDP)",Outcome 3 — FDI/industrialist pipeline,2010,0.425490583298807
2026-09-03T12:26:23Z,Namibia,NAM,BX.KLT.DINV.WD.GD.ZS,"FDI, net inflows (% of GDP)",Outcome 3 — FDI/industrialist pipeline,2024,14.1844922069439
2026-09-03T12:26:23Z,Namibia,NAM,BX.KLT.DINV.WD.GD.ZS,"FDI, net inflows (% of GDP)",Outcome 3 — FDI/industrialist pipeline,2023,18.3227426104295
2026-09-03T12:26:23Z,Namibia,NAM,BX.KLT.DINV.WD.GD.ZS,"FDI, net inflows (% of GDP)",Outcome 3 — FDI/industrialist pipeline,2022,8.40166893779959
2026-09-03T12:26:23Z,Namibia,NAM,BX.KLT.DINV.WD.GD.ZS,"FDI, net inflows (% of GDP)",Outcome 3 — FDI/industrialist pipeline,2021,6.77514897706551
2026-09-03T12:26:23Z,Namibia,NAM,BX.KLT.DINV.WD.GD.ZS,"FDI, net inflows (% of GDP)",Outcome 3 — FDI/industrialist pipeline,2020,-1.41889955275348
2026-09-03T12:26:23Z,Namibia,NAM,BX.KLT.DINV.WD.GD.ZS,"FDI, net inflows (% of GDP)",Outcome 3 — FDI/industrialist pipeline,2019,-1.40710628631611
2026-09-03T12:26:23Z,Namibia,NAM,BX.KLT.DINV.WD.GD.ZS,"FDI, net inflows (% of GDP)",Outcome 3 — FDI/industrialist pipeline,2018,1.71299808328534
2026-09-03T12:26:23Z,Namibia,NAM,BX.KLT.DINV.WD.GD.ZS,"FDI, net inflows (% of GDP)",Outcome 3 — FDI/industrialist pipeline,2017,2.17505730200543
2026-09-03T12:26:23Z,Namibia,NAM,BX.KLT.DINV.WD.GD.ZS,"FDI, net inflows (% of GDP)",Outcome 3 — FDI/industrialist pipeline,2016,3.34570437311555
2026-09-03T12:26:23Z,Namibia,NAM,BX.KLT.DINV.WD.GD.ZS,"FDI, net inflows (% of GDP)",Outcome 3 — FDI/industrialist pipeline,2015,7.40068055968424
2026-09-03T12:26:23Z,Namibia,NAM,BX.KLT.DINV.WD.GD.ZS,"FDI, net inflows (% of GDP)",Outcome 3 — FDI/industrialist pipeline,2014,3.58316691192793
2026-09-03T12:26:23Z,Namibia,NAM,BX.KLT.DINV.WD.GD.ZS,"FDI, net inflows (% of GDP)",Outcome 3 — FDI/industrialist pipeline,2013,6.45232765797467
2026-09-03T12:26:23Z,Namibia,NAM,BX.KLT.DINV.WD.GD.ZS,"FDI, net inflows (% of GDP)",Outcome 3 — FDI/industrialist pipeline,2012,7.98613044962652
2026-09-03T12:26:23Z,Namibia,NAM,BX.KLT.DINV.WD.GD.ZS,"FDI, net inflows (% of GDP)",Outcome 3 — FDI/industrialist pipeline,2011,6.41681322346953
2026-09-03T12:26:23Z,Namibia,NAM,BX.KLT.DINV.WD.GD.ZS,"FDI, net inflows (% of GDP)",Outcome 3 — FDI/industrialist pipeline,2010,2.51525326747705
2026-09-03T12:26:23Z,Eswatini,SWZ,BX.KLT.DINV.WD.GD.ZS,"FDI, net inflows (% of GDP)",Outcome 3 — FDI/industrialist pipeline,2024,1.55448906259813
2026-09-03T12:26:23Z,Eswatini,SWZ,BX.KLT.DINV.WD.GD.ZS,"FDI, net inflows (% of GDP)",Outcome 3 — FDI/industrialist pipeline,2023,0.608772714416035
2026-09-03T12:26:23Z,Eswatini,SWZ,BX.KLT.DINV.WD.GD.ZS,"FDI, net inflows (% of GDP)",Outcome 3 — FDI/industrialist pipeline,2022,0.281255609924273
2026-09-03T12:26:23Z,Eswatini,SWZ,BX.KLT.DINV.WD.GD.ZS,"FDI, net inflows (% of GDP)",Outcome 3 — FDI/industrialist pipeline,2021,2.34790226144325
2026-09-03T12:26:23Z,Eswatini,SWZ,BX.KLT.DINV.WD.GD.ZS,"FDI, net inflows (% of GDP)",Outcome 3 — FDI/industrialist pipeline,2020,0.938105324268348
2026-09-03T12:26:23Z,Eswatini,SWZ,BX.KLT.DINV.WD.GD.ZS,"FDI, net inflows (% of GDP)",Outcome 3 — FDI/industrialist pipeline,2019,2.7717218211659
2026-09-03T12:26:23Z,Eswatini,SWZ,BX.KLT.DINV.WD.GD.ZS,"FDI, net inflows (% of GDP)",Outcome 3 — FDI/industrialist pipeline,2018,0.670381040235302
2026-09-03T12:26:23Z,Eswatini,SWZ,BX.KLT.DINV.WD.GD.ZS,"FDI, net inflows (% of GDP)",Outcome 3 — FDI/industrialist pipeline,2017,-1.2917821060433
2026-09-03T12:26:23Z,Eswatini,SWZ,BX.KLT.DINV.WD.GD.ZS,"FDI, net inflows (% of GDP)",Outcome 3 — FDI/industrialist pipeline,2016,0.721382841978235
2026-09-03T12:26:23Z,Eswatini,SWZ,BX.KLT.DINV.WD.GD.ZS,"FDI, net inflows (% of GDP)",Outcome 3 — FDI/industrialist pipeline,2015,0.805945191942897
2026-09-03T12:26:23Z,Eswatini,SWZ,BX.KLT.DINV.WD.GD.ZS,"FDI, net inflows (% of GDP)",Outcome 3 — FDI/industrialist pipeline,2014,0.601685882709023
2026-09-03T12:26:23Z,Eswatini,SWZ,BX.KLT.DINV.WD.GD.ZS,"FDI, net inflows (% of GDP)",Outcome 3 — FDI/industrialist pipeline,2013,1.83246466722921
2026-09-03T12:26:23Z,Eswatini,SWZ,BX.KLT.DINV.WD.GD.ZS,"FDI, net inflows (% of GDP)",Outcome 3 — FDI/industrialist pipeline,2012,0.557730516305156
2026-09-03T12:26:23Z,Eswatini,SWZ,BX.KLT.DINV.WD.GD.ZS,"FDI, net inflows (% of GDP)",Outcome 3 — FDI/industrialist pipeline,2011,2.08998856482498
2026-09-03T12:26:23Z,Eswatini,SWZ,BX.KLT.DINV.WD.GD.ZS,"FDI, net inflows (% of GDP)",Outcome 3 — FDI/industrialist pipeline,2010,3.11096766561026
2026-09-03T12:26:23Z,South Africa,ZAF,BX.KLT.DINV.WD.GD.ZS,"FDI, net inflows (% of GDP)",Outcome 3 — FDI/industrialist pipeline,2025,-0.505823116244258
2026-09-03T12:26:23Z,South Africa,ZAF,BX.KLT.DINV.WD.GD.ZS,"FDI, net inflows (% of GDP)",Outcome 3 — FDI/industrialist pipeline,2024,0.580891709673066
2026-09-03T12:26:23Z,South Africa,ZAF,BX.KLT.DINV.WD.GD.ZS,"FDI, net inflows (% of GDP)",Outcome 3 — FDI/industrialist pipeline,2023,1.0127377916456
2026-09-03T12:26:23Z,South Africa,ZAF,BX.KLT.DINV.WD.GD.ZS,"FDI, net inflows (% of GDP)",Outcome 3 — FDI/industrialist pipeline,2022,2.26670277731613
2026-09-03T12:26:23Z,South Africa,ZAF,BX.KLT.DINV.WD.GD.ZS,"FDI, net inflows (% of GDP)",Outcome 3 — FDI/industrialist pipeline,2021,9.68098022663018
2026-09-03T12:26:23Z,South Africa,ZAF,BX.KLT.DINV.WD.GD.ZS,"FDI, net inflows (% of GDP)",Outcome 3 — FDI/industrialist pipeline,2020,0.933073684352391
2026-09-03T12:26:23Z,South Africa,ZAF,BX.KLT.DINV.WD.GD.ZS,"FDI, net inflows (% of GDP)",Outcome 3 — FDI/industrialist pipeline,2019,1.31407752293306
2026-09-03T12:26:23Z,South Africa,ZAF,BX.KLT.DINV.WD.GD.ZS,"FDI, net inflows (% of GDP)",Outcome 3 — FDI/industrialist pipeline,2018,1.3742911715346
2026-09-03T12:26:23Z,South Africa,ZAF,BX.KLT.DINV.WD.GD.ZS,"FDI, net inflows (% of GDP)",Outcome 3 — FDI/industrialist pipeline,2017,0.539673956759456
2026-09-03T12:26:23Z,South Africa,ZAF,BX.KLT.DINV.WD.GD.ZS,"FDI, net inflows (% of GDP)",Outcome 3 — FDI/industrialist pipeline,2016,0.684612553455795
2026-09-03T12:26:23Z,South Africa,ZAF,BX.KLT.DINV.WD.GD.ZS,"FDI, net inflows (% of GDP)",Outcome 3 — FDI/industrialist pipeline,2015,0.438735792056356
2026-09-03T12:26:23Z,South Africa,ZAF,BX.KLT.DINV.WD.GD.ZS,"FDI, net inflows (% of GDP)",Outcome 3 — FDI/industrialist pipeline,2014,1.51932743753979
2026-09-03T12:26:23Z,South Africa,ZAF,BX.KLT.DINV.WD.GD.ZS,"FDI, net inflows (% of GDP)",Outcome 3 — FDI/industrialist pipeline,2013,2.05358095229684
2026-09-03T12:26:23Z,South Africa,ZAF,BX.KLT.DINV.WD.GD.ZS,"FDI, net inflows (% of GDP)",Outcome 3 — FDI/industrialist pipeline,2012,1.06492249485696
2026-09-03T12:26:23Z,South Africa,ZAF,BX.KLT.DINV.WD.GD.ZS,"FDI, net inflows (% of GDP)",Outcome 3 — FDI/industrialist pipeline,2011,0.903381424332556
2026-09-03T12:26:23Z,South Africa,ZAF,BX.KLT.DINV.WD.GD.ZS,"FDI, net inflows (% of GDP)",Outcome 3 — FDI/industrialist pipeline,2010,0.884904611686012
2026-09-03T12:26:23Z,Botswana,BWA,SL.UEM.TOTL.ZS,"Unemployment, total (% of total labor force)","Outcome 1 — 50,000 net jobs",2025,24.477
2026-09-03T12:26:23Z,Botswana,BWA,SL.UEM.TOTL.ZS,"Unemployment, total (% of total labor force)","Outcome 1 — 50,000 net jobs",2024,23.81
2026-09-03T12:26:23Z,Botswana,BWA,SL.UEM.TOTL.ZS,"Unemployment, total (% of total labor force)","Outcome 1 — 50,000 net jobs",2023,23.381
2026-09-03T12:26:23Z,Botswana,BWA,SL.UEM.TOTL.ZS,"Unemployment, total (% of total labor force)","Outcome 1 — 50,000 net jobs",2022,23.615
2026-09-03T12:26:23Z,Botswana,BWA,SL.UEM.TOTL.ZS,"Unemployment, total (% of total labor force)","Outcome 1 — 50,000 net jobs",2021,23.106
2026-09-03T12:26:23Z,Botswana,BWA,SL.UEM.TOTL.ZS,"Unemployment, total (% of total labor force)","Outcome 1 — 50,000 net jobs",2020,21.017
2026-09-03T12:26:23Z,Botswana,BWA,SL.UEM.TOTL.ZS,"Unemployment, total (% of total labor force)","Outcome 1 — 50,000 net jobs",2019,20.094
2026-09-03T12:26:23Z,Botswana,BWA,SL.UEM.TOTL.ZS,"Unemployment, total (% of total labor force)","Outcome 1 — 50,000 net jobs",2018,19.665
2026-09-03T12:26:23Z,Botswana,BWA,SL.UEM.TOTL.ZS,"Unemployment, total (% of total labor force)","Outcome 1 — 50,000 net jobs",2017,19.671
2026-09-03T12:26:23Z,Botswana,BWA,SL.UEM.TOTL.ZS,"Unemployment, total (% of total labor force)","Outcome 1 — 50,000 net jobs",2016,19.328
2026-09-03T12:26:23Z,Botswana,BWA,SL.UEM.TOTL.ZS,"Unemployment, total (% of total labor force)","Outcome 1 — 50,000 net jobs",2015,18.915
2026-09-03T12:26:23Z,Botswana,BWA,SL.UEM.TOTL.ZS,"Unemployment, total (% of total labor force)","Outcome 1 — 50,000 net jobs",2014,18.484
2026-09-03T12:26:23Z,Botswana,BWA,SL.UEM.TOTL.ZS,"Unemployment, total (% of total labor force)","Outcome 1 — 50,000 net jobs",2013,18.167
2026-09-03T12:26:23Z,Botswana,BWA,SL.UEM.TOTL.ZS,"Unemployment, total (% of total labor force)","Outcome 1 — 50,000 net jobs",2012,17.916
2026-09-03T12:26:23Z,Botswana,BWA,SL.UEM.TOTL.ZS,"Unemployment, total (% of total labor force)","Outcome 1 — 50,000 net jobs",2011,18.049
2026-09-03T12:26:23Z,Botswana,BWA,SL.UEM.TOTL.ZS,"Unemployment, total (% of total labor force)","Outcome 1 — 50,000 net jobs",2010,17.86
2026-09-03T12:26:23Z,Lesotho,LSO,SL.UEM.TOTL.ZS,"Unemployment, total (% of total labor force)","Outcome 1 — 50,000 net jobs",2025,16.315
2026-09-03T12:26:23Z,Lesotho,LSO,SL.UEM.TOTL.ZS,"Unemployment, total (% of total labor force)","Outcome 1 — 50,000 net jobs",2024,16.34
2026-09-03T12:26:23Z,Lesotho,LSO,SL.UEM.TOTL.ZS,"Unemployment, total (% of total labor force)","Outcome 1 — 50,000 net jobs",2023,16.348
2026-09-03T12:26:23Z,Lesotho,LSO,SL.UEM.TOTL.ZS,"Unemployment, total (% of total labor force)","Outcome 1 — 50,000 net jobs",2022,16.623
2026-09-03T12:26:23Z,Lesotho,LSO,SL.UEM.TOTL.ZS,"Unemployment, total (% of total labor force)","Outcome 1 — 50,000 net jobs",2021,18.214
2026-09-03T12:26:23Z,Lesotho,LSO,SL.UEM.TOTL.ZS,"Unemployment, total (% of total labor force)","Outcome 1 — 50,000 net jobs",2020,18.385
2026-09-03T12:26:23Z,Lesotho,LSO,SL.UEM.TOTL.ZS,"Unemployment, total (% of total labor force)","Outcome 1 — 50,000 net jobs",2019,16.876
2026-09-03T12:26:23Z,Lesotho,LSO,SL.UEM.TOTL.ZS,"Unemployment, total (% of total labor force)","Outcome 1 — 50,000 net jobs",2018,16.614
2026-09-03T12:26:23Z,Lesotho,LSO,SL.UEM.TOTL.ZS,"Unemployment, total (% of total labor force)","Outcome 1 — 50,000 net jobs",2017,16.379
2026-09-03T12:26:23Z,Lesotho,LSO,SL.UEM.TOTL.ZS,"Unemployment, total (% of total labor force)","Outcome 1 — 50,000 net jobs",2016,16.138
2026-09-03T12:26:23Z,Lesotho,LSO,SL.UEM.TOTL.ZS,"Unemployment, total (% of total labor force)","Outcome 1 — 50,000 net jobs",2015,16.223
2026-09-03T12:26:23Z,Lesotho,LSO,SL.UEM.TOTL.ZS,"Unemployment, total (% of total labor force)","Outcome 1 — 50,000 net jobs",2014,16.066
2026-09-03T12:26:23Z,Lesotho,LSO,SL.UEM.TOTL.ZS,"Unemployment, total (% of total labor force)","Outcome 1 — 50,000 net jobs",2013,15.926
2026-09-03T12:26:23Z,Lesotho,LSO,SL.UEM.TOTL.ZS,"Unemployment, total (% of total labor force)","Outcome 1 — 50,000 net jobs",2012,15.761
2026-09-03T12:26:23Z,Lesotho,LSO,SL.UEM.TOTL.ZS,"Unemployment, total (% of total labor force)","Outcome 1 — 50,000 net jobs",2011,16.115
2026-09-03T12:26:23Z,Lesotho,LSO,SL.UEM.TOTL.ZS,"Unemployment, total (% of total labor force)","Outcome 1 — 50,000 net jobs",2010,16.068
2026-09-03T12:26:23Z,Namibia,NAM,SL.UEM.TOTL.ZS,"Unemployment, total (% of total labor force)","Outcome 1 — 50,000 net jobs",2025,19.291
2026-09-03T12:26:23Z,Namibia,NAM,SL.UEM.TOTL.ZS,"Unemployment, total (% of total labor force)","Outcome 1 — 50,000 net jobs",2024,19.157
2026-09-03T12:26:23Z,Namibia,NAM,SL.UEM.TOTL.ZS,"Unemployment, total (% of total labor force)","Outcome 1 — 50,000 net jobs",2023,19.154
2026-09-03T12:26:23Z,Namibia,NAM,SL.UEM.TOTL.ZS,"Unemployment, total (% of total labor force)","Outcome 1 — 50,000 net jobs",2022,19.615
2026-09-03T12:26:23Z,Namibia,NAM,SL.UEM.TOTL.ZS,"Unemployment, total (% of total labor force)","Outcome 1 — 50,000 net jobs",2021,20.931
2026-09-03T12:26:23Z,Namibia,NAM,SL.UEM.TOTL.ZS,"Unemployment, total (% of total labor force)","Outcome 1 — 50,000 net jobs",2020,21.003
2026-09-03T12:26:23Z,Namibia,NAM,SL.UEM.TOTL.ZS,"Unemployment, total (% of total labor force)","Outcome 1 — 50,000 net jobs",2019,19.929
2026-09-03T12:26:23Z,Namibia,NAM,SL.UEM.TOTL.ZS,"Unemployment, total (% of total labor force)","Outcome 1 — 50,000 net jobs",2018,19.877
2026-09-03T12:26:23Z,Namibia,NAM,SL.UEM.TOTL.ZS,"Unemployment, total (% of total labor force)","Outcome 1 — 50,000 net jobs",2017,21.748
2026-09-03T12:26:23Z,Namibia,NAM,SL.UEM.TOTL.ZS,"Unemployment, total (% of total labor force)","Outcome 1 — 50,000 net jobs",2016,23.352
2026-09-03T12:26:23Z,Namibia,NAM,SL.UEM.TOTL.ZS,"Unemployment, total (% of total labor force)","Outcome 1 — 50,000 net jobs",2015,20.791
2026-09-03T12:26:23Z,Namibia,NAM,SL.UEM.TOTL.ZS,"Unemployment, total (% of total labor force)","Outcome 1 — 50,000 net jobs",2014,18.521
2026-09-03T12:26:23Z,Namibia,NAM,SL.UEM.TOTL.ZS,"Unemployment, total (% of total labor force)","Outcome 1 — 50,000 net jobs",2013,19.028
2026-09-03T12:26:23Z,Namibia,NAM,SL.UEM.TOTL.ZS,"Unemployment, total (% of total labor force)","Outcome 1 — 50,000 net jobs",2012,16.771
2026-09-03T12:26:23Z,Namibia,NAM,SL.UEM.TOTL.ZS,"Unemployment, total (% of total labor force)","Outcome 1 — 50,000 net jobs",2011,19.481
2026-09-03T12:26:23Z,Namibia,NAM,SL.UEM.TOTL.ZS,"Unemployment, total (% of total labor force)","Outcome 1 — 50,000 net jobs",2010,22.12
2026-09-03T12:26:23Z,Eswatini,SWZ,SL.UEM.TOTL.ZS,"Unemployment, total (% of total labor force)","Outcome 1 — 50,000 net jobs",2025,34.202
2026-09-03T12:26:23Z,Eswatini,SWZ,SL.UEM.TOTL.ZS,"Unemployment, total (% of total labor force)","Outcome 1 — 50,000 net jobs",2024,34.643
2026-09-03T12:26:23Z,Eswatini,SWZ,SL.UEM.TOTL.ZS,"Unemployment, total (% of total labor force)","Outcome 1 — 50,000 net jobs",2023,34.61
2026-09-03T12:26:23Z,Eswatini,SWZ,SL.UEM.TOTL.ZS,"Unemployment, total (% of total labor force)","Outcome 1 — 50,000 net jobs",2022,36.472
2026-09-03T12:26:23Z,Eswatini,SWZ,SL.UEM.TOTL.ZS,"Unemployment, total (% of total labor force)","Outcome 1 — 50,000 net jobs",2021,34.153
2026-09-03T12:26:23Z,Eswatini,SWZ,SL.UEM.TOTL.ZS,"Unemployment, total (% of total labor force)","Outcome 1 — 50,000 net jobs",2020,32.978
2026-09-03T12:26:23Z,Eswatini,SWZ,SL.UEM.TOTL.ZS,"Unemployment, total (% of total labor force)","Outcome 1 — 50,000 net jobs",2019,28.222
2026-09-03T12:26:23Z,Eswatini,SWZ,SL.UEM.TOTL.ZS,"Unemployment, total (% of total labor force)","Outcome 1 — 50,000 net jobs",2018,26.471
2026-09-03T12:26:23Z,Eswatini,SWZ,SL.UEM.TOTL.ZS,"Unemployment, total (% of total labor force)","Outcome 1 — 50,000 net jobs",2017,24.543
2026-09-03T12:26:23Z,Eswatini,SWZ,SL.UEM.TOTL.ZS,"Unemployment, total (% of total labor force)","Outcome 1 — 50,000 net jobs",2016,22.718
2026-09-03T12:26:23Z,Eswatini,SWZ,SL.UEM.TOTL.ZS,"Unemployment, total (% of total labor force)","Outcome 1 — 50,000 net jobs",2015,23.431
2026-09-03T12:26:23Z,Eswatini,SWZ,SL.UEM.TOTL.ZS,"Unemployment, total (% of total labor force)","Outcome 1 — 50,000 net jobs",2014,23.931
2026-09-03T12:26:23Z,Eswatini,SWZ,SL.UEM.TOTL.ZS,"Unemployment, total (% of total labor force)","Outcome 1 — 50,000 net jobs",2013,24.556
2026-09-03T12:26:23Z,Eswatini,SWZ,SL.UEM.TOTL.ZS,"Unemployment, total (% of total labor force)","Outcome 1 — 50,000 net jobs",2012,25.226
2026-09-03T12:26:23Z,Eswatini,SWZ,SL.UEM.TOTL.ZS,"Unemployment, total (% of total labor force)","Outcome 1 — 50,000 net jobs",2011,26.105
2026-09-03T12:26:23Z,Eswatini,SWZ,SL.UEM.TOTL.ZS,"Unemployment, total (% of total labor force)","Outcome 1 — 50,000 net jobs",2010,26.856
2026-09-03T12:26:23Z,South Africa,ZAF,SL.UEM.TOTL.ZS,"Unemployment, total (% of total labor force)","Outcome 1 — 50,000 net jobs",2025,32.391
2026-09-03T12:26:23Z,South Africa,ZAF,SL.UEM.TOTL.ZS,"Unemployment, total (% of total labor force)","Outcome 1 — 50,000 net jobs",2024,32.279
2026-09-03T12:26:23Z,South Africa,ZAF,SL.UEM.TOTL.ZS,"Unemployment, total (% of total labor force)","Outcome 1 — 50,000 net jobs",2023,32.098
2026-09-03T12:26:23Z,South Africa,ZAF,SL.UEM.TOTL.ZS,"Unemployment, total (% of total labor force)","Outcome 1 — 50,000 net jobs",2022,33.268
2026-09-03T12:26:23Z,South Africa,ZAF,SL.UEM.TOTL.ZS,"Unemployment, total (% of total labor force)","Outcome 1 — 50,000 net jobs",2021,34.007
2026-09-03T12:26:23Z,South Africa,ZAF,SL.UEM.TOTL.ZS,"Unemployment, total (% of total labor force)","Outcome 1 — 50,000 net jobs",2020,29.217
2026-09-03T12:26:23Z,South Africa,ZAF,SL.UEM.TOTL.ZS,"Unemployment, total (% of total labor force)","Outcome 1 — 50,000 net jobs",2019,28.468
2026-09-03T12:26:23Z,South Africa,ZAF,SL.UEM.TOTL.ZS,"Unemployment, total (% of total labor force)","Outcome 1 — 50,000 net jobs",2018,26.906
2026-09-03T12:26:23Z,South Africa,ZAF,SL.UEM.TOTL.ZS,"Unemployment, total (% of total labor force)","Outcome 1 — 50,000 net jobs",2017,27.035
2026-09-03T12:26:23Z,South Africa,ZAF,SL.UEM.TOTL.ZS,"Unemployment, total (% of total labor force)","Outcome 1 — 50,000 net jobs",2016,26.536
2026-09-03T12:26:23Z,South Africa,ZAF,SL.UEM.TOTL.ZS,"Unemployment, total (% of total labor force)","Outcome 1 — 50,000 net jobs",2015,25.149
2026-09-03T12:26:23Z,South Africa,ZAF,SL.UEM.TOTL.ZS,"Unemployment, total (% of total labor force)","Outcome 1 — 50,000 net jobs",2014,24.89
2026-09-03T12:26:23Z,South Africa,ZAF,SL.UEM.TOTL.ZS,"Unemployment, total (% of total labor force)","Outcome 1 — 50,000 net jobs",2013,24.561
2026-09-03T12:26:23Z,South Africa,ZAF,SL.UEM.TOTL.ZS,"Unemployment, total (% of total labor force)","Outcome 1 — 50,000 net jobs",2012,24.727
2026-09-03T12:26:23Z,South Africa,ZAF,SL.UEM.TOTL.ZS,"Unemployment, total (% of total labor force)","Outcome 1 — 50,000 net jobs",2011,24.639
2026-09-03T12:26:23Z,South Africa,ZAF,SL.UEM.TOTL.ZS,"Unemployment, total (% of total labor force)","Outcome 1 — 50,000 net jobs",2010,24.683
2026-09-03T12:26:23Z,Botswana,BWA,SP.POP.TOTL,"Population, total",Normalisation base for per-capita indicators,2025,2562122
2026-09-03T12:26:23Z,Botswana,BWA,SP.POP.TOTL,"Population, total",Normalisation base for per-capita indicators,2024,2521139
2026-09-03T12:26:23Z,Botswana,BWA,SP.POP.TOTL,"Population, total",Normalisation base for per-capita indicators,2023,2480244
2026-09-03T12:26:23Z,Botswana,BWA,SP.POP.TOTL,"Population, total",Normalisation base for per-capita indicators,2022,2439892
2026-09-03T12:26:23Z,Botswana,BWA,SP.POP.TOTL,"Population, total",Normalisation base for per-capita indicators,2021,2401441
2026-09-03T12:26:23Z,Botswana,BWA,SP.POP.TOTL,"Population, total",Normalisation base for per-capita indicators,2020,2365894
2026-09-03T12:26:23Z,Botswana,BWA,SP.POP.TOTL,"Population, total",Normalisation base for per-capita indicators,2019,2332083
2026-09-03T12:26:23Z,Botswana,BWA,SP.POP.TOTL,"Population, total",Normalisation base for per-capita indicators,2018,2299141
2026-09-03T12:26:23Z,Botswana,BWA,SP.POP.TOTL,"Population, total",Normalisation base for per-capita indicators,2017,2266747
2026-09-03T12:26:23Z,Botswana,BWA,SP.POP.TOTL,"Population, total",Normalisation base for per-capita indicators,2016,2234776
2026-09-03T12:26:23Z,Botswana,BWA,SP.POP.TOTL,"Population, total",Normalisation base for per-capita indicators,2015,2203273
2026-09-03T12:26:23Z,Botswana,BWA,SP.POP.TOTL,"Population, total",Normalisation base for per-capita indicators,2014,2172044
2026-09-03T12:26:23Z,Botswana,BWA,SP.POP.TOTL,"Population, total",Normalisation base for per-capita indicators,2013,2140682
2026-09-03T12:26:23Z,Botswana,BWA,SP.POP.TOTL,"Population, total",Normalisation base for per-capita indicators,2012,2108617
2026-09-03T12:26:23Z,Botswana,BWA,SP.POP.TOTL,"Population, total",Normalisation base for per-capita indicators,2011,2073535
2026-09-03T12:26:23Z,Botswana,BWA,SP.POP.TOTL,"Population, total",Normalisation base for per-capita indicators,2010,2033111
2026-09-03T12:26:23Z,Lesotho,LSO,SP.POP.TOTL,"Population, total",Normalisation base for per-capita indicators,2025,2363325
2026-09-03T12:26:23Z,Lesotho,LSO,SP.POP.TOTL,"Population, total",Normalisation base for per-capita indicators,2024,2337423
2026-09-03T12:26:23Z,Lesotho,LSO,SP.POP.TOTL,"Population, total",Normalisation base for per-capita indicators,2023,2311472
2026-09-03T12:26:23Z,Lesotho,LSO,SP.POP.TOTL,"Population, total",Normalisation base for per-capita indicators,2022,2286110
2026-09-03T12:26:23Z,Lesotho,LSO,SP.POP.TOTL,"Population, total",Normalisation base for per-capita indicators,2021,2261542
2026-09-03T12:26:23Z,Lesotho,LSO,SP.POP.TOTL,"Population, total",Normalisation base for per-capita indicators,2020,2235727
2026-09-03T12:26:23Z,Lesotho,LSO,SP.POP.TOTL,"Population, total",Normalisation base for per-capita indicators,2019,2209405
2026-09-03T12:26:23Z,Lesotho,LSO,SP.POP.TOTL,"Population, total",Normalisation base for per-capita indicators,2018,2183603
2026-09-03T12:26:23Z,Lesotho,LSO,SP.POP.TOTL,"Population, total",Normalisation base for per-capita indicators,2017,2157110
2026-09-03T12:26:23Z,Lesotho,LSO,SP.POP.TOTL,"Population, total",Normalisation base for per-capita indicators,2016,2130422
2026-09-03T12:26:23Z,Lesotho,LSO,SP.POP.TOTL,"Population, total",Normalisation base for per-capita indicators,2015,2104611
2026-09-03T12:26:23Z,Lesotho,LSO,SP.POP.TOTL,"Population, total",Normalisation base for per-capita indicators,2014,2080089
2026-09-03T12:26:23Z,Lesotho,LSO,SP.POP.TOTL,"Population, total",Normalisation base for per-capita indicators,2013,2056504
2026-09-03T12:26:23Z,Lesotho,LSO,SP.POP.TOTL,"Population, total",Normalisation base for per-capita indicators,2012,2034354
2026-09-03T12:26:23Z,Lesotho,LSO,SP.POP.TOTL,"Population, total",Normalisation base for per-capita indicators,2011,2014009
2026-09-03T12:26:23Z,Lesotho,LSO,SP.POP.TOTL,"Population, total",Normalisation base for per-capita indicators,2010,1996251
2026-09-03T12:26:23Z,Namibia,NAM,SP.POP.TOTL,"Population, total",Normalisation base for per-capita indicators,2025,3092816
2026-09-03T12:26:23Z,Namibia,NAM,SP.POP.TOTL,"Population, total",Normalisation base for per-capita indicators,2024,3030131
2026-09-03T12:26:23Z,Namibia,NAM,SP.POP.TOTL,"Population, total",Normalisation base for per-capita indicators,2023,2963095
2026-09-03T12:26:23Z,Namibia,NAM,SP.POP.TOTL,"Population, total",Normalisation base for per-capita indicators,2022,2889662
2026-09-03T12:26:23Z,Namibia,NAM,SP.POP.TOTL,"Population, total",Normalisation base for per-capita indicators,2021,2810548
2026-09-03T12:26:23Z,Namibia,NAM,SP.POP.TOTL,"Population, total",Normalisation base for per-capita indicators,2020,2728762
2026-09-03T12:26:23Z,Namibia,NAM,SP.POP.TOTL,"Population, total",Normalisation base for per-capita indicators,2019,2650494
2026-09-03T12:26:23Z,Namibia,NAM,SP.POP.TOTL,"Population, total",Normalisation base for per-capita indicators,2018,2577327
2026-09-03T12:26:23Z,Namibia,NAM,SP.POP.TOTL,"Population, total",Normalisation base for per-capita indicators,2017,2506853
2026-09-03T12:26:23Z,Namibia,NAM,SP.POP.TOTL,"Population, total",Normalisation base for per-capita indicators,2016,2439213
2026-09-03T12:26:23Z,Namibia,NAM,SP.POP.TOTL,"Population, total",Normalisation base for per-capita indicators,2015,2374300
2026-09-03T12:26:23Z,Namibia,NAM,SP.POP.TOTL,"Population, total",Normalisation base for per-capita indicators,2014,2312139
2026-09-03T12:26:23Z,Namibia,NAM,SP.POP.TOTL,"Population, total",Normalisation base for per-capita indicators,2013,2252508
2026-09-03T12:26:23Z,Namibia,NAM,SP.POP.TOTL,"Population, total",Normalisation base for per-capita indicators,2012,2194654
2026-09-03T12:26:23Z,Namibia,NAM,SP.POP.TOTL,"Population, total",Normalisation base for per-capita indicators,2011,2146325
2026-09-03T12:26:23Z,Namibia,NAM,SP.POP.TOTL,"Population, total",Normalisation base for per-capita indicators,2010,2109811
2026-09-03T12:26:23Z,Eswatini,SWZ,SP.POP.TOTL,"Population, total",Normalisation base for per-capita indicators,2025,1256174
2026-09-03T12:26:23Z,Eswatini,SWZ,SP.POP.TOTL,"Population, total",Normalisation base for per-capita indicators,2024,1242822
2026-09-03T12:26:23Z,Eswatini,SWZ,SP.POP.TOTL,"Population, total",Normalisation base for per-capita indicators,2023,1230506
2026-09-03T12:26:23Z,Eswatini,SWZ,SP.POP.TOTL,"Population, total",Normalisation base for per-capita indicators,2022,1218917
2026-09-03T12:26:23Z,Eswatini,SWZ,SP.POP.TOTL,"Population, total",Normalisation base for per-capita indicators,2021,1206593
2026-09-03T12:26:23Z,Eswatini,SWZ,SP.POP.TOTL,"Population, total",Normalisation base for per-capita indicators,2020,1192729
2026-09-03T12:26:23Z,Eswatini,SWZ,SP.POP.TOTL,"Population, total",Normalisation base for per-capita indicators,2019,1179874
2026-09-03T12:26:23Z,Eswatini,SWZ,SP.POP.TOTL,"Population, total",Normalisation base for per-capita indicators,2018,1168929
2026-09-03T12:26:23Z,Eswatini,SWZ,SP.POP.TOTL,"Population, total",Normalisation base for per-capita indicators,2017,1158195
2026-09-03T12:26:23Z,Eswatini,SWZ,SP.POP.TOTL,"Population, total",Normalisation base for per-capita indicators,2016,1149507
2026-09-03T12:26:23Z,Eswatini,SWZ,SP.POP.TOTL,"Population, total",Normalisation base for per-capita indicators,2015,1142813
2026-09-03T12:26:23Z,Eswatini,SWZ,SP.POP.TOTL,"Population, total",Normalisation base for per-capita indicators,2014,1136299
2026-09-03T12:26:23Z,Eswatini,SWZ,SP.POP.TOTL,"Population, total",Normalisation base for per-capita indicators,2013,1129990
2026-09-03T12:26:23Z,Eswatini,SWZ,SP.POP.TOTL,"Population, total",Normalisation base for per-capita indicators,2012,1123863
2026-09-03T12:26:23Z,Eswatini,SWZ,SP.POP.TOTL,"Population, total",Normalisation base for per-capita indicators,2011,1117833
2026-09-03T12:26:23Z,Eswatini,SWZ,SP.POP.TOTL,"Population, total",Normalisation base for per-capita indicators,2010,1111650
2026-09-03T12:26:23Z,South Africa,ZAF,SP.POP.TOTL,"Population, total",Normalisation base for per-capita indicators,2025,64747319
2026-09-03T12:26:23Z,South Africa,ZAF,SP.POP.TOTL,"Population, total",Normalisation base for per-capita indicators,2024,64007187
2026-09-03T12:26:23Z,South Africa,ZAF,SP.POP.TOTL,"Population, total",Normalisation base for per-capita indicators,2023,63212384
2026-09-03T12:26:23Z,South Africa,ZAF,SP.POP.TOTL,"Population, total",Normalisation base for per-capita indicators,2022,62378410
2026-09-03T12:26:23Z,South Africa,ZAF,SP.POP.TOTL,"Population, total",Normalisation base for per-capita indicators,2021,61502603
2026-09-03T12:26:23Z,South Africa,ZAF,SP.POP.TOTL,"Population, total",Normalisation base for per-capita indicators,2020,60562381
2026-09-03T12:26:23Z,South Africa,ZAF,SP.POP.TOTL,"Population, total",Normalisation base for per-capita indicators,2019,59587885
2026-09-03T12:26:23Z,South Africa,ZAF,SP.POP.TOTL,"Population, total",Normalisation base for per-capita indicators,2018,58613001
2026-09-03T12:26:23Z,South Africa,ZAF,SP.POP.TOTL,"Population, total",Normalisation base for per-capita indicators,2017,57635162
2026-09-03T12:26:23Z,South Africa,ZAF,SP.POP.TOTL,"Population, total",Normalisation base for per-capita indicators,2016,57259551
2026-09-03T12:26:23Z,South Africa,ZAF,SP.POP.TOTL,"Population, total",Normalisation base for per-capita indicators,2015,56723537
2026-09-03T12:26:23Z,South Africa,ZAF,SP.POP.TOTL,"Population, total",Normalisation base for per-capita indicators,2014,55594838
2026-09-03T12:26:23Z,South Africa,ZAF,SP.POP.TOTL,"Population, total",Normalisation base for per-capita indicators,2013,54678791
2026-09-03T12:26:23Z,South Africa,ZAF,SP.POP.TOTL,"Population, total",Normalisation base for per-capita indicators,2012,53782567
2026-09-03T12:26:23Z,South Africa,ZAF,SP.POP.TOTL,"Population, total",Normalisation base for per-capita indicators,2011,52995205
2026-09-03T12:26:23Z,South Africa,ZAF,SP.POP.TOTL,"Population, total",Normalisation base for per-capita indicators,2010,52344051
