pulled_at,seendate,title,url,domain,sourcecountry,language,query_bucket,mentioned_countries,relevance_note
2026-09-09T13:12:33Z,20260909T130000Z,美财长急了 ： 如果中国赢了AI竞争 ， 美国将没有后天,https://baijiahao.baidu.com/s?id=1875855315568218856,baijiahao.baidu.com,China,Chinese,data_centre_investment,,"Data-centre investment story with no emerging-market country named in the title (may still be a mature-market story, e.g. US/EU)."
2026-09-09T13:12:33Z,20260909T130000Z,"Securities Lawsuit Alert : Innventure , Inc . ( INV ) Investors - Contact ... ",https://www.pr-inside.com/securities-lawsuit-alert-innventure-inc-inv-investors-contact-r5220928.htm,pr-inside.com,United States,English,data_centre_investment,,"Data-centre investment story with no emerging-market country named in the title (may still be a mature-market story, e.g. US/EU)."
2026-09-09T13:12:33Z,20260909T130000Z,Missouri congressional map confusion and Tesla Cybercab safety concerns : Morning Rundown,https://www.nbcnews.com/news/us-news/missouri-congressional-map-tesla-cybercab-safety-morning-rundown-rcna596750,nbcnews.com,United States,English,data_centre_investment,,"Data-centre investment story with no emerging-market country named in the title (may still be a mature-market story, e.g. US/EU)."
2026-09-09T13:12:33Z,20260909T130000Z,AI是否有泡沫 ？ 刘元春外滩大会表示 ， 有泡沫不可怕 _ 科技 _ 行业 _ 中金在线,http://hy.stock.cnfol.com/dianzixinxijishu/20260909/32365048.shtml,hy.stock.cnfol.com,China,Chinese,data_centre_investment,,"Data-centre investment story with no emerging-market country named in the title (may still be a mature-market story, e.g. US/EU)."
2026-09-09T13:12:33Z,20260909T130000Z,"Prediction : Here What a $5 , 000 Investment in SpaceX Stock Could Be Worth in 2031",https://www.aol.com/articles/prediction-heres-5-000-investment-120500000.html,aol.com,United States,English,data_centre_investment,,"Data-centre investment story with no emerging-market country named in the title (may still be a mature-market story, e.g. US/EU)."
2026-09-09T13:12:33Z,20260909T130000Z,Saudi AI giant races to fund data center expansion,https://fortune.com/2026/09/09/saudis-humain-turns-to-outside-investment-as-the-kingdom-reins-in-fiscal-spending/,fortune.com,United States,English,data_centre_investment,,"Data-centre investment story with no emerging-market country named in the title (may still be a mature-market story, e.g. US/EU)."
2026-09-09T13:12:33Z,20260909T130000Z,Google to buy nuclear power in Finland,https://arynews.tv/google-to-buy-nuclear-power-in-finland,arynews.tv,Pakistan,English,data_centre_investment,,"Data-centre investment story with no emerging-market country named in the title (may still be a mature-market story, e.g. US/EU)."
2026-09-09T13:12:33Z,20260909T124500Z,直击科创板人工智能行业集体业绩会 ： 算力基建带动硬件进入增长周期 模型 、 应用商业化仍待破局 _ 新股要闻 _ 新股 _ 中金在线,http://xg.stock.cnfol.com/xinguyaowen/20260909/32365220.shtml,xg.stock.cnfol.com,China,Chinese,data_centre_investment,,"Data-centre investment story with no emerging-market country named in the title (may still be a mature-market story, e.g. US/EU)."
2026-09-09T13:12:33Z,20260909T124500Z,"Fortune Investment : Fortune to Invest ₹60 , 000 - Crore in AI Data Center Park in Telangana , ETTelecom",https://telecom.economictimes.indiatimes.com/news/internet/fortune-to-invest-nearly-60000-crore-to-set-up-ai-hyperscale-data-center-park-in-telangana/133964435,telecom.economictimes.indiatimes.com,India,English,data_centre_investment,,"Data-centre investment story with no emerging-market country named in the title (may still be a mature-market story, e.g. US/EU)."
2026-09-09T13:12:33Z,20260909T124500Z,2026年半年报点评 ： 传统业务稳健 ， 数据中心电源打开新增长极 - 宏观研究报告 _ 数据中心 _ 东方财富网,https://data.eastmoney.com/report/zw_stock.jshtml?encodeUrl=3kSiUqj7SeiJhJJqtF6EFqQqvViQWGYXdZ0XW442b3U=,data.eastmoney.com,China,Chinese,data_centre_investment,,"Data-centre investment story with no emerging-market country named in the title (may still be a mature-market story, e.g. US/EU)."
2026-09-09T13:12:33Z,20260909T123000Z,"Stableford Capital II LLC Buys New Position in Cisco Systems , Inc . $CSCO",https://www.tickerreport.com/banking-finance/13578216/stableford-capital-ii-llc-buys-new-position-in-cisco-systems-inc-csco.html,tickerreport.com,United States,English,data_centre_investment,,"Data-centre investment story with no emerging-market country named in the title (may still be a mature-market story, e.g. US/EU)."
2026-09-09T13:12:33Z,20260909T123000Z,Google investeert 13 miljard euro in Finse datacenters,https://tpo.nl/2026/09/09/google-datacenters-finland-kernenergie-investering/,tpo.nl,Netherlands,Dutch,data_centre_investment,,"Data-centre investment story with no emerging-market country named in the title (may still be a mature-market story, e.g. US/EU)."
2026-09-09T13:12:33Z,20260909T123000Z,TUTK Helps Indian Security Customers Achieve STQC Cybersecurity Certification,http://www.indiagazette.com/news/279295903/tutk-helps-indian-security-customers-achieve-stqc-cybersecurity-certification,indiagazette.com,India,English,data_centre_investment,,"Data-centre investment story with no emerging-market country named in the title (may still be a mature-market story, e.g. US/EU)."
2026-09-09T13:12:33Z,20260909T123000Z,"Bộ Khoa hoc và Công nghệ tăng tốc tháo gỡ điểm nghẽn , tạo nền tảng cho chuyển đổi số",https://vietq.vn/bo-khoa-hoc-va-cong-nghe-tang-toc-thao-go-diem-nghen-tao-nen-tang-cho-chuyen-doi-so-d244067.html,vietq.vn,Vietnam,Vietnamese,data_centre_investment,,"Data-centre investment story with no emerging-market country named in the title (may still be a mature-market story, e.g. US/EU)."
2026-09-09T13:12:33Z,20260909T123000Z,KI - Offensive bei NASDAQ - Aktie Alphabet : Milliarden - Investment und Atomstrom - Deal in Finnland,https://www.finanzen.net/nachricht/aktien/groesste-europa-investition-google-mutter-baut-aus-alphabets-milliardenschwerer-rechenzentren-deal-in-europa-aktie-im-blick-00-15925313,finanzen.net,Germany,German,data_centre_investment,,"Data-centre investment story with no emerging-market country named in the title (may still be a mature-market story, e.g. US/EU)."
2026-09-09T13:12:33Z,20260909T123000Z,Google gør klar til sin største investering nogensinde i Europa : Investerer 100 milliarder kroner i strøm - projekt,https://www.computerworld.dk/art/296775/google-goer-klar-til-sin-stoerste-investering-nogensinde-i-europa-investerer-100-milliarder-kroner-i-stroem-projekt,computerworld.dk,Denmark,Danish,data_centre_investment,,"Data-centre investment story with no emerging-market country named in the title (may still be a mature-market story, e.g. US/EU)."
2026-09-09T13:12:33Z,20260909T123000Z,"Advanced Micro Devices , Inc . $AMD Shares Bought by Integrated Wealth Concepts LLC",https://www.tickerreport.com/banking-finance/13578215/advanced-micro-devices-inc-amd-shares-bought-by-integrated-wealth-concepts-llc.html,tickerreport.com,United States,English,data_centre_investment,,"Data-centre investment story with no emerging-market country named in the title (may still be a mature-market story, e.g. US/EU)."
2026-09-09T13:12:33Z,20260909T123000Z,蚂蚁集团CEO韩歆毅 ： AI经济不能只靠资本投入 ， 要创造新供给 、 激活新需求,https://baijiahao.baidu.com/s?id=1875853641858286280,baijiahao.baidu.com,China,Chinese,data_centre_investment,,"Data-centre investment story with no emerging-market country named in the title (may still be a mature-market story, e.g. US/EU)."
2026-09-09T13:12:33Z,20260909T123000Z,"Madhya Pradesh CM Mohan Yadav receives over ₹53 , 000 crore investment proposals on Dubai visit",https://www.livemint.com/focus/madhya-pradesh-cm-mohan-yadav-receives-over-rs-53-000-crore-investment-proposals-on-dubai-visit-11788954081576.html,livemint.com,India,English,data_centre_investment,,"Data-centre investment story with no emerging-market country named in the title (may still be a mature-market story, e.g. US/EU)."
2026-09-09T13:12:33Z,20260909T123000Z,Arm如何为Agentic AI时代重写芯片逻辑 ？ ,https://www.163.com/dy/article/L6DKHFSD0511DTVV.html,163.com,China,Chinese,data_centre_investment,,"Data-centre investment story with no emerging-market country named in the title (may still be a mature-market story, e.g. US/EU)."
2026-09-09T13:12:33Z,20260909T123000Z,"Data Center IT Semiconductor and Component Revenue Surged 182 Percent in 2Q 2026 , According to DellOro Group",https://www.prnewswire.com:443/news-releases/data-center-it-semiconductor-and-component-revenue-surged-182-percent-in-2q-2026-according-to-delloro-group-302873181.html,prnewswire.com,United States,English,data_centre_investment,,"Data-centre investment story with no emerging-market country named in the title (may still be a mature-market story, e.g. US/EU)."
2026-09-09T13:12:33Z,20260909T123000Z,普罗2B ： 穷人实验室用一张RTX 5090显卡训出Qwen2水平的大模型,https://www.163.com/dy/article/L6DLFKTM0511DTVV.html,163.com,China,Chinese,data_centre_investment,,"Data-centre investment story with no emerging-market country named in the title (may still be a mature-market story, e.g. US/EU)."
2026-09-09T13:12:33Z,20260909T123000Z,GARY WISENBAKER : Is America to cede the AI race to China ? ,https://tiftongazette.com/2026/09/09/gary-wisenbaker-is-america-to-cede-the-ai-race-to-china/,tiftongazette.com,United States,English,data_centre_investment,,"Data-centre investment story with no emerging-market country named in the title (may still be a mature-market story, e.g. US/EU)."
2026-09-09T13:12:33Z,20260909T123000Z,全场景智慧健康呼吸解决方案 ， TCL 空调秀出中国制造全球化实力,https://www.citnews.com.cn/news/221610,citnews.com.cn,China,Chinese,data_centre_investment,,"Data-centre investment story with no emerging-market country named in the title (may still be a mature-market story, e.g. US/EU)."
2026-09-09T13:12:33Z,20260909T123000Z,Wednesday analyst upgrades and downgrades - The Globe and Mail,https://www.theglobeandmail.com/investing/markets/inside-the-market/article-wednesdays-analyst-upgrades-and-downgrades-319/,theglobeandmail.com,Canada,English,data_centre_investment,,"Data-centre investment story with no emerging-market country named in the title (may still be a mature-market story, e.g. US/EU)."
2026-09-09T13:12:33Z,20260909T123000Z,美财长急了 ： 如果中国赢了AI竞争 ， 美国将没有后天,https://www.163.com/dy/article/L6DL81Q30514R9OJ.html,163.com,China,Chinese,data_centre_investment,,"Data-centre investment story with no emerging-market country named in the title (may still be a mature-market story, e.g. US/EU)."
2026-09-09T13:12:33Z,20260909T123000Z,"Plume Design , Inc .: Mobinet to Deploy Plume Platform for Delivery of Smarter WiFi , Enhanced Security and Better Customer Experience to Subscribers across Mongolia",https://www.finanznachrichten.de/nachrichten-2026-09/69533467-plume-design-inc-mobinet-to-deploy-plume-platform-for-delivery-of-smarter-wifi-enhanced-security-and-better-customer-experience-to-subscribers-acr-008.htm,finanznachrichten.de,Germany,English,data_centre_investment,,"Data-centre investment story with no emerging-market country named in the title (may still be a mature-market story, e.g. US/EU)."
2026-09-09T13:12:33Z,20260909T123000Z,Qualcomm ( NASDAQ : QCOM ) Earns  Buy  Rating from Rosenblatt Securities,https://www.tickerreport.com/banking-finance/13578217/qualcomm-nasdaqqcom-earns-buy-rating-from-rosenblatt-securities.html,tickerreport.com,United States,English,data_centre_investment,,"Data-centre investment story with no emerging-market country named in the title (may still be a mature-market story, e.g. US/EU)."
2026-09-09T13:12:33Z,20260909T121500Z,Qualcomm ( NASDAQ : QCOM ) Amazon Web Services AI Chip Deal Reshapes Data Center Growth Outlook,https://www.foreignpolicyjournal.com/2026/09/09/qualcomms-nasdaq-qcom-amazon-web-services-ai-chip-deal-reshapes-data-center-growth-outlook/,foreignpolicyjournal.com,Israel,English,data_centre_investment,,"Data-centre investment story with no emerging-market country named in the title (may still be a mature-market story, e.g. US/EU)."
2026-09-09T13:12:33Z,20260909T121500Z,Atatürk Üniversitesi kendi yapay zeka sistemini kurdu,https://www.trthaber.com/haber/bilim-teknoloji/ataturk-universitesi-kendi-yapay-zeka-sistemini-kurdu-956362.html,trthaber.com,Turkey,Turkish,data_centre_investment,,"Data-centre investment story with no emerging-market country named in the title (may still be a mature-market story, e.g. US/EU)."
2026-09-09T13:12:33Z,20260909T121500Z,2026年服贸会这些亮点让人  大饱眼服  中国智慧更好服务全球 - 千龙网 · 中国首都网,https://china.qianlong.com/2026/0909/8724889.shtml,china.qianlong.com,China,Chinese,data_centre_investment,,"Data-centre investment story with no emerging-market country named in the title (may still be a mature-market story, e.g. US/EU)."
2026-09-09T13:12:33Z,20260909T121500Z,内蒙古发文支持算力等产业多用户绿电直连 电网企业应公平无歧视提供接入服务,https://www.stcn.com/article/detail/4178663.html,stcn.com,China,Chinese,data_centre_investment,,"Data-centre investment story with no emerging-market country named in the title (may still be a mature-market story, e.g. US/EU)."
2026-09-09T13:12:33Z,20260909T120000Z,Harworth Group ( LON : HWG ) Posts Earnings Results,https://www.themarketsdaily.com/2026/09/09/harworth-group-lonhwg-posts-earnings-results.html,themarketsdaily.com,United States,English,data_centre_investment,,"Data-centre investment story with no emerging-market country named in the title (may still be a mature-market story, e.g. US/EU)."
2026-09-09T13:12:33Z,20260909T120000Z,Vistra Has Edged Lower Throughout 2026 : One Bank Says It On The Verge of Doubling,https://www.aol.com/articles/vistra-edged-lower-throughout-2026-112610000.html,aol.com,United States,English,data_centre_investment,,"Data-centre investment story with no emerging-market country named in the title (may still be a mature-market story, e.g. US/EU)."
2026-09-09T13:12:33Z,20260909T120000Z,Atatürk Üniversitesi AtaZeka ile kendi yapay zeka sistemini kurdu,https://www.haber1.com/guncel/ataturk-universitesi-atazeka-ile-kendi-yapay-zeka-sistemini-kurdu/,haber1.com,Turkey,Turkish,data_centre_investment,,"Data-centre investment story with no emerging-market country named in the title (may still be a mature-market story, e.g. US/EU)."
2026-09-09T13:12:33Z,20260909T120000Z,Ny rapport från ABB och BCG lyfter fram likströmsteknikens växande roll i framtidens elsystem,https://www.nyteknik.se/pressmeddelanden/ny-rapport-fran-abb-och-bcg-lyfter-fram-likstroemsteknikens-vaexande-roll-i-framtidens-elsystem/4492874,nyteknik.se,Sweden,Swedish,data_centre_investment,,"Data-centre investment story with no emerging-market country named in the title (may still be a mature-market story, e.g. US/EU)."
2026-09-09T13:12:33Z,20260909T120000Z,京东启动物理AI加速计划 ， 要打造机器人领域六个  全球第一 _ 新浪科技 _ 新浪网,https://finance.sina.com.cn/tech/roll/2026-09-09/doc-inirfums3599797.shtml,finance.sina.com.cn,China,Chinese,data_centre_investment,,"Data-centre investment story with no emerging-market country named in the title (may still be a mature-market story, e.g. US/EU)."
2026-09-09T13:12:33Z,20260909T120000Z,GARY WISENBAKER : Is America to cede the AI race to China ? ,https://moultrieobserver.com/2026/09/09/gary-wisenbaker-is-america-to-cede-the-ai-race-to-china/,moultrieobserver.com,United States,English,data_centre_investment,,"Data-centre investment story with no emerging-market country named in the title (may still be a mature-market story, e.g. US/EU)."
2026-09-09T13:12:33Z,20260909T120000Z,Yapay zekânın gizli gücü : Bakır fiyatlarında tarihi rekor,https://www.haberhurriyeti.com/haber/28669778/yapay-zekanin-gizli-gucu-bakir-fiyatlarinda-tarihi-rekor,haberhurriyeti.com,Turkey,Turkish,data_centre_investment,,"Data-centre investment story with no emerging-market country named in the title (may still be a mature-market story, e.g. US/EU)."
2026-09-09T13:12:33Z,20260909T120000Z,Google investuje ve Finsku do AI infrastruktury 13 miliard eur – ITBiz . cz,https://www.itbiz.cz/google-investuje-ve-finsku-do-ai-infrastruktury-13-miliard-eur/,itbiz.cz,Czech Republic,Czech,data_centre_investment,,"Data-centre investment story with no emerging-market country named in the title (may still be a mature-market story, e.g. US/EU)."
2026-09-09T13:12:33Z,20260909T120000Z,温彬 ： AI与价格贡献度上升 8月外贸点评,http://finance.sina.com.cn/zl/china/2026-09-09/zl-inirfumn8868618.shtml,finance.sina.com.cn,China,Chinese,data_centre_investment,,"Data-centre investment story with no emerging-market country named in the title (may still be a mature-market story, e.g. US/EU)."
2026-09-09T13:12:33Z,20260909T120000Z,十万卡AI集群大战开启 ， 国产算力赛道风起雨涌 ， 各大头部厂商纷纷出手大买算力 ！ 京东拟下单摩尔线程十万张GPU ， 有券商高呼  国产卡+超节点  是必然趋势 - 股票 - 金融界,https://stock.jrj.com.cn/2026/09/09190158399758.shtml,stock.jrj.com.cn,China,Chinese,data_centre_investment,,"Data-centre investment story with no emerging-market country named in the title (may still be a mature-market story, e.g. US/EU)."
2026-09-09T13:12:33Z,20260909T114500Z,Gediegen Kupfer im Bohrkern : Kupfer auf Allzeithoch – und in diesem Bohrkern glänzt das Metall in reiner Form,https://www.boersennews.de/nachrichten/partner/mediafeed/gediegen-kupfer-im-bohrkern-kupfer-auf-allzeithoch-und-in-diesem-bohrkern-glaenzt-das-metall-in-reiner-form/5270262/,boersennews.de,Germany,German,data_centre_investment,,"Data-centre investment story with no emerging-market country named in the title (may still be a mature-market story, e.g. US/EU)."
2026-09-09T13:12:33Z,20260909T113000Z,一座晶圆厂年耗水可供1700万人 ， 艺康给出AI时代  水刚需  答案,https://baijiahao.baidu.com/s?id=1875851225993539319,baijiahao.baidu.com,China,Chinese,data_centre_investment,,"Data-centre investment story with no emerging-market country named in the title (may still be a mature-market story, e.g. US/EU)."
2026-09-09T13:12:33Z,20260909T113000Z,Google to invest 13 billion euros in AI infrastructure in Finland,https://www.businesstimes.com.sg/companies-markets/telcos-media-tech/google-invest-13-billion-euros-ai-infrastructure-finland,businesstimes.com.sg,Singapore,English,data_centre_investment,,"Data-centre investment story with no emerging-market country named in the title (may still be a mature-market story, e.g. US/EU)."
2026-09-09T13:12:33Z,20260909T113000Z,二手电脑更好卖 ， 年轻人不想为顶配笔记本买单了 - 钛媒体官方网站,https://www.tmtpost.com/8134098.html,tmtpost.com,China,Chinese,data_centre_investment,,"Data-centre investment story with no emerging-market country named in the title (may still be a mature-market story, e.g. US/EU)."
2026-09-09T13:12:33Z,20260909T113000Z,直击科创板人工智能行业集体业绩会 ： 算力基建带动硬件进入增长周期 模型 、 应用商业化仍待破局,https://www.163.com/dy/article/L6DH7P3U05198CJN.html,163.com,China,Chinese,data_centre_investment,,"Data-centre investment story with no emerging-market country named in the title (may still be a mature-market story, e.g. US/EU)."
2026-09-09T13:12:33Z,20260909T111500Z,ガルバニック絶縁市場調査レポート - 世界市場規模 、 シェア 、 傾向の見通し 、 2026 - 2035年,https://japan.cnet.com/release/31205635/,japan.cnet.com,Japan,Japanese,data_centre_investment,,"Data-centre investment story with no emerging-market country named in the title (may still be a mature-market story, e.g. US/EU)."
2026-09-09T13:12:33Z,20260909T111500Z,ZT 每天看懂聪明钱在交易什么 ？- 9月9日 - 博客,https://blog.wenxuecity.com/myblog/82610/202609/6169.html,blog.wenxuecity.com,China,Chinese,data_centre_investment,,"Data-centre investment story with no emerging-market country named in the title (may still be a mature-market story, e.g. US/EU)."
2026-09-09T13:12:33Z,20260909T110000Z,"  요샌 금보다 더 낫다  1년 만에 무려  47 %… 사상 최고치 , 구리도  슈퍼사이클 [ 투자360 ] ",https://biz.heraldcorp.com/article/10867360,biz.heraldcorp.com,South Korea,Korean,data_centre_investment,,"Data-centre investment story with no emerging-market country named in the title (may still be a mature-market story, e.g. US/EU)."
2026-09-09T13:12:33Z,20260909T110000Z,Alphabet Inc . $GOOG is Munich Reinsurance Co Stock Corp in Munich 5th Largest Position,https://www.tickerreport.com/banking-finance/13577998/alphabet-inc-goog-is-munich-reinsurance-co-stock-corp-in-munichs-5th-largest-position.html,tickerreport.com,United States,English,data_centre_investment,,"Data-centre investment story with no emerging-market country named in the title (may still be a mature-market story, e.g. US/EU)."
2026-09-09T13:12:33Z,20260909T110000Z,Computing services revenue exceeds 80 bln yuan in SW China Guizhou,https://en.people.cn/n3/2026/0909/c90000-20497514.html,en.people.cn,China,English,data_centre_investment,,"Data-centre investment story with no emerging-market country named in the title (may still be a mature-market story, e.g. US/EU)."
2026-09-09T13:12:33Z,20260909T110000Z,Markowski Investments Makes New Investment in Alphabet Inc . $GOOG,https://www.tickerreport.com/banking-finance/13577997/markowski-investments-makes-new-investment-in-alphabet-inc-goog.html,tickerreport.com,United States,English,data_centre_investment,,"Data-centre investment story with no emerging-market country named in the title (may still be a mature-market story, e.g. US/EU)."
2026-09-09T13:12:33Z,20260909T110000Z,"Performa Ltd US LLC Buys 2 , 359 Shares of Vanguard S & P 500 ETF $VOO",https://www.dailypolitical.com/2026/09/09/performa-ltd-us-llc-buys-2359-shares-of-vanguard-sp-500-etf-voo.html,dailypolitical.com,United States,English,data_centre_investment,,"Data-centre investment story with no emerging-market country named in the title (may still be a mature-market story, e.g. US/EU)."
2026-09-09T13:12:33Z,20260909T110000Z,Data Centers In Dispute : Contract And Treaty Claims In The Global Build - Out,https://www.mondaq.com:443/unitedstates/arbitration-dispute-resolution/1840742/data-centers-in-dispute-contract-and-treaty-claims-in-the-global-build-out,mondaq.com,United States,English,data_centre_investment,,"Data-centre investment story with no emerging-market country named in the title (may still be a mature-market story, e.g. US/EU)."
2026-09-09T13:12:33Z,20260909T110000Z,高盛 ： 维持英诺赛科 ( 02577 ) 买入  评级 目标价114港元 看好GaN受益数据中心及汽车应用 _ 市场分析 _ 港股 _ 中金在线,http://hkstock.cnfol.com/shichangfenxi/20260909/32364829.shtml,hkstock.cnfol.com,China,Chinese,data_centre_investment,,"Data-centre investment story with no emerging-market country named in the title (may still be a mature-market story, e.g. US/EU)."
2026-09-09T13:12:33Z,20260909T110000Z,"The dirty parts of the computing world , revisited",https://thebulletin.org/premium/2026-09/the-dirty-parts-of-the-computing-world-revisited/,thebulletin.org,United States,English,data_centre_investment,,"Data-centre investment story with no emerging-market country named in the title (may still be a mature-market story, e.g. US/EU)."
2026-09-09T13:12:33Z,20260909T110000Z,AI infrastructure bets drive venture debt toward record levels,https://finance.yahoo.com/technology/ai/articles/ai-infrastructure-bets-drive-venture-101428462.html,finance.yahoo.com,United States,English,data_centre_investment,,"Data-centre investment story with no emerging-market country named in the title (may still be a mature-market story, e.g. US/EU)."
2026-09-09T13:12:33Z,20260909T110000Z,"Leeward Financial Partners LLC Lowers Stock Holdings in Meta Platforms , Inc . $META",https://www.dailypolitical.com/2026/09/09/leeward-financial-partners-llc-lowers-stock-holdings-in-meta-platforms-inc-meta.html,dailypolitical.com,United States,English,data_centre_investment,,"Data-centre investment story with no emerging-market country named in the title (may still be a mature-market story, e.g. US/EU)."
2026-09-09T13:12:33Z,20260909T110000Z,UK Data Centre Planning and Capacity : What the Evidence Actually Shows in 2026,https://www.dailyexcelsior.com/uk-data-centre-planning-and-capacity-what-the-evidence-actually-shows-in-2026/,dailyexcelsior.com,India,English,data_centre_investment,,"Data-centre investment story with no emerging-market country named in the title (may still be a mature-market story, e.g. US/EU)."
2026-09-09T13:12:33Z,20260909T110000Z,"Most Data Center Bans Are in Metro Areas , Despite More Facilities Heading for Rural Areas",https://dailyyonder.com/most-data-center-bans-are-in-metro-areas-despite-more-facilities-heading-for-rural-areas/2026/09/09/,dailyyonder.com,United States,English,data_centre_investment,,"Data-centre investment story with no emerging-market country named in the title (may still be a mature-market story, e.g. US/EU)."
2026-09-09T13:12:33Z,20260909T110000Z,谷歌计划在芬兰投入130亿欧元用于AI设施 为其在欧洲最大单笔投资,https://finance.sina.com.cn/roll/2026-09-09/doc-inirfqcu3713938.shtml,finance.sina.com.cn,China,Chinese,data_centre_investment,,"Data-centre investment story with no emerging-market country named in the title (may still be a mature-market story, e.g. US/EU)."
2026-09-09T13:12:33Z,20260909T110000Z,Performa Ltd US LLC Has $137 . 22 Million Stock Position in Vanguard S & P 500 ETF $VOO,https://www.tickerreport.com/banking-finance/13577999/performa-ltd-us-llc-has-137-22-million-stock-position-in-vanguard-sp-500-etf-voo.html,tickerreport.com,United States,English,data_centre_investment,,"Data-centre investment story with no emerging-market country named in the title (may still be a mature-market story, e.g. US/EU)."
2026-09-09T13:12:33Z,20260909T110000Z,"Russell Investments Group Ltd . Buys 141 , 195 Shares of Meta Platforms , Inc . $META",https://www.tickerreport.com/banking-finance/13578000/russell-investments-group-ltd-buys-141195-shares-of-meta-platforms-inc-meta.html,tickerreport.com,United States,English,data_centre_investment,,"Data-centre investment story with no emerging-market country named in the title (may still be a mature-market story, e.g. US/EU)."
2026-09-09T13:12:33Z,20260909T110000Z,直击科创板人工智能行业集体业绩会 ： 算力基建带动硬件进入增长周期 模型 、 应用商业化仍待破局,https://finance.sina.com.cn/jjxw/2026-09-09/doc-inirfqcu8546742.shtml,finance.sina.com.cn,China,Chinese,data_centre_investment,,"Data-centre investment story with no emerging-market country named in the title (may still be a mature-market story, e.g. US/EU)."
2026-09-09T13:12:33Z,20260909T110000Z,600亿美元 ！ AWS携手高通 ： 定制AI推理芯片+1 . 6T光互联 ！ ,https://www.163.com/dy/article/L6DG4EQA0511838M.html,163.com,China,Chinese,data_centre_investment,,"Data-centre investment story with no emerging-market country named in the title (may still be a mature-market story, e.g. US/EU)."
2026-09-09T13:12:33Z,20260909T110000Z,"Google investuje vo Fínsku 13 miliárd eur do AI infraštruktúry , pôjde o rekord v Európe",https://hnonline.sk/finweb/zahranicna-ekonomika/96301345-google-investuje-vo-finsku-13-miliard-eur-do-ai-infrastruktury-pojde-o-rekord-v-europe,hnonline.sk,Slovak Republic,Slovak,data_centre_investment,,"Data-centre investment story with no emerging-market country named in the title (may still be a mature-market story, e.g. US/EU)."
2026-09-09T13:12:33Z,20260909T110000Z,"Glass Wall Systems India Public Issue : Façade Specialist ₹427 . 89 Crore Offer Price Band , Lot Size , Fresh Capital Plans and the September 2026 Listing Timeline",https://www.dailyexcelsior.com/glass-wall-systems-india-public-issue-facade-specialists-%E2%82%B9427-89-crore-offer-price-band-lot-size-fresh-capital-plans-and-the-september-2026-listing-timeline/,dailyexcelsior.com,India,English,data_centre_investment,,"Data-centre investment story with no emerging-market country named in the title (may still be a mature-market story, e.g. US/EU)."
2026-09-09T13:12:33Z,20260909T110000Z,鄭麗文 ： 核電是最可靠選項 穩定物價解決產業供電 | 政治,https://www.cna.com.tw/news/aipl/202609090237.aspx,cna.com.tw,Taiwan,Chinese,data_centre_investment,,"Data-centre investment story with no emerging-market country named in the title (may still be a mature-market story, e.g. US/EU)."
2026-09-09T13:12:33Z,20260909T110000Z,Google announces €13bn additional investment in Finland,https://yle.fi/a/74-20245301,yle.fi,Finland,English,data_centre_investment,,"Data-centre investment story with no emerging-market country named in the title (may still be a mature-market story, e.g. US/EU)."
2026-09-09T13:12:33Z,20260909T110000Z,Head to Head Analysis : Accenture ( NYSE : ACN ) vs . DigitalOcean ( NYSE : DOCN ) ,https://www.dailypolitical.com/2026/09/09/head-to-head-analysis-accenture-nyseacn-vs-digitalocean-nysedocn.html,dailypolitical.com,United States,English,data_centre_investment,,"Data-centre investment story with no emerging-market country named in the title (may still be a mature-market story, e.g. US/EU)."
2026-09-09T13:12:33Z,20260909T110000Z,Old Mission Investment Co LLC Takes $3 . 13 Million Position in Alphabet Inc . $GOOG,https://www.dailypolitical.com/2026/09/09/old-mission-investment-co-llc-takes-3-13-million-position-in-alphabet-inc-goog.html,dailypolitical.com,United States,English,data_centre_investment,,"Data-centre investment story with no emerging-market country named in the title (may still be a mature-market story, e.g. US/EU)."
2026-09-09T13:12:33Z,20260909T110000Z,"一個月營收1 , 443億 、 半年EPS 156元 ， 緯穎到底在賣什麼這麼賺 ？ ",https://n.yam.com/Article/20260909335192,n.yam.com,Taiwan,Chinese,data_centre_investment,,"Data-centre investment story with no emerging-market country named in the title (may still be a mature-market story, e.g. US/EU)."
2026-09-09T13:12:33Z,20260909T110000Z,小摩 ： 重申三花智控 ( 02050 ) 增持  评级 目标价下调至38港元 _ 市场分析 _ 港股 _ 中金在线,http://hkstock.cnfol.com/shichangfenxi/20260909/32364880.shtml,hkstock.cnfol.com,China,Chinese,data_centre_investment,,"Data-centre investment story with no emerging-market country named in the title (may still be a mature-market story, e.g. US/EU)."
2026-09-09T13:12:33Z,20260909T110000Z,"Prospect Financial Services LLC Decreases Holdings in Meta Platforms , Inc . $META",https://www.dailypolitical.com/2026/09/09/prospect-financial-services-llc-decreases-holdings-in-meta-platforms-inc-meta.html,dailypolitical.com,United States,English,data_centre_investment,,"Data-centre investment story with no emerging-market country named in the title (may still be a mature-market story, e.g. US/EU)."
2026-09-09T13:12:33Z,20260909T110000Z,Top Large Cap Stocks To Consider – September 8th,https://www.tickerreport.com/banking-finance/13577994/top-large-cap-stocks-to-consider-september-8th.html,tickerreport.com,United States,English,data_centre_investment,,"Data-centre investment story with no emerging-market country named in the title (may still be a mature-market story, e.g. US/EU)."
2026-09-09T13:12:33Z,20260909T110000Z,谷歌宣布在芬兰投资130亿欧元 ， 建至少3座新数据中心,https://wallstreetcn.com/articles/3781408,wallstreetcn.com,China,Chinese,data_centre_investment,,"Data-centre investment story with no emerging-market country named in the title (may still be a mature-market story, e.g. US/EU)."
2026-09-09T13:12:33Z,20260909T104500Z,"NewEdge Advisors LLC Sells 186 , 177 Shares of Advanced Micro Devices , Inc . $AMD",https://www.dailypolitical.com/2026/09/09/newedge-advisors-llc-sells-186177-shares-of-advanced-micro-devices-inc-amd.html,dailypolitical.com,United States,English,data_centre_investment,,"Data-centre investment story with no emerging-market country named in the title (may still be a mature-market story, e.g. US/EU)."
2026-09-09T13:12:33Z,20260909T104500Z,台積電入列 ！ 外媒點名現在就買 「 這3檔 」 未來會感謝自己,https://ec.ltn.com.tw/article/breakingnews/5568426,ec.ltn.com.tw,Taiwan,Chinese,data_centre_investment,,"Data-centre investment story with no emerging-market country named in the title (may still be a mature-market story, e.g. US/EU)."
2026-09-09T13:12:33Z,20260909T104500Z,"Louisiana just locked in $81 . 6 billion in announced data center investment under a 20 - year sales tax exemption , and the state still has not published how much revenue it is giving up to land the deals",https://dmnews.com/dmn-louisiana-just-locked-in-81-6-billion-in-announced-data-center-investment-under-a-20-year-sales-tax-exemption-and-the-state-still-has-not-published-how-much-revenue-it-is-giving-up-to-land-the-d/,dmnews.com,United States,English,data_centre_investment,,"Data-centre investment story with no emerging-market country named in the title (may still be a mature-market story, e.g. US/EU)."
2026-09-09T13:12:33Z,20260909T104500Z,Google investeert €13 mrd in AI - infra Finland,https://nieuws.nl/economie/google-investeert-13-miljard-euro-in-ai-infrastructuur-finland,nieuws.nl,Netherlands,Dutch,data_centre_investment,,"Data-centre investment story with no emerging-market country named in the title (may still be a mature-market story, e.g. US/EU)."
2026-09-09T13:12:33Z,20260909T104500Z,Asia - Pacific data centre capacity to almost double by 2030 : JLL,https://www.techgoondu.com/2026/09/09/asia-pacific-data-centre-capacity-to-almost-double-by-2030-jll/,techgoondu.com,Singapore,English,data_centre_investment,,"Data-centre investment story with no emerging-market country named in the title (may still be a mature-market story, e.g. US/EU)."
2026-09-09T13:12:33Z,20260909T104500Z," [ 강남視角 ] 공짜로 풀리는 AI , 산업은 누가 키우나",https://www.fnnews.com/news/202609091805215604,fnnews.com,South Korea,Korean,data_centre_investment,,"Data-centre investment story with no emerging-market country named in the title (may still be a mature-market story, e.g. US/EU)."
2026-09-09T13:12:33Z,20260909T104500Z,"Oklahoma just signed a law forcing data centers and crypto miners to pay for their own substations , transmission and generation , ending the practice of rolling those costs into residential rate cases",https://dmnews.com/dmn-oklahoma-just-signed-a-law-forcing-data-centers-and-crypto-miners-to-pay-for-their-own-substations-transmission-and-generation-ending-the-practice-of-rolling-those-costs-into-residential-rate-case/,dmnews.com,United States,English,data_centre_investment,,"Data-centre investment story with no emerging-market country named in the title (may still be a mature-market story, e.g. US/EU)."
2026-09-09T13:12:33Z,20260909T104500Z,全球央行加息阴影扰动港股 ， 恒生科技指数连跌一个月｜市场观察,https://www.yicai.com/news/103358064.html,yicai.com,China,Chinese,data_centre_investment,,"Data-centre investment story with no emerging-market country named in the title (may still be a mature-market story, e.g. US/EU)."
2026-09-09T13:12:33Z,20260909T103000Z,京东启动  物理 AI 加速计划 ： 要建全球最大物理世界运营中心,https://www.chinaz.com/ainews/30926.shtml,chinaz.com,China,Chinese,data_centre_investment,,"Data-centre investment story with no emerging-market country named in the title (may still be a mature-market story, e.g. US/EU)."
2026-09-09T13:12:33Z,20260909T103000Z,"S Inc . Buys Shares of 196 , 975 Amazon . com , Inc . $AMZN",https://www.dailypolitical.com/2026/09/09/sco-inc-buys-shares-of-196975-amazon-com-inc-amzn.html,dailypolitical.com,United States,English,data_centre_investment,,"Data-centre investment story with no emerging-market country named in the title (may still be a mature-market story, e.g. US/EU)."
2026-09-09T13:12:33Z,20260909T103000Z,"현대제철 , 강판 넘어 AIDC … 미 전력 인프라시장도 공략",http://www.koreatimes.com/article/20260908/1628896,koreatimes.com,South Korea,Korean,data_centre_investment,,"Data-centre investment story with no emerging-market country named in the title (may still be a mature-market story, e.g. US/EU)."
2026-09-09T13:12:33Z,20260909T103000Z,Jim Chanos Challenges Jensen Huang Over Nvidia  Highly Rentable  AI Chips :  Why Not Rent Them Out Yourself ? ,https://www.aol.com/articles/jim-chanos-challenges-jensen-huang-093947000.html,aol.com,United States,English,data_centre_investment,,"Data-centre investment story with no emerging-market country named in the title (may still be a mature-market story, e.g. US/EU)."
2026-09-09T13:12:33Z,20260909T103000Z,"Libra Wealth LLC Acquires Shares of 4 , 701 Amazon . com , Inc . $AMZN",https://www.dailypolitical.com/2026/09/09/libra-wealth-llc-acquires-shares-of-4701-amazon-com-inc-amzn.html,dailypolitical.com,United States,English,data_centre_investment,,"Data-centre investment story with no emerging-market country named in the title (may still be a mature-market story, e.g. US/EU)."
2026-09-09T13:12:33Z,20260909T103000Z,冰轮环境获机构调研 ， 包括中信证券 、 广发证券 、 浙商证券 、 长盛基金 、 惠升基金等12家机构,https://finance.jrj.com.cn/2026/09/09174258399238.shtml,finance.jrj.com.cn,China,Chinese,data_centre_investment,,"Data-centre investment story with no emerging-market country named in the title (may still be a mature-market story, e.g. US/EU)."
2026-09-09T13:12:33Z,20260909T103000Z,A top 2 % fund manager says he betting on these 4 cheap industrials stocks getting a boost from the AI buildout,https://www.aol.com/articles/top-2-fund-manager-says-093001000.html,aol.com,United States,English,data_centre_investment,,"Data-centre investment story with no emerging-market country named in the title (may still be a mature-market story, e.g. US/EU)."
2026-09-09T13:12:33Z,20260909T103000Z,美格智能获机构调研 ， 包括国盛证券 、 国泰基金 、 汇添富基金 、 诺安基金 、 聚鸣投资等10家机构,https://finance.jrj.com.cn/2026/09/09174258399232.shtml,finance.jrj.com.cn,China,Chinese,data_centre_investment,,"Data-centre investment story with no emerging-market country named in the title (may still be a mature-market story, e.g. US/EU)."
2026-09-09T13:12:33Z,20260909T103000Z, 【 美股盘前 】 苹果发布会今晚来袭 ， 新CEO特努斯首秀 ； 布油突破100美元关口 ， 能源股集体上涨 ； 美财政部今晚公布债券回购操作具体规模 ； 美国政府入股量子计算公司,https://www.nbd.com.cn/articles/2026-09-09/4576977.html,nbd.com.cn,China,Chinese,data_centre_investment,,"Data-centre investment story with no emerging-market country named in the title (may still be a mature-market story, e.g. US/EU)."
2026-09-09T13:12:33Z,20260909T103000Z,螞蟻CEO韓歆毅外灘大會談  AI新經濟 ： 企業必須從降本增效走向價值創造,https://portal.sina.com.hk/technology/sina/2026/09/09/1917057/%E8%9E%9E%E8%9F%BBceo%E9%9F%93%E6%AD%86%E6%AF%85%E5%A4%96%E7%81%98%E5%A4%A7%E6%9C%83%E8%AB%87ai%E6%96%B0%E7%B6%93%E6%BF%9F%EF%BC%9A%E4%BC%81%E6%A5%AD%E5%BF%85%E9%A0%88%E5%BE%9E/,portal.sina.com.hk,Hong Kong,Chinese,data_centre_investment,,"Data-centre investment story with no emerging-market country named in the title (may still be a mature-market story, e.g. US/EU)."
2026-09-09T13:12:33Z,20260909T103000Z,Philippines bets AI will lift GDP by 12 percent in seven years – without hurting outsourcing,https://www.theregister.com/public-sector/2026/09/09/philippines-bets-ai-will-lift-gdp-by-12-percent-in-seven-years-without-hurting-outsourcing/5295178,theregister.com,,English,data_centre_investment,,"Data-centre investment story with no emerging-market country named in the title (may still be a mature-market story, e.g. US/EU)."
2026-09-09T13:12:33Z,20260909T103000Z,"Next Capital Management LLC Makes New Investment in Amazon . com , Inc . $AMZN",https://www.dailypolitical.com/2026/09/09/next-capital-management-llc-makes-new-investment-in-amazon-com-inc-amzn.html,dailypolitical.com,United States,English,data_centre_investment,,"Data-centre investment story with no emerging-market country named in the title (may still be a mature-market story, e.g. US/EU)."
2026-09-09T13:12:33Z,20260909T103000Z,St . Cloud Planning Commission Delays Vote On First Data Center Rules,https://knsiradio.com/2026/09/09/st-cloud-planning-commission-delays-vote-on-first-data-center-rules/,knsiradio.com,United States,English,data_centre_investment,,"Data-centre investment story with no emerging-market country named in the title (may still be a mature-market story, e.g. US/EU)."
2026-09-09T13:12:33Z,20260909T103000Z,"SK에코플랜트 , 이집트 그린수소 사업 결국 접었다친환경서 반도체로 선회",https://www.newsway.co.kr/news/view?ud=2026090915253509239,newsway.co.kr,South Korea,Korean,data_centre_investment,,"Data-centre investment story with no emerging-market country named in the title (may still be a mature-market story, e.g. US/EU)."
2026-09-09T13:12:33Z,20260909T103000Z,"Sutton Place Investors LLC Invests $2 . 58 Million in Amazon . com , Inc . $AMZN",https://www.themarketsdaily.com/2026/09/09/sutton-place-investors-llc-invests-2-58-million-in-amazon-com-inc-amzn.html,themarketsdaily.com,United States,English,data_centre_investment,,"Data-centre investment story with no emerging-market country named in the title (may still be a mature-market story, e.g. US/EU)."
2026-09-09T13:12:33Z,20260909T103000Z,蚂蚁CEO韩歆毅外滩大会谈  AI新经济 ： 企业必须从降本增效走向价值创造,https://baijiahao.baidu.com/s?id=1875845912910393679,baijiahao.baidu.com,China,Chinese,data_centre_investment,,"Data-centre investment story with no emerging-market country named in the title (may still be a mature-market story, e.g. US/EU)."
2026-09-09T13:12:33Z,20260909T103000Z,"56 , 662 Shares in Amazon . com , Inc . $AMZN Purchased by Maridea Wealth Management LLC",https://www.themarketsdaily.com/2026/09/09/56662-shares-in-amazon-com-inc-amzn-purchased-by-maridea-wealth-management-llc.html,themarketsdaily.com,United States,English,data_centre_investment,,"Data-centre investment story with no emerging-market country named in the title (may still be a mature-market story, e.g. US/EU)."
2026-09-09T13:12:33Z,20260909T103000Z,高盛 ： 予Arista Networks ( ANET . US ) 买入  评级 目标价225美元 - 财经 - 金融界,https://finance.jrj.com.cn/2026/09/09173058399185.shtml,finance.jrj.com.cn,China,Chinese,data_centre_investment,,"Data-centre investment story with no emerging-market country named in the title (may still be a mature-market story, e.g. US/EU)."
2026-09-09T13:12:33Z,20260909T103000Z,Arm 通过 AGI CPU 和 Neoverse CSS N4 扩展 AI 基础设施 ， 迎接智能体时代,https://biz.zol.com.cn/1245/12454854.html,biz.zol.com.cn,China,Chinese,data_centre_investment,,"Data-centre investment story with no emerging-market country named in the title (may still be a mature-market story, e.g. US/EU)."
2026-09-09T13:12:33Z,20260909T103000Z,董事长妻子减持 ， 海底捞大跌 _ 东方财富网,https://finance.eastmoney.com/a/202609093869420055.html,finance.eastmoney.com,China,Chinese,data_centre_investment,,"Data-centre investment story with no emerging-market country named in the title (may still be a mature-market story, e.g. US/EU)."
2026-09-09T13:12:33Z,20260909T103000Z,长源东谷拟定增70亿收购实控人资产 交易溢价237 % 康明斯系  身兼多重角色 _ 新浪财经 _ 新浪网,https://finance.sina.com.cn/stock/observe/2026-09-09/doc-inirfqcq8918293.shtml,finance.sina.com.cn,China,Chinese,data_centre_investment,,"Data-centre investment story with no emerging-market country named in the title (may still be a mature-market story, e.g. US/EU)."
2026-09-09T13:12:33Z,20260909T103000Z,不止光模块 ！ 算力超节点来袭 ， 铜缆板块迎来行情催化 _ 个股资讯 _ 市场 _ 中金在线,http://sc.stock.cnfol.com/ggzixun/20260909/32364963.shtml,sc.stock.cnfol.com,China,Chinese,data_centre_investment,,"Data-centre investment story with no emerging-market country named in the title (may still be a mature-market story, e.g. US/EU)."
2026-09-09T13:12:33Z,20260909T103000Z,Power Availability Now Determines Where Data Centers Get Built,https://www.datacenterknowledge.com/data-center-site-selection/power-availability-now-determines-where-data-centers-get-built,datacenterknowledge.com,United States,English,data_centre_investment,,"Data-centre investment story with no emerging-market country named in the title (may still be a mature-market story, e.g. US/EU)."
2026-09-09T13:12:33Z,20260909T103000Z,AI日报 ： OpenAI推出ChatGPT Images 2 . 5 ； 曹操出行联合豆包上线AI打车服务 ； 达芬奇接入 Claude Code,https://www.chinaz.com/feed/0909/1776105.shtml,chinaz.com,China,Chinese,data_centre_investment,,"Data-centre investment story with no emerging-market country named in the title (may still be a mature-market story, e.g. US/EU)."
2026-09-09T13:12:33Z,20260909T103000Z,中国电信广东公司签约粤港澳大湾区 （ 惠州 ） 数据中心项目,https://www.163.com/dy/article/L6DE8L8T05129QAF.html,163.com,China,Chinese,data_centre_investment,,"Data-centre investment story with no emerging-market country named in the title (may still be a mature-market story, e.g. US/EU)."
2026-09-09T13:12:33Z,20260909T103000Z,Mumbai set to hold 68 % of India data centre capacity by 2030,https://economictimes.indiatimes.com/industry/services/property-/-cstruction/mumbai-to-dominate-indias-data-centre-landscape-with-68-capacity-by-2030/articleshow/133961003.cms,economictimes.indiatimes.com,India,English,data_centre_investment,,"Data-centre investment story with no emerging-market country named in the title (may still be a mature-market story, e.g. US/EU)."
2026-09-09T13:12:33Z,20260909T103000Z,Koopbank 67 yaşında … ,https://www.halkinsesikibris.com/koopbank-67-yasinda,halkinsesikibris.com,Turkey,Turkish,data_centre_investment,,"Data-centre investment story with no emerging-market country named in the title (may still be a mature-market story, e.g. US/EU)."
2026-09-09T13:12:33Z,20260909T103000Z,"13 , 801 Shares in Amazon . com , Inc . $AMZN Purchased by SWS Partners",https://www.themarketsdaily.com/2026/09/09/13801-shares-in-amazon-com-inc-amzn-purchased-by-sws-partners.html,themarketsdaily.com,United States,English,data_centre_investment,,"Data-centre investment story with no emerging-market country named in the title (may still be a mature-market story, e.g. US/EU)."
2026-09-09T13:12:33Z,20260909T103000Z,一座晶圆厂年耗水可供1700万人 ， 艺康给出AI时代  水刚需  答案,https://baijiahao.baidu.com/s?id=1875846981402454887,baijiahao.baidu.com,China,Chinese,data_centre_investment,,"Data-centre investment story with no emerging-market country named in the title (may still be a mature-market story, e.g. US/EU)."
2026-09-09T13:12:33Z,20260909T103000Z,北斗耀三湘赋能向未来 写在第五届北斗规模应用国际峰会即将开幕之际,https://baijiahao.baidu.com/s?id=1875848484677744303,baijiahao.baidu.com,China,Chinese,data_centre_investment,,"Data-centre investment story with no emerging-market country named in the title (may still be a mature-market story, e.g. US/EU)."
2026-09-09T13:12:33Z,20260909T103000Z,Energean H1 Earnings Call Highlights,https://www.themarketsdaily.com/2026/09/09/energean-h1-earnings-call-highlights.html,themarketsdaily.com,United States,English,data_centre_investment,,"Data-centre investment story with no emerging-market country named in the title (may still be a mature-market story, e.g. US/EU)."
2026-09-09T13:12:33Z,20260909T103000Z,"구글 , 핀란드 디지털 인프라에 20조 투자 … 노키아 몰락 후  단비  ",https://biz.heraldcorp.com/article/10868223,biz.heraldcorp.com,South Korea,Korean,data_centre_investment,,"Data-centre investment story with no emerging-market country named in the title (may still be a mature-market story, e.g. US/EU)."
2026-09-09T13:12:33Z,20260909T101500Z,78岁  湖北富豪  资本腾挪 ， 长源东谷50亿吞下董事长家族资产|股权|湖北省|上市公司,https://www.163.com/dy/article/L6DD7V370519875F.html,163.com,China,Chinese,data_centre_investment,,"Data-centre investment story with no emerging-market country named in the title (may still be a mature-market story, e.g. US/EU)."
2026-09-09T13:12:33Z,20260909T101500Z,Junior League building sold to Annuite Inc . for $2 . 35M | The Arkansas Democrat - Gazette,https://www.arkansasonline.com/news/2026/sep/09/junior-league-building-sold-to-annuite-inc-for/,arkansasonline.com,United States,English,data_centre_investment,,"Data-centre investment story with no emerging-market country named in the title (may still be a mature-market story, e.g. US/EU)."
2026-09-09T13:12:33Z,20260909T101500Z,利空来袭 ！ 油价逼近100美元 / 桶 ， a股扛住压力 ， 国新办重磅预告,https://www.163.com/dy/article/L6DDMVE50519AFN9.html,163.com,China,Chinese,data_centre_investment,,"Data-centre investment story with no emerging-market country named in the title (may still be a mature-market story, e.g. US/EU)."
2026-09-09T13:12:33Z,20260909T101500Z,"Asahi Kasei to Showcase Advanced Plastics Solutions for Mobility , Electrification , and Industrial Applications at Fakuma 2026",https://www.presseschleuder.com/2026/09/asahi-kasei-to-showcase-advanced-plastics-solutions-for-mobility-electrification-and-industrial-applications-at-fakuma-2026/,presseschleuder.com,Germany,English,data_centre_investment,,"Data-centre investment story with no emerging-market country named in the title (may still be a mature-market story, e.g. US/EU)."
2026-09-09T13:12:33Z,20260909T101500Z,聯發科AI大戰略結盟Nvidia打天下 盼改寫台供應鏈版圖 | ETtoday財經雲,https://finance.ettoday.net/news/3234311,finance.ettoday.net,Taiwan,Chinese,data_centre_investment,,"Data-centre investment story with no emerging-market country named in the title (may still be a mature-market story, e.g. US/EU)."
2026-09-09T13:12:33Z,20260909T101500Z,绿电作笔 ， 内蒙古  算  启未来 - 新闻中心 - 内蒙古新闻网,https://inews.nmgnews.com.cn/system/2026/09/09/030397357.shtml,inews.nmgnews.com.cn,China,Chinese,data_centre_investment,,"Data-centre investment story with no emerging-market country named in the title (may still be a mature-market story, e.g. US/EU)."
2026-09-09T13:12:33Z,20260909T101500Z,谷歌宣布在芬兰投资130亿欧元 ， 建至少3座新数据中心,https://www.163.com/dy/article/L6DD50SE05198NMR.html,163.com,China,Chinese,data_centre_investment,,"Data-centre investment story with no emerging-market country named in the title (may still be a mature-market story, e.g. US/EU)."
2026-09-09T13:12:33Z,20260909T101500Z,"  No Kings  Protest Network Behind Data Center And Flock Camera Opposition , Fox Report Says | NewsRadio 740 KTRH",https://ktrh.iheart.com/featured/houston-texas-news/content/2026-09-08-no-kings-protest-network-behind-data-center-and-flock-camera-opposition-fox-report-says/,ktrh.iheart.com,United States,English,data_centre_investment,,"Data-centre investment story with no emerging-market country named in the title (may still be a mature-market story, e.g. US/EU)."
2026-09-09T13:12:33Z,20260909T101500Z,从棉田里的  智慧大脑  到戈壁滩的  算力涌动  天山南北 ， 传统产业向新向智,https://www.sxdaily.com.cn/2026-09/09/content_20111057.html,sxdaily.com.cn,China,Chinese,data_centre_investment,,"Data-centre investment story with no emerging-market country named in the title (may still be a mature-market story, e.g. US/EU)."
2026-09-09T13:12:33Z,20260909T101500Z,"Maven Securities LTD Takes $5 . 39 Million Position in Digital Realty Trust , Inc . $DLR",https://www.dailypolitical.com/2026/09/09/maven-securities-ltd-takes-5-39-million-position-in-digital-realty-trust-inc-dlr.html,dailypolitical.com,United States,English,data_centre_investment,,"Data-centre investment story with no emerging-market country named in the title (may still be a mature-market story, e.g. US/EU)."
2026-09-09T13:12:33Z,20260909T101500Z,"1 , 45 Milliarden - Euro - Projekt : Großrechenzentrum in Wilhelmshaven geplant","https://www.nwzonline.de/wilhelmshaven/1-45-milliarden-euro-projekt-grossrechenzentrum-in-wilhelmshaven-geplant_a_4,3,1731927054.html",nwzonline.de,Germany,German,data_centre_investment,,"Data-centre investment story with no emerging-market country named in the title (may still be a mature-market story, e.g. US/EU)."
2026-09-09T13:12:33Z,20260909T101500Z,AI算力爆发驱动光模块AOI设备高增长 国产替代加速 - CFi . CN 中财网,http://www.cfi.net.cn/p20260909000627.html,cfi.net.cn,China,Chinese,data_centre_investment,,"Data-centre investment story with no emerging-market country named in the title (may still be a mature-market story, e.g. US/EU)."
2026-09-09T13:12:33Z,20260909T101500Z, 《 半導體 》 AI儲存需求爆發 群聯8月營收年增377 % 創高 - 財經,https://www.chinatimes.com/realtimenews/20260909004092-260410,chinatimes.com,Taiwan,Chinese,data_centre_investment,,"Data-centre investment story with no emerging-market country named in the title (may still be a mature-market story, e.g. US/EU)."
2026-09-09T13:12:33Z,20260909T101500Z,Ford Finally Sparked Wall Street Interest . But Is It All Hype ? ,https://www.fool.com/investing/2026/09/09/ford-finally-sparked-wall-street-interest-but-is-i/?source=iedfolrf0000001,fool.com,United States,English,data_centre_investment,,"Data-centre investment story with no emerging-market country named in the title (may still be a mature-market story, e.g. US/EU)."
2026-09-09T13:12:33Z,20260909T101500Z,迎来超级周期后 ， 中国光纤如何避免下一轮价格战 ？ ,https://www.163.com/dy/article/L6DDIS7O051481US.html,163.com,China,Chinese,data_centre_investment,,"Data-centre investment story with no emerging-market country named in the title (may still be a mature-market story, e.g. US/EU)."
2026-09-09T13:12:33Z,20260909T101500Z,铠侠CEO太田裕雄 ： 排除与SK海力士深化合作 强调抑制芯片价格飙升 - 商业消费 - ITBear科技资讯,https://www.itbear.com.cn/html/2026-09/1550204.html,itbear.com.cn,China,Chinese,data_centre_investment,,"Data-centre investment story with no emerging-market country named in the title (may still be a mature-market story, e.g. US/EU)."
2026-09-09T13:12:33Z,20260909T101500Z, 《 國際產業 》 谷歌砸重金在芬蘭建AI資料中心 包括22年核電購買 - 財經,https://www.chinatimes.com/realtimenews/20260909004262-260410,chinatimes.com,Taiwan,Chinese,data_centre_investment,,"Data-centre investment story with no emerging-market country named in the title (may still be a mature-market story, e.g. US/EU)."
2026-09-09T13:12:33Z,20260909T094500Z,Burlington to elect 3 new councillors as 2 incumbents challenge sitting mayor in October municipal vote,https://www.cbc.ca/news/canada/hamilton/burlington-mayoral-race-2026-9.7335985,cbc.ca,Canada,English,data_centre_investment,,"Data-centre investment story with no emerging-market country named in the title (may still be a mature-market story, e.g. US/EU)."
2026-09-09T13:12:33Z,20260909T094500Z,Beyond bricks and mortar : Financing the intangible economy,https://jerseyeveningpost.com/business/2026/09/09/beyond-bricks-and-mortar-financing-the-intangible-economy/,jerseyeveningpost.com,United Kingdom,English,data_centre_investment,,"Data-centre investment story with no emerging-market country named in the title (may still be a mature-market story, e.g. US/EU)."
2026-09-09T13:12:33Z,20260909T094500Z,"Sterlite Technologies hits 52 - week high , rises 21 % in four sessions",https://www.business-standard.com/markets/capital-market-news/sterlite-technologies-hits-52-week-high-rises-21-in-four-sessions-126090900814_1.html,business-standard.com,India,English,data_centre_investment,,"Data-centre investment story with no emerging-market country named in the title (may still be a mature-market story, e.g. US/EU)."
2026-09-09T13:12:33Z,20260909T094500Z,Messe Muenchen India and dmg events Announce Partnership to Launch AiX DataWorld 2027,https://www.smetimes.in:443/smetimes/news/pr_newswire/2026/Sep/09/Messe-Muenchen-India-dmg-partnership.html,smetimes.in,India,English,data_centre_investment,,"Data-centre investment story with no emerging-market country named in the title (may still be a mature-market story, e.g. US/EU)."
2026-09-09T13:12:33Z,20260909T094500Z,Google investiert 13 Milliarden Euro in Finnland,https://www.finanzen.ch/nachrichten/aktien/google-investiert-13-milliarden-euro-in-finnland-1036531441,finanzen.ch,Switzerland,German,data_centre_investment,,"Data-centre investment story with no emerging-market country named in the title (may still be a mature-market story, e.g. US/EU)."
2026-09-09T13:12:33Z,20260909T094500Z,南芯科技接待120家机构调研 ， 包括淡水泉 、 国泰海通资管 、 寰宸私募 、 开源证券等,https://finance.jrj.com.cn/2026/09/09170858398889.shtml,finance.jrj.com.cn,China,Chinese,data_centre_investment,,"Data-centre investment story with no emerging-market country named in the title (may still be a mature-market story, e.g. US/EU)."
2026-09-09T13:12:33Z,20260909T094500Z,蚂蚁CEO韩歆毅外滩大会谈  AI新经济 ： 企业必须从降本增效走向价值创造 _ 新浪科技 _ 新浪网,https://finance.sina.com.cn/tech/roll/2026-09-09/doc-inirfqcs5656755.shtml,finance.sina.com.cn,China,Chinese,data_centre_investment,,"Data-centre investment story with no emerging-market country named in the title (may still be a mature-market story, e.g. US/EU)."
2026-09-09T13:12:33Z,20260909T094500Z,COP31 öncesi şirketlerin sürdürülebilirlik yol haritası SAP Forumunda ele alındı,https://www.haberler.com/ekonomi/cop31-oncesi-sirketlerin-surdurulebilirlik-yol-20221581-haberi/,haberler.com,Turkey,Turkish,data_centre_investment,,"Data-centre investment story with no emerging-market country named in the title (may still be a mature-market story, e.g. US/EU)."
2026-09-09T13:12:33Z,20260909T094500Z,重要指标失灵 ， 车企淘汰赛竞争逻辑变了,https://www.163.com/dy/article/L6D9HSJN0534A4SC.html,163.com,China,Chinese,data_centre_investment,,"Data-centre investment story with no emerging-market country named in the title (may still be a mature-market story, e.g. US/EU)."
2026-09-09T13:12:33Z,20260909T094500Z,电科思仪亮相CIOE 2026 ： 从1 . 6T到CPO演进 ， 国产光电测试仪器的突围之路,https://finance.sina.com.cn/tech/roll/2026-09-09/doc-inirfqcs5657034.shtml,finance.sina.com.cn,China,Chinese,data_centre_investment,,"Data-centre investment story with no emerging-market country named in the title (may still be a mature-market story, e.g. US/EU)."
2026-09-09T13:12:33Z,20260909T094500Z,多家上市公司披露光路交换机业务进展 _ 上市公司 _ 资本市场 _ 财经网 - CAIJING . COM . CN,http://stock.caijing.com.cn/20260909/5182569.shtml,stock.caijing.com.cn,China,Chinese,data_centre_investment,,"Data-centre investment story with no emerging-market country named in the title (may still be a mature-market story, e.g. US/EU)."
2026-09-09T13:12:33Z,20260909T094500Z,9月9日周三早间股市信息 _ 中金在线财经号,http://mp.cnfol.com/32111/article/1788915390-142704172,mp.cnfol.com,China,Chinese,data_centre_investment,,"Data-centre investment story with no emerging-market country named in the title (may still be a mature-market story, e.g. US/EU)."
2026-09-09T13:12:33Z,20260909T094500Z,谷歌计划在芬兰投入至少130亿欧元用于AI设施 为其在欧洲最大单笔投资,https://www.163.com/dy/article/L6D6HD7T05198CJN.html,163.com,China,Chinese,data_centre_investment,,"Data-centre investment story with no emerging-market country named in the title (may still be a mature-market story, e.g. US/EU)."
2026-09-09T13:12:33Z,20260909T094500Z,年内股价暴涨超5倍 ！ 华盛昌是如何做到的 ？ _ 个股资讯 _ 市场 _ 中金在线,http://sc.stock.cnfol.com/ggzixun/20260909/32364912.shtml,sc.stock.cnfol.com,China,Chinese,data_centre_investment,,"Data-centre investment story with no emerging-market country named in the title (may still be a mature-market story, e.g. US/EU)."
2026-09-09T13:12:33Z,20260909T094500Z,海博思创荣获2026年  质胜中国  高压级联储能技术创新奖,https://www.stcn.com/article/detail/4178390.html,stcn.com,China,Chinese,data_centre_investment,,"Data-centre investment story with no emerging-market country named in the title (may still be a mature-market story, e.g. US/EU)."
2026-09-09T13:12:33Z,20260909T090000Z,佰维存储获机构调研 ， 包括国金证券 、 中信建投 、 明诚基金 、 固禾基金 、 银华基金等7家机构,https://finance.jrj.com.cn/2026/09/09160858398362.shtml,finance.jrj.com.cn,China,Chinese,data_centre_investment,,"Data-centre investment story with no emerging-market country named in the title (may still be a mature-market story, e.g. US/EU)."
2026-09-09T13:12:33Z,20260909T084500Z,記憶體飆漲恐衝擊AI投資 ！ 鎧俠坦言 「 已經漲夠高了 」 否認與SK海力士合作 | 國際,https://news.ustv.com.tw/newsdetail/20260909A001018?newsall=true&type=104,news.ustv.com.tw,Taiwan,Chinese,data_centre_investment,,"Data-centre investment story with no emerging-market country named in the title (may still be a mature-market story, e.g. US/EU)."
2026-09-09T13:12:33Z,20260909T084500Z,"Koopbank  ın 67  nci kuruluş yıl dönümü - Kıbrıs Gazetesi - Kıbrıs Haber , KKTC Son Dakika ve Gündem Haberleri",https://kibrisgazetesi.com/koopbankin-67nci-kurulus-yil-donumu/,kibrisgazetesi.com,Cyprus,Turkish,data_centre_investment,,"Data-centre investment story with no emerging-market country named in the title (may still be a mature-market story, e.g. US/EU)."
2026-09-09T13:12:33Z,20260909T084500Z,"If You Only Own Nvidia for AI Exposure , Youre Missing Half the Trade . Here the Other Half . ",https://finance.yahoo.com/technology/ai/articles/only-own-nvidia-ai-exposure-210000335.html,finance.yahoo.com,United States,English,data_centre_investment,,"Data-centre investment story with no emerging-market country named in the title (may still be a mature-market story, e.g. US/EU)."
2026-09-09T13:12:33Z,20260909T083000Z,天山南北 ， 传统产业向新向智,https://www.163.com/dy/article/L6C6BJJD0514R9M0.html,163.com,China,Chinese,data_centre_investment,,"Data-centre investment story with no emerging-market country named in the title (may still be a mature-market story, e.g. US/EU)."
2026-09-09T13:12:33Z,20260909T081500Z,"日本手術室統合市場は2035年に4億5 , 560万米ドルへ拡大 、 CAGR 9 . 50 ％ で成長｜スマート手術室 ・ 医療DX ・ AI統合が市場成長を加速",https://japan.cnet.com/release/31205542/,japan.cnet.com,Japan,Japanese,data_centre_investment,,"Data-centre investment story with no emerging-market country named in the title (may still be a mature-market story, e.g. US/EU)."
2026-09-09T13:12:33Z,20260909T081500Z,"  DC 떼고 뭘로 성장하나 … SK브로드밴드 노조 , 분사 대책 요구",https://www.ddaily.co.kr:443/page/view/2026090915061921212,ddaily.co.kr,South Korea,Korean,data_centre_investment,,"Data-centre investment story with no emerging-market country named in the title (may still be a mature-market story, e.g. US/EU)."
2026-09-09T13:12:33Z,20260909T081500Z,全场景智慧健康呼吸解决方案 ， TCL 空调秀出中国制造全球化实力 _ 中华网,https://tech.china.com/articles/20260909/202609091957880.html,tech.china.com,China,Chinese,data_centre_investment,,"Data-centre investment story with no emerging-market country named in the title (may still be a mature-market story, e.g. US/EU)."
2026-09-09T13:12:33Z,20260909T081500Z,"ハイパースケールデータセンター市場 、 2035年3 , 581億8 , 000万米ドル ・ CAGR 23 . 20 ％ へ成長｜AI計算需要 ・ クラウド移行 ・ 大規模データ処理が加速する市場機会",https://japan.cnet.com/release/31205574/,japan.cnet.com,Japan,Japanese,data_centre_investment,,"Data-centre investment story with no emerging-market country named in the title (may still be a mature-market story, e.g. US/EU)."
2026-09-09T13:12:33Z,20260909T081500Z,Амбиции Финляндии по привлечению американских Data - центров рассыпаются из - за нехватки электроэнергии Фонд стратегической культуры,https://fondsk.ru/news/2026/09/09/ambicii-finlyandii-po-privlecheniyu-amerikanskikh-data-centrov-rassypayutsya-iz-za,fondsk.ru,Russia,Russian,data_centre_investment,,"Data-centre investment story with no emerging-market country named in the title (may still be a mature-market story, e.g. US/EU)."
2026-09-09T13:12:33Z,20260909T081500Z,谷歌计划在芬兰投入至少130亿欧元用于AI基建,https://www.163.com/dy/article/L6D6IBKD0511B8LM.html,163.com,China,Chinese,data_centre_investment,,"Data-centre investment story with no emerging-market country named in the title (may still be a mature-market story, e.g. US/EU)."
2026-09-09T13:12:33Z,20260909T081500Z,AIDC 법적 기준은 ?… 하위법령 공개토론회 개최,https://www.ddaily.co.kr:443/page/view/2026090913353522696,ddaily.co.kr,South Korea,Korean,data_centre_investment,,"Data-centre investment story with no emerging-market country named in the title (may still be a mature-market story, e.g. US/EU)."
2026-09-09T13:12:33Z,20260909T081500Z,"SK에코플랜트 , 이집트 그린수소 사업 결국 접었다친환경서 반도체로 선회",https://newsway.co.kr/news/view?ud=2026090915253509239,newsway.co.kr,South Korea,Korean,data_centre_investment,,"Data-centre investment story with no emerging-market country named in the title (may still be a mature-market story, e.g. US/EU)."
2026-09-09T13:12:33Z,20260909T081500Z,"구글 , 핀란드에 20조원 AI 투자 … 유럽 사업 사상 최대  ",https://www.edaily.co.kr/News/Read?newsId=04175446645578480&mediaCodeNo=257,edaily.co.kr,South Korea,Korean,data_centre_investment,,"Data-centre investment story with no emerging-market country named in the title (may still be a mature-market story, e.g. US/EU)."
2026-09-09T13:12:33Z,20260909T081500Z,  중동 악재 뚫고 코스피 7000선 회복 … SK하이닉스 · LG엔솔 급등,https://www.ddaily.co.kr:443/page/view/2026090915502330745,ddaily.co.kr,South Korea,Korean,data_centre_investment,,"Data-centre investment story with no emerging-market country named in the title (may still be a mature-market story, e.g. US/EU)."
2026-09-09T13:12:33Z,20260909T081500Z,  以光代电  赋能自主可控算力 ， 孛璞半导体国产OCS全光交换机亮相CIOE _ 中文科技资讯 ,https://www.citnews.com.cn/news/221605,citnews.com.cn,China,Chinese,data_centre_investment,,"Data-centre investment story with no emerging-market country named in the title (may still be a mature-market story, e.g. US/EU)."
2026-09-09T13:12:33Z,20260909T081500Z,"  AIDC 특례 기준 , AI장비 전력비율로 구분 … 인허가 일괄처리는  선택 패키지  로",https://www.ddaily.co.kr:443/page/view/2026090915325195234,ddaily.co.kr,South Korea,Korean,data_centre_investment,,"Data-centre investment story with no emerging-market country named in the title (may still be a mature-market story, e.g. US/EU)."
2026-09-09T13:12:33Z,20260909T081500Z,AI 데이터센터 광섬유 수요 기대감↑광통신株  들썩  ,https://newsway.co.kr/news/view?ud=2026090909182255619,newsway.co.kr,South Korea,Korean,data_centre_investment,,"Data-centre investment story with no emerging-market country named in the title (may still be a mature-market story, e.g. US/EU)."
2026-09-09T13:12:33Z,20260909T081500Z,AI datacentres pose growing threat to electricity systems worldwide,https://www.globalissues.org/news/2026/09/08/43998,globalissues.org,United States,English,data_centre_investment,,"Data-centre investment story with no emerging-market country named in the title (may still be a mature-market story, e.g. US/EU)."
2026-09-09T13:12:33Z,20260909T081500Z,"Metinė infliacija rugpjūtį siekė 5 , 6 %; Seimo pirmininkas : yra daug priekaištų ESO",https://www.vz.lt/verslo-aplinka/2026/09/08/siandien-vyriausybe-tvirtins-programos-igyvendinimo-plana-norvegijoje-bus-palaidotas-karalius-haraldas-v-589770,vz.lt,Lithuania,Lithuanian,data_centre_investment,,"Data-centre investment story with no emerging-market country named in the title (may still be a mature-market story, e.g. US/EU)."
2026-09-09T13:12:33Z,20260909T081500Z,D - Wave und Rigetti : Jetzt ist es fix ! Quantenmarkt wächst 900 Prozent bis 2035,https://www.deraktionaer.de/artikel/aktien/d-wave-und-rigetti-jetzt-ist-es-fix-quantenmarkt-waechst-900-prozent-bis-2035-20408338.html,deraktionaer.de,Germany,German,data_centre_investment,,"Data-centre investment story with no emerging-market country named in the title (may still be a mature-market story, e.g. US/EU)."
2026-09-09T13:12:33Z,20260909T081500Z,大基建 ， 又一个  4万亿  来了 _ 凤凰网,https://finance.ifeng.com/c/8wHMqrTDYWO,finance.ifeng.com,China,Chinese,data_centre_investment,,"Data-centre investment story with no emerging-market country named in the title (may still be a mature-market story, e.g. US/EU)."
2026-09-09T13:12:33Z,20260909T081500Z,충남 당진에 100㎿ AI 데이터센터 짓는다 … 2029년까지 1조2405억 투입,https://www.ddaily.co.kr:443/page/view/2026090913352074608,ddaily.co.kr,South Korea,Korean,data_centre_investment,,"Data-centre investment story with no emerging-market country named in the title (may still be a mature-market story, e.g. US/EU)."
2026-09-09T13:12:33Z,20260909T080000Z,"Madhya Pradesh CM Mohan Yadav gets investment proposals worth over ₹53 , 000 crore in Dubai",https://www.hindustantimes.com/genesis/madhya-pradesh-cm-mohan-yadav-gets-investment-proposals-worth-over-rs-53-000-crore-in-dubai-101788937358869.html,hindustantimes.com,India,English,data_centre_investment,,"Data-centre investment story with no emerging-market country named in the title (may still be a mature-market story, e.g. US/EU)."
2026-09-09T13:12:33Z,20260909T080000Z,京东发力物理AI ： 十万卡算力集群筑基 ， 多领域成果落地赋能实体经济 - 业界动态 - ITBear科技资讯,https://www.itbear.com.cn/html/2026-09/1549889.html,itbear.com.cn,China,Chinese,data_centre_investment,,"Data-centre investment story with no emerging-market country named in the title (may still be a mature-market story, e.g. US/EU)."
2026-09-09T13:12:33Z,20260909T080000Z,京东重磅宣布 ！ 杀入  物理AI  剑指六个  全球最大  _ 东方财富网,https://finance.eastmoney.com/a/202609093869244098.html,finance.eastmoney.com,China,Chinese,data_centre_investment,,"Data-centre investment story with no emerging-market country named in the title (may still be a mature-market story, e.g. US/EU)."
2026-09-09T13:12:33Z,20260909T080000Z,Nuclear Stocks To Keep An Eye On – September 6th,https://www.dailypolitical.com/2026/09/09/nuclear-stocks-to-keep-an-eye-on-september-6th.html,dailypolitical.com,United States,English,data_centre_investment,,"Data-centre investment story with no emerging-market country named in the title (may still be a mature-market story, e.g. US/EU)."
2026-09-09T13:12:33Z,20260909T080000Z,京东 ： 将建成全球最大的具身智能数据采集中心,https://www.163.com/dy/article/L6D60PLN055284JB.html,163.com,China,Chinese,data_centre_investment,,"Data-centre investment story with no emerging-market country named in the title (may still be a mature-market story, e.g. US/EU)."
2026-09-09T13:12:33Z,20260909T080000Z,Titan Machinery ( TITN ) Margins Improve While Losses Keep Growing,https://www.insidermonkey.com/blog/titan-machinerys-titn-margins-improve-while-losses-keep-growing-1834364/,insidermonkey.com,United States,English,data_centre_investment,,"Data-centre investment story with no emerging-market country named in the title (may still be a mature-market story, e.g. US/EU)."
2026-09-09T13:12:33Z,20260909T080000Z,京东全球科技探索者大会 ： AI基建发力 规划十万卡集群助力机器人产业腾飞 - 业界动态 - ITBear科技资讯,https://www.itbear.com.cn/html/2026-09/1549873.html,itbear.com.cn,China,Chinese,data_centre_investment,,"Data-centre investment story with no emerging-market country named in the title (may still be a mature-market story, e.g. US/EU)."
2026-09-09T13:12:33Z,20260909T080000Z,"MP gets ₹53 , 000 crore investment proposals during CM Yadav UAE visit",https://www.thehindubusinessline.com/news/mp-gets-53000-crore-investment-proposals-during-cm-yadavs-uae-visit/article71445958.ece,thehindubusinessline.com,India,English,data_centre_investment,,"Data-centre investment story with no emerging-market country named in the title (may still be a mature-market story, e.g. US/EU)."
2026-09-09T13:12:33Z,20260909T080000Z,"Mamdani objavio tajne spise o 11 . rujna . Zrak bio opasan , deseci tisuća dobili rak",https://www.index.hr/vijesti/clanak/mamdani-objavio-tajne-spise-o-11-rujna-zrak-bio-opasan-deseci-tisuca-dobili-rak/2832499.aspx,index.hr,Croatia,Croatian,data_centre_investment,,"Data-centre investment story with no emerging-market country named in the title (may still be a mature-market story, e.g. US/EU)."
2026-09-09T13:12:33Z,20260909T080000Z,视频丨依托AI抢占服贸新赛道 总台记者探访  智算  词元工厂,https://baijiahao.baidu.com/s?id=1875837166239942803,baijiahao.baidu.com,China,Chinese,data_centre_investment,,"Data-centre investment story with no emerging-market country named in the title (may still be a mature-market story, e.g. US/EU)."
2026-09-09T13:12:33Z,20260909T080000Z,京东发力物理AI ： 以  超级AI供应链  为基 ， 剑指六大全球之最 - 业界动态 - ITBear科技资讯,https://www.itbear.com.cn/html/2026-09/1549881.html,itbear.com.cn,China,Chinese,data_centre_investment,,"Data-centre investment story with no emerging-market country named in the title (may still be a mature-market story, e.g. US/EU)."
2026-09-09T13:12:33Z,20260909T080000Z,Mass . Gov . Maura Healey signs executive order requiring local approval for data center development,https://hanfordsentinel.com/news/national/mass-gov-maura-healey-signs-executive-order-requiring-local-approval-for-data-center-development/article_7994590a-9cfa-56db-a875-53eb8dc1248b.html,hanfordsentinel.com,United States,English,data_centre_investment,,"Data-centre investment story with no emerging-market country named in the title (may still be a mature-market story, e.g. US/EU)."
2026-09-09T13:12:33Z,20260909T080000Z,Harworth to abandon residential market as it fends off Peel Group bid,https://www.aol.co.uk/articles/harworth-abandon-residential-market-fends-072818000.html,aol.co.uk,United Kingdom,English,data_centre_investment,,"Data-centre investment story with no emerging-market country named in the title (may still be a mature-market story, e.g. US/EU)."
2026-09-09T13:12:33Z,20260909T080000Z,The Bond Market Sell - Off Is Appearing in Earnings Reports,https://finance.yahoo.com/markets/stocks/articles/bond-market-sell-off-appearing-203508496.html,finance.yahoo.com,United States,English,data_centre_investment,,"Data-centre investment story with no emerging-market country named in the title (may still be a mature-market story, e.g. US/EU)."
2026-09-09T13:12:33Z,20260909T080000Z,表 ） 存股族8月定期定額狂扣368億 ！ 0050 、 0056單月增5 . 7萬戶 兩檔占前20大逾半 | 財經,https://newtalk.tw/news/view/2026-09-09/1058737,newtalk.tw,Taiwan,Chinese,data_centre_investment,,"Data-centre investment story with no emerging-market country named in the title (may still be a mature-market story, e.g. US/EU)."
2026-09-09T13:12:33Z,20260909T074500Z,Platinum market surplus of 265 koz forecast for 2026 - inventories remain critically depleted following three consecutive years of significant deficit,https://www.thewhig.com/press-releases/pr-newswire/platinum-market-surplus-of-265-koz-forecast-for-2026-inventories-remain-critically-depleted-following-three-consecutive-years-of-significant-deficit/,thewhig.com,Canada,English,data_centre_investment,,"Data-centre investment story with no emerging-market country named in the title (may still be a mature-market story, e.g. US/EU)."
2026-09-09T13:12:33Z,20260909T074500Z,  以光代电  赋能自主可控算力 ， 孛璞半导体国产OCS全光交换机亮相CIOE - 热点资讯 - ITBear科技资讯,https://www.itbear.com.cn/html/2026-09/1549800.html,itbear.com.cn,China,Chinese,data_centre_investment,,"Data-centre investment story with no emerging-market country named in the title (may still be a mature-market story, e.g. US/EU)."
2026-09-09T13:12:33Z,20260909T073000Z,海外 ， 两个重要消息发酵 ！ ,https://www.163.com/dy/article/L6D3HBAE05199SS5.html,163.com,China,Chinese,data_centre_investment,,"Data-centre investment story with no emerging-market country named in the title (may still be a mature-market story, e.g. US/EU)."
2026-09-09T13:12:33Z,20260909T071500Z,"ESDS Software shares rally 10 %, skyrocket 235 % from IPO price in 4 days . Should you buy or sell ? ",https://economictimes.indiatimes.com/markets/stocks/news/esds-software-shares-price-jumps-10-skyrockets-235-from-ipo-price-in-4-days-should-you-buy-or-sell/articleshow/133954055.cms,economictimes.indiatimes.com,India,English,data_centre_investment,,"Data-centre investment story with no emerging-market country named in the title (may still be a mature-market story, e.g. US/EU)."
2026-09-09T13:12:33Z,20260909T071500Z,"데이터센터 80여 건 설계 경험 모은다 … 간삼건축 , AI 인프라 모듈화 추진",https://biz.heraldcorp.com/article/10867973,biz.heraldcorp.com,South Korea,Korean,data_centre_investment,,"Data-centre investment story with no emerging-market country named in the title (may still be a mature-market story, e.g. US/EU)."
2026-09-09T13:12:33Z,20260909T071500Z,탈주택 나선 건설사들 … 성적표는  극과 극  ,http://inews24.com/view/2003657,inews24.com,,Korean,data_centre_investment,,"Data-centre investment story with no emerging-market country named in the title (may still be a mature-market story, e.g. US/EU)."
2026-09-09T13:12:33Z,20260909T071500Z,算力之后 ， 存储成为AI应用落地的  胜负手  |内存|闪存|三星|ssd|nand|固态硬盘,https://www.163.com/dy/article/L6D2SHN105118O92.html,163.com,China,Chinese,data_centre_investment,,"Data-centre investment story with no emerging-market country named in the title (may still be a mature-market story, e.g. US/EU)."
2026-09-09T13:12:33Z,20260909T071500Z,"BS그룹 - KB금융 ,  생산적 금융  손잡았다 … 미래성장 분야협력 강화",https://biz.heraldcorp.com/article/10867976,biz.heraldcorp.com,South Korea,Korean,data_centre_investment,,"Data-centre investment story with no emerging-market country named in the title (may still be a mature-market story, e.g. US/EU)."
2026-09-09T13:12:33Z,20260909T070000Z,Big Tech Backlash Emerges as Rare Bipartisan Common Ground – NaturalNews . com,https://www.naturalnews.com/2026-09-08-big-tech-backlash-rare-bipartisan-common-ground.html,naturalnews.com,United States,English,data_centre_investment,,"Data-centre investment story with no emerging-market country named in the title (may still be a mature-market story, e.g. US/EU)."
2026-09-09T13:12:33Z,20260909T070000Z,Bitcoin - Mining - Rechenzentrum steht vor Gericht – 11 Millionen Liter Wasser verloren und Schulen geschlossen,https://www.focus.de/panorama/welt/bitcoin-mining-rechenzentrum-steht-vor-gericht-11-millionen-liter-wasser-verloren-und-schulen-geschlossen_955502f0-31a4-4d25-b798-b75df364ad10.html,focus.de,Germany,German,data_centre_investment,,"Data-centre investment story with no emerging-market country named in the title (may still be a mature-market story, e.g. US/EU)."
2026-09-09T13:12:33Z,20260909T070000Z,Latest Dell Technologies Research Reveals that AI Ambition Outpaces Readiness Across Singapore,https://www.manilatimes.net/2026/09/09/tmt-newswire/pr-newswire/latest-dell-technologies-research-reveals-that-ai-ambition-outpaces-readiness-across-singapore/2421207,manilatimes.net,Philippines,English,data_centre_investment,,"Data-centre investment story with no emerging-market country named in the title (may still be a mature-market story, e.g. US/EU)."
2026-09-09T13:12:33Z,20260909T070000Z,中国云厂商资本开支转向智能算力 ， BAT二季度资本开支同比增105 %， 长期投入仍较美国同业克制,https://finance.jrj.com.cn/2026/09/09143458397126.shtml,finance.jrj.com.cn,China,Chinese,data_centre_investment,,"Data-centre investment story with no emerging-market country named in the title (may still be a mature-market story, e.g. US/EU)."
2026-09-09T13:12:33Z,20260909T070000Z,算力之后 ， 存储成为AI应用落地的  胜负手 - 钛媒体官方网站,https://www.tmtpost.com/8133976.html,tmtpost.com,China,Chinese,data_centre_investment,,"Data-centre investment story with no emerging-market country named in the title (may still be a mature-market story, e.g. US/EU)."
2026-09-09T13:12:33Z,20260909T070000Z,Should Kiowa data center proposal go to a vote of the people ? ,https://ktul.com/news/local/should-kiowa-data-center-proposal-go-to-a-vote-of-the-people,ktul.com,United States,English,data_centre_investment,,"Data-centre investment story with no emerging-market country named in the title (may still be a mature-market story, e.g. US/EU)."
2026-09-09T13:12:33Z,20260909T070000Z,长源东谷 ( 603950 )： 传统动力基本盘稳固 燃气轮机 、 柴发等AI业务放量在即 __ 新浪财经 _ 新浪网,http://stock.finance.sina.com.cn/stock/go.php/vReport_Show/kind/lastest/rptid/842265894010/index.phtml,stock.finance.sina.com.cn,China,Chinese,data_centre_investment,,"Data-centre investment story with no emerging-market country named in the title (may still be a mature-market story, e.g. US/EU)."
2026-09-09T13:12:33Z,20260909T070000Z,海上核電新創募資 5 千萬美元 加速小型模組化反應爐部署,https://n.yam.com/Article/20260909134918,n.yam.com,Taiwan,Chinese,data_centre_investment,,"Data-centre investment story with no emerging-market country named in the title (may still be a mature-market story, e.g. US/EU)."
2026-09-09T13:12:33Z,20260909T070000Z,Nvidia Earnings Blow Everyone Away | The Motley Fool,https://www.fool.com/investing/2026/09/08/nvidia-earnings-blow-everyone-away/?source=iedfolrf0000001,fool.com,United States,English,data_centre_investment,,"Data-centre investment story with no emerging-market country named in the title (may still be a mature-market story, e.g. US/EU)."
2026-09-09T13:12:33Z,20260909T070000Z,Jensen Huang AI Capex Pulse Check | The Motley Fool,https://www.fool.com/investing/2026/09/08/jensen-huangs-ai-capex-pulse-check/?source=iedfolrf0000001,fool.com,United States,English,data_centre_investment,,"Data-centre investment story with no emerging-market country named in the title (may still be a mature-market story, e.g. US/EU)."
2026-09-09T13:12:33Z,20260909T070000Z,打造10万卡国产算力集群推出JoyAI世界模型 ， 京东发布物理AI建设最新成果,https://finance.sina.com.cn/roll/2026-09-09/doc-inirfcpy3868429.shtml,finance.sina.com.cn,China,Chinese,data_centre_investment,,"Data-centre investment story with no emerging-market country named in the title (may still be a mature-market story, e.g. US/EU)."
2026-09-09T13:12:33Z,20260909T070000Z,"오픈AI , 한국서 AI 추론한다 … 데이터센터 구축 추진 ( 종합 ) ",https://www.edaily.co.kr/News/Read?newsId=03909766645578480&mediaCodeNo=257,edaily.co.kr,South Korea,Korean,data_centre_investment,,"Data-centre investment story with no emerging-market country named in the title (may still be a mature-market story, e.g. US/EU)."
2026-09-09T13:12:33Z,20260909T064500Z,擴大風光儲整合布局 星星電力攜手風睿能源再簽海廣風電CPPA,https://ec.ltn.com.tw/article/breakingnews/5568186,ec.ltn.com.tw,Taiwan,Chinese,data_centre_investment,,"Data-centre investment story with no emerging-market country named in the title (may still be a mature-market story, e.g. US/EU)."
2026-09-09T13:12:33Z,20260909T064500Z,Bloom Energy ( NYSE : BE ) Upgraded at Wall Street Zen,https://www.themarketsdaily.com/2026/09/09/bloom-energy-nysebe-upgraded-at-wall-street-zen.html,themarketsdaily.com,United States,English,data_centre_investment,,"Data-centre investment story with no emerging-market country named in the title (may still be a mature-market story, e.g. US/EU)."
2026-09-09T13:12:33Z,20260909T064500Z,从巴厘岛到内罗毕 ， 白山云加速走进全球数字基础设施新现场 _ 中华网,https://hea.china.com/articles/20260909/202609091957771.html,hea.china.com,China,Chinese,data_centre_investment,,"Data-centre investment story with no emerging-market country named in the title (may still be a mature-market story, e.g. US/EU)."
2026-09-09T13:12:33Z,20260909T064500Z,搶攻中階企業 AI 儲存缺口 ！ 廣盛科技 8 / 20 以每股 268 元登錄興櫃,https://technews.tw/2026/08/18/ksm/,technews.tw,Taiwan,Chinese,data_centre_investment,,"Data-centre investment story with no emerging-market country named in the title (may still be a mature-market story, e.g. US/EU)."
2026-09-09T13:12:33Z,20260909T063000Z,  The sites are ready : Power giant wants AI data centres built at its coal plants,https://www.smh.com.au/business/companies/the-sites-are-ready-power-giant-wants-ai-data-centres-built-at-its-coal-plants-20260909-p60vsi.html,smh.com.au,Australia,English,data_centre_investment,,"Data-centre investment story with no emerging-market country named in the title (may still be a mature-market story, e.g. US/EU)."
2026-09-09T13:12:33Z,20260909T063000Z,"AI 데이터센터 특별법 내년 3월 시행 … 정부 , 인허가 · 전력 특례 구체화한다",https://zdnet.co.kr/view/?no=20260909092327,zdnet.co.kr,South Korea,Korean,data_centre_investment,,"Data-centre investment story with no emerging-market country named in the title (may still be a mature-market story, e.g. US/EU)."
2026-09-09T13:12:33Z,20260909T063000Z,Panel on data centers draws passionate crowd at SVSU,https://www.abc12.com/news/panel-on-data-centers-draws-passionate-crowd-at-svsu/article_68dfa769-6b04-41f4-8424-67d8afb2cd8f.html,abc12.com,United States,English,data_centre_investment,,"Data-centre investment story with no emerging-market country named in the title (may still be a mature-market story, e.g. US/EU)."
2026-09-09T13:12:33Z,20260909T063000Z,Platinum market surplus of 265 koz forecast for 2026 - inventories remain critically depleted following three consecutive years of significant deficit,https://leaderpost.com/press-releases/pr-newswire/platinum-market-surplus-of-265-koz-forecast-for-2026-inventories-remain-critically-depleted-following-three-consecutive-years-of-significant-deficit/,leaderpost.com,Canada,English,data_centre_investment,,"Data-centre investment story with no emerging-market country named in the title (may still be a mature-market story, e.g. US/EU)."
2026-09-09T13:12:33Z,20260909T063000Z,"충남도 , 당진에 AI 데이터센터 건립 … 1조2405억 투입 산업 생태계 확대",https://www.etnews.com/20260909000033,etnews.com,South Korea,Korean,data_centre_investment,,"Data-centre investment story with no emerging-market country named in the title (may still be a mature-market story, e.g. US/EU)."
2026-09-09T13:12:33Z,20260909T063000Z,Europe AI Revolution Runs on Public Infrastructure,https://www.socialeurope.eu/europes-ai-revolution-runs-on-public-infrastructure,socialeurope.eu,United Kingdom,English,data_centre_investment,,"Data-centre investment story with no emerging-market country named in the title (may still be a mature-market story, e.g. US/EU)."
2026-09-09T13:12:33Z,20260909T063000Z,  The sites are ready : Power giant wants AI data centres built at its coal plants,https://www.theage.com.au/business/companies/the-sites-are-ready-power-giant-wants-ai-data-centres-built-at-its-coal-plants-20260909-p60vsi.html,theage.com.au,Australia,English,data_centre_investment,,"Data-centre investment story with no emerging-market country named in the title (may still be a mature-market story, e.g. US/EU)."
2026-09-09T13:12:33Z,20260909T063000Z,"Mamdani objavio tajne spise o 11 . rujna . Zrak bio opasan , deseci tisuća dobili rak",https://www.index.hr/vijesti/clanak/mamdani-objavio-tajne-spise-o-11-rujna-zrak-bio-opasan-deseci-tisuca-dobili-rak/2832499.aspx?index_tid=1148483&index_ref=naslovnica_vijesti_ostalo_d_0,index.hr,Croatia,Croatian,data_centre_investment,,"Data-centre investment story with no emerging-market country named in the title (may still be a mature-market story, e.g. US/EU)."
2026-09-09T13:12:33Z,20260909T063000Z,Secret Tassie AI data centre plans exposed in new document | The Examiner,https://www.examiner.com.au/story/9346904/secret-tassie-ai-data-centre-plans-exposed-in-new-document/,examiner.com.au,Australia,English,data_centre_investment,,"Data-centre investment story with no emerging-market country named in the title (may still be a mature-market story, e.g. US/EU)."
2026-09-09T13:12:33Z,20260909T063000Z,이용우 부여군수  지방의 일방적 희생 용납 못 해  ,https://www.ohmynews.com/NWS_Web/View/at_pg.aspx?CNTN_CD=A0003265977&PAGE_CD=N0002&BLCK_NO=&CMPT_CD=M0147,ohmynews.com,South Korea,Korean,data_centre_investment,,"Data-centre investment story with no emerging-market country named in the title (may still be a mature-market story, e.g. US/EU)."
2026-09-09T13:12:33Z,20260909T063000Z,Allentown planners examine developer changes to Emaus Avenue data center proposal | Allentown Area,https://www.wfmz.com/news/area/lehighvalley/lehigh-county/allentown-area/allentown-planners-examine-developer-s-changes-to-emaus-avenue-data-center-proposal/article_82e86912-d655-48ab-a45f-4fbb511adc49.html,wfmz.com,United States,English,data_centre_investment,,"Data-centre investment story with no emerging-market country named in the title (may still be a mature-market story, e.g. US/EU)."
2026-09-09T13:12:33Z,20260909T063000Z,多家上市公司披露光路交换机业务进展 _ 上市公司 _ 资本市场 _ 财经网 - CAIJING . COM . CN,http://stock.caijing.com.cn/20260909/5182580.shtml,stock.caijing.com.cn,China,Chinese,data_centre_investment,,"Data-centre investment story with no emerging-market country named in the title (may still be a mature-market story, e.g. US/EU)."
2026-09-09T13:12:33Z,20260909T063000Z,"퀄컴 , 아마존과 10년간 80조원 AI 데이터센터 칩 공급 협약",https://www.etnews.com/20260909000175,etnews.com,South Korea,Korean,data_centre_investment,,"Data-centre investment story with no emerging-market country named in the title (may still be a mature-market story, e.g. US/EU)."
2026-09-09T13:12:33Z,20260909T063000Z,"दुबई में एमपी को मिले बंपर निवेश के प्रस्ताव , 53000 करोड़ रुपए के पार की है योजना , सीएम मोहन ने कहा - वेलकम टू MP",https://navbharattimes.indiatimes.com/state/madhya-pradesh/bhopal/mp-receives-massive-investment-proposals-in-dubai-plans-exceed-53000-crore-cm-mohan-says-welcome-to-mp/articleshow/133955197.cms,navbharattimes.indiatimes.com,India,Hindi,data_centre_investment,,"Data-centre investment story with no emerging-market country named in the title (may still be a mature-market story, e.g. US/EU)."
2026-09-09T13:12:33Z,20260909T063000Z,  The sites are ready : Power giant wants AI data centres built at its coal plants,https://www.brisbanetimes.com.au/business/companies/the-sites-are-ready-power-giant-wants-ai-data-centres-built-at-its-coal-plants-20260909-p60vsi.html,brisbanetimes.com.au,Australia,English,data_centre_investment,,"Data-centre investment story with no emerging-market country named in the title (may still be a mature-market story, e.g. US/EU)."
2026-09-09T13:12:33Z,20260909T063000Z,"Mamdani objavio tajne spise o 11 . rujna . Zrak bio opasan , deseci tisuća dobili rak",https://www.index.hr/vijesti/clanak/mamdani-objavio-tajne-spise-o-11-rujna-zrak-bio-opasan-deseci-tisuca-dobili-rak/2832499.aspx?index_tid=1148483&index_ref=naslovnica_vijesti_najnovije_d,index.hr,Croatia,Croatian,data_centre_investment,,"Data-centre investment story with no emerging-market country named in the title (may still be a mature-market story, e.g. US/EU)."
2026-09-09T13:12:33Z,20260909T063000Z,OpenAI与三星深化合作 ， 联合研发下一代芯片,https://www.163.com/dy/article/L6D0IVB90550WHYR.html,163.com,China,Chinese,data_centre_investment,,"Data-centre investment story with no emerging-market country named in the title (may still be a mature-market story, e.g. US/EU)."
2026-09-09T13:12:33Z,20260909T061500Z,Platinum market surplus of 265 koz forecast for 2026 - inventories remain critically depleted following three consecutive years of significant deficit,http://www.prnewswire.com/news-releases/platinum-market-surplus-of-265-koz-forecast-for-2026--inventories-remain-critically-depleted-following-three-consecutive-years-of-significant-deficit-302872770.html,prnewswire.com,United States,English,data_centre_investment,,"Data-centre investment story with no emerging-market country named in the title (may still be a mature-market story, e.g. US/EU)."
2026-09-09T13:12:33Z,20260909T061500Z,韓國核電輸美背後戰略盤算 築經貿保護傘兼解AI電荒 | 產經,https://www.cna.com.tw/news/afe/202609090133.aspx,cna.com.tw,Taiwan,Chinese,data_centre_investment,,"Data-centre investment story with no emerging-market country named in the title (may still be a mature-market story, e.g. US/EU)."
2026-09-09T13:12:33Z,20260909T061500Z,壁仞科技与上海大学共建  集成电路智能芯片联合实验室  ,https://www.163.com/dy/article/L6CUV8GC0511RIVP.html,163.com,China,Chinese,data_centre_investment,,"Data-centre investment story with no emerging-market country named in the title (may still be a mature-market story, e.g. US/EU)."
2026-09-09T13:12:33Z,20260909T061500Z,广东韶关 ： 扩大算力基础设施规模 推动联通与腾讯尽快签约确定新增50MW算力规模,https://www.163.com/dy/article/L6CVJQ4D053469RG.html,163.com,China,Chinese,data_centre_investment,,"Data-centre investment story with no emerging-market country named in the title (may still be a mature-market story, e.g. US/EU)."
2026-09-09T13:12:33Z,20260909T061500Z,47 . 5万人 ， 在贵州  数  未来 贵州数字热土上的人才集聚,https://baijiahao.baidu.com/s?id=1875823608736287900,baijiahao.baidu.com,China,Chinese,data_centre_investment,,"Data-centre investment story with no emerging-market country named in the title (may still be a mature-market story, e.g. US/EU)."
2026-09-09T13:12:33Z,20260909T061500Z,TikTok获芬兰新数据中心容储备容量 | 财经,https://www.orientaldaily.com.my/news/business/2026/09/09/846512,orientaldaily.com.my,Malaysia,Chinese,data_centre_investment,,"Data-centre investment story with no emerging-market country named in the title (may still be a mature-market story, e.g. US/EU)."
2026-09-09T13:12:33Z,20260909T054500Z,京东云与摩尔线程共建十万卡国产智算集群,https://www.163.com/dy/article/L6CTEB0C05129QAF.html,163.com,China,Chinese,data_centre_investment,,"Data-centre investment story with no emerging-market country named in the title (may still be a mature-market story, e.g. US/EU)."
2026-09-09T13:12:33Z,20260909T054500Z,绿色创新成中国企业开展国际合作新热点 - 环球新闻,http://news.fjsen.com/2026-09/09/content_32249907.htm,news.fjsen.com,China,Chinese,data_centre_investment,,"Data-centre investment story with no emerging-market country named in the title (may still be a mature-market story, e.g. US/EU)."
2026-09-09T13:12:33Z,20260909T054500Z,"Mercury opens Kaiwera Downs Stage 2 , completes South Island biggest wind farm",https://www.nzherald.co.nz/business/companies/energy/mercury-opens-kaiwera-downs-stage-2-completes-south-islands-biggest-wind-farm/F3ISGMMBCZBU7A6RWW6S6KQQNQ/,nzherald.co.nz,New Zealand,English,data_centre_investment,,"Data-centre investment story with no emerging-market country named in the title (may still be a mature-market story, e.g. US/EU)."
2026-09-09T13:12:33Z,20260909T054500Z,TUTK Helps Indian Security Customers Achieve STQC Cybersecurity Certification,https://aninews.in/news/business/tutk-helps-indian-security-customers-achieve-stqc-cybersecurity-certification20260909105354/,aninews.in,India,English,data_centre_investment,,"Data-centre investment story with no emerging-market country named in the title (may still be a mature-market story, e.g. US/EU)."
2026-09-09T13:12:33Z,20260909T054500Z,"One Million Jobs , Zero Apocalypse : How AI Is Outpacing Layoffs and Rewriting the Labor Market",https://freerepublic.com/focus/f-news/4394783/posts,freerepublic.com,United States,English,data_centre_investment,,"Data-centre investment story with no emerging-market country named in the title (may still be a mature-market story, e.g. US/EU)."
2026-09-09T13:12:33Z,20260909T053000Z,200亿多光谱蓝海市场 ： 给物理AI造  眼睛 - DoNews专栏,https://www.donews.com/article/detail/6956/107031.html,donews.com,China,Chinese,data_centre_investment,,"Data-centre investment story with no emerging-market country named in the title (may still be a mature-market story, e.g. US/EU)."
2026-09-09T13:12:33Z,20260909T053000Z,你买手机多花的1000块 ， 是AI时代的  算力税  _ 光明网,https://tech.gmw.cn/2026-09/09/content_38991853.htm,tech.gmw.cn,China,Chinese,data_centre_investment,,"Data-centre investment story with no emerging-market country named in the title (may still be a mature-market story, e.g. US/EU)."
2026-09-09T13:12:33Z,20260909T053000Z,DeepSeek下调Flash系列模型定价 ， 最高降幅60 %， 人工智能主题指数盘初涨超1 % 后回落,https://www.163.com/dy/article/L6CRPJVC0534A4SC.html,163.com,China,Chinese,data_centre_investment,,"Data-centre investment story with no emerging-market country named in the title (may still be a mature-market story, e.g. US/EU)."
2026-09-09T13:12:33Z,20260909T053000Z,通信行业的五年规划 ， 为什么要把目光投向太空 ？ _ 光明网,https://tech.gmw.cn/2026-09/09/content_38991913.htm,tech.gmw.cn,China,Chinese,data_centre_investment,,"Data-centre investment story with no emerging-market country named in the title (may still be a mature-market story, e.g. US/EU)."
2026-09-09T13:12:33Z,20260909T053000Z,FuelCell ( FCEL ) Reported $1 . 3B of Committed Backlog and $2 . 3B of Awarded Capacity Backlog . How Much Can Become Profitable Revenue ? ,https://www.insidermonkey.com/blog/fuelcell-fcel-reported-1-3b-of-committed-backlog-and-2-3b-of-awarded-capacity-backlog-how-much-can-become-profitable-revenue-1826794/,insidermonkey.com,United States,English,data_centre_investment,,"Data-centre investment story with no emerging-market country named in the title (may still be a mature-market story, e.g. US/EU)."
2026-09-09T13:12:33Z,20260909T053000Z,量化交易巨头 ： 存储芯片已稳坐  半导体王座 ， 看好美光和闪迪 ！ |闪存|英伟达|dram,https://www.163.com/dy/article/L6CNHO2T05198CJN.html,163.com,China,Chinese,data_centre_investment,,"Data-centre investment story with no emerging-market country named in the title (may still be a mature-market story, e.g. US/EU)."
2026-09-09T13:12:33Z,20260909T053000Z,Data centers  : les illusions de la récupération de chaleur,https://www.alternatives-economiques.fr/data-centers-les-illusions-de-la-recuperation-de-chaleur_09-09-2026,alternatives-economiques.fr,France,French,data_centre_investment,,"Data-centre investment story with no emerging-market country named in the title (may still be a mature-market story, e.g. US/EU)."
2026-09-09T13:12:33Z,20260909T053000Z,京东云总裁曹鹏 ： 将与摩尔线程等合作建设十万卡国产算力集群,https://www.163.com/dy/article/L6CSFJH605129QAF.html,163.com,China,Chinese,data_centre_investment,,"Data-centre investment story with no emerging-market country named in the title (may still be a mature-market story, e.g. US/EU)."
2026-09-09T13:12:33Z,20260909T053000Z,"Bitdeer AI Sells Out 9 . 5MW Malaysia Site For Over $800M , Closing the Final Half Just 12 Days Later",https://www.zerohedge.com/sponsored-post/bitdeer-ai-sells-out-95mw-malaysia-site-over-800m-closing-final-half-just-12-days,zerohedge.com,United States,English,data_centre_investment,,"Data-centre investment story with no emerging-market country named in the title (may still be a mature-market story, e.g. US/EU)."
2026-09-09T13:12:33Z,20260909T053000Z,Vertiv ( VRT ) Signed a Deal Worth Up to $2 . 6B for UtilityInnovation . Can Faster Power Deployment Justify the Contingent Consideration ? ,https://www.insidermonkey.com/blog/vertiv-vrt-signed-a-deal-worth-up-to-2-6b-for-utilityinnovation-can-faster-power-deployment-justify-the-contingent-consideration-1826778/,insidermonkey.com,United States,English,data_centre_investment,,"Data-centre investment story with no emerging-market country named in the title (may still be a mature-market story, e.g. US/EU)."
2026-09-09T13:12:33Z,20260909T053000Z,20 年前的百亿并购 ， 救了联想 - DoNews专栏,https://www.donews.com/article/detail/7635/107025.html,donews.com,China,Chinese,data_centre_investment,,"Data-centre investment story with no emerging-market country named in the title (may still be a mature-market story, e.g. US/EU)."
2026-09-09T13:12:33Z,20260909T123000Z,What resource nationalism means for Africa miners,https://www.miningmx.com/news/markets/67120-what-resource-nationalism-means-for-africas-miners/,miningmx.com,South Africa,English,critical_minerals_peers,,Matched the SACU-scoped query but no peer name found in title text (recall limitation -- see module docstring).
2026-09-09T13:12:33Z,20260909T121500Z,Northern Graphite Corporation : Northern Graphite Files Appeal of Lac des Iles Mining Lease Suspension,https://www.finanznachrichten.de/nachrichten-2026-09/69533246-northern-graphite-corporation-northern-graphite-files-appeal-of-lac-des-iles-mining-lease-suspension-296.htm,finanznachrichten.de,Germany,English,critical_minerals_peers,,Matched the SACU-scoped query but no peer name found in title text (recall limitation -- see module docstring).
2026-09-09T13:12:33Z,20260909T121500Z,Angola : Le Chef de l  État réaffirme son engagement en faveur du développement du tourisme,https://fr.allafrica.com/stories/202609090330.html,fr.allafrica.com,Nigeria,French,critical_minerals_peers,,Matched the SACU-scoped query but no peer name found in title text (recall limitation -- see module docstring).
2026-09-09T13:12:33Z,20260909T121500Z,Afrique : Angola / Botswana - Un forum daffaires se réalise à Luanda,https://fr.allafrica.com/stories/202609090325.html,fr.allafrica.com,Nigeria,French,critical_minerals_peers,Botswana,SACU peer: Botswana.
2026-09-09T13:12:33Z,20260909T053000Z,Why You Are Doing Yourself and Your Generation a Service By Investing In The Dangote IPO – THISDAYLIVE,https://www.thisdaylive.com/2026/09/09/why-you-are-doing-yourself-and-your-generation-a-service-by-investing-in-the-dangote-ipo/,thisdaylive.com,Nigeria,English,critical_minerals_peers,,Matched the SACU-scoped query but no peer name found in title text (recall limitation -- see module docstring).
2026-09-09T13:12:33Z,20260909T050000Z,The Global South Needs a New Economic Development Model,https://foreignpolicy.com/2026/09/09/economic-development-global-south-over-growth-globalization-jobs-population-demographics-labor-force/?tpcc=recirc_trending062921,foreignpolicy.com,United States,English,critical_minerals_peers,,Matched the SACU-scoped query but no peer name found in title text (recall limitation -- see module docstring).
2026-09-09T13:12:33Z,20260909T044500Z,The Global South Needs a New Economic Development Model,https://foreignpolicy.com/2026/09/09/economic-development-global-south-over-growth-globalization-jobs-population-demographics-labor-force/,foreignpolicy.com,United States,English,critical_minerals_peers,,Matched the SACU-scoped query but no peer name found in title text (recall limitation -- see module docstring).
2026-09-09T13:12:33Z,20260909T043000Z,Small Caps Watch : Small Caps steadies as critical minerals and energy projects advance,https://www.proactiveinvestors.com.au/companies/news/1098249/small-caps-watch-small-caps-steadies-as-critical-minerals-and-energy-projects-advance-1098249.html,proactiveinvestors.com.au,Australia,English,critical_minerals_peers,,Matched the SACU-scoped query but no peer name found in title text (recall limitation -- see module docstring).
2026-09-09T13:12:33Z,20260909T033000Z,Agencia NOVA,https://www.agencianova.com/seccion.asp?s=6&t=Econom%C3%ADa%20y%20Empresas&n=2026_9_9,agencianova.com,Argentina,Spanish,critical_minerals_peers,,Matched the SACU-scoped query but no peer name found in title text (recall limitation -- see module docstring).
2026-09-09T13:12:33Z,20260909T033000Z,Del uranio de Namibia al litio argentino : el historial de Río Tinto mientras amplía sus negocios con el RIGI de Milei,https://www.agencianova.com/nota.asp?n=2026_9_9&id=172314&id_tiponota=6,agencianova.com,Argentina,Spanish,critical_minerals_peers,Namibia,SACU peer: Namibia.
2026-09-09T13:12:33Z,20260909T020000Z,Why Dangote dey sell shares of im refinery and how e go benefit Nigerians ? – Information Nigeria Pidgin,https://pidgin.informationng.com/?p=35882,pidgin.informationng.com,Nigeria,English,critical_minerals_peers,,Matched the SACU-scoped query but no peer name found in title text (recall limitation -- see module docstring).
2026-09-09T13:12:33Z,20260908T220000Z,"Kobaltýn izini sürmek : Cevheri kim karýyor , serveti kim topluyor ? ",https://www.yenimesaj.com.tr/kobaltin-izini-surmek-cevheri-kim-cikariyor-serveti-kim-topluyor-H1616256.htm,yenimesaj.com.tr,Turkey,Turkish,critical_minerals_peers,,Matched the SACU-scoped query but no peer name found in title text (recall limitation -- see module docstring).
2026-09-09T13:12:33Z,20260908T130000Z,Ivanhoe Mines Increases the Size of Massive Western Foreland Copper Discovery by 30 % ,https://www.juniorminingnetwork.com/junior-miner-news/press-releases/397-tsx/ivn/210444-ivanhoe-mines-increases-the-size-of-massive-western-forelands-copper-discovery-by-30.html,juniorminingnetwork.com,Canada,English,critical_minerals_peers,,Matched the SACU-scoped query but no peer name found in title text (recall limitation -- see module docstring).
2026-09-09T13:12:33Z,20260908T073000Z,Nigeria : Refineryll Become World Largest By 2028 - Dangote,https://allafrica.com/stories/202609080110.html,allafrica.com,Nigeria,English,critical_minerals_peers,,Matched the SACU-scoped query but no peer name found in title text (recall limitation -- see module docstring).
2026-09-09T13:12:33Z,20260908T073000Z,BRICS Summit 2026 : Key likely outcomes as India drives a transformative global agenda in New Delhi,http://www.middleeaststar.com/news/279293033/brics-summit-2026-key-likely-outcomes-as-india-drives-a-transformative-global-agenda-in-new-delhi,middleeaststar.com,Syria,English,critical_minerals_peers,,Matched the SACU-scoped query but no peer name found in title text (recall limitation -- see module docstring).
2026-09-09T13:12:33Z,20260908T064500Z,Congo extends state control over mining with bid to lock down geological data,https://whbl.com/2026/09/08/congo-extends-state-control-over-mining-with-bid-to-lock-down-geological-data/,whbl.com,United States,English,critical_minerals_peers,,Matched the SACU-scoped query but no peer name found in title text (recall limitation -- see module docstring).
2026-09-09T13:12:33Z,20260908T060000Z,Congo extends state control over mining with bid to lock down geological data,https://www.straitstimes.com/asia/congo-extends-state-control-over-mining-with-bid-to-lock-down-geological-data,straitstimes.com,Singapore,English,critical_minerals_peers,,Matched the SACU-scoped query but no peer name found in title text (recall limitation -- see module docstring).
2026-09-09T13:12:33Z,20260908T053000Z,Business : Africa richest man eyes continent largest IPO,https://www.newvision.co.ug/category/business/africas-richest-man-eyes-continents-largest-i-NV_240244_092026,newvision.co.ug,Uganda,English,critical_minerals_peers,,Matched the SACU-scoped query but no peer name found in title text (recall limitation -- see module docstring).
2026-09-09T13:12:33Z,20260908T043000Z,BRICS Summit 2026 : Key likely outcomes as India drives a transformative global agenda in New Delhi,https://economictimes.indiatimes.com/news/india/brics-summit-2026-key-likely-outcomes-as-india-drives-a-transformative-global-agenda-in-new-delhi/articleshow/133905594.cms,economictimes.indiatimes.com,India,English,critical_minerals_peers,,Matched the SACU-scoped query but no peer name found in title text (recall limitation -- see module docstring).
2026-09-09T13:12:33Z,20260908T040000Z,BRICS Summit 2026 : Key likely outcomes as India drives a transformative global agenda in New Delhi,https://aninews.in/news/world/asia/brics-summit-2026-key-likely-outcomes-as-india-drives-a-transformative-global-agenda-in-new-delhi20260908085217/,aninews.in,India,English,critical_minerals_peers,,Matched the SACU-scoped query but no peer name found in title text (recall limitation -- see module docstring).
2026-09-09T13:12:33Z,20260908T020000Z,Africa richest man eyes continent largest IPO,https://www.freemalaysiatoday.com/category/business/2026/09/08/africa-s-richest-man-eyes-continent-s-largest-ipo,freemalaysiatoday.com,Malaysia,English,critical_minerals_peers,,Matched the SACU-scoped query but no peer name found in title text (recall limitation -- see module docstring).
2026-09-09T13:12:33Z,20260908T003000Z,"Taipan Terkaya Afrika Buka IPO Kilang Minyak , Target Raup Rp1 , 6 Miliar dan Ajak 10 Juta Orang Jadi Pemegang Saham",https://koran-jakarta.com/2026-09-08/taipan-terkaya-afrika-buka-ipo-kilang-minyak-target-raup-rp16-miliar-dan-ajak-10-juta-orang-jadi-pemegang-saham,koran-jakarta.com,Indonesia,Indonesian,critical_minerals_peers,,Matched the SACU-scoped query but no peer name found in title text (recall limitation -- see module docstring).
2026-09-09T13:12:33Z,20260907T234500Z,Nigeria Dangote oil refinery signs IPO documents,https://www.dailymaverick.co.za/article/2026-09-07-nigerias-dangote-oil-refinery-signs-ipo-documents-before-landmark-share-sale/,dailymaverick.co.za,South Africa,English,critical_minerals_peers,,Matched the SACU-scoped query but no peer name found in title text (recall limitation -- see module docstring).
2026-09-09T13:12:33Z,20260907T220000Z,No emergency duty on cheap aluminium imports as the government waits for its own report,https://newswire.co.nz/2026/09/no-emergency-duty-cheap-aluminium-imports/,newswire.co.nz,New Zealand,English,critical_minerals_peers,,Matched the SACU-scoped query but no peer name found in title text (recall limitation -- see module docstring).
2026-09-09T13:12:33Z,20260907T191500Z,Dangote : Refineryll become world largest by 2028,https://www.vanguardngr.com/2026/09/dangote-refineryll-become-worlds-largest-by-2028/,vanguardngr.com,Nigeria,English,critical_minerals_peers,,Matched the SACU-scoped query but no peer name found in title text (recall limitation -- see module docstring).
2026-09-09T13:12:33Z,20260907T183000Z,Angola : Téte António souligne le nouvel élan des relations entre le pays et le Botswana,https://fr.allafrica.com/stories/202609070500.html,fr.allafrica.com,Nigeria,French,critical_minerals_peers,Botswana,SACU peer: Botswana.
2026-09-09T13:12:33Z,20260907T180000Z,Dangote Refinery Launches $1 . 4 Bn - Plus IPO in Landmark Nigerian Listing,https://chimpreports.com/dangote-refinery-launches-1-4-bn-plus-ipo-in-landmark-nigerian-listing/,chimpreports.com,Uganda,English,critical_minerals_peers,,Matched the SACU-scoped query but no peer name found in title text (recall limitation -- see module docstring).
2026-09-09T13:12:33Z,20260907T164500Z,"Drivers , cooks , traders can own refinery shares - Dangote",https://www.vanguardngr.com/2026/09/drivers-cooks-traders-can-own-refinery-shares-dangote/,vanguardngr.com,Nigeria,English,critical_minerals_peers,,Matched the SACU-scoped query but no peer name found in title text (recall limitation -- see module docstring).
2026-09-09T13:12:33Z,20260907T124500Z,Dangote calls on Africa to finance its own industrialization,https://weekendpost.co.bw/dangote-ipo-could-transform-botswanas-role-in-regional-markets/,weekendpost.co.bw,Botswana,English,critical_minerals_peers,,Matched the SACU-scoped query but no peer name found in title text (recall limitation -- see module docstring).
2026-09-09T13:12:33Z,20260907T124500Z,Botswana bets Billions on an energy overhaul,https://weekendpost.co.bw/botswana-bets-billions-on-an-energy-overhaul/,weekendpost.co.bw,Botswana,English,critical_minerals_peers,Botswana,SACU peer: Botswana.
2026-09-09T13:12:33Z,20260907T050000Z,Dangote Refinery listing to push NGX capitalisation above N200trn – Daily Trust,https://dailytrust.com/dangote-refinery-listing-to-push-ngx-capitalisation-above-n200trn/,dailytrust.com,Niger,English,critical_minerals_peers,,Matched the SACU-scoped query but no peer name found in title text (recall limitation -- see module docstring).
2026-09-09T13:12:33Z,20260907T040000Z,羊命不关天 - 虎嗅网,https://www.huxiu.com/article/4889055.html,huxiu.com,China,Chinese,critical_minerals_peers,,Matched the SACU-scoped query but no peer name found in title text (recall limitation -- see module docstring).
2026-09-09T13:12:33Z,20260906T180000Z,Dangote Refinery gets Nigeria regulator nod for $1 . 6bn IPO,https://www.timeslive.co.za/news/business/2026-09-06-dangote-refinery-gets-nigeria-regulators-nod-for-16bn-ipo/,timeslive.co.za,South Africa,English,critical_minerals_peers,,Matched the SACU-scoped query but no peer name found in title text (recall limitation -- see module docstring).
2026-09-09T13:12:33Z,20260906T174500Z,特朗普在非洲做出选择 ： 生意优先 ， 民主往后排 - 华侨网,https://www.chinesepress.com/2026/203661.html,chinesepress.com,China,Chinese,critical_minerals_peers,,Matched the SACU-scoped query but no peer name found in title text (recall limitation -- see module docstring).
2026-09-09T13:12:33Z,20260906T160000Z,Was ist jetzt los ?: Wochenrückblick KW 36 - 2026 - Aus guten Nachrichten werden schlechte ?! ,https://www.finanznachrichten.de/nachrichten-2026-09/69504925-was-ist-jetzt-los-wochenrueckblick-kw-36-2026-aus-guten-nachrichten-werden-schlechte-687.htm,finanznachrichten.de,Germany,German,critical_minerals_peers,,Matched the SACU-scoped query but no peer name found in title text (recall limitation -- see module docstring).
2026-09-09T13:12:33Z,20260906T154500Z, [ Special Topic ] 壳牌要卖掉美国 ： 乙烷便宜到没人要 ， 它还是亏了十四年,https://www.163.com/dy/article/L6698TCF051188EA.html,163.com,China,Chinese,critical_minerals_peers,,Matched the SACU-scoped query but no peer name found in title text (recall limitation -- see module docstring).
2026-09-09T13:12:33Z,20260906T071500Z,Ενέργεια : Το Ορμούζ αλλάζει τον παγκόσμιο χάρτη,https://typos.com.cy/oikonomia/energeia-to-ormouz-allazei-ton-pagkosmio-charti/,typos.com.cy,Cyprus,Greek,critical_minerals_peers,,Matched the SACU-scoped query but no peer name found in title text (recall limitation -- see module docstring).
2026-09-09T13:12:33Z,20260906T053000Z,Dangote Fortune Rises $3 . 3m Over Refinery IPO – Forbes,https://leadership.ng/dangotes-fortune-rises-3-3m-over-refinery-ipo-forbes/,leadership.ng,Nigeria,English,critical_minerals_peers,,Matched the SACU-scoped query but no peer name found in title text (recall limitation -- see module docstring).
2026-09-09T13:12:33Z,20260905T211500Z,Harta exporturilor mondiale în 2024 : ce vinde cel mai mult fiecare țară și unde se află Moldova,https://www.ziarulnational.md/harta-exporturilor-mondiale-in-2024-ce-vinde-cel-mai-mult-fiecare-tara-si-unde-se-afla-moldova/,ziarulnational.md,Moldova,Romanian,critical_minerals_peers,,Matched the SACU-scoped query but no peer name found in title text (recall limitation -- see module docstring).
2026-09-09T13:12:33Z,20260905T193000Z,"What kind of ancestor will you become ?, By Martin Kalungu - Banda",https://www.premiumtimesng.com/opinion/907626-what-kind-of-ancestor-will-you-become-by-martin-kalungu-banda.html,premiumtimesng.com,Nigeria,English,critical_minerals_peers,,Matched the SACU-scoped query but no peer name found in title text (recall limitation -- see module docstring).
2026-09-09T13:12:33Z,20260905T184500Z,"Okonjo - Iweala , US Lawmakers Excited as Trump Signs Two - year Extension of AGOA – THISDAYLIVE",https://www.thisdaylive.com/2026/09/05/okonjo-iweala-us-lawmakers-excited-as-trump-signs-two-year-extension-of-agoa/,thisdaylive.com,Nigeria,English,critical_minerals_peers,,Matched the SACU-scoped query but no peer name found in title text (recall limitation -- see module docstring).
2026-09-09T13:12:33Z,20260905T084500Z,抵抗  中国经济侵略 ？ 一场自导自演的虚构悲情戏 - 虎嗅网,https://www.huxiu.com/article/4884553.html,huxiu.com,China,Chinese,critical_minerals_peers,,Matched the SACU-scoped query but no peer name found in title text (recall limitation -- see module docstring).
2026-09-09T13:12:33Z,20260905T071500Z,How The War in Iran is Redrawing The Global Energy Map,https://www.deccanchronicle.com/lifestyle/environment/how-the-war-in-iran-is-redrawing-the-global-energy-map-1985014,deccanchronicle.com,India,English,critical_minerals_peers,,Matched the SACU-scoped query but no peer name found in title text (recall limitation -- see module docstring).
2026-09-09T13:12:33Z,20260904T233000Z,"Dangote refinery IPO gets SEC approval , targets N2 . 15tn in Africa biggest share sale – Business Hallmark",https://hallmarknews.com/dangote-refinery-ipo-gets-sec-approval-targets-n2-15tn-in-africas-biggest-share-sale/,hallmarknews.com,Nigeria,English,critical_minerals_peers,,Matched the SACU-scoped query but no peer name found in title text (recall limitation -- see module docstring).
2026-09-09T13:12:33Z,20260904T211500Z,Nigéria : La raffinerie de Dangote entre bientôt en bourse,http://seneweb.com/fr/news/Afrique/nigeria-la-raffinerie-de-dangote-entre-bientot-en-bourse_n_503392.html,seneweb.com,Senegal,French,critical_minerals_peers,,Matched the SACU-scoped query but no peer name found in title text (recall limitation -- see module docstring).
2026-09-09T13:12:33Z,20260904T211500Z,Nigéria : La raffinerie de Dangote entre bientôt en bourse,https://www.seneweb.com/fr/news/Afrique/nigeria-la-raffinerie-de-dangote-entre-bientot-en-bourse_n_503392.html,seneweb.com,Senegal,French,critical_minerals_peers,,Matched the SACU-scoped query but no peer name found in title text (recall limitation -- see module docstring).
2026-09-09T13:12:33Z,20260904T204500Z,"Nigeria : Dangote veut lever 1 , 5 milliard de dollars pour doubler la capacité de sa raffinerie",https://lanouvelletribune.info/2026/09/nigeria-dangote-veut-lever-15-milliard-de-dollars-pour-doubler-la-capacite-de-sa-raffinerie/,lanouvelletribune.info,Benin,French,critical_minerals_peers,,Matched the SACU-scoped query but no peer name found in title text (recall limitation -- see module docstring).
2026-09-09T13:12:33Z,20260904T183000Z,"APO Group - Africa Newsroom / Press release | The Dealmakers Are Set to Storm Windhoek : Nigerian Governors and CORAN Bigwigs Set to Storm International African Energy , Oil and Gas Summit ( IAEOGS ) 2026 to Unlock Africa Energy Future",https://www.africa-newsroom.com/press/the-dealmakers-are-set-to-storm-windhoek-nigerian-governors-and-coran-bigwigs-set-to-storm-iaeogs-2026-to-unlock-africas-energy-future,africa-newsroom.com,South Africa,English,critical_minerals_peers,,Matched the SACU-scoped query but no peer name found in title text (recall limitation -- see module docstring).
2026-09-09T13:12:33Z,20260904T164500Z,BRICS In Delhi : Can India Turn A Diverse Bloc Into Strategic Influence ? ,https://www.freepressjournal.in/analysis/brics-in-delhi-can-india-turn-a-diverse-bloc-into-strategic-influence,freepressjournal.in,India,English,critical_minerals_peers,,Matched the SACU-scoped query but no peer name found in title text (recall limitation -- see module docstring).
2026-09-09T13:12:33Z,20260904T164500Z,"Israele , la Rd Congo sposterà la sua ambasciata a Gerusalemme",https://www.ilsole24ore.com/art/israele-rd-congo-spostera-sua-ambasciata-gerusalemme-AJ9OsW3,ilsole24ore.com,Italy,Italian,critical_minerals_peers,,Matched the SACU-scoped query but no peer name found in title text (recall limitation -- see module docstring).
2026-09-09T13:12:33Z,20260904T151500Z,"Neo Camper Terra 500 Brings Australian Off - Road Toughness Under $40 , 000",https://www.off-road.com/blog/neo-camper-terra-500-brings-australian-off-road-toughness-under-40-000/,off-road.com,United States,English,critical_minerals_peers,,Matched the SACU-scoped query but no peer name found in title text (recall limitation -- see module docstring).
2026-09-09T13:12:33Z,20260904T150000Z,Dangote refinery IPO to open within 10 – 12 days,https://hallmarknews.com/dangote-refinery-ipo-to-open-within-10-12-days/,hallmarknews.com,Nigeria,English,critical_minerals_peers,,Matched the SACU-scoped query but no peer name found in title text (recall limitation -- see module docstring).
2026-09-09T13:12:33Z,20260904T144500Z,SAIMM president proffers solutions to industry capability challenge beyond more graduates,https://www.miningweekly.com/article/saimm-president-proffers-solutions-to-industry-capability-challenge-2026-09-04,miningweekly.com,South Africa,English,critical_minerals_peers,,Matched the SACU-scoped query but no peer name found in title text (recall limitation -- see module docstring).
2026-09-09T13:12:33Z,20260904T130000Z,"Каучук , хлопок , золото - как колониальные империи накапливали свои богатства",https://24tv.ua/history/ru/kauchuk-hlopok-zoloto-kolonialnye-imperii-nakaplivali-svoi-bogatstva_n3134863,24tv.ua,Ukraine,Russian,critical_minerals_peers,,Matched the SACU-scoped query but no peer name found in title text (recall limitation -- see module docstring).
2026-09-09T13:12:33Z,20260904T124500Z,Small is the next big thing in last - mile delivery at Stellantis,https://www.businessday.co.za/motoring/2026-09-04-small-is-the-next-big-thing-in-last-mile-delivery-at-stellantis/,businessday.co.za,South Africa,English,critical_minerals_peers,,Matched the SACU-scoped query but no peer name found in title text (recall limitation -- see module docstring).
2026-09-09T13:12:33Z,20260904T124500Z,Dangote refinery IPO to open within 10 to 12 days,https://tribuneonlineng.com/dangote-refinery-ipo-to-open-within-10-to-12-days/,tribuneonlineng.com,Nigeria,English,critical_minerals_peers,,Matched the SACU-scoped query but no peer name found in title text (recall limitation -- see module docstring).
2026-09-09T13:12:33Z,20260904T101500Z,Donald Trump hands South Africa a major trade win,https://www.thesouthafrican.com/news/donald-trump-hands-south-africa-a-major-trade-win/,thesouthafrican.com,South Africa,English,critical_minerals_peers,South Africa,SACU peer: South Africa.
2026-09-09T13:12:33Z,20260904T090000Z,EU budget offers chance to loosen China grip on critical raw materials for Europe,https://www.euronews.com/my-europe/2026/09/04/eu-budget-offers-chance-to-loosen-chinas-grip-on-critical-raw-materials-for-europe,euronews.com,United States,English,critical_minerals_peers,,Matched the SACU-scoped query but no peer name found in title text (recall limitation -- see module docstring).
2026-09-09T13:12:33Z,20260904T084500Z,Nigeria Dangote says refinery IPO to open within days,https://www.cnbcafrica.com/2026/nigerias-dangote-says-refinery-ipo-to-open-within-days,cnbcafrica.com,South Africa,English,critical_minerals_peers,,Matched the SACU-scoped query but no peer name found in title text (recall limitation -- see module docstring).
2026-09-09T13:12:33Z,20260904T074500Z,Ghana tightens gold exports in push to keep more value at home - Grenada Chronicle – Daily Grenada And Caribbean News,https://grenadachronicle.com/ghana-tightens-gold-exports-in-push-to-keep-more-value-at-home/,grenadachronicle.com,United States,English,critical_minerals_peers,,Matched the SACU-scoped query but no peer name found in title text (recall limitation -- see module docstring).
2026-09-09T13:12:33Z,20260904T074500Z,Illegal Chrome Mining South Africa Taints Global Steel,https://www.riotimesonline.com/illegal-chrome-mining-south-africa-stainless-steel-2026/,riotimesonline.com,Brazil,English,critical_minerals_peers,South Africa,SACU peer: South Africa.
2026-09-09T13:12:33Z,20260904T044500Z,Ghana tightens gold exports in push to keep more value at home,https://www.aljazeera.com/news/2026/9/4/ghana-tightens-gold-exports-in-push-to-keep-more-value-at-home,aljazeera.com,United States,English,critical_minerals_peers,,Matched the SACU-scoped query but no peer name found in title text (recall limitation -- see module docstring).
2026-09-09T13:12:33Z,20260904T043000Z,"Ghana tightens gold exports in push to keep more value at home - Dominican Republic Post – Caribbean News , Business , Travel & Culture",https://dominicanrepublicpost.com/ghana-tightens-gold-exports-in-push-to-keep-more-value-at-home/,dominicanrepublicpost.com,United States,English,critical_minerals_peers,,Matched the SACU-scoped query but no peer name found in title text (recall limitation -- see module docstring).
2026-09-09T13:12:33Z,20260904T004500Z,Dangote Cement Sets Sept 21 London Briefing for LSE Listing,https://punchng.com/lse-listing-dangote-cement-sets-sept-21-london-briefing/,punchng.com,Nigeria,English,critical_minerals_peers,,Matched the SACU-scoped query but no peer name found in title text (recall limitation -- see module docstring).
2026-09-09T13:12:33Z,20260903T223000Z,Unstoppable Africa 2026 to bring leaders to New York,https://tradearabia.com:443/News/467532/Unstoppable-Africa-2026-to-bring-leaders-to-New-York,tradearabia.com,United Arab Emirates,English,critical_minerals_peers,,Matched the SACU-scoped query but no peer name found in title text (recall limitation -- see module docstring).
2026-09-09T13:12:33Z,20260903T223000Z,Unstoppable Africa 2026 to bring leaders to New York,https://tradearabia.com:443/News/467532/Unstoppable-Africa-2026-to-bring-leaders-to-New-York/MEDIA,tradearabia.com,United Arab Emirates,English,critical_minerals_peers,,Matched the SACU-scoped query but no peer name found in title text (recall limitation -- see module docstring).
2026-09-09T13:12:33Z,20260903T140000Z,Southern Africa fuel pipeline expanded,http://www.kenyastar.com/news/279283397/southern-africa-fuel-pipeline-expanded,kenyastar.com,Kenya,English,critical_minerals_peers,,Matched the SACU-scoped query but no peer name found in title text (recall limitation -- see module docstring).
2026-09-09T13:12:33Z,20260903T133000Z,Southern Africa fuel pipeline expanded,http://www.africaleader.com/news/279283397/southern-africa-fuel-pipeline-expanded,africaleader.com,South Africa,English,critical_minerals_peers,,Matched the SACU-scoped query but no peer name found in title text (recall limitation -- see module docstring).
2026-09-09T13:12:33Z,20260903T121500Z,Southern Africa fuel pipeline expanded,http://www.sierraleonetimes.com/news/279283397/southern-africa-fuel-pipeline-expanded,sierraleonetimes.com,Sierra Leone,English,critical_minerals_peers,,Matched the SACU-scoped query but no peer name found in title text (recall limitation -- see module docstring).
2026-09-09T13:12:33Z,20260903T110000Z,Southern Africa fuel pipeline expanded,http://www.bignewsnetwork.com/news/279283397/southern-africa-fuel-pipeline-expanded,bignewsnetwork.com,United States,English,critical_minerals_peers,,Matched the SACU-scoped query but no peer name found in title text (recall limitation -- see module docstring).
2026-09-09T13:12:33Z,20260903T090000Z,フェロマンガン市場調査レポート - 世界市場規模 、 シェア 、 傾向の見通し 、 2026 - 2035年,https://japan.cnet.com/release/31204034/,japan.cnet.com,Japan,Japanese,critical_minerals_peers,,Matched the SACU-scoped query but no peer name found in title text (recall limitation -- see module docstring).
2026-09-09T13:12:33Z,20260903T070000Z,Sibanye - Stillwater workers set to strike Thursday at smelter and Nye mine,https://www.kxlf.com/news/sibanye-stillwater-workers-set-to-strike-thursday-at-smelter-and-nye-mine,kxlf.com,United States,English,critical_minerals_peers,,Matched the SACU-scoped query but no peer name found in title text (recall limitation -- see module docstring).
2026-09-09T13:12:33Z,20260903T054500Z,2026 half - year results | The Manila Times,https://www.manilatimes.net/2026/09/03/tmt-newswire/globenewswire/2026-half-year-results/2417634,manilatimes.net,Philippines,English,critical_minerals_peers,,Matched the SACU-scoped query but no peer name found in title text (recall limitation -- see module docstring).
2026-09-09T13:12:33Z,20260903T054500Z,Skeptical Science New Research for Week # 36 2026,https://skepticalscience.com/new_research_2026_36.html,skepticalscience.com,United States,English,critical_minerals_peers,,Matched the SACU-scoped query but no peer name found in title text (recall limitation -- see module docstring).
2026-09-09T13:12:33Z,20260903T053000Z,Sibanye - Stillwater workers set to strike Thursday at smelter and Nye mine,https://www.ktvq.com/news/sibanye-stillwater-workers-set-to-strike-thursday-at-smelter-and-nye-mine,ktvq.com,United States,English,critical_minerals_peers,,Matched the SACU-scoped query but no peer name found in title text (recall limitation -- see module docstring).
2026-09-09T13:12:33Z,20260903T051500Z,Sibanye - Stillwater workers set to strike Thursday at smelter and Nye mine,https://www.krtv.com/news/sibanye-stillwater-workers-set-to-strike-thursday-at-smelter-and-nye-mine,krtv.com,United States,English,critical_minerals_peers,,Matched the SACU-scoped query but no peer name found in title text (recall limitation -- see module docstring).
2026-09-09T13:12:33Z,20260903T050000Z,Sibanye - Stillwater workers set to strike Thursday at smelter and Nye mine,https://www.kbzk.com/news/sibanye-stillwater-workers-set-to-strike-thursday-at-smelter-and-nye-mine,kbzk.com,United States,English,critical_minerals_peers,,Matched the SACU-scoped query but no peer name found in title text (recall limitation -- see module docstring).
2026-09-09T13:12:33Z,20260903T040000Z,"DAVID MASONDO | Industrial policy is back , but where is the developmental bargain ? ",https://www.businessday.co.za/opinion/2026-09-03-david-masondo-industrial-policy-is-back-but-where-is-the-developmental-bargain/,businessday.co.za,South Africa,English,critical_minerals_peers,,Matched the SACU-scoped query but no peer name found in title text (recall limitation -- see module docstring).
2026-09-09T13:12:33Z,20260903T040000Z,Small Cap Watch : ASX small caps open higher as rare earths and gold explorers drive news flow,https://www.proactiveinvestors.com.au/companies/news/1098011/small-cap-watch-asx-small-caps-open-higher-as-rare-earths-and-gold-explorers-drive-news-flow-1098011.html,proactiveinvestors.com.au,Australia,English,critical_minerals_peers,,Matched the SACU-scoped query but no peer name found in title text (recall limitation -- see module docstring).
2026-09-09T13:12:33Z,20260903T040000Z,Askari Metals builds Uis drilling pipeline as soil sampling and trenching advance,https://www.proactiveinvestors.com.au/companies/news/1098007/askari-metals-builds-uis-drilling-pipeline-as-soil-sampling-and-trenching-advance-1098007.html,proactiveinvestors.com.au,Australia,English,critical_minerals_peers,,Matched the SACU-scoped query but no peer name found in title text (recall limitation -- see module docstring).
2026-09-09T13:12:33Z,20260902T233000Z,马克谈天下 ( 646 ) 中国焊死其它国家制造业发展的现实与悖论和解決方案 | www . wenxuecity . com,https://www.wenxuecity.com/blog/202609/74739/869.html,wenxuecity.com,China,Chinese,critical_minerals_peers,,Matched the SACU-scoped query but no peer name found in title text (recall limitation -- see module docstring).
2026-09-09T13:12:33Z,20260902T230000Z,Strait of Hormuz tension great for the Sasol recovery story,https://www.dailymaverick.co.za/article/2026-09-02-shortterm-relief-from-strait-of-hormuz-tension-is-great-for-sasols-fragile-recovery-story/,dailymaverick.co.za,South Africa,English,critical_minerals_peers,,Matched the SACU-scoped query but no peer name found in title text (recall limitation -- see module docstring).
2026-09-09T13:12:33Z,20260902T141500Z,SA price of new electric Range Rover revealed,https://www.businessday.co.za/motoring/2026-09-02-sa-price-of-new-electric-range-rover-revealed/,businessday.co.za,South Africa,English,critical_minerals_peers,,Matched the SACU-scoped query but no peer name found in title text (recall limitation -- see module docstring).
2026-09-09T13:12:33Z,20260909T103000Z,Çin paradoksu : Çatlak temeller üzerine inşa edilmiş bir dev,https://www.haksozhaber.net/cin-paradoksu-catlak-temeller-uzerine-insa-edilmis-bir-dev-260232h.htm,haksozhaber.net,Turkey,Turkish,trade_preference_policy,,General AGOA/AfCFTA/trade-preference story; no SACU country named in the title.
2026-09-09T13:12:33Z,20260909T083000Z,South Africa : The Broken System Behind Our Worst Cattle Epidemic,https://allafrica.com/stories/202609090102.html,allafrica.com,Nigeria,English,trade_preference_policy,South Africa,"Directly names South Africa -- a regional trade-preference development, not just a generic policy story."
2026-09-09T13:12:33Z,20260909T050000Z,高帯域幅メモリ （ HBM ） 市場は2035年697億5000万米ドル 、 CAGR25 . 37 ％ へ ―― 生成AI ・ GPU ・ 先端半導体パッケージングが牽引する次世代メモリ市場,https://japan.cnet.com/release/31205503/,japan.cnet.com,Japan,Japanese,trade_preference_policy,,General AGOA/AfCFTA/trade-preference story; no SACU country named in the title.
2026-09-09T13:12:33Z,20260909T050000Z,AGOA prolongé jusquen 2028 : un répit pour les exportateurs mauriciens,https://www.lemauricien.com/actualites/societe/agoa-prolonge-jusquen-2028-un-repit-pour-les-exportateurs-mauriciens/717083/,lemauricien.com,Mauritius,French,trade_preference_policy,,General AGOA/AfCFTA/trade-preference story; no SACU country named in the title.
2026-09-09T13:12:33Z,20260909T030000Z,华为纽约受审 ： 这场横跨八年的刑事案件要知道什么,https://www.voachinese.com/a/china-s-huawei-faces-racketeering-trial-in-new-york-over-its-business-dealings-in-iran-20260908/8195694.html,voachinese.com,China,Chinese,trade_preference_policy,,General AGOA/AfCFTA/trade-preference story; no SACU country named in the title.
2026-09-09T13:12:33Z,20260909T000000Z,Bougainville : Learning From the Cook Island China Misstep,https://www.theepochtimes.com/opinion/bougainville-learning-from-the-cook-islands-china-misstep-6082758,theepochtimes.com,United States,English,trade_preference_policy,,General AGOA/AfCFTA/trade-preference story; no SACU country named in the title.
2026-09-09T13:12:33Z,20260908T233000Z,全球媒体聚焦｜印媒 ： 金砖峰会召开在即  全球南方  迎来合作新机遇 - 华侨网,https://www.chinesepress.com/2026/204713.html,chinesepress.com,China,Chinese,trade_preference_policy,,General AGOA/AfCFTA/trade-preference story; no SACU country named in the title.
2026-09-09T13:12:33Z,20260908T201500Z,Restaurant - Neueröffnungen Österreich - In Wien und Kärnten gehen jetzt mehrere neue Lokale an den Start » Leadersnet,"https://www.leadersnet.at/news/103436,in-wien-und-kaernten-gehen-jetzt-mehrere-neue-lokale-an-den.html",leadersnet.at,Austria,German,trade_preference_policy,,General AGOA/AfCFTA/trade-preference story; no SACU country named in the title.
2026-09-09T13:12:33Z,20260908T200000Z,"CRA Sourcing , Correspondent , Internal Audit , AI Content Tools ; Pulte , Credit Scores , and Social Media",https://www.mortgagenewsdaily.com:443/opinion/pipelinepress-09082026,mortgagenewsdaily.com,United States,English,trade_preference_policy,,General AGOA/AfCFTA/trade-preference story; no SACU country named in the title.
2026-09-09T13:12:33Z,20260908T181500Z,Gold Is Only Insurance If You Can Reach It,https://www.zerohedge.com/news/2026-09-07/gold-only-insurance-if-you-can-reach-it,zerohedge.com,United States,English,trade_preference_policy,,General AGOA/AfCFTA/trade-preference story; no SACU country named in the title.
2026-09-09T13:12:33Z,20260908T143000Z,Time to Finish the Job : 2026 Farm Bill,https://www.fb.org/intel/policy/time-to-finish-the-job-2026-farm-bill,fb.org,United States,English,trade_preference_policy,,General AGOA/AfCFTA/trade-preference story; no SACU country named in the title.
2026-09-09T13:12:33Z,20260908T073000Z,从  接订单  到  接利润 ： 新产业浪潮下传统制造的终极考量,https://www.stcn.com/article/detail/4176288.html,stcn.com,China,Chinese,trade_preference_policy,,General AGOA/AfCFTA/trade-preference story; no SACU country named in the title.
2026-09-09T13:12:33Z,20260908T064500Z,Xiaomi 18 Fold özellikleri ve fiyatı belli oldu,https://www.teknoblog.com/xiaomi-18-fold-ozellikleri-fiyati-xring-o3/,teknoblog.com,Turkey,Turkish,trade_preference_policy,,General AGOA/AfCFTA/trade-preference story; no SACU country named in the title.
2026-09-09T13:12:33Z,20260908T060000Z,特稿｜亚太媒体人士的APEC期待,https://www.oeeee.com/html/202609/08/1740988.html,oeeee.com,China,Chinese,trade_preference_policy,,General AGOA/AfCFTA/trade-preference story; no SACU country named in the title.
2026-09-09T13:12:33Z,20260908T050000Z,Discovery Announces Management Changes,https://thestarphoenix.com/press-releases/globe-newswire/discovery-announces-management-changes/,thestarphoenix.com,Canada,English,trade_preference_policy,,General AGOA/AfCFTA/trade-preference story; no SACU country named in the title.
2026-09-09T13:12:33Z,20260908T041500Z,特稿｜亚太媒体人士的APEC期待 - 环球新闻,http://news.fjsen.com/2026-09/08/content_32249216.htm,news.fjsen.com,China,Chinese,trade_preference_policy,,General AGOA/AfCFTA/trade-preference story; no SACU country named in the title.
2026-09-09T13:12:33Z,20260908T040000Z,关键矿产出海 ： 中国企业要同时读懂  两张清单  ,https://www.ftchinese.com/story/001110819,ftchinese.com,China,Chinese,trade_preference_policy,,General AGOA/AfCFTA/trade-preference story; no SACU country named in the title.
2026-09-09T13:12:33Z,20260908T040000Z,Discovery Announces Management Changes,https://www.standard-freeholder.com/press-releases/globe-newswire/discovery-announces-management-changes/,standard-freeholder.com,Canada,English,trade_preference_policy,,General AGOA/AfCFTA/trade-preference story; no SACU country named in the title.
2026-09-09T13:12:33Z,20260908T040000Z,Discovery Announces Management Changes | The Manila Times,https://www.manilatimes.net/2026/09/08/tmt-newswire/globenewswire/discovery-announces-management-changes/2420128,manilatimes.net,Philippines,English,trade_preference_policy,,General AGOA/AfCFTA/trade-preference story; no SACU country named in the title.
2026-09-09T13:12:33Z,20260908T023000Z,亚太媒体人士的APEC期待,http://www.banyuetan.org/yw/detail/20260908/1000200033137441788830361755518580_1.html,banyuetan.org,China,Chinese,trade_preference_policy,,General AGOA/AfCFTA/trade-preference story; no SACU country named in the title.
2026-09-09T13:12:33Z,20260908T023000Z,特稿｜亚太媒体人士的APEC期待,https://www.163.com/dy/article/L68PA7OT05346RC6.html,163.com,China,Chinese,trade_preference_policy,,General AGOA/AfCFTA/trade-preference story; no SACU country named in the title.
2026-09-09T13:12:33Z,20260908T020000Z,Opening - up fuels trade in services,http://global.chinadaily.com.cn/a/202609/08/WS6a9f43f9e4b06d4aa055ccf1.html,global.chinadaily.com.cn,China,English,trade_preference_policy,,General AGOA/AfCFTA/trade-preference story; no SACU country named in the title.
2026-09-09T13:12:33Z,20260908T020000Z,港珠澳大橋鮮活食品下月起24小時通關 菜價有望更平 - 香港,https://www.wenweipo.com/a/202609/08/AP6a9f5941e4b01d54a2824154.html,wenweipo.com,China,Chinese,trade_preference_policy,,General AGOA/AfCFTA/trade-preference story; no SACU country named in the title.
2026-09-09T13:12:33Z,20260908T013000Z,拆解云迹科技 ： 11亿次真实服务 ， 与物理AI的护城河 - 经济观察网 － 专业财经新闻网站,http://www.eeo.com.cn/2026/0908/1027513.shtml,eeo.com.cn,China,Chinese,trade_preference_policy,,General AGOA/AfCFTA/trade-preference story; no SACU country named in the title.
2026-09-09T13:12:33Z,20260908T013000Z,特稿｜亚太媒体人士的APEC期待 - 新华网,http://www.gd.xinhuanet.com/20260908/53dfdf789be34d24ab8fc5b4cf8baf5a/c.html,gd.xinhuanet.com,China,Chinese,trade_preference_policy,,General AGOA/AfCFTA/trade-preference story; no SACU country named in the title.
2026-09-09T13:12:33Z,20260908T000000Z,关键矿产出海 ： 中国企业要同时读懂  两张清单  ,http://www.ftchinese.com/story/001110819,ftchinese.com,China,Chinese,trade_preference_policy,,General AGOA/AfCFTA/trade-preference story; no SACU country named in the title.
2026-09-09T13:12:33Z,20260907T201500Z,How lucrative is the EU prize ? Armenia bet after Iceland refusal,https://www.thehindu.com/opinion/op-ed/how-lucrative-is-the-eu-prize-armenias-bet-after-icelands-refusal/article71440058.ece,thehindu.com,India,English,trade_preference_policy,,General AGOA/AfCFTA/trade-preference story; no SACU country named in the title.
2026-09-09T13:12:33Z,20260907T194500Z,"Interest limited , govt to review ₹25 , 000 - crore export promotion schemes",https://www.business-standard.com/economy/news/interest-limited-govt-to-review-25-000-crore-export-promotion-schemes-126090701093_1.html,business-standard.com,India,English,trade_preference_policy,,General AGOA/AfCFTA/trade-preference story; no SACU country named in the title.
2026-09-09T13:12:33Z,20260907T164500Z,Pacific Alliance Mercosur Diverge as EU Trade Deal Starts,https://www.riotimesonline.com/pacific-alliance-mercosur-2026/,riotimesonline.com,Brazil,English,trade_preference_policy,,General AGOA/AfCFTA/trade-preference story; no SACU country named in the title.
2026-09-09T13:12:33Z,20260907T164500Z,Netzsperren gegen Glücksspiel : VG Halle stoppt GGL - Verfügungen,https://www.blogspan.net/netzsperren-gluecksspiel-vg-halle-ggl/,blogspan.net,Germany,German,trade_preference_policy,,General AGOA/AfCFTA/trade-preference story; no SACU country named in the title.
2026-09-09T13:12:33Z,20260907T154500Z,特稿｜亚太媒体人士的APEC期待,https://baijiahao.baidu.com/s?id=1875684345192427366,baijiahao.baidu.com,China,Chinese,trade_preference_policy,,General AGOA/AfCFTA/trade-preference story; no SACU country named in the title.
2026-09-09T13:12:33Z,20260907T101500Z,Doanh nghiệp Việt nâng cao năng lực xuất khẩu nhờ tài trợ chuỗi,https://vneconomy.vn/khoi-thong-nguon-von-va-tai-tro-chuoi-giup-doanh-nghiep-viet-vuon-tam-quoc-te.htm,vneconomy.vn,Vietnam,Vietnamese,trade_preference_policy,,General AGOA/AfCFTA/trade-preference story; no SACU country named in the title.
2026-09-09T13:12:33Z,20260907T051500Z,"Campuchia khơi mạch kinh tế Đông Bắc : Mở rộng đường sang Việt Nam , gắn liền mắt xích Funan Techo",https://soha.vn/campuchia-khoi-mach-kinh-te-dong-bac-mo-rong-duong-sang-viet-nam-gan-lien-mat-xich-funan-techo-198260906181915903.htm,soha.vn,Vietnam,Vietnamese,trade_preference_policy,,General AGOA/AfCFTA/trade-preference story; no SACU country named in the title.
2026-09-09T13:12:33Z,20260907T034500Z,  中国挤压论  为何根本站不住脚 ？_ 中国网,http://www.china.com.cn/opinion2020/2026-09/07/content_118683256.shtml,china.com.cn,China,Chinese,trade_preference_policy,,General AGOA/AfCFTA/trade-preference story; no SACU country named in the title.
2026-09-09T13:12:33Z,20260907T033000Z,Growing wisdom cultivation,http://global.chinadaily.com.cn/a/202609/06/WS6a9d88f7e4b06d4aa055c9c3.html,global.chinadaily.com.cn,China,English,trade_preference_policy,,General AGOA/AfCFTA/trade-preference story; no SACU country named in the title.
2026-09-09T13:12:33Z,20260907T021500Z,Growing wisdom cultivation,http://europe.chinadaily.com.cn/a/202609/06/WS6a9d88f7e4b06d4aa055c9c3.html,europe.chinadaily.com.cn,China,English,trade_preference_policy,,General AGOA/AfCFTA/trade-preference story; no SACU country named in the title.
2026-09-09T13:12:33Z,20260906T191500Z,"ISRO Space Vision 2047 : 2035 Space Station , 2040 Moon Mission",https://www.haribhoomi.com/national/news/isro-space-vision-2047-indian-space-station-moon-mission-space-economy-111770,haribhoomi.com,India,Hindi,trade_preference_policy,,General AGOA/AfCFTA/trade-preference story; no SACU country named in the title.
2026-09-09T13:12:33Z,20260906T141500Z,AGOA Extension to 2028 Gives Mauritius Two More Years,https://www.riotimesonline.com/agoa-extension-mauritius-exports-2028/,riotimesonline.com,Brazil,English,trade_preference_policy,,General AGOA/AfCFTA/trade-preference story; no SACU country named in the title.
2026-09-09T13:12:33Z,20260906T134500Z,Bangladesh resolves 48 EU trade barriers : Muktadir,https://www.bssnews.net/news/421582,bssnews.net,Bangladesh,English,trade_preference_policy,,General AGOA/AfCFTA/trade-preference story; no SACU country named in the title.
2026-09-09T13:12:33Z,20260906T123000Z,Ekonomide 3 yıllık yol haritası açıklandı,https://www.trthaber.com/haber/gundem/ekonomide-3-yillik-yol-haritasi-aciklandi-956032.html,trthaber.com,Turkey,Turkish,trade_preference_policy,,General AGOA/AfCFTA/trade-preference story; no SACU country named in the title.
2026-09-09T13:12:33Z,20260906T113000Z,ATO Başkanı Barandan OVP Değerlendirmesi,https://www.haberler.com/ekonomi/ato-baskani-baran-reel-sektorun-finansmana-20212294-haberi/,haberler.com,Turkey,Turkish,trade_preference_policy,,General AGOA/AfCFTA/trade-preference story; no SACU country named in the title.
2026-09-09T13:12:33Z,20260906T083000Z,Fliegendes Auto : Xpeng geht in die Luft - Autogazette . de,https://autogazette.de/xpeng/xiaomi/neuwagen/fliegendes-auto-xpeng-geht-in-die-luft-989434565.html,autogazette.de,Germany,German,trade_preference_policy,,General AGOA/AfCFTA/trade-preference story; no SACU country named in the title.
2026-09-09T13:12:33Z,20260905T183000Z,President Trump signs Executive orders in support of US ranchers,https://www.thefencepost.com/news/president-trump-signs-executive-orders-in-support-of-us-ranchers/,thefencepost.com,United States,English,trade_preference_policy,,General AGOA/AfCFTA/trade-preference story; no SACU country named in the title.
2026-09-09T13:12:33Z,20260905T134500Z,SEBI Likely To Allow FPIs In Commodity Derivatives Trading : Report,https://www.freepressjournal.in/business/sebi-likely-to-allow-fpis-in-commodity-derivatives-trading-report,freepressjournal.in,India,English,trade_preference_policy,,General AGOA/AfCFTA/trade-preference story; no SACU country named in the title.
2026-09-09T13:12:33Z,20260905T120000Z,EU trade preferences for Armenia : An economic decision or a geopolitical choice ? – ANALYTICS,https://en.apa.az/political/eu-trade-preferences-for-armenia-an-economic-decision-or-a-geopolitical-choice-analytics-522986,en.apa.az,Azerbaijan,English,trade_preference_policy,,General AGOA/AfCFTA/trade-preference story; no SACU country named in the title.
2026-09-09T13:12:33Z,20260905T120000Z,Ile Maurice : Deux ans pour agir,https://fr.allafrica.com/stories/202609050054.html,fr.allafrica.com,Nigeria,French,trade_preference_policy,,General AGOA/AfCFTA/trade-preference story; no SACU country named in the title.
2026-09-09T13:12:33Z,20260905T113000Z,Madagascar : Commerce - Trump signe la prolongation de lAgoa jusquen 2028,https://fr.allafrica.com/stories/202609050064.html,fr.allafrica.com,Nigeria,French,trade_preference_policy,,General AGOA/AfCFTA/trade-preference story; no SACU country named in the title.
2026-09-09T13:12:33Z,20260905T113000Z,Reinsurance market is nearing a  breaking point  as competition intensifies,https://www.intelligentinsurer.com/monte-carlo-today/reinsurance-market-is-nearing-a-breaking-point-as-competition-intensifies,intelligentinsurer.com,United Kingdom,English,trade_preference_policy,,General AGOA/AfCFTA/trade-preference story; no SACU country named in the title.
2026-09-09T13:12:33Z,20260905T094500Z,Kenya targets export diversification as Trump extends AGOA by two years,https://capitalfm.africa/kenya-targets-export-diversification-as-trump-extends-agoa-by-two-years/,capitalfm.africa,,English,trade_preference_policy,,General AGOA/AfCFTA/trade-preference story; no SACU country named in the title.
2026-09-09T13:12:33Z,20260905T093000Z,"  Decide Something On Monday , Revoke It On Wednesday ...: Belgian PM Takes Veiled Dig At Trump Tariff , Trade Policies » IndiaPost NewsPaper",https://indiapost.com/decide-something-on-monday-revoke-it-on-wednesday-belgian-pm-takes-veiled-dig-at-trumps-tariff-trade-policies/,indiapost.com,India,English,trade_preference_policy,,General AGOA/AfCFTA/trade-preference story; no SACU country named in the title.
2026-09-09T13:12:33Z,20260905T084500Z,Poultrymed | Brazil Moves Toward Resuming EU Poultry and Honey Trade,https://www.poultrymed.com/News-Eng-Brazil050926,poultrymed.com,United States,English,trade_preference_policy,,General AGOA/AfCFTA/trade-preference story; no SACU country named in the title.
2026-09-09T13:12:33Z,20260905T081500Z,QuoMarkets Introduces Weekend XAUUSD Trading as Demand for Continuous Market Access Grows,https://www.manilatimes.net/2026/09/05/tmt-newswire/globenewswire/quomarkets-introduces-weekend-xauusd-trading-as-demand-for-continuous-market-access-grows/2419133,manilatimes.net,Philippines,English,trade_preference_policy,,General AGOA/AfCFTA/trade-preference story; no SACU country named in the title.
2026-09-09T13:12:33Z,20260905T081500Z,ÖZEL HABER GÜNDEMİ / 5 Eylül 2026,https://www.haberler.com/guncel/ozel-haber-gundemi-5-eylul-2026-20209164-haberi/,haberler.com,Turkey,Turkish,trade_preference_policy,,General AGOA/AfCFTA/trade-preference story; no SACU country named in the title.
2026-09-09T13:12:33Z,20260905T064500Z,"  Decide something on Monday , revoke it on Wednesday ...: Belgian PM takes veiled dig at Trump tariff , trade policies",http://www.europesun.com/news/279287099/decide-something-on-monday-revoke-it-on-wednesday-belgian-pm-takes-veiled-dig-at-trump-tariff-trade-policies,europesun.com,Russia,English,trade_preference_policy,,General AGOA/AfCFTA/trade-preference story; no SACU country named in the title.
2026-09-09T13:12:33Z,20260905T061500Z,"  Decide something on Monday , revoke it on Wednesday ...: Belgian PM takes veiled dig at Trump tariff , trade policies",http://www.batonrougepost.com/news/279287099/decide-something-on-monday-revoke-it-on-wednesday-belgian-pm-takes-veiled-dig-at-trump-tariff-trade-policies,batonrougepost.com,United States,English,trade_preference_policy,,General AGOA/AfCFTA/trade-preference story; no SACU country named in the title.
2026-09-09T13:12:33Z,20260905T053000Z,"  Decide something on Monday , revoke it on Wednesday ...: Belgian PM takes veiled dig at Trump tariff , trade policies",http://www.heraldglobe.com/news/279287099/decide-something-on-monday-revoke-it-on-wednesday-belgian-pm-takes-veiled-dig-at-trump-tariff-trade-policies,heraldglobe.com,United States,English,trade_preference_policy,,General AGOA/AfCFTA/trade-preference story; no SACU country named in the title.
2026-09-09T13:12:33Z,20260905T033000Z,"  Decide something on Monday , revoke it on Wednesday ...: Belgian PM takes veiled dig at Trump tariff , trade policies",http://www.middleeaststar.com/news/279287099/decide-something-on-monday-revoke-it-on-wednesday-belgian-pm-takes-veiled-dig-at-trump-tariff-trade-policies,middleeaststar.com,Syria,English,trade_preference_policy,,General AGOA/AfCFTA/trade-preference story; no SACU country named in the title.
2026-09-09T13:12:33Z,20260905T024500Z,"  Decide something on Monday , revoke it on Wednesday ...: Belgian PM takes veiled dig at Trump tariff , trade policies",http://www.bignewsnetwork.com/news/279287099/decide-something-on-monday-revoke-it-on-wednesday-belgian-pm-takes-veiled-dig-at-trump-tariff-trade-policies,bignewsnetwork.com,United States,English,trade_preference_policy,,General AGOA/AfCFTA/trade-preference story; no SACU country named in the title.
2026-09-09T13:12:33Z,20260905T024500Z,"Decide Monday , Revoke Wednesday : Belgian PM Takes Dig At Trump Tariff , Trade Policies",https://www.deccanchronicle.com/world/decide-monday-revoke-wednesday-belgian-pm-takes-dig-at-trumps-tariff-trade-policies-1984984,deccanchronicle.com,India,English,trade_preference_policy,,General AGOA/AfCFTA/trade-preference story; no SACU country named in the title.
2026-09-09T13:12:33Z,20260905T014500Z,"  Decide something on Monday , revoke it on Wednesday ...: Belgian PM takes veiled dig at Trump tariff , trade policies",https://aninews.in/news/world/asia/decide-something-on-monday-revoke-it-on-wednesday-belgian-pm-takes-veiled-dig-at-trumps-tariff-trade-policies20260905065922/,aninews.in,India,English,trade_preference_policy,,General AGOA/AfCFTA/trade-preference story; no SACU country named in the title.
2026-09-09T13:12:33Z,20260905T001500Z, „ Die Wertschöpfung muss vorrangig in Europa stattfinden  – DiePresse . com,https://www.diepresse.com/41225298/die-wertschoepfung-muss-vorrangig-in-europa-stattfinden,diepresse.com,Austria,German,trade_preference_policy,,General AGOA/AfCFTA/trade-preference story; no SACU country named in the title.
2026-09-09T13:12:33Z,20260904T234500Z,Ambarella ( AMBA ) Grew 2Q Revenue 13 . 2 % and Signed 7 - Year Channel Agreements . Can Edge - AI Scale Reverse Margin Compression ? ,https://finance.yahoo.com/technology/ai/articles/ambarella-amba-grew-2q-revenue-231537538.html,finance.yahoo.com,United States,English,trade_preference_policy,,General AGOA/AfCFTA/trade-preference story; no SACU country named in the title.
2026-09-09T13:12:33Z,20260904T234500Z,Ambarella ( AMBA ) Grew 2Q Revenue 13 . 2 % and Signed 7 - Year Channel Agreements . Can Edge - AI Scale Reverse Margin Compression ? ,https://www.insidermonkey.com/blog/ambarella-amba-grew-2q-revenue-13-2-and-signed-7-year-channel-agreements-can-edge-ai-scale-reverse-margin-compression-1827468/,insidermonkey.com,United States,English,trade_preference_policy,,General AGOA/AfCFTA/trade-preference story; no SACU country named in the title.
2026-09-09T13:12:33Z,20260904T191500Z,"US extends duty - free trade access for Nigeria , 31 other African countries",https://hallmarknews.com/us-extends-duty-free-trade-access-for-nigeria-31-other-african-countries/,hallmarknews.com,Nigeria,English,trade_preference_policy,,General AGOA/AfCFTA/trade-preference story; no SACU country named in the title.
2026-09-09T13:12:33Z,20260904T191500Z,Marketing Agentur Vergleich 2026 . Das sind die besten 81 Anbieter . ,https://www.drweb.de/marketing-agentur-vergleich/,drweb.de,Germany,German,trade_preference_policy,,General AGOA/AfCFTA/trade-preference story; no SACU country named in the title.
2026-09-09T13:12:33Z,20260904T144500Z,"Africa PresseLe Congrès américain vote la prorogation de lAGOA jusquen 2028 , Donald Trump en arbitre final",https://africapresse.com/le-congres-americain-vote-la-prorogation-de-lagoa-jusquen-2028-donald-trump-en-arbitre-final/,africapresse.com,Cameroon,French,trade_preference_policy,,General AGOA/AfCFTA/trade-preference story; no SACU country named in the title.
2026-09-09T13:12:33Z,20260904T143000Z,Retread Tires Market to Reach USD 18 . 503 Billion by 2035 says Radial Insights,http://www.prnewswire.com/news-releases/retread-tires-market-to-reach-usd-18-503-billion-by-2035-says-radial-insights-302869783.html,prnewswire.com,United States,English,trade_preference_policy,,General AGOA/AfCFTA/trade-preference story; no SACU country named in the title.
2026-09-09T13:12:33Z,20260904T143000Z,Retread Tires Market to Reach USD 18 . 503 Billion by 2035 says Radial Insights,https://www.finanznachrichten.de/nachrichten-2026-09/69498572-retread-tires-market-to-reach-usd-18-503-billion-by-2035-says-radial-insights-008.htm,finanznachrichten.de,Germany,English,trade_preference_policy,,General AGOA/AfCFTA/trade-preference story; no SACU country named in the title.
2026-09-09T13:12:33Z,20260904T100000Z,Why the Global South Needs an Industrial Policy,https://slguardian.org/why-the-global-south-needs-an-industrial-policy/,slguardian.org,Sri Lanka,English,trade_preference_policy,,General AGOA/AfCFTA/trade-preference story; no SACU country named in the title.
2026-09-09T13:12:33Z,20260904T100000Z,صحرا کے پار : اسلام کی روشنی ۔۔۔ قسط دوم,https://dailyausaf.com/columns/2026/09/04/290154/,dailyausaf.com,Pakistan,Urdu,trade_preference_policy,,General AGOA/AfCFTA/trade-preference story; no SACU country named in the title.
2026-09-09T13:12:33Z,20260904T094500Z,Parallèlement à lextension de lAGOA Maurice : rehausser les relations commerciales et dinvestissement,https://www.lemauricien.com/le-mauricien/parallelement-a-lextension-de-lagoa-maurice-rehausser-les-relations-commerciales-et-dinvestissement/716680/,lemauricien.com,Mauritius,French,trade_preference_policy,,General AGOA/AfCFTA/trade-preference story; no SACU country named in the title.
2026-09-09T13:12:33Z,20260904T093000Z,Commerce extérieur : CareEdge Ratings alerte sur la vulnérabilité de Maurice,https://defimedia.info/commerce-exterieur-careedge-ratings-alerte-sur-la-vulnerabilite-de-maurice,defimedia.info,Mauritius,French,trade_preference_policy,,General AGOA/AfCFTA/trade-preference story; no SACU country named in the title.
2026-09-09T13:12:33Z,20260904T090000Z,2026年国内计量泵厂家推荐 ： 慧昇泵业工业流体计量服务商实践能力盘点 _ 中华网,https://hea.china.com/hea/xinwen/2026/0904/092026_1955811.html,hea.china.com,China,Chinese,trade_preference_policy,,General AGOA/AfCFTA/trade-preference story; no SACU country named in the title.
2026-09-09T13:12:33Z,20260904T084500Z,Time to draw up a reform roadmap for LDC graduation,https://www.thedailystar.net/opinion/views/news/time-draw-reform-roadmap-ldc-graduation-4264266,thedailystar.net,Bangladesh,English,trade_preference_policy,,General AGOA/AfCFTA/trade-preference story; no SACU country named in the title.
2026-09-09T13:12:33Z,20260904T070000Z,Xiaomi gibt IFA - Debüt : Ökosystem „ Human x Car x Home  im Fokus – Hartware,https://www.hartware.de/2026/09/04/xiaomi-gibt-ifa-debuet-oekosystem-human-x-car-x-home-im-fokus/,hartware.de,Germany,German,trade_preference_policy,,General AGOA/AfCFTA/trade-preference story; no SACU country named in the title.
2026-09-09T13:12:33Z,20260904T070000Z,罗志恒 ： 投资于人  的内涵 、 约束与实现路径 _ 新浪财经 _ 新浪网,http://finance.sina.com.cn/zl/china/2026-09-04/zl-iniqryew1317586.shtml,finance.sina.com.cn,China,Chinese,trade_preference_policy,,General AGOA/AfCFTA/trade-preference story; no SACU country named in the title.
2026-09-09T13:12:33Z,20260904T040000Z,  速成车  引召回激增 ， 监管升级筑牢安全底线|工况|盐雾,https://www.163.com/dy/article/L5VQTJ4C0519CQO3.html,163.com,China,Chinese,trade_preference_policy,,General AGOA/AfCFTA/trade-preference story; no SACU country named in the title.
2026-09-09T13:12:33Z,20260904T033000Z,地产新政用意超越地产 重构  扩内需  链条｜经济周刊 · 焦点 _ 广州日报大洋网,https://news.dayoo.com/finance/202609/04/171077_54999681.htm,news.dayoo.com,China,Chinese,trade_preference_policy,,General AGOA/AfCFTA/trade-preference story; no SACU country named in the title.
2026-09-09T13:12:33Z,20260904T001500Z,AstraZeneca settles Texas case for $34 million,https://www.bioxconomy.com/legal/astrazeneca-settles-texas-fraud-case-for-34m,bioxconomy.com,,English,trade_preference_policy,,General AGOA/AfCFTA/trade-preference story; no SACU country named in the title.
2026-09-09T13:12:33Z,20260903T221500Z,Donald Trump firma ley extiende programas HOPE / HELP,https://www.diariolibre.com/mundo/estados-unidos/2026/09/03/donald-trump-firma-ley-extiende-programas-hopehelp/3648264,diariolibre.com,United States,Spanish,trade_preference_policy,,General AGOA/AfCFTA/trade-preference story; no SACU country named in the title.
2026-09-09T13:12:33Z,20260903T161500Z,  Alice Pizza  im Westfield Donau Zentrum - Wiens Pizzaszene wird um eine römische Spielart erweitert » Leadersnet,"https://www.leadersnet.at/news/103344,wiens-pizzaszene-wird-um-eine-roemische-spielart-erweitert.html",leadersnet.at,Austria,German,trade_preference_policy,,General AGOA/AfCFTA/trade-preference story; no SACU country named in the title.
2026-09-09T13:12:33Z,20260903T161500Z,Westcon - Comstor und Sonar beschleunigen mit zuverlässiger Code - Verifizierung KI - Einsatz im Channel,https://pressnetwork.de/westcon-comstor-und-sonar-beschleunigen-mit-zuverlaessiger-code-verifizierung-ki-einsatz-im-channel/,pressnetwork.de,Germany,German,trade_preference_policy,,General AGOA/AfCFTA/trade-preference story; no SACU country named in the title.
2026-09-09T13:12:33Z,20260903T153000Z,What Austria new work - permit rules mean if you lose your job or change employer,https://www.thelocal.at/20260903/what-austrias-new-work-permit-rules-mean-if-you-lose-your-job-or-change-employer,thelocal.at,Austria,English,trade_preference_policy,,General AGOA/AfCFTA/trade-preference story; no SACU country named in the title.
2026-09-09T13:12:33Z,20260903T140000Z,Marc Biro - Capco - Asset Servicing Times,https://www.assetservicingtimes.com/interviews/interview.php?interview_id=371,assetservicingtimes.com,United Kingdom,English,trade_preference_policy,,General AGOA/AfCFTA/trade-preference story; no SACU country named in the title.
2026-09-09T13:12:33Z,20260903T140000Z,Xpeng will in die Luft – Autos bei der Technik - Messe IFA,https://www.hna.de/leben/auto/xpeng-will-in-die-luft-autos-bei-der-technik-messe-ifa-zr-94473727.html,hna.de,Germany,German,trade_preference_policy,,General AGOA/AfCFTA/trade-preference story; no SACU country named in the title.
2026-09-09T13:12:33Z,20260903T140000Z,Xpeng will in die Luft – Autos bei der Technik - Messe IFA,https://www.az-online.de/leben/auto/xpeng-will-in-die-luft-autos-bei-der-technik-messe-ifa-zr-94473727.html,az-online.de,Germany,German,trade_preference_policy,,General AGOA/AfCFTA/trade-preference story; no SACU country named in the title.
2026-09-09T13:12:33Z,20260903T140000Z,Xpeng will in die Luft – Autos bei der Technik - Messe IFA,https://www.kreiszeitung.de/leben/auto/xpeng-will-in-die-luft-autos-bei-der-technik-messe-ifa-zr-94473727.html,kreiszeitung.de,Germany,German,trade_preference_policy,,General AGOA/AfCFTA/trade-preference story; no SACU country named in the title.
2026-09-09T13:12:33Z,20260903T140000Z,Descartes and Generali renew parametric insurance partnership,https://www.artemis.bm/news/descartes-and-generali-renew-parametric-insurance-partnership/,artemis.bm,Bermuda,English,trade_preference_policy,,General AGOA/AfCFTA/trade-preference story; no SACU country named in the title.
2026-09-09T13:12:33Z,20260903T104500Z,California Lettuce and Cyclospora and AFBF Urges Resume Talks with Canada - AG INFORMATION NETWORK OF THE WEST,https://www.aginfo.net/report/66185/20/California-Lettuce-and-Cyclospora-and-AFBF-Urges-Resume-Talks-with-Canada,aginfo.net,United States,English,trade_preference_policy,,General AGOA/AfCFTA/trade-preference story; no SACU country named in the title.
2026-09-09T13:12:33Z,20260903T101500Z,Après la prolongation de lAGOA : Maurice veut sécuriser son accès au marché américain,https://defimedia.info/apres-la-prolongation-de-lagoa-maurice-veut-securiser-son-acces-au-marche-americain,defimedia.info,Mauritius,French,trade_preference_policy,,General AGOA/AfCFTA/trade-preference story; no SACU country named in the title.
2026-09-09T13:12:33Z,20260903T091500Z,Xiaomi gibt IFA - Debüt : Ökosystem  Human x Car x Home  im Fokus,https://www.presseportal.de/pm/122861/6344890,presseportal.de,Germany,German,trade_preference_policy,,General AGOA/AfCFTA/trade-preference story; no SACU country named in the title.
2026-09-09T13:12:33Z,20260903T074500Z,ملکارجن کھرگے کا حکومت پر طنز ،  دیہی عوام کو صرف خشک سالی ، سیلاب یا انتخابات میں یاد نہ کریں  - ساحل آن لائن,https://www.sahilonline.net/congress-chief-mallikarjun-kharge-calls-for-rural-communities,sahilonline.net,India,Urdu,trade_preference_policy,,General AGOA/AfCFTA/trade-preference story; no SACU country named in the title.
2026-09-09T13:12:33Z,20260903T074500Z,"Middle Corridor : Austrian - Kazakh Connectivity Platform ( AKCP ) bringt Europa , Zentralasien und Südkaukasus in Alpbach an einen Tisch",https://www.ots.at/presseaussendung/OTS_20260903_OTS0020/middle-corridor-austrian-kazakh-connectivity-platform-akcp-bringt-europa-zentralasien-und-suedkaukasus-in-alpbach-an-einen-tisch,ots.at,Austria,German,trade_preference_policy,,General AGOA/AfCFTA/trade-preference story; no SACU country named in the title.
2026-09-09T13:12:33Z,20260903T073000Z,Chambre des représentants US : la prolongation de lAgoa approuvée – Newsmada,https://newsmada.com/2026/09/03/chambre-des-representants-us-la-prolongation-de-lagoa-approuvee/,newsmada.com,Madagascar,French,trade_preference_policy,,General AGOA/AfCFTA/trade-preference story; no SACU country named in the title.
2026-09-09T13:12:33Z,20260903T070000Z,EQS - News : SUSS MicroTec SE : SUSS und Manz Asia kündigen strategische Zusammenarbeit in der Halbleiter - Inkjet - Technologie an,https://www.finanznachrichten.de/nachrichten-2026-09/69481997-eqs-news-suss-microtec-se-suss-und-manz-asia-kuendigen-strategische-zusammenarbeit-in-der-halbleiter-inkjet-technologie-an-022.htm,finanznachrichten.de,Germany,German,trade_preference_policy,,General AGOA/AfCFTA/trade-preference story; no SACU country named in the title.
2026-09-09T13:12:33Z,20260903T060000Z,"US , India working on fair , reciprocal trade ties : Sergio Gor",https://www.hindustantimes.com/india-news/us-india-working-on-fair-reciprocal-trade-ties-sergio-gor-101788408502407.html,hindustantimes.com,India,English,trade_preference_policy,,General AGOA/AfCFTA/trade-preference story; no SACU country named in the title.
2026-09-09T13:12:33Z,20260903T054500Z,Ethiopia : U . S . Congress Clears AGOA Extension Through 2028 - Ethiopia Return Remains Uncertain,https://allafrica.com/stories/202609030031.html,allafrica.com,Nigeria,English,trade_preference_policy,,General AGOA/AfCFTA/trade-preference story; no SACU country named in the title.
2026-09-09T13:12:33Z,20260903T053000Z,Österreich : Markteintritt in Deutschland - VERKEHRSBUERO HOSPITALITY neuer Betreiber des ibis Styles Bad Reichenhall,https://www.regionews.at/newsdetail/Markteintritt_in_Deutschland_VERKEHRSBUERO_HOSPITALITY_neuer_Betreiber_des_ibis_Styles_Bad_Reichenhall-707020,regionews.at,Austria,German,trade_preference_policy,,General AGOA/AfCFTA/trade-preference story; no SACU country named in the title.
2026-09-09T13:12:33Z,20260903T050000Z,After IMF ? | Daily FT,https://www.ft.lk/opinion/After-IMF/14-796734,ft.lk,Sri Lanka,English,trade_preference_policy,,General AGOA/AfCFTA/trade-preference story; no SACU country named in the title.
2026-09-09T13:12:33Z,20260903T050000Z,After IMF ? | Daily FT,https://www.ft.lk/columns/After-IMF/4-796734,ft.lk,Sri Lanka,English,trade_preference_policy,,General AGOA/AfCFTA/trade-preference story; no SACU country named in the title.
2026-09-09T13:12:33Z,20260903T031500Z,US Extends African Trade Program,https://www.africa.com/top-10-news/us-extends-african-trade-program,africa.com,South Africa,English,trade_preference_policy,,General AGOA/AfCFTA/trade-preference story; no SACU country named in the title.
2026-09-09T13:12:33Z,20260903T031500Z,CM ਭਗਵੰਤ ਮਾਨ ਵੱਲੋਂ ਖੇਤੀਬਾੜੀ ਯੂਨੀਵਰਸਿਟੀ ਵਿਖੇ ਹੌਰਟੀਕਲਚਰ ਨਾਲਿਜ ਸੈਂਟਰ ਨੂੰ ਮਨਜ਼ੂਰੀ,https://globalpunjabtv.com/chief-minister-bhagwant-mann-approves-horticulture-knowledge-center-at-agricultural-university/,globalpunjabtv.com,India,Punjabi,trade_preference_policy,,General AGOA/AfCFTA/trade-preference story; no SACU country named in the title.
2026-09-09T13:12:33Z,20260903T004500Z,圆桌｜美国伊朗问题专家 ： 经济痛苦不会自动转化为政治妥协,https://baijiahao.baidu.com/s?id=1875183264146859968,baijiahao.baidu.com,China,Chinese,trade_preference_policy,,General AGOA/AfCFTA/trade-preference story; no SACU country named in the title.
2026-09-09T13:12:33Z,20260903T001500Z,"मधुबनी में मिथिला पेंटिंग और खादी का अद्भुत मेल , 10 करोड़ का कारोबार और सैकड़ों को रोजगार - madhubani khadi mithila painting bihar 10 cr success story",https://www.jagran.com/bihar/madhubani-madhubani-khadi-mithila-painting-bihar-10-cr-success-story-40360115.html,jagran.com,India,Hindi,trade_preference_policy,,General AGOA/AfCFTA/trade-preference story; no SACU country named in the title.
2026-09-09T13:56:51Z,20260907T164500Z,MP CM Mohan Yadav invites global investors at AIM Congress 2026,https://www.prokerala.com/news/articles/a1809634.html,prokerala.com,India,English,apparel_sourcing_shifts,,No comparable country found in the title or the article's own source country.
2026-09-09T13:56:51Z,20260907T051500Z,When workers resisted deindustrialisation,https://links.org.au/when-workers-resisted-deindustrialisation,links.org.au,Australia,English,apparel_sourcing_shifts,,No comparable country found in the title or the article's own source country.
2026-09-09T13:56:51Z,20260907T040000Z,"Sri Lanka Apparel Sector Under Pressure as Global Headwinds , Competition and Demand Shifts Bite",https://www.lankanewspapers.com/2026/09/07/sri-lanka-s-apparel-sector-under-pressure-as-global-headwinds-competition-and-demand-shifts-bite,lankanewspapers.com,Sri Lanka,English,apparel_sourcing_shifts,Sri Lanka,"Names Sri Lanka in the title, and is itself sourced from Sri Lanka."
2026-09-09T13:56:51Z,20260906T134500Z,Yaneek Page | BPO Transition : Balancing Investor Realities with Economic Necessity,https://jamaica-gleaner.com/article/business/20260906/yaneek-page-bpo-transition-balancing-investor-realities-economic,jamaica-gleaner.com,Jamaica,English,apparel_sourcing_shifts,,No comparable country found in the title or the article's own source country.
2026-09-09T13:56:51Z,20260909T133000Z,Capitol Fax . com - Your Illinois News Radar » Isabel morning briefing,https://capitolfax.com/2026/09/09/isabel%E2%80%99s-morning-briefing-803/,capitolfax.com,United States,English,data_centre_investment,,No comparable country found in the title or the article's own source country.
2026-09-09T13:56:51Z,20260909T133000Z,Prediction : Intel Stock Will Double on This Date,https://www.aol.com/articles/prediction-intel-stock-double-date-130046000.html,aol.com,United States,English,data_centre_investment,,No comparable country found in the title or the article's own source country.
2026-09-09T13:56:51Z,20260909T133000Z,"GULF Powers Tomorrow at Gastech 2026 , Unveiling an Integrated Energy , LNG , and Digital Ecosystem",https://www.newswit.com/en/iek6t9nkdicmvopailwt2k74xwzlg396,newswit.com,Thailand,English,data_centre_investment,,No comparable country found in the title or the article's own source country.
2026-09-09T13:56:51Z,20260909T133000Z,"AI data centers may create far fewer jobs than projected , think tank warns",https://www.cnbc.com/2026/09/09/ai-data-centers-jobs-tech-buildout.html,cnbc.com,United States,English,data_centre_investment,,No comparable country found in the title or the article's own source country.
2026-09-09T13:56:51Z,20260909T050000Z,"GM , Ford Turn EV Battery Bust Into Energy Storage Bet",https://finance.yahoo.com/energy/articles/gm-ford-turn-ev-battery-200000768.html,finance.yahoo.com,United States,English,data_centre_investment,,No comparable country found in the title or the article's own source country.
2026-09-09T13:56:51Z,20260909T050000Z,ASX 200 Falls To Fresh Six - Week Low As Iran Tensions Push Oil Toward $100 A Barrel This Wednesday Morning,https://www.ibtimes.com.au/australian-shares-slide-middle-east-tensions-rate-hike-fears-1875215,ibtimes.com.au,Australia,English,data_centre_investment,,No comparable country found in the title or the article's own source country.
2026-09-09T13:56:51Z,20260909T050000Z,China  Quasi - Monopolistic  Grip On Critical Materials Ignites Western Supply Race : First To Deliver Wins Big,https://www.chinatechnews.com/2026/09/09/128828-chinas-quasi-monopolistic-grip-on-critical-materials-ignites-western-supply-race-first-to-deliver-wins-big,chinatechnews.com,China,English,data_centre_investment,,No comparable country found in the title or the article's own source country.
2026-09-09T13:56:51Z,20260909T050000Z,"Lost Money on Rackspace Technology , Inc . ( RXT )? Urged to Join Class ... ",https://www.pr-inside.com/lost-money-on-rackspace-technology-inc-rxt-urged-to-join-class-r5220831.htm,pr-inside.com,United States,English,data_centre_investment,,No comparable country found in the title or the article's own source country.
2026-09-09T13:56:51Z,20260909T050000Z,Investors in Hyliion Holdings Corp . ( HYLN ): Protect Your Rights - Contact ... ,https://www.pr-inside.com/investors-in-hyliion-holdings-corp-hyln-protect-your-rights-contact-r5220828.htm,pr-inside.com,United States,English,data_centre_investment,,No comparable country found in the title or the article's own source country.
2026-09-09T13:56:51Z,20260909T050000Z,Japan manufacturer mood hits near 5 - year high on semiconductor demand : Reuters poll,https://www.ksl.com:443/article/51621644/japan-manufacturers-mood-hits-near-5-year-high-on-semiconductor-demand-reuters-poll,ksl.com,United States,English,data_centre_investment,,No comparable country found in the title or the article's own source country.
2026-09-09T13:56:51Z,20260909T050000Z,"In Nevada , a data center planned on public land is temporarily halted",https://www.kvnf.org/2026-09-08/in-nevada-a-data-center-planned-on-public-land-is-temporarily-halted,kvnf.org,United States,English,data_centre_investment,,No comparable country found in the title or the article's own source country.
2026-09-09T13:56:51Z,20260909T050000Z,Secret Tassie AI data centre plans exposed in new document | The Advocate,https://www.theadvocate.com.au/story/9346904/secret-tassie-ai-data-centre-plans-exposed-in-new-document/,theadvocate.com.au,Australia,English,data_centre_investment,,No comparable country found in the title or the article's own source country.
2026-09-09T13:56:51Z,20260909T050000Z,SLB Bets $4 . 1 Billion on the AI Data Center Boom,https://finance.yahoo.com/technology/ai/articles/slb-bets-4-1-billion-202013359.html,finance.yahoo.com,United States,English,data_centre_investment,,No comparable country found in the title or the article's own source country.
2026-09-09T13:56:51Z,20260909T044500Z,Nvidia Earnings Blow Everyone Away | The Motley Fool,https://www.fool.com/investing/2026/09/08/nvidia-earnings-blow-everyone-away/,fool.com,United States,English,data_centre_investment,,No comparable country found in the title or the article's own source country.
2026-09-09T13:56:51Z,20260909T044500Z,How Global Economic Policy Can Serve the Common Good,https://foreignpolicy.com/2026/09/09/global-economy-common-good-world-bank-international-monetary-fund-rules-wealth-policy/,foreignpolicy.com,United States,English,data_centre_investment,,No comparable country found in the title or the article's own source country.
2026-09-09T13:56:51Z,20260909T044500Z,Jensen Huang AI Capex Pulse Check | The Motley Fool,https://www.fool.com/investing/2026/09/08/jensen-huangs-ai-capex-pulse-check/,fool.com,United States,English,data_centre_investment,,No comparable country found in the title or the article's own source country.
2026-09-09T13:56:51Z,20260909T044500Z,"Vodafone , Cassava and Elsewedy Electric form Africa Data Centers Egypt",https://www.developingtelecoms.com/telecom-technology/data-centres-networks/20794-vodafone-cassava-and-elsewedy-electric-form-africa-data-centers-egypt.html,developingtelecoms.com,India,English,data_centre_investment,Egypt,Mentions Egypt in the title.
2026-09-09T13:56:51Z,20260909T043000Z,"Sphere 3D Corp . Concludes 90 - Day Strategic Review , Announces Pricing of $5 . 0 Million Private Placement , and Divests Non - Core Assets to Fund AI and High - Performance Computing Development – IT Business Net",https://itbusinessnet.com/2026/09/sphere-3d-corp-concludes-90-day-strategic-review-announces-pricing-of-5-0-million-private-placement-and-divests-non-core-assets-to-fund-ai-and-high-performance-computing-development/,itbusinessnet.com,United States,English,data_centre_investment,,No comparable country found in the title or the article's own source country.
2026-09-09T13:56:51Z,20260909T043000Z,Rock County staff committee advances data center resolutions to County Board,http://www.gazettextra.com/news/local/rock-county-staff-committee-advances-data-center-resolutions-to-county-board/article_59f071d1-8363-44d4-a252-bbc7a2f8bce6.html,gazettextra.com,United States,English,data_centre_investment,,No comparable country found in the title or the article's own source country.
2026-09-09T13:56:51Z,20260909T043000Z,Nvidia Earnings Blow Everyone Away,https://finance.yahoo.com/markets/stocks/articles/nvidia-earnings-blow-everyone-away-035501884.html,finance.yahoo.com,United States,English,data_centre_investment,,No comparable country found in the title or the article's own source country.
2026-09-09T13:56:51Z,20260909T043000Z,"Levi & Korsinsky Notifies Innventure , Inc . ( INV ) Shareholders of Class ... ",https://www.pr-inside.com/levi-korsinsky-notifies-innventure-inc-inv-shareholders-of-class-r5220818.htm,pr-inside.com,United States,English,data_centre_investment,,No comparable country found in the title or the article's own source country.
2026-09-09T13:56:51Z,20260909T041500Z,"Order requires local approval , benefit agreements for data centers",https://www.sentinelandenterprise.com/2026/09/08/order-requires-local-approval-benefit-agreements-for-data-centers/,sentinelandenterprise.com,United States,English,data_centre_investment,,No comparable country found in the title or the article's own source country.
2026-09-09T13:56:51Z,20260909T041500Z,"IDX Expands European Footprint , Bolsters Management Team , and Strengthens Data Capabilities Following Outstanding 56 % H1 Growth",http://www.prnewswire.com/news-releases/idx-expands-european-footprint-bolsters-management-team-and-strengthens-data-capabilities-following-outstanding-56-h1-growth-302873099.html,prnewswire.com,United States,English,data_centre_investment,,No comparable country found in the title or the article's own source country.
2026-09-09T13:56:51Z,20260909T040000Z,$600 million Southland wind farm officially opens,https://www.rnz.co.nz/news/business/1309788/600-million-southland-wind-farm-officially-opens,rnz.co.nz,,English,data_centre_investment,,No comparable country found in the title or the article's own source country.
2026-09-09T13:56:51Z,20260909T040000Z,"IDX Expands European Footprint , Bolsters Management Team , and Strengthens Data Capabilities Following Outstanding 56 % H1 Growth",https://www.prnewswire.com/news-releases/idx-expands-european-footprint-bolsters-management-team-and-strengthens-data-capabilities-following-outstanding-56-h1-growth-302873099.html,prnewswire.com,United States,English,data_centre_investment,,No comparable country found in the title or the article's own source country.
2026-09-09T13:56:51Z,20260909T040000Z,Security Experts : AI Data Centers Contain Hidden Risks from China,https://www.breitbart.com/politics/2026/09/07/security-experts-ai-data-centers-contain-hidden-risks-from-china/,breitbart.com,United States,English,data_centre_investment,,No comparable country found in the title or the article's own source country.
2026-09-09T13:56:51Z,20260909T034500Z,Durham residents call for stricter data center pause,https://abc11.com/post/durham-residents-call-stricter-data-center-pause/19806267/,abc11.com,United States,English,data_centre_investment,,No comparable country found in the title or the article's own source country.
2026-09-09T13:56:51Z,20260909T033000Z,Van Buren Township officials to consider final site plan for Google data center,https://www.yahoo.com/news/articles/van-buren-township-officials-consider-030235640.html,yahoo.com,United States,English,data_centre_investment,,No comparable country found in the title or the article's own source country.
2026-09-09T13:56:51Z,20260909T031500Z,Governance controls are crucial for AI adoption and modernisation,https://itbrief.co.nz/story/governance-controls-are-crucial-for-ai-adoption-and-modernisation,itbrief.co.nz,New Zealand,English,data_centre_investment,,No comparable country found in the title or the article's own source country.
2026-09-09T13:56:51Z,20260909T030000Z,"Qualcomm Announces Multi - Generational Product Collaboration with Amazon to Build Next ... - IT Services / Network Management - QUALCOMM , Inc . ",https://www.newswiretoday.com/news/186803/,newswiretoday.com,United States,English,data_centre_investment,,No comparable country found in the title or the article's own source country.
2026-09-09T13:56:51Z,20260909T030000Z,Cinde Warmington wins NH Democratic nod amid Purdue Pharma attacks,https://www.foxnews.com/politics/ex-dem-lobbyist-company-promoted-addictive-opioid-clears-key-gubernatorial-hurdle,foxnews.com,United States,English,data_centre_investment,,No comparable country found in the title or the article's own source country.
2026-09-09T13:56:51Z,20260909T030000Z,Indian - American lawmaker unveils rapid US data centre expansion plan,https://ianslive.in/indian-american-lawmaker-unveils-rapid-us-data-centre-expansion-plan--20260909054502,ianslive.in,India,English,data_centre_investment,,No comparable country found in the title or the article's own source country.
2026-09-09T13:56:51Z,20260909T030000Z,Oregon workplace safety complaints rise amid record - breaking wildfire season,https://theworldlink.com/news/local_free/oregon-workplace-safety-complaints-rise-amid-record-breaking-wildfire-season/article_762efec1-eff9-5ed0-8ac2-a82a3c73136b.html,theworldlink.com,United States,English,data_centre_investment,,No comparable country found in the title or the article's own source country.
2026-09-09T13:56:51Z,20260909T030000Z,"Qualcomm Announces Multi - Generational Product Collaboration with Amazon to Build Next ... - IT Services / Network Management - QUALCOMM , Inc . ",https://www.newswiretoday.com/news/186803/Qualcomm-Announces-Multi-Generational-Product-Collaboration-with-Amazon-to-Build-Next-Generation-AI-Data-Center-Infrastructure/,newswiretoday.com,United States,English,data_centre_investment,,No comparable country found in the title or the article's own source country.
2026-09-09T13:56:51Z,20260909T030000Z,"Innventure , Inc . ( INV ) Lawsuit - Investors Urged to Contact Levi & ... ",https://www.pr-inside.com/innventure-inc-inv-lawsuit-investors-urged-to-contact-levi-r5220801.htm,pr-inside.com,United States,English,data_centre_investment,,No comparable country found in the title or the article's own source country.
2026-09-09T13:56:51Z,20260909T030000Z,The Big Four now all expect more interest rate rises later this year,https://www.brokernews.com.au/news/breaking-news/the-big-four-now-all-expect-more-interest-rate-rises-later-this-year-289938.aspx,brokernews.com.au,Australia,English,data_centre_investment,,No comparable country found in the title or the article's own source country.
2026-09-09T13:56:51Z,20260909T030000Z,FuelCell ( FCEL ) Reported $1 . 3B of Committed Backlog and $2 . 3B of Awarded Capacity Backlog . How Much Can Become Profitable Revenue ? ,https://finance.yahoo.com/energy/articles/fuelcell-fcel-reported-1-3b-023037783.html,finance.yahoo.com,United States,English,data_centre_investment,,No comparable country found in the title or the article's own source country.
2026-09-09T13:56:51Z,20260909T023000Z,How 4 Million Hewlett Packard Shares Bought an AI Network,https://finance.yahoo.com/technology/ai/articles/4-million-hewlett-packard-shares-142500411.html,finance.yahoo.com,United States,English,data_centre_investment,,No comparable country found in the title or the article's own source country.
2026-09-09T13:56:51Z,20260909T023000Z,Target Hospitality Announces Pricing of Upsized Secondary Offering and Concurrent Stock Repurchase,http://www.prnewswire.com/news-releases/target-hospitality-announces-pricing-of-upsized-secondary-offering-and-concurrent-stock-repurchase-302873041.html,prnewswire.com,United States,English,data_centre_investment,,No comparable country found in the title or the article's own source country.
2026-09-09T13:56:51Z,20260909T021500Z,LETTER : Moving Clinton forward together and carefully,https://www.clintonherald.com/opinion/letters_to_the_editor/letter-moving-clinton-forward-together-and-carefully/article_77ef83a1-fba9-4821-93eb-1c8591f65afb.html,clintonherald.com,United States,English,data_centre_investment,,No comparable country found in the title or the article's own source country.
2026-09-09T13:56:51Z,20260909T021500Z,A short history of welcome mats : how Alberta courted two types of newcomers on the grounds of demand and economic impact,https://www.wellandtribune.ca/news/canada/a-short-history-of-welcome-mats-how-alberta-courted-two-types-of-newcomers-on-the-grounds-of-demand-and-economic-impact/article_614177eb-3737-5e56-b186-0f7daab9434a.html,wellandtribune.ca,Canada,English,data_centre_investment,,No comparable country found in the title or the article's own source country.
2026-09-09T13:56:51Z,20260909T021500Z,The US went all in on AI investment . Is it driving up consumer prices ? ,https://www.aol.com/articles/us-went-ai-investment-driving-011059000.html,aol.com,United States,English,data_centre_investment,,No comparable country found in the title or the article's own source country.
2026-09-09T13:56:51Z,20260909T020000Z,"West Family Investments Inc . Boosts Stake in Advanced Micro Devices , Inc . $AMD",https://www.tickerreport.com/banking-finance/13577416/west-family-investments-inc-boosts-stake-in-advanced-micro-devices-inc-amd.html,tickerreport.com,United States,English,data_centre_investment,,No comparable country found in the title or the article's own source country.
2026-09-09T13:56:51Z,20260909T020000Z,"Insider Selling : Dell Technologies ( NYSE : DELL ) Director Sells $38 , 215 , 418 . 85 in Stock",https://www.dailypolitical.com/2026/09/08/insider-selling-dell-technologies-nysedell-director-sells-38215418-85-in-stock.html,dailypolitical.com,United States,English,data_centre_investment,,No comparable country found in the title or the article's own source country.
2026-09-09T13:56:51Z,20260909T020000Z,"Western Digital ( NASDAQ : WDC ) Insider Sells $194 , 918 . 40 in Stock",https://www.themarketsdaily.com/2026/09/09/western-digital-nasdaqwdc-insider-sells-194918-40-in-stock.html,themarketsdaily.com,United States,English,data_centre_investment,,No comparable country found in the title or the article's own source country.
2026-09-09T13:56:51Z,20260909T020000Z,"Silver Lake Partners Iv , L . P . Sells 75 , 285 Shares of Dell Technologies ( NYSE : DELL ) Stock",https://www.tickerreport.com/banking-finance/13577412/silver-lake-partners-iv-l-p-sells-75285-shares-of-dell-technologies-nysedell-stock.html,tickerreport.com,United States,English,data_centre_investment,,No comparable country found in the title or the article's own source country.
2026-09-09T13:56:51Z,20260909T020000Z,New Bedford Mayor Proposes Data Center Ban Amid AI Growth,https://wbsm.com/new-bedford-data-center-ban-mitchell/,wbsm.com,United States,English,data_centre_investment,,No comparable country found in the title or the article's own source country.
2026-09-09T13:56:51Z,20260909T020000Z,"Order Requires Local Approval , Benefit Agreements for Data Center",https://wbsm.com/data-centers-massachusetts-healey-order/,wbsm.com,United States,English,data_centre_investment,,No comparable country found in the title or the article's own source country.
2026-09-09T13:56:51Z,20260909T020000Z,"Insider Selling : Western Digital ( NASDAQ : WDC ) Insider Sells $825 , 466 . 65 in Stock",https://www.themarketsdaily.com/2026/09/09/insider-selling-western-digital-nasdaqwdc-insider-sells-825466-65-in-stock.html,themarketsdaily.com,United States,English,data_centre_investment,,No comparable country found in the title or the article's own source country.
2026-09-09T13:56:51Z,20260909T013000Z,Temporary data center ban enacted after 2nd approval,https://www.palatkadailynews.com/articles/local-news/temporary-data-center-ban-enacted-after-2nd-approval/,palatkadailynews.com,United States,English,data_centre_investment,,No comparable country found in the title or the article's own source country.
2026-09-09T13:56:51Z,20260909T013000Z,AU - US Infrastructure Partnership Tests Africa Strategic Ownership,https://www.africa.com/top-10-news/au-us-infrastructure-partnership-tests-africas-strategic-ownership,africa.com,South Africa,English,data_centre_investment,South Africa,"No comparable country named in the title, but the article is itself sourced from South Africa (its dateline, not necessarily its subject -- a weaker signal than a title mention)."
2026-09-09T13:56:51Z,20260909T013000Z,Chinese Chipmakers Buy 3 - Year Sanctions Buffer As Huawei Spearheads Domestic Juggernaut,https://www.zerohedge.com/ai/chinese-chipmakers-buy-3-year-sanctions-buffer-huawei-spearheads-domestic-juggernaut,zerohedge.com,United States,English,data_centre_investment,,No comparable country found in the title or the article's own source country.
2026-09-09T13:56:51Z,20260909T013000Z,"Trading ideas : TRC , Favelle , QES , Genting , Theta Edge , DNeX , Maybank , Public Bank , Ni Hsin , NCT , IJM , Hektar REIT , Zetrix AI , Pioneer , EGH",https://www.thestar.com.my/business/business-news/2026/09/09/trading-ideas-trc-favelle-qes-genting-theta-edge-dnex-maybank-public-bank-ni-hsin-nct-ijm-hektar-reit-zetrix-ai-pioneer-egh,thestar.com.my,Malaysia,English,data_centre_investment,,No comparable country found in the title or the article's own source country.
2026-09-09T13:56:51Z,20260909T010000Z,FCC : Satellite Constellations Dont Need Environmental Reviews,https://www.pcmag.com/news/fcc-satellite-constellations-dont-need-environmental-reviews,pcmag.com,United States,English,data_centre_investment,,No comparable country found in the title or the article's own source country.
2026-09-09T13:56:51Z,20260909T010000Z,Palm Coast Land Code Targets Data Center Loopholes,https://flaglerlive.com/data-loopholes/,flaglerlive.com,United States,English,data_centre_investment,,No comparable country found in the title or the article's own source country.
2026-09-09T13:56:51Z,20260909T010000Z,Oregon Gov . Kotek calls for immediate pause on data center requests for state - owned land,https://kcby.com/news/local/oregon-gov-kotek-calls-for-immediate-pause-on-data-center-requests-for-state-owned-land-ai-center-moratorium-energy-community-impacts,kcby.com,United States,English,data_centre_investment,,No comparable country found in the title or the article's own source country.
2026-09-09T13:56:51Z,20260909T004500Z,"Americans are turning against AI data centers as local fears over water , power costs , and land use keep growing nationwide",https://www.techradar.com/pro/69-of-americans-oppose-local-ai-data-centers-in-2026-poll-trump-blasts-blocking-communities-on-truth-social-for-choosing-poverty-over-server-farms-throwing-off-tremendous-amounts-of-money,techradar.com,United Kingdom,English,data_centre_investment,,No comparable country found in the title or the article's own source country.
2026-09-09T13:56:51Z,20260909T003000Z,S & P 500 falls as AI worries hit software makers,https://www.freemalaysiatoday.com/category/business/2026/09/09/s-p-500-falls-as-ai-worries-hit-software-makers,freemalaysiatoday.com,Malaysia,English,data_centre_investment,,No comparable country found in the title or the article's own source country.
2026-09-09T13:56:51Z,20260909T001500Z,Ida County shares first draft of data center ordinance,https://www.ktiv.com/2026/09/08/ida-county-shares-first-draft-data-center-ordinance/,ktiv.com,United States,English,data_centre_investment,,No comparable country found in the title or the article's own source country.
2026-09-09T13:56:51Z,20260909T001500Z,"Connective Capital Management LLC Sells 7 , 074 Shares of Qualcomm Incorporated $QCOM",https://www.dailypolitical.com/2026/09/08/connective-capital-management-llc-sells-7074-shares-of-qualcomm-incorporated-qcom.html,dailypolitical.com,United States,English,data_centre_investment,,No comparable country found in the title or the article's own source country.
2026-09-09T13:56:51Z,20260909T001500Z,Meeza inks major IT sector deal worth over QAR1bn,https://tradearabia.com:443/News/485850/Meeza-inks-major-IT-sector-deal-worth-over-QAR1bn/IND,tradearabia.com,United Arab Emirates,English,data_centre_investment,,No comparable country found in the title or the article's own source country.
2026-09-09T13:56:51Z,20260909T001500Z,GitLab ( GTLB ) Q2 2027 Earnings Call Transcript,https://finance.yahoo.com/markets/stocks/articles/gitlab-gtlb-q2-2027-earnings-234510160.html,finance.yahoo.com,United States,English,data_centre_investment,,No comparable country found in the title or the article's own source country.
2026-09-09T13:56:51Z,20260909T000000Z,"Order requires local approval , benefit agreements for data centers",https://www.lowellsun.com/2026/09/08/order-requires-local-approval-benefit-agreements-for-data-centers/,lowellsun.com,United States,English,data_centre_investment,,No comparable country found in the title or the article's own source country.
2026-09-09T13:56:51Z,20260909T000000Z,"Investor Alert : Deadline Approaching to Join Innventure , Inc . ( INV ) ... ",https://www.pr-inside.com/investor-alert-deadline-approaching-to-join-innventure-inc-inv-r5220761.htm,pr-inside.com,United States,English,data_centre_investment,,No comparable country found in the title or the article's own source country.
2026-09-09T13:56:51Z,20260909T000000Z,Dell vs . HPE : Which Top AI Server Stock Is the Better Buy ? ,https://finance.yahoo.com/markets/stocks/articles/dell-vs-hpe-top-ai-232400323.html,finance.yahoo.com,United States,English,data_centre_investment,,No comparable country found in the title or the article's own source country.
2026-09-09T13:56:51Z,20260909T000000Z,,https://en.acnnewswire.com/press-release/english/109909/critical-gas-for-sustainable-high-voltage-grids-now-made-in-germany,en.acnnewswire.com,China,English,data_centre_investment,,No comparable country found in the title or the article's own source country.
2026-09-09T13:56:51Z,20260909T000000Z,"OPU presents rate outlook for 2027 , GM reports no data centers in development",http://www.southernminn.com/owatonna_peoples_press/news/opu-presents-rate-outlook-for-2027-gm-reports-no-data-centers-in-development/article_622cef7b-3637-48bd-84e7-b737bcac7d0d.html,southernminn.com,United States,English,data_centre_investment,,No comparable country found in the title or the article's own source country.
2026-09-09T13:56:51Z,20260909T000000Z,Japan factory mood hits near 5 - year high as chip demand lifts Reuters Tankan,https://investinglive.com/news/japan-factory-mood-hits-near-5-year-high-as-chip-demand-lifts-reuters-tankan/,investinglive.com,,English,data_centre_investment,,No comparable country found in the title or the article's own source country.
2026-09-09T13:56:51Z,20260909T000000Z,Exclusive : Vero3 at EnerCom Denver - The Energy Investment Conference 2026,https://www.oilandgas360.com/exclusive-vero3-at-enercom-denver-the-energy-investment-conference-2026/,oilandgas360.com,United States,English,data_centre_investment,,No comparable country found in the title or the article's own source country.
2026-09-09T13:56:51Z,20260909T000000Z,Qatar Business : Meeza inks major IT sector deal worth over QAR1bn,https://www.gdnonline.com:443/Details/1405786/Meeza-inks-major-IT-sector-deal-worth-over-QAR1bn,gdnonline.com,United States,English,data_centre_investment,,No comparable country found in the title or the article's own source country.
2026-09-09T13:56:51Z,20260909T000000Z,"Battalion Oil Corporation Announces Strategic Investment in Collide , the AI - Native Operations System for Oil and Gas",https://www.manilatimes.net/2026/09/09/tmt-newswire/globenewswire/battalion-oil-corporation-announces-strategic-investment-in-collide-the-ai-native-operations-system-for-oil-and-gas/2421103,manilatimes.net,Philippines,English,data_centre_investment,,No comparable country found in the title or the article's own source country.
2026-09-09T13:56:51Z,20260908T234500Z,"Artificial Intelligence : How tech tools are changing work , school and the stock market",https://originals.azpm.org/p/navigating/2026/9/8/231120-artificial-intelligence-how-tech-tools-are-changing-work-school-and-the-stock-market/,originals.azpm.org,United States,English,data_centre_investment,,No comparable country found in the title or the article's own source country.
2026-09-09T13:56:51Z,20260908T234500Z,"Top Stock Reports for Oracle , Merck & Union Pacific",https://finance.yahoo.com/markets/stocks/articles/top-stock-reports-oracle-merck-231300457.html,finance.yahoo.com,United States,English,data_centre_investment,,No comparable country found in the title or the article's own source country.
2026-09-09T13:56:51Z,20260908T234500Z,JW Asset Management LLC Cuts Position in IREN Limited $IREN,https://www.dailypolitical.com/2026/09/08/jw-asset-management-llc-cuts-position-in-iren-limited-iren.html,dailypolitical.com,United States,English,data_centre_investment,,No comparable country found in the title or the article's own source country.
2026-09-09T13:56:51Z,20260908T233000Z,Rep . Moore and First Energy Support Data Centers Bearing Cost of Power Infrastructure,https://moorefieldexaminer.com/2026/09/08/rep-moore-and-first-energy-support-data-centers-bearing-cost-of-power-infrastructure-2026-09-09/,moorefieldexaminer.com,United States,English,data_centre_investment,,No comparable country found in the title or the article's own source country.
2026-09-09T13:56:51Z,20260908T233000Z,Governor Morrisey Lays Out Next Steps In Energy Vision For West Virginia During Greenbrier Speech,https://moorefieldexaminer.com/2026/09/08/governor-morrisey-lays-out-next-steps-in-energy-vision-for-west-virginia-during-greenbrier-speech-2026-09-09/,moorefieldexaminer.com,United States,English,data_centre_investment,,No comparable country found in the title or the article's own source country.
2026-09-09T13:56:51Z,20260908T233000Z,"Visa CEO Highlights Cross - Border Growth , AI Gains and Stablecoin Push",https://finance.yahoo.com/technology/ai/articles/visa-ceo-highlights-cross-border-230307725.html,finance.yahoo.com,United States,English,data_centre_investment,,No comparable country found in the title or the article's own source country.
2026-09-09T13:56:51Z,20260908T233000Z,How AI is helping rewire sustainable trade finance in Asean,https://www.businesstimes.com.sg/opinion-features/how-ai-helping-rewire-sustainable-trade-finance-asean,businesstimes.com.sg,Singapore,English,data_centre_investment,,No comparable country found in the title or the article's own source country.
2026-09-09T13:56:51Z,20260908T231500Z,Qualcomm hands Amazon $4B of warrants to build custom silicon for AWS,https://thenextweb.com/news/qualcomm-amazon-4bn-warrants,thenextweb.com,United States,English,data_centre_investment,,No comparable country found in the title or the article's own source country.
2026-09-09T13:56:51Z,20260908T231500Z,Nvidia vs . Broadcom : Comparing Recent Quarterly Revenue Trajectories,https://www.fool.com/coverage/charts/2026/09/08/nvidia-vs-broadcom-comparing-recent-quarterly-revenue-trajectories/?source=iedfolrf0000001,fool.com,United States,English,data_centre_investment,,No comparable country found in the title or the article's own source country.
2026-09-09T13:56:51Z,20260908T231500Z,Who gets to decide what Johnson County becomes ? ,https://www.buffalobulletin.com/opinion/who-gets-to-decide-what-johnson-county-becomes/article_e43f8f32-46e8-45ed-9c16-6fcd15e6352c.html,buffalobulletin.com,United States,English,data_centre_investment,,No comparable country found in the title or the article's own source country.
2026-09-09T13:56:51Z,20260908T230000Z,These dividend stocks could catch a tailwind from data center pushback,https://www.cnbc.com/2026/09/08/these-dividend-stocks-could-catch-a-tailwind-from-data-center-pushback.html,cnbc.com,United States,English,data_centre_investment,,No comparable country found in the title or the article's own source country.
2026-09-09T13:56:51Z,20260908T230000Z,Data centre boom offset by fall in residential approvals : CreditorWatch,https://www.accountantsdaily.com.au/business/22855-data-centre-boom-offset-by-fall-in-residential-approvals-creditorwatch,accountantsdaily.com.au,Australia,English,data_centre_investment,,No comparable country found in the title or the article's own source country.
2026-09-09T13:56:51Z,20260908T230000Z,"Sphere 3D Corp . Concludes 90 - Day Strategic Review , Announces Pricing of $5 . 0 Million Private Placement , and Divests Non - Core Assets to Fund AI and High - Performance Computing Development",https://www.intelligencer.ca/press-releases/newsfile/sphere-3d-corp-concludes-90-day-strategic-review-announces-pricing-of-5-0-million-private-placement-and-divests-non-core-assets-to-fund-ai-and-high-performance-computing-development/,intelligencer.ca,Canada,English,data_centre_investment,,No comparable country found in the title or the article's own source country.
2026-09-09T13:56:51Z,20260908T230000Z,South Africa Must Build Its Own Sovereign AI Capability,https://africabusiness.com/2026/09/08/south-africa-sovereign-ai-capability/,africabusiness.com,South Africa,English,data_centre_investment,South Africa,"Names South Africa in the title, and is itself sourced from South Africa."
2026-09-09T13:56:51Z,20260908T230000Z,"A single transformer weighing 250 tons crossed an ocean and a bay and 2 states before crawling the last mile onto an island in the Susquehanna at 5 miles an hour , where a shut down reactor is being restarted",https://www.ecoportal.net/uk/500-000-pound-transformer-reached-nuclear/2520/,ecoportal.net,United States,English,data_centre_investment,,No comparable country found in the title or the article's own source country.
2026-09-09T13:56:51Z,20260908T221500Z,Western Digital ( NASDAQ : WDC ) Trading 2 . 1 % Higher – Still a Buy ? ,https://www.dailypolitical.com/2026/09/08/western-digital-nasdaqwdc-trading-2-1-higher-still-a-buy.html,dailypolitical.com,United States,English,data_centre_investment,,No comparable country found in the title or the article's own source country.
2026-09-09T13:56:51Z,20260908T221500Z,Apple ( NASDAQ : AAPL ) Trading Down 1 . 2 % – What Next ? ,https://www.themarketsdaily.com/2026/09/08/apple-nasdaqaapl-trading-down-1-2-whats-next.html,themarketsdaily.com,United States,English,data_centre_investment,,No comparable country found in the title or the article's own source country.
2026-09-09T13:56:51Z,20260908T221500Z,"Digital companies are getting greener , but AI is making climate targets harder to achieve",https://www.digitaljournal.com/article/digital-companies-are-getting-greener-but-ai-is-making-climate-targets-harder-to-achieve/,digitaljournal.com,United States,English,data_centre_investment,,No comparable country found in the title or the article's own source country.
2026-09-09T13:56:51Z,20260908T221500Z,NVIDIA ( NASDAQ : NVDA ) Shares Down 2 % – Should You Sell ? ,https://www.dailypolitical.com/2026/09/08/nvidia-nasdaqnvda-shares-down-2-should-you-sell.html,dailypolitical.com,United States,English,data_centre_investment,,No comparable country found in the title or the article's own source country.
2026-09-09T13:56:51Z,20260908T221500Z,Eau Claire County Begins Work On Data Center Moratorium,https://volumeone.org/articles/2026/09/08/401677-eau-claire-county-begins-work-on-data-center-moratorium,volumeone.org,United States,English,data_centre_investment,,No comparable country found in the title or the article's own source country.
2026-09-09T13:56:51Z,20260908T220000Z,"Macquarie Technology Shares Under Pressure , At Lowest Price In Years",https://thebull.com.au/news/macquarie-technology-shares-under-pressure-at-lowest-price-in-years/,thebull.com.au,Australia,English,data_centre_investment,,No comparable country found in the title or the article's own source country.
2026-09-09T13:56:51Z,20260908T220000Z,Stocks fall and crude gains amid escalating geopolitics - Newsquawk US Market Wrap,https://www.zerohedge.com/markets/stocks-fall-and-crude-gains-amid-escalating-geopolitics-newsquawk-us-market-wrap,zerohedge.com,United States,English,data_centre_investment,,No comparable country found in the title or the article's own source country.
2026-09-09T13:56:51Z,20260908T220000Z,"Up 109 % in a Year , the Best AI Trade Isnt a Chip Stock at All",https://247wallst.com/investing/2026/09/08/up-109-in-a-year-the-best-ai-trade-isnt-a-chip-stock-at-all/,247wallst.com,United States,English,data_centre_investment,,No comparable country found in the title or the article's own source country.
2026-09-09T13:56:51Z,20260908T220000Z,Goldman Says the Worst May Be Over for Micron and SanDisk,https://finance.yahoo.com/markets/stocks/articles/goldman-says-worst-may-over-213151330.html,finance.yahoo.com,United States,English,data_centre_investment,,No comparable country found in the title or the article's own source country.
2026-09-09T13:56:51Z,20260908T220000Z,Data center backlash reveals bugs in the political system - or are they features ? ,https://arktimes.com/arkansas-blog/2026/09/08/data-center-backlash-reveals-bugs-in-the-political-system-or-are-they-features,arktimes.com,United States,English,data_centre_investment,,No comparable country found in the title or the article's own source country.
2026-09-09T13:56:51Z,20260908T220000Z,AI Datacentres Threaten Global Electricity Systems,https://www.miragenews.com/ai-datacentres-threaten-global-electricity-1740669/,miragenews.com,United States,English,data_centre_investment,,No comparable country found in the title or the article's own source country.
2026-09-09T13:56:51Z,20260908T204500Z,Coincheck Group ( NASDAQ : CNCK ) & Antalpha Platform ( NASDAQ : ANTA ) Head - To - Head Analysis,https://www.dailypolitical.com/2026/09/08/coincheck-group-nasdaqcnck-antalpha-platform-nasdaqanta-head-to-head-analysis.html,dailypolitical.com,United States,English,data_centre_investment,,No comparable country found in the title or the article's own source country.
2026-09-09T13:56:51Z,20260908T203000Z,Dell raises budget XPS 13 laptop price amid RAM crisis,https://mashable.com/tech/dell-xps-13-price-hike-memory-crisis,mashable.com,United States,English,data_centre_investment,,No comparable country found in the title or the article's own source country.
2026-09-09T13:56:51Z,20260908T203000Z,Oracle seeks up to 2 GW of new renewable power for Project Jupiter in Doña Ana County,https://kfoxtv.com/news/local/oracle-seeks-up-to-2-gw-of-new-renewable-power-for-project-jupiter-in-dona-ana-county,kfoxtv.com,United States,English,data_centre_investment,,No comparable country found in the title or the article's own source country.
2026-09-09T13:56:51Z,20260908T203000Z,When do bond yields become too high ? ,https://www.dailymaverick.co.za/opinionista/2026-09-08-when-bond-yields-get-too-high-the-risk-to-ai-and-global-markets/,dailymaverick.co.za,South Africa,English,data_centre_investment,South Africa,"No comparable country named in the title, but the article is itself sourced from South Africa (its dateline, not necessarily its subject -- a weaker signal than a title mention)."
2026-09-09T13:56:51Z,20260908T203000Z,Healey signs order setting new requirements for Massachusetts data centers,https://www.westernmassnews.com/2026/09/08/healey-make-announcement-regarding-data-centers/,westernmassnews.com,United States,English,data_centre_investment,,No comparable country found in the title or the article's own source country.
2026-09-09T13:56:51Z,20260908T201500Z,Tesla Stock Price Jumps 3 Percent ; Innovation Could Lead Tesla to $2 Trillion Valuation,http://topnews.us/index.php/tesla-stock-price-jumps-3-percent-innovation-could-lead-tesla-2-trillion-valuation-221988,topnews.us,United States,English,data_centre_investment,,No comparable country found in the title or the article's own source country.
2026-09-09T13:56:51Z,20260908T201500Z,"Tarrant considers data center pause as city weighs impacts on power , water , neighborhoods",https://abc3340.com/news/local/tarrant-considers-data-center-pause-as-city-weighs-impacts-on-power-water-neighborhoods,abc3340.com,United States,English,data_centre_investment,,No comparable country found in the title or the article's own source country.
2026-09-09T13:56:51Z,20260908T201500Z,Kearney poised to go all in on data centers even as many Nebraska towns throttle back,https://www.wowt.com/2026/09/08/kearney-poised-go-all-data-centers-even-many-nebraska-towns-throttle-back/,wowt.com,United States,English,data_centre_investment,,No comparable country found in the title or the article's own source country.
2026-09-09T13:56:51Z,20260908T201500Z,Louisiana Illuminator : SpaceX sweeteners -- How did Louisiana lure Elon Musk rocket launch site to its coast ? | North Louisiana,https://www.magnoliareporter.com/news_and_business/north_louisiana/article_bb68eb45-2972-4ffe-8fec-606b08e1a5ea.html,magnoliareporter.com,United States,English,data_centre_investment,,No comparable country found in the title or the article's own source country.
2026-09-09T13:56:51Z,20260908T200000Z,Qualcomm Strikes $4 Billion Amazon Stock Deal . Its Stock Is Climbing . ,https://www.ibtimes.com/qualcomm-strikes-4-billion-amazon-stock-deal-its-stock-climbing-3807241,ibtimes.com,United States,English,data_centre_investment,,No comparable country found in the title or the article's own source country.
2026-09-09T13:56:51Z,20260908T200000Z,What happens if the US 10 - year Treasury yield hits 5 %? Why stocks could be at risk,https://www.hindustantimes.com/business/what-happens-if-the-us-10-year-treasury-yield-hits-5-why-stocks-could-be-at-risk-101788891701200.html,hindustantimes.com,India,English,data_centre_investment,,No comparable country found in the title or the article's own source country.
2026-09-09T13:56:51Z,20260908T200000Z,Thinking of Buying Micron Stock Now ? Here 1 Green Flag and 1 Red Flag . ,https://www.fool.com/investing/2026/09/08/thinking-of-buying-micron-stock-now-heres-1-green/,fool.com,United States,English,data_centre_investment,,No comparable country found in the title or the article's own source country.
2026-09-09T13:56:51Z,20260908T200000Z,Long Beach Peninsula,https://laist.com/brief/news/climate-environment/homes-evacuated-on-long-beach-peninsula-after-damage-from-hurricane-driven-waves,laist.com,United States,English,data_centre_investment,,No comparable country found in the title or the article's own source country.
2026-09-09T13:56:51Z,20260908T200000Z,S & P 500 falls as AI worries hit software makers,https://finance.yahoo.com/markets/articles/wall-st-futures-slip-oil-091327897.html,finance.yahoo.com,United States,English,data_centre_investment,,No comparable country found in the title or the article's own source country.
2026-09-09T13:56:51Z,20260908T200000Z,LA mayor testimony,https://laist.com/brief/news/housing-homelessness/la-mayor-karen-bass-unavailable-for-congressional-hearing-on-homelessness-funding-fraud,laist.com,United States,English,data_centre_investment,,No comparable country found in the title or the article's own source country.
2026-09-09T13:56:51Z,20260908T194500Z,OpenAI CFO Says ChatGPT Ads Should Be Like  If Google and Meta Had a Baby  ,https://www.businessinsider.com/openai-cfo-chatgpts-ads-google-and-meta-had-a-baby-2026-9,businessinsider.com,United States,English,data_centre_investment,,No comparable country found in the title or the article's own source country.
2026-09-09T13:56:51Z,20260908T193000Z,"Backlash over data centers hits California , and the midterms",https://www.pressdemocrat.com/2026/09/07/backlash-over-data-centers-hits-california-and-the-midterms-2/,pressdemocrat.com,United States,English,data_centre_investment,,No comparable country found in the title or the article's own source country.
2026-09-09T13:56:51Z,20260908T193000Z,Samsung Unifies Humanoid Robot Hardware and AI Under Software Chief for CES Reveal,https://www.techtimes.com/articles/326945/20260908/samsung-unifies-humanoid-robot-hardware-ai-under-software-chief-ces-reveal.htm,techtimes.com,United States,English,data_centre_investment,,No comparable country found in the title or the article's own source country.
2026-09-09T13:56:51Z,20260908T190000Z,Energy Department loans $1 . 9B to restart Iowa nuclear plant,https://www.fairfieldsuntimes.com/news/national/energy-department-loans-1-9b-to-restart-iowa-nuclear-plant/article_08994566-c882-5aa4-b1df-a2faf435b160.html,fairfieldsuntimes.com,United States,English,data_centre_investment,,No comparable country found in the title or the article's own source country.
2026-09-09T13:56:51Z,20260908T190000Z,The Simple Reason Im Not Worried About Nvidia Hugging Face Acquisition,https://www.fool.com/investing/2026/09/08/the-simple-reason-why-i-m-not-worried-about-nvidia-s-hugging-face-acquisition/,fool.com,United States,English,data_centre_investment,,No comparable country found in the title or the article's own source country.
2026-09-09T13:56:51Z,20260908T190000Z,Global Data Center Market Projected to Reach $517 Billion By 2030,http://www.prnewswire.com/news-releases/global-data-center-market-projected-to-reach-517-billion-by-2030-302872673.html,prnewswire.com,United States,English,data_centre_investment,,No comparable country found in the title or the article's own source country.
2026-09-09T13:56:51Z,20260908T190000Z,Global Data Center Market Projected to Reach $517 Billion By 2030,https://thestarphoenix.com/press-releases/pr-newswire/global-data-center-market-projected-to-reach-517-billion-by-2030/,thestarphoenix.com,Canada,English,data_centre_investment,,No comparable country found in the title or the article's own source country.
2026-09-09T13:56:51Z,20260908T190000Z,Energy Department loans $1 . 9B to restart Iowa nuclear plant,https://www.hometownregister.com/news/national/energy-department-loans-1-9b-to-restart-iowa-nuclear-plant/article_f3f563d1-5fe9-509e-87d7-35eb05418741.html,hometownregister.com,,English,data_centre_investment,,No comparable country found in the title or the article's own source country.
2026-09-09T13:56:51Z,20260908T190000Z,Vistra Is Down 30 % From Its High . Here What Id Do Now . ,https://www.fool.com/investing/2026/09/08/vistra-is-down-30-from-its-high-heres-what-id-do/,fool.com,United States,English,data_centre_investment,,No comparable country found in the title or the article's own source country.
2026-09-09T13:56:51Z,20260908T190000Z,Crunch time on data centers,https://www.journal-news.net/opinion/local-columns/crunch-time-on-data-centers/article_8a0678df-1ffc-50d6-9abc-4289f87ca1e5.html,journal-news.net,United States,English,data_centre_investment,,No comparable country found in the title or the article's own source country.
2026-09-09T13:56:51Z,20260908T184500Z,Big Tech wants to build a data center in your city . Is it worth it ? ,https://whsm.com/news/2026/09/08/big-tech-wants-to-build-a-data-center-in-your-city-is-it-worth-it,whsm.com,,English,data_centre_investment,,No comparable country found in the title or the article's own source country.
2026-09-09T13:56:51Z,20260908T184500Z,Oregon workplace safety complaints rise amid record - breaking wildfire season,https://www.polkio.com/news_free/oregon-workplace-safety-complaints-rise-amid-record-breaking-wildfire-season/article_223a308c-5ced-5e5e-871b-44efc3e3b062.html,polkio.com,United States,English,data_centre_investment,,No comparable country found in the title or the article's own source country.
2026-09-09T13:56:51Z,20260908T184500Z,The Simple Reason Im Not Worried About Nvidia Hugging Face Acquisition,https://www.aol.com/articles/simple-reason-im-not-worried-180501000.html,aol.com,United States,English,data_centre_investment,,No comparable country found in the title or the article's own source country.
2026-09-09T13:56:51Z,20260908T184500Z,Global Data Center Market Projected to Reach $517 Billion By 2030,https://www.intelligencer.ca/press-releases/pr-newswire/global-data-center-market-projected-to-reach-517-billion-by-2030/,intelligencer.ca,Canada,English,data_centre_investment,,No comparable country found in the title or the article's own source country.
2026-09-09T13:56:51Z,20260908T184500Z,Nuclear Stocks To Follow Today – September 8th,https://www.themarketsdaily.com/2026/09/08/nuclear-stocks-to-follow-today-september-8th.html,themarketsdaily.com,United States,English,data_centre_investment,,No comparable country found in the title or the article's own source country.
2026-09-09T13:56:51Z,20260908T184500Z,Global Data Center Market Projected to Reach $517 Billion By 2030,https://www.recorder.ca/press-releases/pr-newswire/global-data-center-market-projected-to-reach-517-billion-by-2030/,recorder.ca,Canada,English,data_centre_investment,,No comparable country found in the title or the article's own source country.
2026-09-09T13:56:51Z,20260908T184500Z,Bernie Moreno Calls to End Data Center Subsidies,https://www.clevescene.com/news/ohio-news/bernie-moreno-calls-to-end-data-center-subsidies/,clevescene.com,United States,English,data_centre_investment,,No comparable country found in the title or the article's own source country.
2026-09-09T13:56:51Z,20260908T181500Z,The four questions India must ask before its AI data centre boom outpaces its grid,https://economictimes.indiatimes.com/opinion/et-commentary/the-four-questions-india-must-ask-before-its-ai-data-centre-boom-outpaces-its-grid/articleshow/133934623.cms,economictimes.indiatimes.com,India,English,data_centre_investment,,No comparable country found in the title or the article's own source country.
2026-09-09T13:56:51Z,20260908T181500Z,Put money where their AI mouth is - The Economic Times,https://economictimes.indiatimes.com/opinion/et-editorial/put-money-where-their-ai-mouth-is/articleshow/133936717.cms,economictimes.indiatimes.com,India,English,data_centre_investment,,No comparable country found in the title or the article's own source country.
2026-09-09T13:56:51Z,20260908T181500Z,"Developers eye Native nations , tribal communities for new data center projects",https://www.yakimaherald.com/news/northwest/developers-eye-native-nations-tribal-communities-for-new-data-center-projects/article_9a0bee8c-27ce-42dc-968e-c97fb4881c7d.html,yakimaherald.com,United States,English,data_centre_investment,,No comparable country found in the title or the article's own source country.
2026-09-09T13:56:51Z,20260908T180000Z,Prediction : This ETF Will Beat the SPY Through 2027 ( Not the QQQ !) ,https://www.aol.com/articles/prediction-etf-beat-spy-2027-170536000.html,aol.com,United States,English,data_centre_investment,,No comparable country found in the title or the article's own source country.
2026-09-09T13:56:51Z,20260908T180000Z,One TN Community Offers A Glimpse At What To Expect As Hyperscale Data Centers Come Online,https://wvpublic.org/story/energy-environment/kentuckys-yet-to-see-a-hyperscale-data-center-come-online-but-gallatin-tn-could-offer-a-glimpse-at-what-to-expect/,wvpublic.org,United States,English,data_centre_investment,,No comparable country found in the title or the article's own source country.
2026-09-09T13:56:51Z,20260908T180000Z,Arm Biggest Growth Driver May Not Be Smartphones Anymore,https://finance.yahoo.com/markets/stocks/articles/arm-biggest-growth-driver-may-173027999.html,finance.yahoo.com,United States,English,data_centre_investment,,No comparable country found in the title or the article's own source country.
2026-09-09T13:56:51Z,20260908T180000Z,"Meta Announces The Kuna , Idaho Data Center Is Now Open",https://kezj.com/ixp/737/p/kuna-meta-data-center-2026/,kezj.com,United States,English,data_centre_investment,,No comparable country found in the title or the article's own source country.
2026-09-09T13:56:51Z,20260908T180000Z,Celero Communications Raises $275 Million Series C Following Validation of Industry First 2nm Coherent DSP Silicon,https://www.standard-freeholder.com/press-releases/business-wire/celero-communications-raises-275-million-series-c-following-validation-of-industrys-first-2nm-coherent-dsp-silicon/,standard-freeholder.com,Canada,English,data_centre_investment,,No comparable country found in the title or the article's own source country.
2026-09-09T13:56:51Z,20260908T180000Z,Opus Origin Taps Greg Topalian to Lead its Next Chapter of North American Growth,https://www.exhibitoronline.com/news/article.asp?ID=25377,exhibitoronline.com,United States,English,data_centre_investment,,No comparable country found in the title or the article's own source country.
2026-09-09T13:56:51Z,20260908T180000Z,Seoul $576 Billion AI Chip Bet : Samsung and SK Hynix Race to Feed an Insatiable Global Hunger,https://www.webpronews.com/seouls-576-billion-ai-chip-bet-samsung-and-sk-hynix-race-to-feed-an-insatiable-global-hunger/,webpronews.com,United States,English,data_centre_investment,,No comparable country found in the title or the article's own source country.
2026-09-09T13:56:51Z,20260908T173000Z,"Letters to the Editor dated September 8 , 2026 - The HinduBusinessLine",https://www.thehindubusinessline.com/opinion/letters/letters-to-editor/article71443762.ece,thehindubusinessline.com,India,English,data_centre_investment,,No comparable country found in the title or the article's own source country.
2026-09-09T13:56:51Z,20260908T173000Z,"FinancialContent - Intel , Amkor , Nova , Qualcomm , and FormFactor Stocks Trade Up , What You Need To Know",https://markets.financialcontent.com/stocks/article/stockstory-2026-9-8-intel-amkor-nova-qualcomm-and-formfactor-stocks-trade-up-what-you-need-to-know,markets.financialcontent.com,United States,English,data_centre_investment,,No comparable country found in the title or the article's own source country.
2026-09-09T13:56:51Z,20260908T173000Z,Cryptocurrency Stocks Worth Watching – September 8th,https://www.tickerreport.com/banking-finance/13577086/cryptocurrency-stocks-worth-watching-september-8th.html,tickerreport.com,United States,English,data_centre_investment,,No comparable country found in the title or the article's own source country.
2026-09-09T13:56:51Z,20260908T173000Z,FinancialContent - Why Bloom Energy ( BE ) Stock Is Trading Up Today,https://markets.financialcontent.com/stocks/article/stockstory-2026-9-8-why-bloom-energy-be-stock-is-trading-up-today,markets.financialcontent.com,United States,English,data_centre_investment,,No comparable country found in the title or the article's own source country.
2026-09-09T13:56:51Z,20260908T171500Z,"Mike McNeill Diary for Tuesday , September 8 , 2026 : Marcus McDonald | Mike McNeill Diary",https://www.magnoliareporter.com/news_and_business/mike_mcneills_diary/article_88a9ce24-f873-4c3e-8465-1610bc054e37.html,magnoliareporter.com,United States,English,data_centre_investment,,No comparable country found in the title or the article's own source country.
2026-09-09T13:56:51Z,20260908T171500Z,Türkiye accelerates digital infrastructure goals by hosting major tech event GITEX Ai,https://aa.com.tr/en/science-technology/turkiye-accelerates-digital-infrastructure-goals-by-hosting-major-tech-event-gitex-ai/4051158,aa.com.tr,Turkey,English,data_centre_investment,,No comparable country found in the title or the article's own source country.
2026-09-09T13:56:51Z,20260908T151500Z,Powering Progress : How Community Benefits Agreements Can Drive Responsible Data Center Development,https://www.wri.org/technical-perspectives/community-benefits-agreements-data-centers,wri.org,United States,English,data_centre_investment,,No comparable country found in the title or the article's own source country.
2026-09-09T13:56:51Z,20260908T143000Z,"India Data Centre Race , Groww outshines the rest & Temasek India bets take off",https://www.moneycontrol.com/news/podcast/india-s-data-centre-race-groww-outshines-the-rest-temasek-s-india-bets-take-off-mc-tech3-14025433.html,moneycontrol.com,India,English,data_centre_investment,,No comparable country found in the title or the article's own source country.
2026-09-09T13:56:51Z,20260908T143000Z,The Canadian tech stories were tracking this fall,https://betakit.com/the-canadian-tech-stories-were-tracking-this-fall/,betakit.com,Canada,English,data_centre_investment,,No comparable country found in the title or the article's own source country.
2026-09-09T13:56:51Z,20260908T143000Z,Here how every Canadian province and territory is governing data centres,https://betakit.com/heres-how-every-canadian-province-and-territory-is-governing-data-centres/,betakit.com,Canada,English,data_centre_investment,,No comparable country found in the title or the article's own source country.
2026-09-09T13:56:51Z,20260908T143000Z,"Musk Trillionaire Status Disappears , And Wont Be Back Soon",https://finance.yahoo.com/markets/stocks/articles/musk-trillionaire-status-disappears-won-140022830.html,finance.yahoo.com,United States,English,data_centre_investment,,No comparable country found in the title or the article's own source country.
2026-09-09T13:56:51Z,20260908T143000Z,Forget AMD : This AI Hardware Stock Is the Smarter Bet Right Now,https://www.aol.com/articles/forget-amd-ai-hardware-stock-140500000.html,aol.com,United States,English,data_centre_investment,,No comparable country found in the title or the article's own source country.
2026-09-09T13:56:51Z,20260908T143000Z,Greg Topalian Named North America Chair at Events Investment Firm,https://www.tsnn.com/people-career-development/greg-topalian-named-chairman-of-north-america-at-events-investment-firm,tsnn.com,United States,English,data_centre_investment,,No comparable country found in the title or the article's own source country.
2026-09-09T13:56:51Z,20260908T130000Z,Big Tech wants to build a data center in your city . Worth it ? ,http://www.southernminn.com/around_the_web/news/big-tech-wants-to-build-a-data-center-in-your-city-worth-it/article_dc7cb819-fc5e-5828-b261-11b24017ccf2.html,southernminn.com,United States,English,data_centre_investment,,No comparable country found in the title or the article's own source country.
2026-09-09T13:56:51Z,20260908T130000Z,"American Resources Corporation , ReElement Technologies and Electrified Materials Announce September Conference Participation",http://www.memphissun.com/news/279293735/american-resources-corporation-reelement-technologies-and-electrified-materials-announce-september-conference-participation,memphissun.com,United States,English,data_centre_investment,,No comparable country found in the title or the article's own source country.
2026-09-10T12:08:07Z,20260910T114500Z,Jefferies flags  India New Industrial Revolution  across six high - growth sectors,http://www.britainnews.net/news/279297968/jefferies-flags-india-new-industrial-revolution-across-six-high-growth-sectors,britainnews.net,United Kingdom,English,data_centre_investment,,No comparable country found in the title or the article's own source country.
2026-09-10T12:08:07Z,20260910T114500Z,Jefferies flags  India New Industrial Revolution  across six high - growth sectors,http://www.myanmarnews.net/news/279297968/jefferies-flags-india-new-industrial-revolution-across-six-high-growth-sectors,myanmarnews.net,Myanmar,English,data_centre_investment,,No comparable country found in the title or the article's own source country.
2026-09-10T12:08:07Z,20260910T114500Z,Construction Workforce Shortages Continue,http://www.prnewswire.com/news-releases/construction-workforce-shortages-continue-302874586.html,prnewswire.com,United States,English,data_centre_investment,,No comparable country found in the title or the article's own source country.
2026-09-10T12:08:07Z,20260910T114500Z,"₹23 , 000 crore to keep the taps on : what Visakhapatnam data centre boom will cost in water storage",https://www.thehindu.com/news/cities/Visakhapatnam/23000-crore-to-keep-the-taps-on-what-visakhapatnams-data-centre-boom-will-cost-in-water-storage/article71450009.ece,thehindu.com,India,English,data_centre_investment,,No comparable country found in the title or the article's own source country.
2026-09-10T12:08:07Z,20260910T111500Z,"Sequoia Financial Advisors LLC Acquires 13 , 452 Shares of Qualcomm Incorporated $QCOM",https://www.dailypolitical.com/2026/09/10/sequoia-financial-advisors-llc-acquires-13452-shares-of-qualcomm-incorporated-qcom.html,dailypolitical.com,United States,English,data_centre_investment,,No comparable country found in the title or the article's own source country.
2026-09-10T12:08:07Z,20260910T111500Z,Mercury completes stage two at Kaiwera Downs wind farm,https://www.power-technology.com/news/mercury-stage-2-kaiwera-downs-wind-farm/,power-technology.com,United Kingdom,English,data_centre_investment,,No comparable country found in the title or the article's own source country.
2026-09-10T12:08:07Z,20260910T111500Z,Connected Britain Awards winners 2026 announced ! ,https://totaltele.com/connected-britain-awards-winners-2026-announced/,totaltele.com,United Kingdom,English,data_centre_investment,,No comparable country found in the title or the article's own source country.
2026-09-10T12:08:07Z,20260910T111500Z,Data centers are driving some conservative Texas voters away from the GOP,https://www.keranews.org/elections-2026/2026-09-10/data-centers-are-driving-some-conservative-texas-voters-away-from-the-gop,keranews.org,United States,English,data_centre_investment,,No comparable country found in the title or the article's own source country.
2026-09-10T12:08:07Z,20260910T111500Z,"Rench Wealth Management Inc . Purchases 26 , 505 Shares of Cisco Systems , Inc . $CSCO",https://www.dailypolitical.com/2026/09/10/rench-wealth-management-inc-purchases-26505-shares-of-cisco-systems-inc-csco.html,dailypolitical.com,United States,English,data_centre_investment,,No comparable country found in the title or the article's own source country.
2026-09-10T12:08:07Z,20260910T111500Z,Bloom Energy ( NYSE : BE ) Shares Gap Up – Time to Buy ? ,https://www.themarketsdaily.com/2026/09/10/bloom-energy-nysebe-shares-gap-up-time-to-buy.html,themarketsdaily.com,United States,English,data_centre_investment,,No comparable country found in the title or the article's own source country.
2026-09-10T12:08:07Z,20260910T111500Z,Jefferies flags  India New Industrial Revolution  across six high - growth sectors,http://www.newzealandstar.com/news/279297968/jefferies-flags-india-new-industrial-revolution-across-six-high-growth-sectors,newzealandstar.com,New Zealand,English,data_centre_investment,,No comparable country found in the title or the article's own source country.
2026-09-10T12:08:07Z,20260910T111500Z,"Verizon Communications ( NYSE : VZ ) CEO Kyle Malady Sells 1 , 100 Shares of Stock",https://www.dailypolitical.com/2026/09/10/verizon-communications-nysevz-ceo-kyle-malady-sells-1100-shares-of-stock.html,dailypolitical.com,United States,English,data_centre_investment,,No comparable country found in the title or the article's own source country.
2026-09-10T12:08:07Z,20260910T111500Z,Jefferies flags  India New Industrial Revolution  across six high - growth sectors,http://www.birminghamstar.com/news/279297968/jefferies-flags-india-new-industrial-revolution-across-six-high-growth-sectors,birminghamstar.com,United States,English,data_centre_investment,,No comparable country found in the title or the article's own source country.
2026-09-10T12:08:07Z,20260910T111500Z,Jefferies flags  India New Industrial Revolution  across six high - growth sectors,http://www.oklahomacitysun.com/news/279297968/jefferies-flags-india-new-industrial-revolution-across-six-high-growth-sectors,oklahomacitysun.com,United States,English,data_centre_investment,,No comparable country found in the title or the article's own source country.
2026-09-10T12:08:07Z,20260910T110000Z,Jefferies flags  India New Industrial Revolution  across six high - growth sectors,http://www.argentinastar.com/news/279297968/jefferies-flags-india-new-industrial-revolution-across-six-high-growth-sectors,argentinastar.com,Argentina,English,data_centre_investment,,No comparable country found in the title or the article's own source country.
2026-09-10T12:08:07Z,20260910T110000Z,"Nippon Life Global Investors Americas Inc . Lowers Stake in Meta Platforms , Inc . $META",https://www.themarketsdaily.com/2026/09/10/nippon-life-global-investors-americas-inc-lowers-stake-in-meta-platforms-inc-meta.html,themarketsdaily.com,United States,English,data_centre_investment,,No comparable country found in the title or the article's own source country.
2026-09-10T12:08:07Z,20260910T110000Z,Jefferies flags  India New Industrial Revolution  across six high - growth sectors,http://www.japanherald.com/news/279297968/jefferies-flags-india-new-industrial-revolution-across-six-high-growth-sectors,japanherald.com,Japan,English,data_centre_investment,,No comparable country found in the title or the article's own source country.
2026-09-10T12:08:07Z,20260910T110000Z,ESDS Software stock : CMD Piyush Somany decodes the 263 % rally in five days,https://www.businesstoday.in/markets/stocks/story/esds-software-stock-cmd-piyush-somany-decodes-the-rally-in-five-days-554598-2026-09-10,businesstoday.in,India,English,data_centre_investment,,No comparable country found in the title or the article's own source country.
2026-09-10T12:08:07Z,20260910T110000Z,Mongolia and UAE sign energy cooperation agreement,https://akipress.com/news:918255:Mongolia_and_UAE_sign_energy_cooperation_agreement/,akipress.com,Kyrgyzstan,English,data_centre_investment,,No comparable country found in the title or the article's own source country.
2026-09-10T12:08:07Z,20260910T110000Z,Nikkei Slips as Oil Above $100 and BOJ Rate Fears Cap Gains,https://newsonjapan.com/article/150711.php,newsonjapan.com,Japan,English,data_centre_investment,,No comparable country found in the title or the article's own source country.
2026-09-10T12:08:07Z,20260910T110000Z,Palo Alto Networks ( PANW ) Q4 2026 Earnings Call Transcript,https://finance.yahoo.com/markets/stocks/articles/palo-alto-networks-panw-q4-225856830.html,finance.yahoo.com,United States,English,data_centre_investment,,No comparable country found in the title or the article's own source country.
2026-09-10T12:08:07Z,20260910T110000Z,Dell ( DELL ) Q2 2027 Earnings Call Transcript,https://finance.yahoo.com/markets/stocks/articles/dell-dell-q2-2027-earnings-225857392.html,finance.yahoo.com,United States,English,data_centre_investment,,No comparable country found in the title or the article's own source country.
2026-09-10T12:08:07Z,20260910T110000Z,Meet the data center capital of Europe as Google joins Microsoft and TikTok in betting over $30 . 2 billion on Finland,https://finance.yahoo.com/technology/ai/articles/meet-data-center-capital-europe-070000633.html,finance.yahoo.com,United States,English,data_centre_investment,,No comparable country found in the title or the article's own source country.
2026-09-10T12:08:07Z,20260910T110000Z,Jefferies flags  India New Industrial Revolution  across six high - growth sectors,http://www.neworleanssun.com/news/279297968/jefferies-flags-india-new-industrial-revolution-across-six-high-growth-sectors,neworleanssun.com,United States,English,data_centre_investment,,No comparable country found in the title or the article's own source country.
2026-09-10T12:08:07Z,20260910T110000Z,Credo ( CRDO ) Q1 2027 Earnings Call Transcript,https://finance.yahoo.com/markets/stocks/articles/credo-crdo-q1-2027-earnings-225856468.html,finance.yahoo.com,United States,English,data_centre_investment,,No comparable country found in the title or the article's own source country.
2026-09-10T12:08:07Z,20260910T101500Z,Google plans for $15B AI build - out in Finland | The Arkansas Democrat - Gazette,https://www.arkansasonline.com/news/2026/sep/10/google-plans-for-15b-ai-build-out-in-finland/,arkansasonline.com,United States,English,data_centre_investment,,No comparable country found in the title or the article's own source country.
2026-09-10T12:08:07Z,20260910T101500Z,SMU and LSE say universities and global academic culture should prioritise purpose and people,http://www.asiabulletin.com/news/279298138/smu-and-lse-say-universities-and-global-academic-culture-should-prioritise-purpose-and-people,asiabulletin.com,China,English,data_centre_investment,,No comparable country found in the title or the article's own source country.
2026-09-10T12:08:07Z,20260910T101500Z,AI overlooked storage opportunity,https://www.techradar.com/pro/ais-overlooked-storage-opportunity,techradar.com,United Kingdom,English,data_centre_investment,,No comparable country found in the title or the article's own source country.
2026-09-10T12:08:07Z,20260910T101500Z,SMU and LSE say universities and global academic culture should prioritise purpose and people,https://www.thehindu.com/brandhub/pr-release/smu-and-lse-say-universities-and-global-academic-culture-should-prioritise-purpose-and-people/article71450923.ece,thehindu.com,India,English,data_centre_investment,,No comparable country found in the title or the article's own source country.
2026-09-10T12:08:07Z,20260910T101500Z,HD Hyundai Heavy Industries to Invest KRW 1 Trillion in Future Engine and SMR Businesses,http://www.prnewswire.com/news-releases/hd-hyundai-heavy-industries-to-invest-krw-1-trillion-in-future-engine-and-smr-businesses-302875094.html,prnewswire.com,United States,English,data_centre_investment,,No comparable country found in the title or the article's own source country.
2026-09-10T12:08:07Z,20260910T101500Z,Prediction : This Will Be Taiwan Semiconductor Stock Price at the End of 2027,https://www.fool.com/investing/2026/09/10/prediction-this-will-be-taiwan-semiconductors-stoc/?source=iedfolrf0000001,fool.com,United States,English,data_centre_investment,,No comparable country found in the title or the article's own source country.
2026-09-10T12:08:07Z,20260910T101500Z,Jefferies flags  India New Industrial Revolution  across six high - growth sectors,http://www.nigeriasun.com/news/279297968/jefferies-flags-india-new-industrial-revolution-across-six-high-growth-sectors,nigeriasun.com,Nigeria,English,data_centre_investment,Nigeria,"No comparable country named in the title, but the article is itself sourced from Nigeria (its dateline, not necessarily its subject -- a weaker signal than a title mention)."
2026-09-10T12:08:07Z,20260910T100000Z,HD Hyundai Heavy Industries to Invest KRW 1 Trillion in Future Engine and SMR Businesses,https://www.prnewswire.com/news-releases/hd-hyundai-heavy-industries-to-invest-krw-1-trillion-in-future-engine-and-smr-businesses-302875094.html,prnewswire.com,United States,English,data_centre_investment,,No comparable country found in the title or the article's own source country.
2026-09-10T12:08:07Z,20260910T100000Z,SMU and LSE say universities and global academic culture should prioritise purpose and people,http://www.singaporestar.com/news/279298138/smu-and-lse-say-universities-and-global-academic-culture-should-prioritise-purpose-and-people,singaporestar.com,Singapore,English,data_centre_investment,,No comparable country found in the title or the article's own source country.
2026-09-10T12:08:07Z,20260910T100000Z,Jefferies flags  India New Industrial Revolution  across six high - growth sectors,http://www.kenyastar.com/news/279297968/jefferies-flags-india-new-industrial-revolution-across-six-high-growth-sectors,kenyastar.com,Kenya,English,data_centre_investment,Kenya,"No comparable country named in the title, but the article is itself sourced from Kenya (its dateline, not necessarily its subject -- a weaker signal than a title mention)."
2026-09-10T12:08:07Z,20260910T100000Z,"Arizona Attorney General to hear , not probe , data center complaints",https://www.ahwatukee.com/news/arizona-attorney-general-to-hear-not-probe-data-center-complaints/article_96a43977-d121-4222-ac9d-1e9ea26df80e.html,ahwatukee.com,United States,English,data_centre_investment,,No comparable country found in the title or the article's own source country.
2026-09-10T12:08:07Z,20260910T100000Z,Jefferies flags  India New Industrial Revolution  across six high - growth sectors,http://www.cincinnatisun.com/news/279297968/jefferies-flags-india-new-industrial-revolution-across-six-high-growth-sectors,cincinnatisun.com,United States,English,data_centre_investment,,No comparable country found in the title or the article's own source country.
2026-09-10T12:08:07Z,20260910T100000Z,SMU and LSE say universities and global academic culture should prioritise purpose and people,https://aninews.in/news/business/smu-and-lse-say-universities-and-global-academic-culture-should-prioritise-purpose-and-people20260910142723/,aninews.in,India,English,data_centre_investment,,No comparable country found in the title or the article's own source country.
2026-09-10T12:08:07Z,20260910T100000Z,SMU and LSE say universities and global academic culture should prioritise purpose and people,http://www.philippinetimes.com/news/279298138/smu-and-lse-say-universities-and-global-academic-culture-should-prioritise-purpose-and-people,philippinetimes.com,Philippines,English,data_centre_investment,,No comparable country found in the title or the article's own source country.
2026-09-10T12:08:07Z,20260910T100000Z,Jefferies flags  India New Industrial Revolution  across six high - growth sectors,http://www.middleeaststar.com/news/279297968/jefferies-flags-india-new-industrial-revolution-across-six-high-growth-sectors,middleeaststar.com,Syria,English,data_centre_investment,,No comparable country found in the title or the article's own source country.
2026-09-10T12:08:07Z,20260910T094500Z,"Analog Devices ( NASDAQ : ADI ) CFO Richard Puccio , Jr . Sells 1 , 500 Shares",https://www.tickerreport.com/banking-finance/13579248/analog-devices-nasdaqadi-cfo-richard-puccio-jr-sells-1500-shares.html,tickerreport.com,United States,English,data_centre_investment,,No comparable country found in the title or the article's own source country.
2026-09-10T12:08:07Z,20260910T094500Z,Jefferies flags  India New Industrial Revolution  across six high - growth sectors,http://www.batonrougepost.com/news/279297968/jefferies-flags-india-new-industrial-revolution-across-six-high-growth-sectors,batonrougepost.com,United States,English,data_centre_investment,,No comparable country found in the title or the article's own source country.
2026-09-10T12:08:07Z,20260910T094500Z,Blue Edge Capital LLC Decreases Stake in Corning Incorporated $GLW,https://www.themarketsdaily.com/2026/09/10/blue-edge-capital-llc-decreases-stake-in-corning-incorporated-glw.html,themarketsdaily.com,United States,English,data_centre_investment,,No comparable country found in the title or the article's own source country.
2026-09-10T12:08:07Z,20260910T094500Z,Jefferies flags  India New Industrial Revolution  across six high - growth sectors,http://www.afghanistansun.com/news/279297968/jefferies-flags-india-new-industrial-revolution-across-six-high-growth-sectors,afghanistansun.com,Afghanistan,English,data_centre_investment,,No comparable country found in the title or the article's own source country.
2026-09-10T12:08:07Z,20260910T094500Z,We Need to Be More Cautious with AI Development,https://www.independentnews.com/editorials/we-need-to-be-more-cautious-with-ai-development/article_d0cae89a-19b6-4031-a788-5f70b23c7e76.html,independentnews.com,United States,English,data_centre_investment,,No comparable country found in the title or the article's own source country.
2026-09-10T12:08:07Z,20260910T094500Z,Jefferies flags  India New Industrial Revolution  across six high - growth sectors,http://www.taiwansun.com/news/279297968/jefferies-flags-india-new-industrial-revolution-across-six-high-growth-sectors,taiwansun.com,China,English,data_centre_investment,,No comparable country found in the title or the article's own source country.
2026-09-10T12:08:07Z,20260910T090000Z,Jefferies flags  India New Industrial Revolution  across six high - growth sectors,http://www.zimbabwestar.com/news/279297968/jefferies-flags-india-new-industrial-revolution-across-six-high-growth-sectors,zimbabwestar.com,Zimbabwe,English,data_centre_investment,,No comparable country found in the title or the article's own source country.
2026-09-10T12:08:07Z,20260910T090000Z,"Telkom ramps up data center expansion , seeks strategic partner - Companies",http://www.thejakartapost.com/business/2026/09/10/telkom-ramps-up-data-center-expansion-seeks-strategic-partner,thejakartapost.com,Indonesia,English,data_centre_investment,,No comparable country found in the title or the article's own source country.
2026-09-10T12:08:07Z,20260910T090000Z,Jefferies flags  India New Industrial Revolution  across six high - growth sectors,http://www.chinanationalnews.com/news/279297968/jefferies-flags-india-new-industrial-revolution-across-six-high-growth-sectors,chinanationalnews.com,China,English,data_centre_investment,,No comparable country found in the title or the article's own source country.
2026-09-10T12:08:07Z,20260910T083000Z,India new industrial revolution happening across six sectors : Jefferies,https://www.business-standard.com/industry/news/india-s-new-industrial-revolution-happening-across-six-sectors-jefferies-126091000406_1.html,business-standard.com,India,English,data_centre_investment,,No comparable country found in the title or the article's own source country.
2026-09-10T12:08:07Z,20260910T083000Z,Jefferies flags  India New Industrial Revolution  across six high - growth sectors,http://www.israelherald.com/news/279297968/jefferies-flags-india-new-industrial-revolution-across-six-high-growth-sectors,israelherald.com,Israel,English,data_centre_investment,,No comparable country found in the title or the article's own source country.
2026-09-10T12:08:07Z,20260910T081500Z,Jefferies flags  India New Industrial Revolution  across six high - growth sectors,http://www.mainemirror.com/news/279297968/jefferies-flags-india-new-industrial-revolution-across-six-high-growth-sectors,mainemirror.com,United States,English,data_centre_investment,,No comparable country found in the title or the article's own source country.
2026-09-10T12:08:07Z,20260910T081500Z,Jefferies flags  India New Industrial Revolution  across six high - growth sectors,http://www.heraldglobe.com/news/279297968/jefferies-flags-india-new-industrial-revolution-across-six-high-growth-sectors,heraldglobe.com,United States,English,data_centre_investment,,No comparable country found in the title or the article's own source country.
2026-09-10T12:08:07Z,20260910T081500Z,Jefferies flags  India New Industrial Revolution  across six high - growth sectors,http://www.newyorktelegraph.com/news/279297968/jefferies-flags-india-new-industrial-revolution-across-six-high-growth-sectors,newyorktelegraph.com,United States,English,data_centre_investment,,No comparable country found in the title or the article's own source country.
2026-09-10T12:08:07Z,20260910T081500Z,Jefferies flags  India New Industrial Revolution  across six high - growth sectors,http://www.africaleader.com/news/279297968/jefferies-flags-india-new-industrial-revolution-across-six-high-growth-sectors,africaleader.com,South Africa,English,data_centre_investment,South Africa,"No comparable country named in the title, but the article is itself sourced from South Africa (its dateline, not necessarily its subject -- a weaker signal than a title mention)."
2026-09-10T12:08:07Z,20260910T081500Z,Jefferies flags  India New Industrial Revolution  across six high - growth sectors,http://www.afghanistannews.net/news/279297968/jefferies-flags-india-new-industrial-revolution-across-six-high-growth-sectors,afghanistannews.net,Afghanistan,English,data_centre_investment,,No comparable country found in the title or the article's own source country.
2026-09-10T12:08:07Z,20260910T080000Z,Meta hires Lauren Zimmerman to lead community engagement for El Paso data center project,https://kfoxtv.com/news/local/meta-hires-lauren-zimmerman-to-manage-el-paso-outreach-for-planned-data-center,kfoxtv.com,United States,English,data_centre_investment,,No comparable country found in the title or the article's own source country.
2026-09-10T12:08:07Z,20260910T070000Z,Nvidia plans major expansion of data centre capacity in Australia to meet AI demand,https://www.ksl.com:443/article/51622151/nvidia-plans-major-expansion-of-data-centre-capacity-in-australia-to-meet-ai-demand,ksl.com,United States,English,data_centre_investment,,No comparable country found in the title or the article's own source country.
2026-09-10T12:08:07Z,20260910T070000Z,Batam data centers to get seawater desalination plants : BP Batam,https://en.antaranews.com/news/430776/batam-data-centers-to-get-seawater-desalination-plants-bp-batam,en.antaranews.com,Indonesia,English,data_centre_investment,,No comparable country found in the title or the article's own source country.
2026-09-10T12:08:07Z,20260910T070000Z,McDonald residents request moratorium for data centers,https://www.tribtoday.com/news/local-news/2026/09/mcdonald-residents-request-moratorium-for-data-centers/,tribtoday.com,United States,English,data_centre_investment,,No comparable country found in the title or the article's own source country.
2026-09-10T12:08:07Z,20260910T070000Z,Billion dollar boom : Jefferies identifies six sectors driving  India New Industrial Revolution  ,https://timesofindia.indiatimes.com/business/india-business/billion-dollar-boom-jefferies-identifies-six-sectors-driving-indias-new-industrial-revolution-space-aerospace-data-centre-solar-semiconductors-electronics/articleshow/133996833.cms,timesofindia.indiatimes.com,India,English,data_centre_investment,,No comparable country found in the title or the article's own source country.
2026-09-10T12:08:07Z,20260910T070000Z,Warren OKs one - year data center moratorium,https://www.tribtoday.com/news/local-news/2026/09/warren-oks-one-year-data-center-moratorium/,tribtoday.com,United States,English,data_centre_investment,,No comparable country found in the title or the article's own source country.
2026-09-10T12:08:07Z,20260910T070000Z,Greece joins European AI Gigafactories initiative,https://www.naftemporiki.gr/english/2159716/greece-joins-european-ai-gigafactories-initiative/,naftemporiki.gr,Greece,English,data_centre_investment,,No comparable country found in the title or the article's own source country.
2026-09-10T12:08:07Z,20260910T063000Z,"India New Industrial Revolution : Chips , Space and Data Centres Lead Next Manufacturing Growth Wave , Says Jefferies",https://openthemagazine.com/india/chips-space-and-data-centres-jefferies-flags-indias-next-industrial-revolution,openthemagazine.com,India,English,data_centre_investment,,No comparable country found in the title or the article's own source country.
2026-09-10T12:08:07Z,20260910T063000Z,Jefferies flags  India New Industrial Revolution  across six high - growth sectors,https://aninews.in/news/business/jefferies-flags-indias-new-industrial-revolution-across-six-high-growth-sectors20260910095417/,aninews.in,India,English,data_centre_investment,,No comparable country found in the title or the article's own source country.
2026-09-10T12:08:07Z,20260910T061500Z,UN :  AI data centres pose growing threat to electricity systems,https://www.thestar.com.my/tech/tech-news/2026/09/10/unai-data-centres-pose-growing-threat-to-electricity-systems,thestar.com.my,Malaysia,English,data_centre_investment,,No comparable country found in the title or the article's own source country.
2026-09-10T12:08:07Z,20260910T060000Z,Texas Republicans are turning against data centers . Will it matter in November ? ,https://www.texarkanagazette.com/news/2026/sep/09/texas-republicans-are-turning-against-data/,texarkanagazette.com,United States,English,data_centre_investment,,No comparable country found in the title or the article's own source country.
2026-09-10T12:08:07Z,20260910T060000Z,ESDS Software shares plunge 8 % after skyrocketing 235 % from IPO price in 4 days . What lies ahead ? ,https://economictimes.indiatimes.com/markets/stocks/news/esds-software-shares-plunge-8-after-skyrocketing-235-from-ipo-price-in-4-days-what-lies-ahead/articleshow/133994576.cms,economictimes.indiatimes.com,India,English,data_centre_investment,,No comparable country found in the title or the article's own source country.
2026-09-10T12:08:07Z,20260910T060000Z,Meta hires Lauren Zimmerman to lead community engagement for El Paso data center project,https://cbs4local.com/newsletter-daily/meta-hires-lauren-zimmerman-to-manage-el-paso-outreach-for-planned-data-center,cbs4local.com,United States,English,data_centre_investment,,No comparable country found in the title or the article's own source country.
2026-09-10T12:08:07Z,20260910T060000Z,"India new industrial revolution : Jefferies flags space , semiconductors , solar among 6 high - growth sectors",https://www.thehindubusinessline.com/economy/indias-new-industrial-revolution-jefferies-flags-space-semiconductors-solar-among-6-high-growth-sectors/article71450198.ece,thehindubusinessline.com,India,English,data_centre_investment,,No comparable country found in the title or the article's own source country.
2026-09-10T12:08:07Z,20260910T054500Z,Cho Hyun - joon positions Hyosung Heavy Industries for US power boom,https://www.koreatimes.co.kr/business/companies/20260910/cho-hyun-joon-positions-hyosung-heavy-industries-for-us-power-boom,koreatimes.co.kr,South Korea,English,data_centre_investment,,No comparable country found in the title or the article's own source country.
2026-09-10T12:08:07Z,20260910T054500Z,6 high - growth sectors to drive India new industrial revolution : Jefferies,https://ianslive.in/6-high-growth-sectors-to-drive-indias-new-industrial-revolution-jefferies--20260910093602,ianslive.in,India,English,data_centre_investment,,No comparable country found in the title or the article's own source country.
2026-09-10T12:08:07Z,20260910T053000Z,"HIVE Digital Technologies Ltd .: HIVE BUZZ HPC Appoints AI and HPC Veteran Mark Volk as Senior Vice President , Revenue ; HIVE Surpasses $1 Million in Average Daily Revenue",https://www.finanznachrichten.de/nachrichten-2026-09/69539723-hive-digital-technologies-ltd-hive-s-buzz-hpc-appoints-ai-and-hpc-veteran-mark-volk-as-senior-vice-president-revenue-hive-surpasses-dollar-1-million-in-296.htm,finanznachrichten.de,Germany,English,data_centre_investment,,No comparable country found in the title or the article's own source country.
2026-09-10T12:08:07Z,20260910T053000Z,Megaport Ambitious AI Expansion Fuels Stock Surge,https://www.ibtimes.com.au/megaport-ai-expansion-stock-surge-1875276,ibtimes.com.au,Australia,English,data_centre_investment,,No comparable country found in the title or the article's own source country.
2026-09-10T12:08:07Z,20260910T053000Z,DAMAC Digital and Vodafone Türkiye inaugurate 4MW data centre in Izmir,https://www.developingtelecoms.com/telecom-technology/data-centres-networks/20801-damac-digital-and-vodafone-tuerkiye-inaugurate-4mw-data-centre-in-izmir.html,developingtelecoms.com,India,English,data_centre_investment,,No comparable country found in the title or the article's own source country.
2026-09-10T12:08:07Z,20260910T053000Z,Butte commissioners discuss possibility of data center moratorium,https://www.fairfieldsuntimes.com/news/state/butte-commissioners-discuss-possibility-of-data-center-moratorium/article_d5ede931-0377-5730-968d-908d98dc040a.html,fairfieldsuntimes.com,United States,English,data_centre_investment,,No comparable country found in the title or the article's own source country.
2026-09-10T12:08:07Z,20260910T050000Z,"Google plans EUR13 billion Finland investment to expand data centers , clean energy",https://www.digitimes.com/news/a20260910PR201/google-finland-investment-data-center-expansion.html,digitimes.com,China,English,data_centre_investment,,No comparable country found in the title or the article's own source country.
2026-09-10T12:08:07Z,20260910T043000Z,EDITORIAL | We need clear regulation around data centres,https://www.businessday.co.za/opinion/editorials/2026-09-10-editorial-we-need-clear-regulation-around-data-centres/,businessday.co.za,South Africa,English,data_centre_investment,South Africa,"No comparable country named in the title, but the article is itself sourced from South Africa (its dateline, not necessarily its subject -- a weaker signal than a title mention)."
2026-09-10T12:08:07Z,20260910T043000Z,Why Stifel Just Revamped Its Price Target for Microsoft Stock,https://finance.yahoo.com/markets/stocks/articles/why-stifel-just-revamped-price-173055797.html,finance.yahoo.com,United States,English,data_centre_investment,,No comparable country found in the title or the article's own source country.
2026-09-10T12:08:07Z,20260910T043000Z,"Silver Lake Partners Iv , L . P . Sells 54 , 734 Shares of Dell Technologies ( NYSE : DELL ) Stock",https://www.dailypolitical.com/2026/09/09/silver-lake-partners-iv-l-p-sells-54734-shares-of-dell-technologies-nysedell-stock.html,dailypolitical.com,United States,English,data_centre_investment,,No comparable country found in the title or the article's own source country.
2026-09-10T12:08:07Z,20260910T041500Z,"INDOI Ltd . ( IOX ), Blue Trade Investments Limited and Partners Launch Lulu Cable System at ITW Africa 2026",https://www.maravipost.com/indoi-ltd-iox-blue-trade-investments-limited-and-partners-launch-lulu-cable-system-at-itw-africa-2026/,maravipost.com,Malawi,English,data_centre_investment,,No comparable country found in the title or the article's own source country.
2026-09-10T12:08:07Z,20260910T041500Z,"Tech billionaires , the AI threat and resistance",https://links.org.au/tech-billionaires-ai-threat-and-resistance,links.org.au,Australia,English,data_centre_investment,,No comparable country found in the title or the article's own source country.
2026-09-10T12:08:07Z,20260910T041500Z,"Fewer servers , more performance : The new logic of the modern data center",https://itbrief.co.nz/story/fewer-servers-more-performance-the-new-logic-of-the-modern-data-center,itbrief.co.nz,New Zealand,English,data_centre_investment,,No comparable country found in the title or the article's own source country.
2026-09-10T12:08:07Z,20260910T041500Z,AI and the profits boom,https://links.org.au/michael-roberts-ai-and-profits-boom,links.org.au,Australia,English,data_centre_investment,,No comparable country found in the title or the article's own source country.
2026-09-10T12:08:07Z,20260910T041500Z,Nvidia plans major expansion of data centre capacity in Australia to meet AI demand,https://finance.yahoo.com/technology/ai/articles/nvidia-plans-major-expansion-data-032949319.html,finance.yahoo.com,United States,English,data_centre_investment,,No comparable country found in the title or the article's own source country.
2026-09-10T12:08:07Z,20260910T041500Z,Chris Conley Show Links | WSAU News / Talk 550 AM · 99 . 9 FM,https://wsau.com/2026/09/09/chris-conleys-substack/,wsau.com,United States,English,data_centre_investment,,No comparable country found in the title or the article's own source country.
2026-09-10T12:08:07Z,20260910T040000Z,Dalton Sept . 8 Mayor And Council Meeting Notes,https://www.chattanoogan.com/2026/9/9/523134/Dalton-Sept.-8-Mayor-And-Council.aspx,chattanoogan.com,United States,English,data_centre_investment,,No comparable country found in the title or the article's own source country.
2026-09-10T12:08:07Z,20260910T040000Z,"U . S . moves to ban imports of some Canadian products , exempt others from tariffs",https://lethbridgeherald.com/news/national-news/2026/09/09/u-s-moves-to-ban-imports-of-some-canadian-products-exempt-others-from-tariffs/,lethbridgeherald.com,United States,English,data_centre_investment,,No comparable country found in the title or the article's own source country.
2026-09-10T12:08:07Z,20260910T040000Z,From 10 GW data centres to $45 - billion space economy : Jefferies maps India next industrial growth engines,https://www.moneycontrol.com/news/business/markets/from-10-gw-data-centres-to-45-billion-space-economy-jefferies-maps-india-s-next-industrial-growth-engines-14026702.html,moneycontrol.com,India,English,data_centre_investment,,No comparable country found in the title or the article's own source country.
2026-09-10T12:08:07Z,20260910T040000Z,"Commodity Talk| Equities , bonds ... and commodities ? Why investors may need a third pillar for diversification , Navneet Damani decodes",https://economictimes.indiatimes.com/markets/expert-view/commodity-talk-equities-bonds-and-commodities-why-investors-may-need-a-third-pillar-for-diversification-navneet-damani-decodes/articleshow/133992518.cms,economictimes.indiatimes.com,India,English,data_centre_investment,,No comparable country found in the title or the article's own source country.
2026-09-10T12:08:07Z,20260910T034500Z,"October 27 , 2026 Deadline Approaching : Join Class Action Against Innventure , ... ",https://www.pr-inside.com/october-27-2026-deadline-approaching-join-class-action-against-innventure-r5221281.htm,pr-inside.com,United States,English,data_centre_investment,,No comparable country found in the title or the article's own source country.
2026-09-10T12:08:07Z,20260910T034500Z,Rights of Nature Advocates Speak on the Proposed Pax Silica Hub in the Philippines,https://www.pressenza.com/2026/09/rights-of-nature-advocates-speak-on-the-proposed-pax-silica-hub-in-the-philippines/,pressenza.com,United States,English,data_centre_investment,,No comparable country found in the title or the article's own source country.
2026-09-10T12:08:07Z,20260910T034500Z,Dow Jones Top Company Headlines at 11 PM ET : Star AI Researcher Is Leaving Meta | Ford ... ,https://www.morningstar.com/news/dow-jones/2026090910458/dow-jones-top-company-headlines-at-11-pm-et-star-ai-researcher-is-leaving-meta-ford,morningstar.com,China,English,data_centre_investment,,No comparable country found in the title or the article's own source country.
2026-09-10T12:08:07Z,20260910T034500Z,"Insider Selling : Dell Technologies ( NYSE : DELL ) Director Sells 54 , 734 Shares",https://www.tickerreport.com/banking-finance/13578850/insider-selling-dell-technologies-nysedell-director-sells-54734-shares.html,tickerreport.com,United States,English,data_centre_investment,,No comparable country found in the title or the article's own source country.
2026-09-10T12:08:07Z,20260910T034500Z,Rep . Subramanyam announces data center plan in Ashburn | Prince William,https://www.insidenova.com/news/prince_william/rep-subramanyam-announces-national-data-center-plan-in-ashburn/article_e3c08b55-a7b5-4e11-bc40-945fe0a5326a.html,insidenova.com,United States,English,data_centre_investment,,No comparable country found in the title or the article's own source country.
2026-09-10T12:08:07Z,20260910T034500Z,"Securities Class Action Lawsuit Filed Against Innventure , Inc . ( INV ) ... ",https://www.pr-inside.com/securities-class-action-lawsuit-filed-against-innventure-inc-inv-r5221298.htm,pr-inside.com,United States,English,data_centre_investment,,No comparable country found in the title or the article's own source country.
2026-09-10T12:08:07Z,20260910T034500Z,"INDOI Ltd . ( IOX ), Blue Trade Investments Limited and Partners Launch Lulu Cable System at ITW Africa 2026",https://gnnliberia.com/indoi-ltd-iox-blue-trade-investments-limited-and-partners-launch-lulu-cable-system-at-itw-africa-2026/,gnnliberia.com,Liberia,English,data_centre_investment,,No comparable country found in the title or the article's own source country.
2026-09-10T12:08:07Z,20260910T033000Z,Core & Main ( CNM ) Q2 2027 Earnings Call Transcript,https://www.fool.com/earnings/call-transcripts/2026/09/09/core-main-cnm-q2-2027-earnings-call-transcript/?source=iedfolrf0000001,fool.com,United States,English,data_centre_investment,,No comparable country found in the title or the article's own source country.
2026-09-10T12:08:07Z,20260910T030000Z,Tech Giants Turn to Robots and Factories to Break the Human Bottleneck Slowing AI Data Centers,https://www.webpronews.com/tech-giants-turn-to-robots-and-factories-to-break-the-human-bottleneck-slowing-ai-data-centers/,webpronews.com,United States,English,data_centre_investment,,No comparable country found in the title or the article's own source country.
2026-09-10T12:08:07Z,20260910T030000Z,How Meta Is Using Robots Inside Its Data Centers,https://myb106.com/ixp/514/p/meta-robotics-automate-data-centers/,myb106.com,United States,English,data_centre_investment,,No comparable country found in the title or the article's own source country.
2026-09-10T12:08:07Z,20260910T030000Z,"Google Invests 13 Billion Euros in AI Infrastructure in Finland , ETTelecom",https://telecom.economictimes.indiatimes.com/news/internet/google-unveils-13-bn-euro-ai-expansion-in-finland/133990282,telecom.economictimes.indiatimes.com,India,English,data_centre_investment,,No comparable country found in the title or the article's own source country.
2026-09-10T12:08:07Z,20260910T030000Z,How Meta Is Using Robots Inside Its Data Centers,https://us105fm.com/meta-robotics-automate-data-centers/,us105fm.com,United States,English,data_centre_investment,,No comparable country found in the title or the article's own source country.
2026-09-10T12:08:07Z,20260910T030000Z,How Meta Is Using Robots Inside Its Data Centers,https://koolfmabilene.com/ixp/514/p/meta-robotics-automate-data-centers/,koolfmabilene.com,United States,English,data_centre_investment,,No comparable country found in the title or the article's own source country.
2026-09-10T12:08:07Z,20260910T030000Z,"In Stockholm , the heat pouring off the city data centres is no longer wasted but piped into the district heating network , enough to warm around 30 , 000 apartments a year , which means the warmth thrown off by people streaming films and storing pho...",https://spacedaily.com/k-in-stockholm-the-heat-pouring-off-the-citys-data-centres-is-no-longer-wasted-but-piped-into-the-district-heating-network-enough-to-warm-around-30000-apartments-a-year-which-means-the-warmth-throw/,spacedaily.com,United States,English,data_centre_investment,,No comparable country found in the title or the article's own source country.
2026-09-10T12:08:07Z,20260910T030000Z,"No single  data center effect  on home values , Realtors find",https://www.suncommercial.com/news/national/article_2207f816-2b62-5130-86ed-752dc410bbd9.html,suncommercial.com,United States,English,data_centre_investment,,No comparable country found in the title or the article's own source country.
2026-09-10T12:08:07Z,20260910T030000Z,Head - To - Head Contrast : Antalpha Platform ( ANTA ) & The Competition,https://www.themarketsdaily.com/2026/09/10/head-to-head-contrast-antalpha-platform-anta-the-competition.html,themarketsdaily.com,United States,English,data_centre_investment,,No comparable country found in the title or the article's own source country.
2026-09-10T12:08:07Z,20260910T030000Z,Entergy re - submits AVAIO power agreement to Arkansas Public Service Commission | The Arkansas Democrat - Gazette,https://www.arkansasonline.com/news/2026/sep/09/entergy-re-submits-avaio-power-agreement-to/,arkansasonline.com,United States,English,data_centre_investment,,No comparable country found in the title or the article's own source country.
2026-09-10T12:08:07Z,20260910T024500Z,"AI Could Eventually Crack Cancer and Drug Discovery , Says Arm CEO But This Is What Holding It Back",https://finance.yahoo.com/technology/ai/articles/ai-could-eventually-crack-cancer-143646678.html,finance.yahoo.com,United States,English,data_centre_investment,,No comparable country found in the title or the article's own source country.
2026-09-10T12:08:07Z,20260910T024500Z,  There are so many concern : Albertans protest at data centre conference,https://edmontonjournal.com:443/news/local-news/albertans-protest-data-centre-conference-concerns/wcm/197b9e2e-3598-4898-9f6d-6c004d4bc4af,edmontonjournal.com,Canada,English,data_centre_investment,,No comparable country found in the title or the article's own source country.
2026-09-10T12:08:07Z,20260910T021500Z,  So many concern : Albertans protest at data centre conference,https://calgarysun.com/news/local-news/albertans-protest-data-centre-conference-concerns,calgarysun.com,Canada,English,data_centre_investment,,No comparable country found in the title or the article's own source country.
2026-09-10T12:08:07Z,20260910T021500Z,Environmental groups rally at Michigan Capitol over data center expansion,https://www.wilx.com/2026/09/09/environmental-groups-rally-michigan-capitol-over-data-center-expansion/,wilx.com,United States,English,data_centre_investment,,No comparable country found in the title or the article's own source country.
2026-09-10T12:08:07Z,20260910T021500Z,Ypsilanti Township residents slam UM over planned computing facility,https://www.yahoo.com/news/us/articles/ypsilanti-township-residents-slam-um-013925862.html,yahoo.com,United States,English,data_centre_investment,,No comparable country found in the title or the article's own source country.
2026-09-10T12:08:07Z,20260910T021500Z,Qualcomm $60 billion deal reveals what comes after smartphones,https://finance.yahoo.com/technology/ai/articles/qualcomm-60-billion-deal-reveals-013700748.html,finance.yahoo.com,United States,English,data_centre_investment,,No comparable country found in the title or the article's own source country.
2026-09-10T12:08:07Z,20260910T021500Z,"AI Data Center Backlash Grows Over Water , Power And Tax Breaks [ Survey ] ",https://patch.com/us/across-america/ai-data-center-backlash-grows-over-water-power-tax-breaks-survey,patch.com,United States,English,data_centre_investment,,No comparable country found in the title or the article's own source country.
2026-09-10T12:08:07Z,20260910T021500Z,Cuellar and Tijerina spar over who delivers for a South Texas district redrawn to favor the GOP,https://www.click2houston.com/news/texas/2026/09/09/cuellar-and-tijerina-spar-over-who-delivers-for-a-south-texas-district-redrawn-to-favor-the-gop/,click2houston.com,United States,English,data_centre_investment,,No comparable country found in the title or the article's own source country.
2026-09-10T12:08:07Z,20260910T021500Z,Proposed Harwood charter amendment looking to make indrustrial negotiations more transparent . ,https://www.kvrr.com/homepage/proposed-harwood-charter-amendment-looking-to-make-indrustrial-negotiations-more-transparent/article_ea34ce1b-330a-477f-a782-c36a61560205.html,kvrr.com,United States,English,data_centre_investment,,No comparable country found in the title or the article's own source country.
2026-09-10T12:08:07Z,20260910T020000Z,"Finland : Google Announces 13 billion Euro AI , Energy Investment",https://en.tempo.co/read/2119298/finland-google-announces-13-billion-euro-ai-energy-investment,en.tempo.co,,English,data_centre_investment,,No comparable country found in the title or the article's own source country.
2026-09-10T12:08:07Z,20260910T020000Z,"Jasper Co . considers one - year pause on data centers to study environmental , infrastructure impacts",https://www.wtoc.com/2026/09/09/jasper-co-considers-one-year-pause-data-centers-study-environmental-infrastructure-impacts/,wtoc.com,United States,English,data_centre_investment,,No comparable country found in the title or the article's own source country.
2026-09-10T12:08:07Z,20260910T020000Z,LuLu Cable Targets Kenya Coastal Digital Economy with Five Landing Points and a 2028 Service Date,https://www.kachwanya.com/2026/09/10/lulu-presents-a-concrete-proposition-for-kenyas-coastal-economy-connect-five-strategic-locations-through-a-network-designed-for-resilience/,kachwanya.com,Kenya,English,data_centre_investment,Kenya,"Names Kenya in the title, and is itself sourced from Kenya."
2026-09-10T12:08:07Z,20260910T020000Z,NRDC at Climate Week NYC 2026 : Meeting the Moment,https://cleantechnica.com/2026/09/09/nrdc-at-climate-week-nyc-2026-meeting-the-moment/,cleantechnica.com,United States,English,data_centre_investment,,No comparable country found in the title or the article's own source country.
2026-09-10T12:08:07Z,20260910T020000Z,Duration Is Not Destiny : The NAIC Proposal For Multi - Collateral Structured Credit Investments,https://www.mondaq.com:443/unitedstates/securitization-structured-finance/1841066/duration-is-not-destiny-the-naics-proposal-for-multi-collateral-structured-credit-investments,mondaq.com,United States,English,data_centre_investment,,No comparable country found in the title or the article's own source country.
2026-09-10T12:08:07Z,20260910T020000Z,SCX . ai launches Australian - hosted AI for Apple apps,https://channellife.com.au/story/scx-ai-launches-australian-hosted-ai-for-apple-apps,channellife.com.au,Australia,English,data_centre_investment,,No comparable country found in the title or the article's own source country.
2026-09-10T12:08:07Z,20260910T020000Z,From Oil To Compute : Can The Middle East Become The World Next AI Powerhouse ? - OpEd,https://www.eurasiareview.com/10092026-from-oil-to-compute-can-the-middle-east-become-the-worlds-next-ai-powerhouse-oped/,eurasiareview.com,United States,English,data_centre_investment,,No comparable country found in the title or the article's own source country.
2026-09-10T12:08:07Z,20260910T014500Z,"AI researchers  earnestly believe  it could kill all humans within the next decade , Anthropic researcher says",https://www.cbc.ca/news/business/anthropic-researcher-resigned-9.7337789,cbc.ca,Canada,English,data_centre_investment,,No comparable country found in the title or the article's own source country.
2026-09-10T12:08:07Z,20260910T014500Z,DeKalb County board affirms denial of data center proposal,https://www.atlantanewsfirst.com/2026/09/09/dekalb-county-board-affirms-denial-data-center-proposal/,atlantanewsfirst.com,,English,data_centre_investment,,No comparable country found in the title or the article's own source country.
2026-09-10T12:08:07Z,20260910T014500Z,How Meta Is Using Robots Inside Its Data Centers,https://mykiss1031.com/ixp/514/p/meta-robotics-automate-data-centers/,mykiss1031.com,United States,English,data_centre_investment,,No comparable country found in the title or the article's own source country.
2026-09-10T12:08:07Z,20260910T010000Z,"Insider Selling : Analog Devices ( NASDAQ : ADI ) CFO Sells 1 , 500 Shares",https://www.dailypolitical.com/2026/09/09/insider-selling-analog-devices-nasdaqadi-cfo-sells-1500-shares.html,dailypolitical.com,United States,English,data_centre_investment,,No comparable country found in the title or the article's own source country.
2026-09-10T12:08:07Z,20260910T010000Z,Netskope ( NTSK ) Q2 2027 Earnings Call Transcript,https://www.aol.com/articles/netskope-ntsk-q2-2027-earnings-233927000.html,aol.com,United States,English,data_centre_investment,,No comparable country found in the title or the article's own source country.
2026-09-10T12:08:07Z,20260910T010000Z,ESDS Software surges 235 % in 4 sessions as AI infra fever grips markets,https://economictimes.indiatimes.com/markets/stocks/news/esds-software-surges-235-in-4-sessions-as-ai-infra-fever-grips-markets/articleshow/133988900.cms,economictimes.indiatimes.com,India,English,data_centre_investment,,No comparable country found in the title or the article's own source country.
2026-09-10T12:08:07Z,20260910T010000Z,Public weighs in on Ransom Twp . data center ordinance,https://www.thetimes-tribune.com/2026/09/09/public-weighs-in-on-ransom-twp-data-center-ordinance/,thetimes-tribune.com,United States,English,data_centre_investment,,No comparable country found in the title or the article's own source country.
2026-09-10T12:08:07Z,20260910T004500Z,Gov . Scott vetoed state regulations on data centers . One of his deputies just urged Congress to pass them . ,https://vtdigger.org/2026/09/09/gov-scott-vetoed-state-regulations-on-data-centers-one-of-his-deputies-just-urged-congress-to-pass-them/,vtdigger.org,United States,English,data_centre_investment,,No comparable country found in the title or the article's own source country.
2026-09-10T12:08:07Z,20260910T004500Z,Planning Commission recommends denial of proposed Orchard Hills data center rezoning,http://www.wyomingnews.com/news/local_news/planning-commission-recommends-denial-of-proposed-orchard-hills-data-center-rezoning/article_690699d2-5a9c-42ce-8b56-b72d59897486.html,wyomingnews.com,United States,English,data_centre_investment,,No comparable country found in the title or the article's own source country.
2026-09-10T12:08:07Z,20260910T004500Z,Blow to Labour housebuilding plans as property firm Harworth snubs the residential market for data centres,https://www.dailymail.com/money/markets/article-16118403/Blow-Labours-housebuilding-plans-property-firm-Harworth-snubs-residential-market-data-centres.html,dailymail.com,United States,English,data_centre_investment,,No comparable country found in the title or the article's own source country.
2026-09-10T12:08:07Z,20260910T004500Z,Art Gallery of Hamilton exhibit highlights city industrial history through family collection,https://www.chch.com/chch-news/art-gallery-of-hamilton-exhibit-highlights-citys-industrial-history-through-family-collection/,chch.com,Canada,English,data_centre_investment,,No comparable country found in the title or the article's own source country.
2026-09-10T12:08:07Z,20260910T003000Z,Inside India newsletter : India green push aims to boost energy security but exposes China dependency,https://www.cnbc.com/2026/09/10/india-green-energy-china-reliance-battery.html,cnbc.com,United States,English,data_centre_investment,,No comparable country found in the title or the article's own source country.
2026-09-10T12:08:07Z,20260910T003000Z,Be careful with that one . You will need to lead with the threats and then explain why it is happening . ,https://www.techradar.com/pro/we-wish-youd-die-of-a-slow-death-us-officials-wedged-between-data-center-giants-and-local-communities-come-under-intense-pressure-over-rural-land-markets,techradar.com,United Kingdom,English,data_centre_investment,,No comparable country found in the title or the article's own source country.
2026-09-10T12:08:07Z,20260910T003000Z,Hobart delays final approval of Amazon data center plat,https://www.chicagotribune.com/2026/09/09/hobart-delays-final-approval-of-amazon-data-center-plat/,chicagotribune.com,United States,English,data_centre_investment,,No comparable country found in the title or the article's own source country.
2026-09-10T12:08:07Z,20260910T003000Z,AI data centers have a hidden cost few highlighted : A $200 billion insurance price tag that consumers will end up paying,https://www.techradar.com/pro/ai-data-centers-have-a-hidden-cost-few-highlighted-a-usd200-billion-insurance-price-tag-that-consumers-will-end-up-paying,techradar.com,United Kingdom,English,data_centre_investment,,No comparable country found in the title or the article's own source country.
2026-09-10T12:08:07Z,20260910T003000Z,How Meta Is Using Robots Inside Its Data Centers,https://b93.net/ixp/514/p/meta-robotics-automate-data-centers/,b93.net,United States,English,data_centre_investment,,No comparable country found in the title or the article's own source country.
2026-09-10T12:08:07Z,20260910T003000Z,  There are so many concern : Albertans protest at data centre conference,https://edmontonjournal.com/news/local-news/albertans-protest-data-centre-conference-concerns/wcm/197b9e2e-3598-4898-9f6d-6c004d4bc4af,edmontonjournal.com,Canada,English,data_centre_investment,,No comparable country found in the title or the article's own source country.
2026-09-10T12:08:07Z,20260910T003000Z,Closing the AI Divide in Rural Markets : Why Modern Optical Networks Matter More Than Ever,https://csrwire.com/press-release/closing-ai-divide-rural-markets-why-modern-optical-networks-matter-more-ever/,csrwire.com,United States,English,data_centre_investment,,No comparable country found in the title or the article's own source country.
2026-09-10T12:08:07Z,20260910T001500Z,"Zoomex Stock Brings Tesla 6 % Surge and Nvidia Choppy Session Within Reach Through Fair , Rule - Based Derivatives Trading",https://bravenewcoin.com/press-release/zoomex-stock-brings-teslas-6-surge-and-nvidias-choppy-session-within-reach-through-fair-rule-based-derivatives-trading,bravenewcoin.com,United States,English,data_centre_investment,,No comparable country found in the title or the article's own source country.
2026-09-10T12:08:07Z,20260910T001500Z,"No single  data center effect  on home values , Realtors find",https://www.vtcng.com/shelburnenews/state_and_world/world_news/no-single-data-center-effect-on-home-values-realtors-find/article_752898a4-fef4-5128-b483-7612a98256e1.html,vtcng.com,,English,data_centre_investment,,No comparable country found in the title or the article's own source country.
2026-09-10T12:08:07Z,20260910T001500Z,"Spartanburg council committee holds hearing on data centers , presses for credible evidence",https://www.foxcarolina.com/2026/09/09/spartanburg-council-committee-holds-hearing-data-centers-presses-credible-evidence/,foxcarolina.com,United States,English,data_centre_investment,,No comparable country found in the title or the article's own source country.
2026-09-10T12:08:07Z,20260910T000000Z,Canaan ( CAN ) Q2 2026 Earnings Call Transcript,https://www.aol.com/articles/canaan-q2-2026-earnings-call-232743000.html,aol.com,United States,English,data_centre_investment,,No comparable country found in the title or the article's own source country.
2026-09-10T12:08:07Z,20260910T000000Z,Netskope ( NTSK ) Q2 2027 Earnings Call Transcript,https://www.fool.com/earnings/call-transcripts/2026/09/09/netskope-ntsk-q2-2027-earnings-call-transcript/?source=iedfolrf0000001,fool.com,United States,English,data_centre_investment,,No comparable country found in the title or the article's own source country.
2026-09-10T12:08:07Z,20260910T000000Z,Kearney poised to go all in on data centers even as many Nebraska towns throttle back,https://www.ktiv.com/2026/09/08/kearney-poised-go-all-data-centers-even-many-nebraska-towns-throttle-back/,ktiv.com,United States,English,data_centre_investment,,No comparable country found in the title or the article's own source country.
2026-09-10T12:08:07Z,20260910T000000Z,Massachusetts hits data centers with new clean power rules,https://techcrunch.com/2026/09/09/massachusetts-hits-data-centers-with-new-clean-power-rules/,techcrunch.com,United States,English,data_centre_investment,,No comparable country found in the title or the article's own source country.
2026-09-10T12:08:07Z,20260910T000000Z,Prime Minister urged to block further data centres in south east Northumberland,https://www.chroniclelive.co.uk/news/north-east-news/prime-minister-urged-block-further-34592728,chroniclelive.co.uk,United Kingdom,English,data_centre_investment,,No comparable country found in the title or the article's own source country.
2026-09-10T12:08:07Z,20260910T000000Z,AI - Driven IPO Wave Set to Accompany Anthropic Listing,https://www.livemint.com/market/aidriven-ipo-wave-set-to-accompany-anthropic-listing-11788992244915.html,livemint.com,India,English,data_centre_investment,,No comparable country found in the title or the article's own source country.
2026-09-10T12:08:07Z,20260910T000000Z,Canaan ( CAN ) Q2 2026 Earnings Call Transcript,https://www.fool.com/earnings/call-transcripts/2026/09/09/canaan-can-q2-2026-earnings-call-transcript/?source=iedfolrf0000001,fool.com,United States,English,data_centre_investment,,No comparable country found in the title or the article's own source country.
2026-09-10T12:08:07Z,20260910T000000Z,Thailand wants more from its data center boom due to its huge demand,https://www.yahoo.com/news/world/articles/thailand-wants-more-data-center-211000196.html,yahoo.com,United States,English,data_centre_investment,,No comparable country found in the title or the article's own source country.
2026-09-10T12:08:07Z,20260909T234500Z,  There are so many concern : Albertans protest at data centre conference,https://edmontonsun.com/news/local-news/albertans-protest-data-centre-conference-concerns/wcm/197b9e2e-3598-4898-9f6d-6c004d4bc4af,edmontonsun.com,Canada,English,data_centre_investment,,No comparable country found in the title or the article's own source country.
2026-09-10T12:08:07Z,20260909T234500Z,Micron and Sandisk Face a New China Threat -- 1 Has a Much Bigger Problem,https://finance.yahoo.com/markets/stocks/articles/micron-sandisk-face-china-threat-160007469.html,finance.yahoo.com,United States,English,data_centre_investment,,No comparable country found in the title or the article's own source country.
2026-09-10T12:08:07Z,20260909T233000Z,1 - year data center ban unanimously passed in Warren,https://www.wfmj.com/news/local-news/warren/1-year-data-center-ban-unanimously-passed-in-warren/article_3dbd80aa-0e8d-47aa-94e6-97ad0e9a281c.html,wfmj.com,United States,English,data_centre_investment,,No comparable country found in the title or the article's own source country.
2026-09-10T12:08:07Z,20260909T233000Z,"After the Dip , Intel $20 Billion Raise Is Not the Red Flag It Originally Looked Like",https://finance.yahoo.com/markets/stocks/articles/dip-intel-20-billion-raise-151920658.html,finance.yahoo.com,United States,English,data_centre_investment,,No comparable country found in the title or the article's own source country.
2026-09-10T12:08:07Z,20260909T233000Z,"NuScale Power Spikes 13 %, Oklo Climbs 7 %: Is the Nuclear Selloff Finally Exhausted ? ",https://finance.yahoo.com/markets/stocks/articles/nuscale-power-spikes-13-oklo-151349633.html,finance.yahoo.com,United States,English,data_centre_investment,,No comparable country found in the title or the article's own source country.
2026-09-10T12:08:07Z,20260909T233000Z,Could new technology actually create water at Millard Co . data center ? ,https://www.fox13now.com/news/local-news/central-utah/could-new-technology-actually-create-water-at-massive-millard-county-data-center,fox13now.com,United States,English,data_centre_investment,,No comparable country found in the title or the article's own source country.
2026-09-10T12:08:07Z,20260909T233000Z,"MP gets Rs 53 , 200cr proposals for solar , green hydrogen and AI projects in Dubai",https://timesofindia.indiatimes.com/city/bhopal/mp-gets-rs-53200cr-proposals-for-solar-green-hydrogen-and-ai-projects-in-dubai/articleshow/133987295.cms,timesofindia.indiatimes.com,India,English,data_centre_investment,,No comparable country found in the title or the article's own source country.
2026-09-10T12:08:07Z,20260909T233000Z,AI Electric Reckoning : How Data Centers Are Reshaping Power Markets,https://www.webpronews.com/ais-electric-reckoning-how-data-centers-are-reshaping-power-markets/,webpronews.com,United States,English,data_centre_investment,,No comparable country found in the title or the article's own source country.
2026-09-10T12:08:07Z,20260909T231500Z,Brady ( BRC ) Q4 2026 Earnings Call Transcript,https://www.aol.com/articles/brady-brc-q4-2026-earnings-222846000.html,aol.com,United States,English,data_centre_investment,,No comparable country found in the title or the article's own source country.
2026-09-10T12:08:07Z,20260909T231500Z,Why Everyone Talking About Bloom Energy Now ? ,https://www.aol.com/articles/whys-everyone-talking-bloom-energy-222500000.html,aol.com,United States,English,data_centre_investment,,No comparable country found in the title or the article's own source country.
2026-09-10T12:08:07Z,20260909T231500Z,Lawsuit claims Regions Bank lost $66 million in land deal tied to Nebius data center site,https://www.wsfa.com/2026/09/09/lawsuit-claims-regions-bank-lost-66-million-land-deal-tied-nebius-data-center-site/,wsfa.com,United States,English,data_centre_investment,,No comparable country found in the title or the article's own source country.
2026-09-10T12:08:07Z,20260909T231500Z,White House Historical Association goes dark as Trump takes a bulldozer to the building it supposed to protect,https://www.independent.co.uk/news/world/americas/us-politics/white-house-historical-society-silent-trump-renovations-b3047393.html,independent.co.uk,United Kingdom,English,data_centre_investment,,No comparable country found in the title or the article's own source country.
2026-09-10T12:08:07Z,20260909T231500Z,Massachusetts Will Require New Data Centers to Use Clean Energy - Governor Wind Energy Coalition,https://governorswindenergycoalition.org/massachusetts-will-require-new-data-centers-to-use-clean-energy/,governorswindenergycoalition.org,United States,English,data_centre_investment,,No comparable country found in the title or the article's own source country.
2026-09-10T12:08:07Z,20260909T224500Z,Hyliion Holdings Corp . ( HYLN ) Lawsuit - Investors Urged to Contact ... ,https://www.pr-inside.com/hyliion-holdings-corp-hyln-lawsuit-investors-urged-to-contact-r5221162.htm,pr-inside.com,United States,English,data_centre_investment,,No comparable country found in the title or the article's own source country.
2026-09-10T12:08:07Z,20260909T224500Z,Kearney City Council unanimously advances data center plans with new regulations,https://www.klkntv.com/kearney-city-council-unanimously-advances-data-center-plans-with-new-regulations/,klkntv.com,United States,English,data_centre_investment,,No comparable country found in the title or the article's own source country.
2026-09-10T12:08:07Z,20260909T224500Z,Ciena ( CIEN ) Q3 2026 Earnings Call Transcript,https://www.fool.com/earnings/call-transcripts/2026/09/09/ciena-cien-q3-2026-earnings-call-transcript/?source=iedfolrf0000001,fool.com,United States,English,data_centre_investment,,No comparable country found in the title or the article's own source country.
2026-09-10T12:08:07Z,20260909T224500Z,West Memphis plans industrial park to capitalize on rail merger | Northwest Arkansas Democrat - Gazette,https://www.nwaonline.com/news/2026/sep/09/west-memphis-plans-industrial-park-to-capitalize/,nwaonline.com,United States,English,data_centre_investment,,No comparable country found in the title or the article's own source country.
2026-09-10T12:08:07Z,20260909T224500Z,Do Amazon and Alphabet Combined $420 Billion in Capital Expenditures Make Sense ? ,https://www.fool.com/investing/2026/09/09/do-amazon-and-alphabets-combined-420-billion-in-ca/?source=iedfolrf0000001,fool.com,United States,English,data_centre_investment,,No comparable country found in the title or the article's own source country.
2026-09-10T12:08:07Z,20260909T224500Z,"Data center project gets approval from Kearney city council , with new stricter regulations",https://rock1015.com/2026/09/09/data-center-project-gets-approval-from-kearney-city-council-with-new-stricter-regulations/,rock1015.com,United States,English,data_centre_investment,,No comparable country found in the title or the article's own source country.
2026-09-10T12:08:07Z,20260909T224500Z,Ambarella ( AMBA ) Q2 2027 Earnings Call Transcript,https://www.fool.com/earnings/call-transcripts/2026/09/09/ambarella-amba-q2-2027-earnings-call-transcript/?source=iedfolrf0000001,fool.com,United States,English,data_centre_investment,,No comparable country found in the title or the article's own source country.
2026-09-10T12:08:07Z,20260909T224500Z,AI environmental impact per task balloons with more complexity – Orange County Register,https://www.ocregister.com/2026/09/09/ais-environmental-impact-per-task-balloons-with-more-complexity/,ocregister.com,United States,English,data_centre_investment,,No comparable country found in the title or the article's own source country.
2026-09-10T12:08:07Z,20260909T221500Z,Microsoft ( NASDAQ : MSFT )  Useful Yield  Push Puts NVIDIA ( NASDAQ : NVDA ) AI Economics To The Test,https://www.foreignpolicyjournal.com/2026/09/09/microsoft-nasdaq-msft-useful-yield-push-puts-nvidias-nasdaq-nvda-ai-economics-to-the-test/,foreignpolicyjournal.com,Israel,English,data_centre_investment,,No comparable country found in the title or the article's own source country.
2026-09-10T12:08:07Z,20260909T221500Z,Amkor increases investment in new Arizona facility to $12 billion,https://azbigmedia.com/business/amkor-increases-investment-in-new-arizona-facility-to-12-billion/,azbigmedia.com,United States,English,data_centre_investment,,No comparable country found in the title or the article's own source country.
2026-09-10T12:08:07Z,20260909T221500Z,Nashville lawmaker proposes pause on data center tax exemptions | Chattanooga Times Free Press,https://www.timesfreepress.com/news/2026/sep/09/nashville-lawmaker-proposes-pause-on-data-center/,timesfreepress.com,United States,English,data_centre_investment,,No comparable country found in the title or the article's own source country.
2026-09-10T12:08:07Z,20260909T221500Z,Prospectus for Carney summit highlights more than 160 projects open for investment,https://www.theglobeandmail.com/business/article-canada-investment-summit-carney-project-prospectus/,theglobeandmail.com,Canada,English,data_centre_investment,,No comparable country found in the title or the article's own source country.
2026-09-10T12:08:07Z,20260909T221500Z,"Toronto Stock Exchange Announces the 2026 TSX30 , Recognizing the Companies Scaling into Global Leaders",https://prwire.com.au/pr/130834/toronto-stock-exchange-announces-the-2026-tsx30-recognizing-the-companies-scaling-into-global-leaders,prwire.com.au,Australia,English,data_centre_investment,,No comparable country found in the title or the article's own source country.
2026-09-10T12:08:07Z,20260909T221500Z,Google picks Finland for its largest single investment in Europe,https://www.the-star.co.ke/news/world/2026-09-09-google-picks-finland-for-its-largest-single-investment-in-europe,the-star.co.ke,Kenya,English,data_centre_investment,Kenya,"No comparable country named in the title, but the article is itself sourced from Kenya (its dateline, not necessarily its subject -- a weaker signal than a title mention)."
2026-09-10T12:08:07Z,20260909T221500Z,Lawsuit claims Regions Bank lost $66 million in land deal tied to Nebius data center site,https://www.fox10tv.com/2026/09/09/lawsuit-claims-regions-bank-lost-66-million-land-deal-tied-nebius-data-center-site/,fox10tv.com,United States,English,data_centre_investment,,No comparable country found in the title or the article's own source country.
2026-09-10T12:08:07Z,20260909T221500Z,"Thailand freezes 166 data center projects as officials scramble to control power , water use , safety risks , and local impacts",https://www.techradar.com/pro/thailand-pauses-all-data-center-projects-as-it-looks-to-solve-water-and-electricity-issues-and-create-the-most-benefit,techradar.com,United Kingdom,English,data_centre_investment,,No comparable country found in the title or the article's own source country.
2026-09-10T12:08:07Z,20260909T221500Z,The Price of Data : A Scripps News Group investigation,https://www.ksby.com/the-price-of-data/the-price-of-data-a-scripps-news-group-investigation,ksby.com,United States,English,data_centre_investment,,No comparable country found in the title or the article's own source country.
2026-09-10T12:08:07Z,20260909T221500Z,Corning Shares Rise on Multi - Billion - Dollar Verizon Fibre Agreement,https://finance.yahoo.com/technology/ai/articles/corning-shares-rise-multi-billion-134547906.html,finance.yahoo.com,United States,English,data_centre_investment,,No comparable country found in the title or the article's own source country.
2026-09-10T12:08:07Z,20260909T220000Z,ChargePoint ( CHPT ) Q2 2027 Earnings Call Transcript,https://www.fool.com/earnings/call-transcripts/2026/09/09/chargepoint-chpt-q2-2027-earnings-call-transcript/?source=iedfolrf0000001,fool.com,United States,English,data_centre_investment,,No comparable country found in the title or the article's own source country.
2026-09-10T12:08:07Z,20260909T220000Z,Computacenter Delivers  Record  Performance As H1 Revenue Hits $9 . 3B,https://www.crn.com/news-network/computacenter-delivers-record-performance-as-h1-revenue-hits-9-3b,crn.com,United States,English,data_centre_investment,,No comparable country found in the title or the article's own source country.
2026-09-10T12:08:07Z,20260909T220000Z,Methode Electronics ( MEI ) Q1 2027 Earnings Call Transcript,https://www.fool.com/earnings/call-transcripts/2026/09/09/methode-electronics-mei-q1-2027-earnings-call-transcript/?source=iedfolrf0000001,fool.com,United States,English,data_centre_investment,,No comparable country found in the title or the article's own source country.
2026-09-10T12:08:07Z,20260909T220000Z,Could Advanced Micro Devices ( AMD ) Partnership With Cisco Systems ( CSCO ) Unlock a Massive Middle East AI Opportunity ? ,https://www.insidermonkey.com/blog/could-advanced-micro-devices-amds-partnership-with-cisco-systems-csco-unlock-a-massive-middle-east-ai-opportunity-1828118/,insidermonkey.com,United States,English,data_centre_investment,,No comparable country found in the title or the article's own source country.
2026-09-10T12:08:07Z,20260909T220000Z,Argan ( AGX ) Q2 2027 Earnings Call Transcript,https://www.fool.com/earnings/call-transcripts/2026/09/09/argan-agx-q2-2027-earnings-call-transcript/?source=iedfolrf0000001,fool.com,United States,English,data_centre_investment,,No comparable country found in the title or the article's own source country.
2026-09-10T12:08:07Z,20260909T220000Z,West Memphis plans industrial park to capitalize on rail merger | The Arkansas Democrat - Gazette,https://www.arkansasonline.com/news/2026/sep/09/west-memphis-plans-industrial-park-to-capitalize/,arkansasonline.com,United States,English,data_centre_investment,,No comparable country found in the title or the article's own source country.
2026-09-10T12:08:07Z,20260909T220000Z,HPE ( HPE ) Q3 2026 Earnings Call Transcript,https://www.fool.com/earnings/call-transcripts/2026/09/09/hpe-hpe-q3-2026-earnings-call-transcript/?source=iedfolrf0000001,fool.com,United States,English,data_centre_investment,,No comparable country found in the title or the article's own source country.
2026-09-10T12:08:07Z,20260909T220000Z,Broadcom ( AVGO ) Q3 2026 Earnings Call Transcript,https://www.fool.com/earnings/call-transcripts/2026/09/09/broadcom-avgo-q3-2026-earnings-call-transcript/?source=iedfolrf0000001,fool.com,United States,English,data_centre_investment,,No comparable country found in the title or the article's own source country.
2026-09-10T12:08:07Z,20260909T220000Z,How the Sept . 11 attacks remade life in America,https://www.redriverradio.org/2026-09-09/how-the-sept-11-attacks-remade-life-in-america,redriverradio.org,United States,English,data_centre_investment,,No comparable country found in the title or the article's own source country.
2026-09-10T12:08:07Z,20260909T220000Z,Matrix Service ( MTRX ) Q4 2026 Earnings Call Transcript,https://www.fool.com/earnings/call-transcripts/2026/09/09/matrix-service-mtrx-q4-2026-earnings-call-transcript/?source=iedfolrf0000001,fool.com,United States,English,data_centre_investment,,No comparable country found in the title or the article's own source country.
2026-09-10T12:08:07Z,20260909T220000Z,"September 9 , 2026 - David Pakman",https://davidpakman.com/september-9-2026/,davidpakman.com,United States,English,data_centre_investment,,No comparable country found in the title or the article's own source country.
2026-09-10T12:08:07Z,20260909T220000Z,"France Mistral AI Touts Its Europeanism , But Faces Limits",https://www.bankinfosecurity.com/frances-mistral-ai-touts-its-europeanism-but-faces-limits-a-32780,bankinfosecurity.com,United States,English,data_centre_investment,,No comparable country found in the title or the article's own source country.
2026-09-10T12:08:07Z,20260909T220000Z,The Price of Data : A Scripps News Group investigation,https://www.wtvr.com/the-price-of-data/the-price-of-data-a-scripps-news-group-investigation,wtvr.com,United States,English,data_centre_investment,,No comparable country found in the title or the article's own source country.
2026-09-10T12:08:07Z,20260909T220000Z,Analyzing the US data center construction boom,https://www.constructiondive.com/news/analyzing-us-data-center-construction-boom-developers-pipeline-state/829330/,constructiondive.com,United States,English,data_centre_investment,,No comparable country found in the title or the article's own source country.
2026-09-10T12:08:07Z,20260909T220000Z,NetApp ( NTAP ) Q1 2027 Earnings Call Transcript,https://www.fool.com/earnings/call-transcripts/2026/09/09/netapp-ntap-q1-2027-earnings-call-transcript/?source=iedfolrf0000001,fool.com,United States,English,data_centre_investment,,No comparable country found in the title or the article's own source country.
2026-09-10T12:08:07Z,20260909T213000Z,Google makes its largest - ever European investment in Finland,https://news.az/news/google-makes-its-largest-ever-european-investment-in-finland,news.az,Azerbaijan,English,data_centre_investment,,No comparable country found in the title or the article's own source country.
2026-09-10T12:08:07Z,20260909T213000Z,"Meta Announces The Kuna , Idaho Data Center Is Now Open",https://kool965.com/ixp/737/p/kuna-meta-data-center-2026/,kool965.com,United States,English,data_centre_investment,,No comparable country found in the title or the article's own source country.
2026-09-10T12:08:07Z,20260909T210000Z,How the Sept . 11 attacks remade life in America,https://www.krcu.org/2026-09-09/how-the-sept-11-attacks-remade-life-in-america,krcu.org,United States,English,data_centre_investment,,No comparable country found in the title or the article's own source country.
2026-09-10T12:08:07Z,20260909T210000Z,How the Sept . 11 attacks remade life in America,https://www.klcc.org/npr-books/2026-09-09/how-the-sept-11-attacks-remade-life-in-america,klcc.org,United States,English,data_centre_investment,,No comparable country found in the title or the article's own source country.
2026-09-10T12:08:07Z,20260909T210000Z,Treasury announces $6B buyback of 10 - year notes and 20 - year bonds,https://www.foxbusiness.com/economy/treasury-buy-back-up-6b-longer-term-debt-bond-yields-hit-highest-level-since-2023,foxbusiness.com,United States,English,data_centre_investment,,No comparable country found in the title or the article's own source country.
2026-09-10T12:08:07Z,20260909T210000Z,West Virginia regulators reject delay in review of NextEra MARL project,https://www.utilitydive.com/news/west-virginia-regulators-reject-delay-marl-proceedings-nextera/829906/,utilitydive.com,United States,English,data_centre_investment,,No comparable country found in the title or the article's own source country.
2026-09-10T12:08:07Z,20260909T210000Z,Data centers will be topic at Warren City Council meeting Wednesday,https://www.tribtoday.com/news/local-news/2026/09/data-centers-will-be-topic-at-warren-city-council-meeting-wednesday/,tribtoday.com,United States,English,data_centre_investment,,No comparable country found in the title or the article's own source country.
2026-09-10T12:08:07Z,20260909T210000Z,Better Artificial Intelligence Stock : Applied Digital vs . Super Micro Computer,https://www.fool.com/coverage/better-buy/2026/09/09/better-artificial-intelligence-stock-applied-digital-vs-super-micro-computer/?source=iedfolrf0000001,fool.com,United States,English,data_centre_investment,,No comparable country found in the title or the article's own source country.
2026-09-10T12:08:07Z,20260909T210000Z,Cutting - Edge Policy vs . Anti - Tech Pushback : IWF Carrie Sheffield Joins Jeff Chidester,https://1370wfea.com/morning-update/cutting-edge-policy-vs-anti-tech-pushback-iwfs-carrie-sheffield-joins-jeff-chidester/,1370wfea.com,United States,English,data_centre_investment,,No comparable country found in the title or the article's own source country.
2026-09-10T12:08:07Z,20260909T210000Z,Nebius Group ( NASDAQ : NBIS ) Now Covered by Truist Financial,https://www.themarketsdaily.com/2026/09/09/nebius-group-nasdaqnbis-now-covered-by-truist-financial.html,themarketsdaily.com,United States,English,data_centre_investment,,No comparable country found in the title or the article's own source country.
2026-09-10T12:08:07Z,20260909T204500Z,FedEx : new senior appointment to help customers navigate increasingly complex supply chains,https://postandparcel.info/162742/news/e-commerce/fedex-new-senior-appointment-to-help-customers-navigate-increasingly-complex-supply-chains/,postandparcel.info,United Kingdom,English,data_centre_investment,,No comparable country found in the title or the article's own source country.
2026-09-10T12:08:07Z,20260909T204500Z,The Price of Data : A Scripps News Group investigation,https://www.wtkr.com/the-price-of-data/the-price-of-data-a-scripps-news-group-investigation,wtkr.com,United States,English,data_centre_investment,,No comparable country found in the title or the article's own source country.
2026-09-10T12:08:07Z,20260909T204500Z,Fort Wayne city councilwoman introduces ordinances to rein in future data center development,https://www.wboi.org/government/2026-09-09/fort-wayne-city-councilwoman-introduces-ordinances-to-rein-in-future-data-center-development,wboi.org,United States,English,data_centre_investment,,No comparable country found in the title or the article's own source country.
2026-09-10T12:08:07Z,20260909T204500Z,Data centers sparked a fight . Now residents shape the rules . ,https://www.chronicleonline.com/news/local/data-centers-sparked-a-fight-now-residents-shape-the-rules/article_e46172a2-b78b-565d-b187-dfc351ecc85b.html,chronicleonline.com,United States,English,data_centre_investment,,No comparable country found in the title or the article's own source country.
2026-09-10T12:08:07Z,20260909T204500Z,How the Sept . 11 attacks remade life in America,https://www.wlrn.org/npr-breaking-news/2026-09-09/how-the-sept-11-attacks-remade-life-in-america,wlrn.org,United States,English,data_centre_investment,,No comparable country found in the title or the article's own source country.
2026-09-10T12:08:07Z,20260909T204500Z,Letter to the Editor : Data Centers Deserve a Rational Look in Parsippany,https://parsippanyfocus.com/letter-to-the-editor-data-centers-deserve-a-rational-look-in-parsippany/,parsippanyfocus.com,United States,English,data_centre_investment,,No comparable country found in the title or the article's own source country.
2026-09-10T12:08:07Z,20260909T204500Z,Bessent bigger bond buyback disappoints ; oil keeps climbing,https://www.nbr.co.nz/morning-brew/bessents-bigger-bond-buyback-disappoints-oil-keeps-climbing/,nbr.co.nz,New Zealand,English,data_centre_investment,,No comparable country found in the title or the article's own source country.
2026-09-10T12:08:07Z,20260909T204500Z,How the Sept . 11 attacks remade life in America,https://www.wkyufm.org/npr-arts-life/2026-09-09/how-the-sept-11-attacks-remade-life-in-america,wkyufm.org,United States,English,data_centre_investment,,No comparable country found in the title or the article's own source country.
2026-09-10T12:08:07Z,20260909T203000Z,The Price of Data : A Scripps News Group investigation,https://www.turnto23.com/the-price-of-data/the-price-of-data-a-scripps-news-group-investigation,turnto23.com,United States,English,data_centre_investment,,No comparable country found in the title or the article's own source country.
2026-09-10T12:08:07Z,20260909T201500Z,"From hyperscale to closed loop cooling , here a data center glossary",https://www.trentonian.com/2026/09/09/here-are-the-terms-you-need-to-follow-the-data-center-sustainability-debate/,trentonian.com,United States,English,data_centre_investment,,No comparable country found in the title or the article's own source country.
2026-09-10T12:08:07Z,20260909T201500Z,Qualcomm Secures Amazon as First Major Western Hyperscaler Customer in $60 Billion AI Infrastructure Push,https://www.webpronews.com/qualcomm-secures-amazon-as-first-major-western-hyperscaler-customer-in-60-billion-ai-infrastructure-push/,webpronews.com,United States,English,data_centre_investment,,No comparable country found in the title or the article's own source country.
2026-09-10T12:08:07Z,20260909T200000Z,"Conditional approval granted for RAM to industrial rezone ; opposition fears irrevocable infrastructure strain , lifestyle disruption",http://www.wyomingnews.com/news/local_news/conditional-approval-granted-for-ram-to-industrial-rezone-opposition-fears-irrevocable-infrastructure-strain-lifestyle-disruption/article_2d709335-c105-4833-9a10-b5e3a2f0c530.html,wyomingnews.com,United States,English,data_centre_investment,,No comparable country found in the title or the article's own source country.
2026-09-10T12:08:07Z,20260909T200000Z,"Fortum And Google Partner To Drive Sustainable Growth For Finland , Sign Nuclear Power Purchase Agreement",https://www.eurasiareview.com/09092026-fortum-and-google-partner-to-drive-sustainable-growth-for-finland-sign-nuclear-power-purchase-agreement/,eurasiareview.com,United States,English,data_centre_investment,,No comparable country found in the title or the article's own source country.
2026-09-10T12:08:07Z,20260909T200000Z,"Data Centers In North Dakota , Explained Simply",https://supertalk1270.com/ixp/505/p/data-centers-north-dakota-explained/,supertalk1270.com,United States,English,data_centre_investment,,No comparable country found in the title or the article's own source country.
2026-09-10T12:08:07Z,20260909T200000Z,"OpenAI targets Argentina freezing Patagonia for $25 billion 500MW Stargate AI data center Green Capital and FlexDomes prep 120 to 3 , 000MW wind - powered server farms to skirt US backlash",https://www.techradar.com/pro/openai-targets-argentinas-freezing-patagonia-for-usd25-billion-500mw-stargate-ai-data-center-green-capital-and-flexdomes-prep-120-to-3-000mw-wind-powered-server-farms-to-skirt-us-backlash,techradar.com,United Kingdom,English,data_centre_investment,,No comparable country found in the title or the article's own source country.
2026-09-10T12:08:07Z,20260909T200000Z,"SpaceX Built AI Data Centers So Fast , Some Ran Without Backup Power for Months . Now It Faces a $920 Million Deadline . ",https://www.fool.com/investing/2026/09/09/spacex-built-ai-data-centers-so-fast-some-ran-without-backup-power-for-months-now-it-faces-a-usd920-million-deadline/?source=iedfolrf0000001,fool.com,United States,English,data_centre_investment,,No comparable country found in the title or the article's own source country.
2026-09-10T12:08:07Z,20260909T200000Z,Augusta releases final draft of proposed data center ordinance,https://www.wrdw.com/2026/09/09/augusta-releases-final-draft-proposed-data-center-ordinance/,wrdw.com,United States,English,data_centre_investment,,No comparable country found in the title or the article's own source country.
2026-09-10T12:08:07Z,20260909T194500Z,The Price of Data : A Scripps News Group investigation,https://www.10news.com/the-price-of-data/the-price-of-data-a-scripps-news-group-investigation,10news.com,United States,English,data_centre_investment,,No comparable country found in the title or the article's own source country.
2026-09-10T12:08:07Z,20260909T194500Z,Healey order subjects proposed data centers to local approvals,https://gazettenet.com/2026/09/09/healey-order-subjects-proposed-data-centers-to-local-approvals/,gazettenet.com,United States,English,data_centre_investment,,No comparable country found in the title or the article's own source country.
2026-09-10T12:08:07Z,20260909T193000Z,The Price of Data : A Scripps News Group investigation,https://www.kshb.com/the-price-of-data/the-price-of-data-a-scripps-news-group-investigation,kshb.com,United States,English,data_centre_investment,,No comparable country found in the title or the article's own source country.
2026-09-10T12:08:07Z,20260909T193000Z,Kioxia Holdings says SK Hynix tie - up not happening,https://www.taipeitimes.com/News/biz/archives/2026/09/10/2003863982,taipeitimes.com,Taiwan,English,data_centre_investment,,No comparable country found in the title or the article's own source country.
2026-09-10T12:08:07Z,20260909T193000Z,The Price of Data : A Scripps News Group investigation,https://www.kxlf.com/the-price-of-data/the-price-of-data-a-scripps-news-group-investigation,kxlf.com,United States,English,data_centre_investment,,No comparable country found in the title or the article's own source country.
2026-09-10T12:08:07Z,20260909T191500Z,"Adani group , IHC sign MoUs with Odisha for ₹2 . 1 trillion projects",https://www.business-standard.com/industry/news/adani-group-ihc-sign-mous-with-odisha-for-2-1-trillion-projects-126090901542_1.html,business-standard.com,India,English,data_centre_investment,,No comparable country found in the title or the article's own source country.
2026-09-10T12:08:07Z,20260909T191500Z,The Price of Data : A Scripps News Group investigation,https://www.kbzk.com/the-price-of-data/the-price-of-data-a-scripps-news-group-investigation,kbzk.com,United States,English,data_centre_investment,,No comparable country found in the title or the article's own source country.
2026-09-10T12:08:07Z,20260909T191500Z,"Berger Montague PC Investigating Claims on Behalf of Investors in Innventure , Inc . ( NASDAQ : INV ) After Class Action Filing",http://www.prnewswire.com/news-releases/berger-montague-pc-investigating-claims-on-behalf-of-investors-in-innventure-inc-nasdaq-inv-after-class-action-filing-302871560.html,prnewswire.com,United States,English,data_centre_investment,,No comparable country found in the title or the article's own source country.
2026-09-10T12:08:07Z,20260909T191500Z,The Price of Data : A Scripps News Group investigation,https://www.fox17online.com/the-price-of-data/the-price-of-data-a-scripps-news-group-investigation,fox17online.com,United States,English,data_centre_investment,,No comparable country found in the title or the article's own source country.
2026-09-10T12:08:07Z,20260909T190000Z,The Price of Data : A Scripps News Group investigation,https://www.wkbw.com/the-price-of-data/the-price-of-data-a-scripps-news-group-investigation,wkbw.com,United States,English,data_centre_investment,,No comparable country found in the title or the article's own source country.
2026-09-10T12:08:07Z,20260909T190000Z,"Class Action Lawsuit Filed Against Rackspace Technology , Inc . ( RXT ) ... ",https://www.pr-inside.com/class-action-lawsuit-filed-against-rackspace-technology-inc-rxt-r5221132.htm,pr-inside.com,United States,English,data_centre_investment,,No comparable country found in the title or the article's own source country.
2026-09-10T12:08:07Z,20260909T184500Z,"Leola Data Center , Senate Candidates on Wounded Knee Medals | Sept . 9",https://www.sdpb.org/podcast/sdpb-news/2026-09-09/leola-data-center-senate-candidates-on-wounded-knee-medals-sept-9,sdpb.org,United States,English,data_centre_investment,,No comparable country found in the title or the article's own source country.
2026-09-10T12:08:07Z,20260909T184500Z,"Fortune Hospitality plans Rs 60 , 000 - crore AI data centre park",https://economictimes.indiatimes.com/ai/ai-insights/fortune-hospitality-plans-rs-60000-crore-ai-data-centre-park/articleshow/133980126.cms,economictimes.indiatimes.com,India,English,data_centre_investment,,No comparable country found in the title or the article's own source country.
2026-09-10T12:08:07Z,20260909T184500Z,"Microsoft CFO Touts AI Stack , Azure Efficiency and Agent Growth at Goldman Conference",https://www.themarketsdaily.com/2026/09/09/microsoft-cfo-touts-ai-stack-azure-efficiency-and-agent-growth-at-goldman-conference.html,themarketsdaily.com,United States,English,data_centre_investment,,No comparable country found in the title or the article's own source country.
2026-09-10T12:08:07Z,20260909T184500Z,"A $1bn Spanish data centre deal , with no customer and no address",https://thenextweb.com/news/hscale-spain-hyperscale-data-centre-1bn-unnamed-customer,thenextweb.com,United States,English,data_centre_investment,,No comparable country found in the title or the article's own source country.
2026-09-10T12:08:07Z,20260909T184500Z,"Gordon Reid Top Picks for Sept . 9 , 2026 – BNN Bloomberg",https://www.bnnbloomberg.ca/markets/2026/09/09/gordon-reids-top-picks-for-sept-9-2026/,bnnbloomberg.ca,Canada,English,data_centre_investment,,No comparable country found in the title or the article's own source country.
2026-09-10T12:08:07Z,20260909T184500Z,The Price of Data : A Scripps News Group investigation,https://www.krtv.com/the-price-of-data/the-price-of-data-a-scripps-news-group-investigation,krtv.com,United States,English,data_centre_investment,,No comparable country found in the title or the article's own source country.
2026-09-10T12:08:07Z,20260909T184500Z,"France Mistral AI Touts Its Europeanism , But Faces Limits",https://www.govinfosecurity.com/frances-mistral-ai-touts-its-europeanism-but-faces-limits-a-32780,govinfosecurity.com,United States,English,data_centre_investment,,No comparable country found in the title or the article's own source country.
2026-09-10T12:08:07Z,20260909T184500Z,Reviewing Lenovo Group ( LNVGY ) & Its Rivals,https://www.themarketsdaily.com/2026/09/09/reviewing-lenovo-group-lnvgy-its-rivals.html,themarketsdaily.com,United States,English,data_centre_investment,,No comparable country found in the title or the article's own source country.
2026-09-10T12:08:07Z,20260909T184500Z,Kawasaki signed an AI chip deal with a startup the Pentagon backs,https://thenextweb.com/news/edgecortix-kawasaki-teaming-agreement-aerial-defence-diu,thenextweb.com,United States,English,data_centre_investment,,No comparable country found in the title or the article's own source country.
2026-09-10T12:08:07Z,20260909T184500Z,States That Gave Data Centers Billions in Tax Breaks Are Now Ripping Up the Deals,https://www.hindustantimes.com/world-news/states-that-gave-data-centers-billions-in-tax-breaks-are-now-ripping-up-the-deals-101788947762264.html,hindustantimes.com,India,English,data_centre_investment,,No comparable country found in the title or the article's own source country.
2026-09-10T12:08:07Z,20260909T181500Z,Google agrees to buy up to 50 % of Finnish nuclear plant capacity from Fortum,https://www.moneycontrol.com/news/business/google-agrees-to-buy-up-to-50-of-finnish-nuclear-plant-capacity-from-fortum-14026489.html,moneycontrol.com,India,English,data_centre_investment,,No comparable country found in the title or the article's own source country.
2026-09-10T12:08:07Z,20260909T181500Z,Telkom repurposes legacy infrastructure to capitalise on AI chance,https://www.businessday.co.za/companies/2026-09-09-telkom-repurposes-legacy-infrastructure-to-capitalise-on-ai-chance/,businessday.co.za,South Africa,English,data_centre_investment,South Africa,"No comparable country named in the title, but the article is itself sourced from South Africa (its dateline, not necessarily its subject -- a weaker signal than a title mention)."
2026-09-10T12:08:07Z,20260909T181500Z,The Price of Data : A Scripps News Group investigation,https://www.wcpo.com/the-price-of-data/the-price-of-data-a-scripps-news-group-investigation,wcpo.com,United States,English,data_centre_investment,,No comparable country found in the title or the article's own source country.
2026-09-10T12:08:07Z,20260909T181500Z,Press Release,https://www.mining.com/press-release?id=6aa15d771cadfdf4012e3124,mining.com,Canada,English,data_centre_investment,,No comparable country found in the title or the article's own source country.
2026-09-10T12:08:07Z,20260910T090000Z,"India identifies infrastructure , critical minerals and skills development as areas for cooperation with SA",https://www.sanews.gov.za/south-africa/india-identifies-infrastructure-critical-minerals-and-skills-development-areas,sanews.gov.za,South Africa,English,critical_minerals_peers,South Africa,"No comparable country named in the title, but the article is itself sourced from South Africa (its dateline, not necessarily its subject -- a weaker signal than a title mention)."
2026-09-10T12:08:07Z,20260910T081500Z,BRICS can cement development - chain resilience,http://europe.chinadaily.com.cn/a/202609/10/WS6aa20f7ce4b06d4aa055d4c3.html,europe.chinadaily.com.cn,China,English,critical_minerals_peers,,No comparable country found in the title or the article's own source country.
2026-09-10T12:08:07Z,20260910T081500Z,Botswana Duma Gideon Works in Benguela Province,https://allafrica.com/stories/202609100028.html,allafrica.com,Nigeria,English,critical_minerals_peers,Botswana,Mentions Botswana in the title.
2026-09-10T12:08:07Z,20260910T061500Z,Botswana President Visits Ongoing Construction Work At the Lobito Refinery,https://allafrica.com/stories/202609100037.html,allafrica.com,Nigeria,English,critical_minerals_peers,Botswana,Mentions Botswana in the title.
2026-09-10T12:08:07Z,20260910T054500Z,Rainbow Rare Earth ( RBW )  Buy  Rating Reiterated at Berenberg Bank,https://www.themarketsdaily.com/2026/09/10/rainbow-rare-earths-rbw-buy-rating-reiterated-at-berenberg-bank.html,themarketsdaily.com,United States,English,critical_minerals_peers,,No comparable country found in the title or the article's own source country.
2026-09-10T12:08:07Z,20260910T003000Z,Books About Shell – Royal Dutch Shell Plc . com,https://royaldutchshellplc.com/2026/09/09/books-about-shell/,royaldutchshellplc.com,Netherlands,English,critical_minerals_peers,,No comparable country found in the title or the article's own source country.
2026-09-10T12:08:07Z,20260909T200000Z,Southern Africa : Angola Reaffirms Commitment to Tourism Development,https://allafrica.com/stories/202609090722.html,allafrica.com,Nigeria,English,critical_minerals_peers,,No comparable country found in the title or the article's own source country.
2026-09-10T12:08:07Z,20260909T200000Z,Angola : President Duma Gideon Boko Arrives in the Presidential Palace,https://allafrica.com/stories/202609090715.html,allafrica.com,Nigeria,English,critical_minerals_peers,,No comparable country found in the title or the article's own source country.
2026-09-10T12:08:07Z,20260909T200000Z,Southern Africa : Angola and Botswana Expand Cooperation,https://allafrica.com/stories/202609090721.html,allafrica.com,Nigeria,English,critical_minerals_peers,Botswana,Mentions Botswana in the title.
2026-09-10T12:08:07Z,20260909T184500Z,Nigeria : The Nigerian Killed By His Penis,https://allafrica.com/stories/202609090561.html,allafrica.com,Nigeria,English,critical_minerals_peers,,No comparable country found in the title or the article's own source country.
2026-09-10T12:08:07Z,20260909T181500Z,Africa Built This . Now It Must Own It,https://allafrica.com/stories/202609090560.html,allafrica.com,Nigeria,English,critical_minerals_peers,,No comparable country found in the title or the article's own source country.
2026-09-10T12:08:07Z,20260909T164500Z,"ExxonMobil , ANPG Notch 20th Discovery in Angola Block 15",https://oilprice.com/Latest-Energy-News/World-News/ExxonMobil-ANPG-Notch-20th-Discovery-in-Angolas-Block-15.html,oilprice.com,United States,English,critical_minerals_peers,,No comparable country found in the title or the article's own source country.
2026-09-10T12:08:07Z,20260909T164500Z,"ExxonMobil , ANPG Notch 20th Discovery in Angola Block 15",https://finance.yahoo.com/energy/articles/exxonmobil-anpg-notch-20th-discovery-153000621.html,finance.yahoo.com,United States,English,critical_minerals_peers,,No comparable country found in the title or the article's own source country.
2026-09-10T12:08:07Z,20260909T163000Z,South Africa Economy Contracts by 0 . 2 % in Second Quarter – Medafrica Times,https://medafricatimes.com/46853-south-africas-economy-contracts-by-0-2-in-second-quarter.html,medafricatimes.com,Morocco,English,critical_minerals_peers,South Africa,Mentions South Africa in the title.
